param,value,dataset,n,layout,ED_frac,ED,d_max,instance,seed,status,objective,profit,rental,arrival,time_s,time_to_best_s,n_items,n_truck,n_drone,n_rendv,W_final,W_capacity,evals,reheats,error,R,vmin,vD
R,1,ttd300,10,1,0.25,76.0,306.0,ttd300_n10_L1_f025,1,ok,7415.2244,8573.0,1157.7756,1157.7756,120.0026,0.1026,10,10,0,0,10052.0,22750.0,19913487,497,,1.0,0.1,2.0
R,100,ttd300,10,1,0.25,76.0,306.0,ttd300_n10_L1_f025,1,ok,-93589.1145,2387.0,95976.1145,959.7611,120.0025,0.1122,3,3,0,0,3006.0,22750.0,20438619,510,,100.0,0.1,2.0
R,12.5,ttd300,10,1,0.25,76.0,306.0,ttd300_n10_L1_f025,1,ok,-5899.1949,8573.0,14472.1949,1157.7756,120.0026,0.0774,10,10,0,0,10052.0,22750.0,20042002,501,,12.5,0.1,2.0
R,200,ttd300,10,1,0.25,76.0,306.0,ttd300_n10_L1_f025,1,ok,-188833.8032,844.0,189677.8032,948.389,120.0026,0.1347,1,1,0,0,1000.0,22750.0,20023666,500,,200.0,0.1,2.0
R,25,ttd300,10,1,0.25,76.0,306.0,ttd300_n10_L1_f025,1,ok,-19668.3099,7023.0,26691.3099,1067.6524,120.0026,0.1036,8,8,0,0,8043.0,22750.0,20046505,501,,25.0,0.1,2.0
R,50,ttd300,10,1,0.25,76.0,306.0,ttd300_n10_L1_f025,1,ok,-45243.1965,4181.0,49424.1965,988.4839,120.0026,0.1052,5,5,0,0,5020.0,22750.0,20027623,500,,50.0,0.1,2.0
Wcap,0.25,ttd300,10,1,0.25,76.0,306.0,ttd300_n10_L1_f025,1,ok,-47001.1697,844.0,47845.1697,956.9034,120.0026,0.0925,1,1,0,0,1000.0,5687.5,20533525,513,,50.0,0.1,2.0
Wcap,0.5,ttd300,10,1,0.25,76.0,306.0,ttd300_n10_L1_f025,1,ok,-46449.2247,2387.0,48836.2247,976.7245,120.0025,0.1024,3,3,0,0,3006.0,11375.0,20105132,502,,50.0,0.1,2.0
Wcap,1,ttd300,10,1,0.25,76.0,306.0,ttd300_n10_L1_f025,1,ok,-45243.1965,4181.0,49424.1965,988.4839,120.0025,0.1072,5,5,0,0,5020.0,22750.0,20340968,508,,50.0,0.1,2.0
Wcap,2,ttd300,10,1,0.25,76.0,306.0,ttd300_n10_L1_f025,1,ok,-42938.8066,7023.0,49961.8066,999.2361,120.0027,0.1052,8,8,0,0,8043.0,45500.0,20029055,500,,50.0,0.1,2.0
Wcap,4,ttd300,10,1,0.25,76.0,306.0,ttd300_n10_L1_f025,1,ok,-40792.7821,8573.0,49365.7821,987.3156,120.0026,0.1024,10,10,0,0,10052.0,91000.0,20006860,500,,50.0,0.1,2.0
baseline,-,ttd300,10,1,0.25,76.0,306.0,ttd300_n10_L1_f025,1,ok,-45243.1965,4181.0,49424.1965,988.4839,120.0025,0.1027,5,5,0,0,5020.0,22750.0,20607640,515,,50.0,0.1,2.0
vDfact,0.5,ttd300,10,1,0.25,76.0,306.0,ttd300_n10_L1_f025,1,ok,-45243.1965,4181.0,49424.1965,988.4839,120.0025,0.1028,5,5,0,0,5020.0,22750.0,20489719,512,,50.0,0.1,0.5
vDfact,1,ttd300,10,1,0.25,76.0,306.0,ttd300_n10_L1_f025,1,ok,-45243.1965,4181.0,49424.1965,988.4839,120.0025,0.1029,5,5,0,0,5020.0,22750.0,20312149,507,,50.0,0.1,1.0
vDfact,2,ttd300,10,1,0.25,76.0,306.0,ttd300_n10_L1_f025,1,ok,-45243.1965,4181.0,49424.1965,988.4839,120.0026,0.106,5,5,0,0,5020.0,22750.0,20274832,506,,50.0,0.1,2.0
vDfact,3,ttd300,10,1,0.25,76.0,306.0,ttd300_n10_L1_f025,1,ok,-45243.1965,4181.0,49424.1965,988.4839,120.0026,0.1059,5,5,0,0,5020.0,22750.0,20252960,506,,50.0,0.1,3.0
vDfact,4,ttd300,10,1,0.25,76.0,306.0,ttd300_n10_L1_f025,1,ok,-45243.1965,4181.0,49424.1965,988.4839,120.0025,0.1063,5,5,0,0,5020.0,22750.0,20226377,505,,50.0,0.1,4.0
vmin,0.05,ttd300,10,1,0.25,76.0,306.0,ttd300_n10_L1_f025,1,ok,-45335.2426,3344.0,48679.2426,973.5849,120.0026,0.124,4,4,0,0,4013.0,22750.0,20041903,501,,50.0,0.05,2.0
vmin,0.1,ttd300,10,1,0.25,76.0,306.0,ttd300_n10_L1_f025,1,ok,-45243.1965,4181.0,49424.1965,988.4839,120.0026,0.1056,5,5,0,0,5020.0,22750.0,20243064,506,,50.0,0.1,2.0
vmin,0.25,ttd300,10,1,0.25,76.0,306.0,ttd300_n10_L1_f025,1,ok,-44741.8445,5176.0,49917.8445,998.3569,120.0025,0.1009,6,6,0,0,6027.0,22750.0,20300618,507,,50.0,0.25,2.0
vmin,0.5,ttd300,10,1,0.25,76.0,306.0,ttd300_n10_L1_f025,1,ok,-43275.3212,7023.0,50298.3212,1005.9664,120.0025,0.1075,8,8,0,0,8043.0,22750.0,20151542,503,,50.0,0.5,2.0
vmin,0.9,ttd300,10,1,0.25,76.0,306.0,ttd300_n10_L1_f025,1,ok,-39610.8364,8573.0,48183.8364,963.6767,120.0026,0.0871,10,10,0,0,10052.0,22750.0,19971243,499,,50.0,0.9,2.0
R,1,ttd300,10,1,0.5,153.0,306.0,ttd300_n10_L1_f050,1,ok,7507.2326,8573.0,1065.7674,1065.7674,120.0021,0.6981,10,8,2,2,10052.0,22750.0,17316452,432,,1.0,0.1,2.0
R,100,ttd300,10,1,0.5,153.0,306.0,ttd300_n10_L1_f050,1,ok,-85876.5968,2463.0,88339.5968,883.396,120.002,0.1294,3,2,1,2,3008.0,22750.0,17705552,442,,100.0,0.1,2.0
R,12.5,ttd300,10,1,0.5,153.0,306.0,ttd300_n10_L1_f050,1,ok,-4749.0928,8573.0,13322.0928,1065.7674,120.002,0.1277,10,8,2,2,10052.0,22750.0,17419397,435,,12.5,0.1,2.0
R,200,ttd300,10,1,0.5,153.0,306.0,ttd300_n10_L1_f050,1,ok,-173571.8032,1506.0,175077.8032,875.389,120.0022,1.4686,2,1,1,2,2001.0,22750.0,17880830,446,,200.0,0.1,2.0
R,25,ttd300,10,1,0.5,153.0,306.0,ttd300_n10_L1_f050,1,ok,-17585.5331,7023.0,24608.5331,984.3413,120.0021,0.1073,8,6,2,2,8043.0,22750.0,17308710,432,,25.0,0.1,2.0
R,50,ttd300,10,1,0.5,153.0,306.0,ttd300_n10_L1_f050,1,ok,-41253.16,4327.0,45580.16,911.6032,120.0021,0.1255,5,3,2,2,5024.0,22750.0,17350524,433,,50.0,0.1,2.0
Wcap,0.25,ttd300,10,1,0.5,153.0,306.0,ttd300_n10_L1_f050,1,ok,-42689.1697,1506.0,44195.1697,883.9034,120.0023,0.0857,2,1,1,2,2001.0,5687.5,17993374,449,,50.0,0.1,2.0
Wcap,0.5,ttd300,10,1,0.5,153.0,306.0,ttd300_n10_L1_f050,1,ok,-42297.1583,2463.0,44760.1583,895.2032,120.0022,0.3775,3,2,1,2,3008.0,11375.0,17697975,442,,50.0,0.1,2.0
Wcap,1,ttd300,10,1,0.5,153.0,306.0,ttd300_n10_L1_f050,1,ok,-41253.16,4327.0,45580.16,911.6032,120.002,0.1254,5,3,2,2,5024.0,22750.0,17407479,435,,50.0,0.1,2.0
Wcap,2,ttd300,10,1,0.5,153.0,306.0,ttd300_n10_L1_f050,1,ok,-39014.9153,7849.0,46863.9153,937.2783,120.0024,0.7036,9,7,2,2,9048.0,45500.0,17338281,433,,50.0,0.1,2.0
Wcap,4,ttd300,10,1,0.5,153.0,306.0,ttd300_n10_L1_f050,1,ok,-36968.1886,8573.0,45541.1886,910.8238,120.0021,1.1167,10,8,2,2,10052.0,91000.0,17452045,436,,50.0,0.1,2.0
baseline,-,ttd300,10,1,0.5,153.0,306.0,ttd300_n10_L1_f050,1,ok,-41253.16,4327.0,45580.16,911.6032,120.002,0.1266,5,3,2,2,5024.0,22750.0,17570123,439,,50.0,0.1,2.0
vDfact,0.5,ttd300,10,1,0.5,153.0,306.0,ttd300_n10_L1_f050,1,ok,-43646.0413,4181.0,47827.0413,956.5408,120.0029,0.8899,5,4,1,1,5020.0,22750.0,18839865,470,,50.0,0.1,0.5
vDfact,1,ttd300,10,1,0.5,153.0,306.0,ttd300_n10_L1_f050,1,ok,-42122.977,6045.0,48167.977,963.3595,120.0019,0.1299,7,5,2,2,7036.0,22750.0,17807158,445,,50.0,0.1,1.0
vDfact,2,ttd300,10,1,0.5,153.0,306.0,ttd300_n10_L1_f050,1,ok,-41253.16,4327.0,45580.16,911.6032,120.002,0.1273,5,3,2,2,5024.0,22750.0,17542784,438,,50.0,0.1,2.0
vDfact,3,ttd300,10,1,0.5,153.0,306.0,ttd300_n10_L1_f050,1,ok,-41253.16,4327.0,45580.16,911.6032,120.0021,0.1169,5,3,2,2,5024.0,22750.0,17621723,440,,50.0,0.1,3.0
vDfact,4,ttd300,10,1,0.5,153.0,306.0,ttd300_n10_L1_f050,1,ok,-41253.16,4327.0,45580.16,911.6032,120.002,0.1393,5,3,2,2,5024.0,22750.0,17385865,434,,50.0,0.1,4.0
vmin,0.05,ttd300,10,1,0.5,153.0,306.0,ttd300_n10_L1_f050,1,ok,-41376.1798,4327.0,45703.1798,914.0636,120.002,0.3823,5,3,2,2,5024.0,22750.0,17616604,440,,50.0,0.05,2.0
vmin,0.1,ttd300,10,1,0.5,153.0,306.0,ttd300_n10_L1_f050,1,ok,-41253.16,4327.0,45580.16,911.6032,120.0021,0.1237,5,3,2,2,5024.0,22750.0,17755630,443,,50.0,0.1,2.0
vmin,0.25,ttd300,10,1,0.5,153.0,306.0,ttd300_n10_L1_f050,1,ok,-40806.4359,5164.0,45970.4359,919.4087,120.0021,0.9464,6,4,2,2,6031.0,22750.0,17523561,438,,50.0,0.25,2.0
vmin,0.5,ttd300,10,1,0.5,153.0,306.0,ttd300_n10_L1_f050,1,ok,-39387.7507,7023.0,46410.7507,928.215,120.0022,0.9229,8,6,2,2,8043.0,22750.0,17442251,436,,50.0,0.5,2.0
vmin,0.9,ttd300,10,1,0.5,153.0,306.0,ttd300_n10_L1_f050,1,ok,-35886.4194,8573.0,44459.4194,889.1884,120.0021,0.1468,10,8,2,2,10052.0,22750.0,17680650,441,,50.0,0.9,2.0
R,1,ttd300,10,1,0.75,230.0,306.0,ttd300_n10_L1_f075,1,ok,7683.1374,8573.0,889.8626,889.8626,120.0014,0.1929,10,5,5,5,10052.0,22750.0,14865973,371,,1.0,0.1,2.0
R,100,ttd300,10,1,0.75,230.0,306.0,ttd300_n10_L1_f075,1,ok,-74246.9577,3344.0,77590.9577,775.9096,120.002,0.8184,4,2,2,4,4013.0,22750.0,14279407,356,,100.0,0.1,2.0
R,12.5,ttd300,10,1,0.75,230.0,306.0,ttd300_n10_L1_f075,1,ok,-2550.2825,8573.0,11123.2825,889.8626,120.0014,0.1514,10,5,5,5,10052.0,22750.0,13999652,349,,12.5,0.1,2.0
R,200,ttd300,10,1,0.75,230.0,306.0,ttd300_n10_L1_f075,1,ok,-151407.0231,2463.0,153870.0231,769.3501,120.0021,1.4653,3,1,2,4,3008.0,22750.0,14426316,360,,200.0,0.1,2.0
R,25,ttd300,10,1,0.75,230.0,306.0,ttd300_n10_L1_f075,1,ok,-13619.7549,7849.0,21468.7549,858.7502,120.0015,0.162,9,4,5,5,9048.0,22750.0,13887111,347,,25.0,0.1,2.0
R,50,ttd300,10,1,0.75,230.0,306.0,ttd300_n10_L1_f075,1,ok,-34623.121,6045.0,40668.121,813.3624,120.002,0.1436,7,4,3,4,7036.0,22750.0,14036887,350,,50.0,0.1,2.0
Wcap,0.25,ttd300,10,1,0.75,230.0,306.0,ttd300_n10_L1_f075,1,ok,-36986.6203,1801.0,38787.6203,775.7524,120.0021,0.1233,2,0,2,4,2007.0,5687.5,14860513,371,,50.0,0.1,2.0
Wcap,0.5,ttd300,10,1,0.75,230.0,306.0,ttd300_n10_L1_f075,1,ok,-36193.4698,3344.0,39537.4698,790.7494,120.0021,0.1279,4,2,2,4,4013.0,11375.0,14248676,356,,50.0,0.1,2.0
Wcap,1,ttd300,10,1,0.75,230.0,306.0,ttd300_n10_L1_f075,1,ok,-34623.121,6045.0,40668.121,813.3624,120.002,0.142,7,4,3,4,7036.0,22750.0,14252842,356,,50.0,0.1,2.0
Wcap,2,ttd300,10,1,0.75,230.0,306.0,ttd300_n10_L1_f075,1,ok,-32506.2871,8573.0,41079.2871,821.5857,120.0021,0.1473,10,6,4,4,10052.0,45500.0,14079096,351,,50.0,0.1,2.0
Wcap,4,ttd300,10,1,0.75,230.0,306.0,ttd300_n10_L1_f075,1,ok,-30975.2025,8573.0,39548.2025,790.964,120.002,2.5011,10,6,4,4,10052.0,91000.0,14444983,361,,50.0,0.1,2.0
baseline,-,ttd300,10,1,0.75,230.0,306.0,ttd300_n10_L1_f075,1,ok,-34623.121,6045.0,40668.121,813.3624,120.0021,0.145,7,4,3,4,7036.0,22750.0,13932030,348,,50.0,0.1,2.0
vDfact,0.5,ttd300,10,1,0.75,230.0,306.0,ttd300_n10_L1_f075,1,ok,-41515.0659,4546.0,46061.0659,921.2213,120.0028,2.1682,5,4,1,2,5028.0,22750.0,18942179,473,,50.0,0.1,0.5
vDfact,1,ttd300,10,1,0.75,230.0,306.0,ttd300_n10_L1_f075,1,ok,-38215.0582,7849.0,46064.0582,921.2812,120.0021,2.5076,9,5,4,4,9048.0,22750.0,15955204,398,,50.0,0.1,1.0
vDfact,2,ttd300,10,1,0.75,230.0,306.0,ttd300_n10_L1_f075,1,ok,-34623.121,6045.0,40668.121,813.3624,120.002,0.1449,7,4,3,4,7036.0,22750.0,14110907,352,,50.0,0.1,2.0
vDfact,3,ttd300,10,1,0.75,230.0,306.0,ttd300_n10_L1_f075,1,ok,-33876.8917,5164.0,39040.8917,780.8178,120.002,7.4487,6,3,3,4,6031.0,22750.0,13691915,342,,50.0,0.1,3.0
vDfact,4,ttd300,10,1,0.75,230.0,306.0,ttd300_n10_L1_f075,1,ok,-33876.8917,5164.0,39040.8917,780.8178,120.0018,20.6929,6,3,3,4,6031.0,22750.0,13760590,343,,50.0,0.1,4.0
vmin,0.05,ttd300,10,1,0.75,230.0,306.0,ttd300_n10_L1_f075,1,ok,-34792.176,6045.0,40837.176,816.7435,120.002,0.1807,7,4,3,4,7036.0,22750.0,14121752,352,,50.0,0.05,2.0
vmin,0.1,ttd300,10,1,0.75,230.0,306.0,ttd300_n10_L1_f075,1,ok,-34623.121,6045.0,40668.121,813.3624,120.002,0.143,7,4,3,4,7036.0,22750.0,14267529,356,,50.0,0.1,2.0
vmin,0.25,ttd300,10,1,0.75,230.0,306.0,ttd300_n10_L1_f075,1,ok,-34115.3409,7023.0,41138.3409,822.7668,120.0021,0.1506,8,5,3,4,8043.0,22750.0,13995571,349,,50.0,0.25,2.0
vmin,0.5,ttd300,10,1,0.75,230.0,306.0,ttd300_n10_L1_f075,1,ok,-32808.445,7849.0,40657.445,813.1489,120.002,0.5237,9,5,4,4,9048.0,22750.0,14314926,357,,50.0,0.5,2.0
vmin,0.9,ttd300,10,1,0.75,230.0,306.0,ttd300_n10_L1_f075,1,ok,-30206.126,8573.0,38779.126,775.5825,120.0021,0.4965,10,6,4,4,10052.0,22750.0,14381002,359,,50.0,0.9,2.0
R,1,ttd300,10,1,1.0,306.0,306.0,ttd300_n10_L1_f100,1,ok,7801.8972,8573.0,771.1028,771.1028,120.0023,1.8568,10,5,5,5,10052.0,22750.0,14268302,356,,1.0,0.1,2.0
R,100,ttd300,10,1,1.0,306.0,306.0,ttd300_n10_L1_f100,1,ok,-66000.053,5201.0,71201.053,712.0105,120.0024,12.6852,6,3,3,5,6036.0,22750.0,13824876,345,,100.0,0.1,2.0
R,12.5,ttd300,10,1,1.0,306.0,306.0,ttd300_n10_L1_f100,1,ok,-1065.7845,8573.0,9638.7845,771.1028,120.0023,2.866,10,5,5,5,10052.0,22750.0,13693798,342,,12.5,0.1,2.0
R,200,ttd300,10,1,1.0,306.0,306.0,ttd300_n10_L1_f100,1,ok,-134992.287,1619.0,136611.287,683.0564,120.0024,5.4401,2,1,1,5,2008.0,22750.0,13991375,349,,200.0,0.1,2.0
R,25,ttd300,10,1,1.0,306.0,306.0,ttd300_n10_L1_f100,1,ok,-10704.569,8573.0,19277.569,771.1028,120.0023,0.1387,10,5,5,5,10052.0,22750.0,13431027,335,,25.0,0.1,2.0
R,50,ttd300,10,1,1.0,306.0,306.0,ttd300_n10_L1_f100,1,ok,-29669.7658,7849.0,37518.7658,750.3753,120.0024,5.0266,9,4,5,5,9048.0,22750.0,13886470,347,,50.0,0.1,2.0
Wcap,0.25,ttd300,10,1,1.0,306.0,306.0,ttd300_n10_L1_f100,1,ok,-32989.4601,1619.0,34608.4601,692.1692,120.0025,0.164,2,1,1,5,2008.0,5687.5,14441865,360,,50.0,0.1,2.0
Wcap,0.5,ttd300,10,1,1.0,306.0,306.0,ttd300_n10_L1_f100,1,ok,-32304.9881,3495.0,35799.9881,715.9998,120.0024,5.3746,4,2,2,5,4020.0,11375.0,14132141,353,,50.0,0.1,2.0
Wcap,1,ttd300,10,1,1.0,306.0,306.0,ttd300_n10_L1_f100,1,ok,-29669.7658,7849.0,37518.7658,750.3753,120.0023,5.0967,9,4,5,5,9048.0,22750.0,13829897,345,,50.0,0.1,2.0
Wcap,2,ttd300,10,1,1.0,306.0,306.0,ttd300_n10_L1_f100,1,ok,-27765.3531,8573.0,36338.3531,726.7671,120.0024,0.5002,10,5,5,5,10052.0,45500.0,13741980,343,,50.0,0.1,2.0
Wcap,4,ttd300,10,1,1.0,306.0,306.0,ttd300_n10_L1_f100,1,ok,-26526.2928,8573.0,35099.2928,701.9859,120.0024,1.9222,10,5,5,5,10052.0,91000.0,14038295,350,,50.0,0.1,2.0
baseline,-,ttd300,10,1,1.0,306.0,306.0,ttd300_n10_L1_f100,1,ok,-29669.7658,7849.0,37518.7658,750.3753,120.0022,4.9809,9,4,5,5,9048.0,22750.0,13948944,348,,50.0,0.1,2.0
vDfact,0.5,ttd300,10,1,1.0,306.0,306.0,ttd300_n10_L1_f100,1,ok,-40142.3019,5176.0,45318.3019,906.366,120.0031,0.3747,6,5,1,1,6027.0,22750.0,19086498,477,,50.0,0.1,0.5
vDfact,1,ttd300,10,1,1.0,306.0,306.0,ttd300_n10_L1_f100,1,ok,-36643.7611,7023.0,43666.7611,873.3352,120.003,12.3327,8,5,3,4,8043.0,22750.0,16524716,413,,50.0,0.1,1.0
vDfact,2,ttd300,10,1,1.0,306.0,306.0,ttd300_n10_L1_f100,1,ok,-29669.7658,7849.0,37518.7658,750.3753,120.0022,4.9931,9,4,5,5,9048.0,22750.0,13948963,348,,50.0,0.1,2.0
vDfact,3,ttd300,10,1,1.0,306.0,306.0,ttd300_n10_L1_f100,1,ok,-28486.1913,6142.0,34628.1913,692.5638,120.0025,1.9096,7,4,3,5,7038.0,22750.0,13532331,338,,50.0,0.1,3.0
vDfact,4,ttd300,10,1,1.0,306.0,306.0,ttd300_n10_L1_f100,1,ok,-28376.3275,5164.0,33540.3275,670.8065,120.0025,25.8134,6,3,3,5,6031.0,22750.0,13480305,336,,50.0,0.1,4.0
vmin,0.05,ttd300,10,1,1.0,306.0,306.0,ttd300_n10_L1_f100,1,ok,-29825.5477,7849.0,37674.5477,753.491,120.0023,2.1789,9,4,5,5,9048.0,22750.0,13861506,346,,50.0,0.05,2.0
vmin,0.1,ttd300,10,1,1.0,306.0,306.0,ttd300_n10_L1_f100,1,ok,-29669.7658,7849.0,37518.7658,750.3753,120.0023,4.9126,9,4,5,5,9048.0,22750.0,13943807,348,,50.0,0.1,2.0
vmin,0.25,ttd300,10,1,1.0,306.0,306.0,ttd300_n10_L1_f100,1,ok,-29193.3474,8573.0,37766.3474,755.3269,120.0023,0.4626,10,5,5,5,10052.0,22750.0,14017096,350,,50.0,0.25,2.0
vmin,0.5,ttd300,10,1,1.0,306.0,306.0,ttd300_n10_L1_f100,1,ok,-28067.682,8573.0,36640.682,732.8136,120.0025,1.9084,10,5,5,5,10052.0,22750.0,13421203,335,,50.0,0.5,2.0
vmin,0.9,ttd300,10,1,1.0,306.0,306.0,ttd300_n10_L1_f100,1,ok,-25911.6134,8573.0,34484.6134,689.6923,120.0025,0.1659,10,5,5,5,10052.0,22750.0,13818262,345,,50.0,0.9,2.0
R,1,ttd300,20,1,0.25,96.0,384.0,ttd300_n20_L1_f025,1,ok,16038.5581,17523.0,1484.4419,1484.4419,300.0165,1.4255,20,14,6,6,20078.0,45501.0,29965385,391,,1.0,0.1,2.0
R,100,ttd300,20,1,0.25,96.0,384.0,ttd300_n20_L1_f025,1,ok,-121756.6161,11144.0,132900.6161,1329.0062,300.0164,7.3098,13,8,5,6,13054.0,45501.0,30730675,401,,100.0,0.1,2.0
R,12.5,ttd300,20,1,0.25,96.0,384.0,ttd300_n20_L1_f025,1,ok,-1032.5234,17523.0,18555.5234,1484.4419,300.0167,5.1447,20,14,6,6,20078.0,45501.0,29740514,388,,12.5,0.1,2.0
R,200,ttd300,20,1,0.25,96.0,384.0,ttd300_n20_L1_f025,1,ok,-252461.5088,5967.0,258428.5088,1292.1425,300.0165,3.0276,7,5,2,6,7036.0,45501.0,31097843,406,,200.0,0.1,2.0
R,25,ttd300,20,1,0.25,96.0,384.0,ttd300_n20_L1_f025,1,ok,-19588.0467,17523.0,37111.0467,1484.4419,300.0163,2.8973,20,14,6,6,20078.0,45501.0,29170385,381,,25.0,0.1,2.0
R,50,ttd300,20,1,0.25,96.0,384.0,ttd300_n20_L1_f025,1,ok,-54904.7824,12974.0,67878.7824,1357.5756,300.0163,5.1795,15,10,5,6,15059.0,45501.0,30233417,395,,50.0,0.1,2.0
Wcap,0.25,ttd300,20,1,0.25,96.0,384.0,ttd300_n20_L1_f025,1,ok,-60190.1601,5125.0,65315.1601,1306.3032,300.0161,10.635,6,4,2,6,6029.0,11375.25,31275869,409,,50.0,0.1,2.0
Wcap,0.5,ttd300,20,1,0.25,96.0,384.0,ttd300_n20_L1_f025,1,ok,-58308.5361,9406.0,67714.5361,1354.2907,300.0163,3.4053,11,6,5,6,11051.0,22750.5,30606020,400,,50.0,0.1,2.0
Wcap,1,ttd300,20,1,0.25,96.0,384.0,ttd300_n20_L1_f025,1,ok,-54904.7824,12974.0,67878.7824,1357.5756,300.0166,5.1854,15,10,5,6,15059.0,45501.0,29581011,386,,50.0,0.1,2.0
Wcap,2,ttd300,20,1,0.25,96.0,384.0,ttd300_n20_L1_f025,1,ok,-50977.5125,17523.0,68500.5125,1370.0103,300.017,2.2374,20,14,6,6,20078.0,91002.0,30040216,392,,50.0,0.1,2.0
Wcap,4,ttd300,20,1,0.25,96.0,384.0,ttd300_n20_L1_f025,1,ok,-48671.3363,17523.0,66194.3363,1323.8867,300.0166,53.7203,20,14,6,6,20078.0,182004.0,30614653,400,,50.0,0.1,2.0
baseline,-,ttd300,20,1,0.25,96.0,384.0,ttd300_n20_L1_f025,1,ok,-54904.7824,12974.0,67878.7824,1357.5756,300.0159,5.1884,15,10,5,6,15059.0,45501.0,30051621,392,,50.0,0.1,2.0
vDfact,1,ttd300,20,1,0.25,96.0,384.0,ttd300_n20_L1_f025,1,ok,-58262.5893,13960.0,72222.5893,1444.4518,300.0151,5.0669,16,11,5,6,16063.0,45501.0,32363155,423,,50.0,0.1,1.0
vDfact,0.5,ttd300,20,1,0.25,96.0,384.0,ttd300_n20_L1_f025,1,ok,-60871.718,11346.0,72217.718,1444.3544,300.0209,1.7675,13,12,1,1,13060.0,45501.0,34324026,449,,50.0,0.1,0.5
vDfact,2,ttd300,20,1,0.25,96.0,384.0,ttd300_n20_L1_f025,1,ok,-54904.7824,12974.0,67878.7824,1357.5756,300.0164,5.1909,15,10,5,6,15059.0,45501.0,30021047,392,,50.0,0.1,2.0
vDfact,3,ttd300,20,1,0.25,96.0,384.0,ttd300_n20_L1_f025,1,ok,-54738.1152,12974.0,67712.1152,1354.2423,300.0162,8.2226,15,10,5,6,15059.0,45501.0,29935625,391,,50.0,0.1,3.0
vDfact,4,ttd300,20,1,0.25,96.0,384.0,ttd300_n20_L1_f025,1,ok,-54738.1152,12974.0,67712.1152,1354.2423,300.0164,30.7961,15,10,5,6,15059.0,45501.0,29681637,388,,50.0,0.1,4.0
vmin,0.05,ttd300,20,1,0.25,96.0,384.0,ttd300_n20_L1_f025,1,ok,-55160.5635,12974.0,68134.5635,1362.6913,300.0169,4.4957,15,10,5,6,15059.0,45501.0,29573606,386,,50.0,0.05,2.0
vmin,0.1,ttd300,20,1,0.25,96.0,384.0,ttd300_n20_L1_f025,1,ok,-54904.7824,12974.0,67878.7824,1357.5756,300.0165,5.1661,15,10,5,6,15059.0,45501.0,30245313,395,,50.0,0.1,2.0
vmin,0.25,ttd300,20,1,0.25,96.0,384.0,ttd300_n20_L1_f025,1,ok,-54042.1048,13960.0,68002.1048,1360.0421,300.0165,12.8135,16,11,5,6,16063.0,45501.0,30049189,392,,50.0,0.25,2.0
vmin,0.5,ttd300,20,1,0.25,96.0,384.0,ttd300_n20_L1_f025,1,ok,-51527.5543,17523.0,69050.5543,1381.0111,300.0178,37.083,20,14,6,6,20078.0,45501.0,29028140,379,,50.0,0.5,2.0
vmin,0.9,ttd300,20,1,0.25,96.0,384.0,ttd300_n20_L1_f025,1,ok,-47495.4385,17523.0,65018.4385,1300.3688,300.0169,7.4546,20,14,6,6,20078.0,45501.0,30249128,395,,50.0,0.9,2.0
R,1,ttd300,20,1,0.5,192.0,384.0,ttd300_n20_L1_f050,1,ok,16178.5262,17523.0,1344.4738,1344.4738,300.0797,300.0797,20,12,8,8,20078.0,45501.0,27309490,356,,1.0,0.1,2.0
R,12.5,ttd300,20,1,0.5,192.0,384.0,ttd300_n20_L1_f050,1,ok,717.0778,17523.0,16805.9222,1344.4738,300.0726,64.7955,20,12,8,8,20078.0,45501.0,26593859,347,,12.5,0.1,2.0
R,100,ttd300,20,1,0.5,192.0,384.0,ttd300_n20_L1_f050,1,ok,-109363.8958,10406.0,119769.8958,1197.699,300.0851,123.4129,12,7,5,8,12060.0,45501.0,27591754,360,,100.0,0.1,2.0
R,200,ttd300,20,1,0.5,192.0,384.0,ttd300_n20_L1_f050,1,ok,-228060.6581,7798.0,235858.6581,1179.2933,300.0907,86.7467,9,5,4,8,9039.0,45501.0,27504628,359,,200.0,0.1,2.0
R,25,ttd300,20,1,0.5,192.0,384.0,ttd300_n20_L1_f050,1,ok,-16088.8443,17523.0,33611.8443,1344.4738,300.1279,300.1279,20,12,8,8,20078.0,45501.0,26738361,349,,25.0,0.1,2.0
Wcap,0.25,ttd300,20,1,0.5,192.0,384.0,ttd300_n20_L1_f050,1,ok,-54194.6534,5332.0,59526.6534,1190.5331,300.0775,116.2999,6,3,3,8,6033.0,11375.25,28081785,366,,50.0,0.1,2.0
R,50,ttd300,20,1,0.5,192.0,384.0,ttd300_n20_L1_f050,1,ok,-48704.9604,14158.0,62862.9604,1257.2592,300.0913,300.0913,16,9,7,8,16068.0,45501.0,27202325,355,,50.0,0.1,2.0
Wcap,0.5,ttd300,20,1,0.5,192.0,384.0,ttd300_n20_L1_f050,1,ok,-52491.2994,9806.0,62297.2994,1245.946,300.0729,284.1727,11,6,5,8,11044.0,22750.5,27270051,356,,50.0,0.1,2.0
Wcap,1,ttd300,20,1,0.5,192.0,384.0,ttd300_n20_L1_f050,1,ok,-48704.9604,14158.0,62862.9604,1257.2592,300.0904,300.0904,16,9,7,8,16068.0,45501.0,27118976,354,,50.0,0.1,2.0
Wcap,2,ttd300,20,1,0.5,192.0,384.0,ttd300_n20_L1_f050,1,ok,-44931.5448,17523.0,62454.5448,1249.0909,300.0862,194.0619,20,12,8,8,20078.0,91002.0,26836715,350,,50.0,0.1,2.0
Wcap,4,ttd300,20,1,0.5,192.0,384.0,ttd300_n20_L1_f050,1,ok,-42787.5389,17523.0,60310.5389,1206.2108,300.0857,151.7261,20,12,8,8,20078.0,182004.0,26477151,346,,50.0,0.1,2.0
baseline,-,ttd300,20,1,0.5,192.0,384.0,ttd300_n20_L1_f050,1,ok,-48704.9604,14158.0,62862.9604,1257.2592,300.0919,300.0918,16,9,7,8,16068.0,45501.0,27160302,354,,50.0,0.1,2.0
vDfact,0.5,ttd300,20,1,0.5,192.0,384.0,ttd300_n20_L1_f050,1,ok,-57579.8777,12332.0,69911.8777,1398.2376,300.0276,200.1742,14,11,3,3,14064.0,45501.0,33075789,432,,50.0,0.1,0.5
vDfact,1,ttd300,20,1,0.5,192.0,384.0,ttd300_n20_L1_f050,1,ok,-52122.495,13218.0,65340.495,1306.8099,300.0439,138.1637,15,10,5,6,15068.0,45501.0,30194050,394,,50.0,0.1,1.0
vDfact,2,ttd300,20,1,0.5,192.0,384.0,ttd300_n20_L1_f050,1,ok,-48704.9604,14158.0,62862.9604,1257.2592,300.0923,300.0922,16,9,7,8,16068.0,45501.0,27125616,354,,50.0,0.1,2.0
vDfact,4,ttd300,20,1,0.5,192.0,384.0,ttd300_n20_L1_f050,1,ok,-45269.6716,15871.0,61140.6716,1222.8134,300.0825,300.0825,18,10,8,9,18072.0,45501.0,26313431,343,,50.0,0.1,4.0
vDfact,3,ttd300,20,1,0.5,192.0,384.0,ttd300_n20_L1_f050,1,ok,-47410.4947,14840.0,62250.4947,1245.0099,300.1012,300.1011,17,9,8,8,17066.0,45501.0,26864781,351,,50.0,0.1,3.0
vmin,0.05,ttd300,20,1,0.5,192.0,384.0,ttd300_n20_L1_f050,1,ok,-48975.9404,13218.0,62193.9404,1243.8788,300.0924,300.0924,15,9,6,8,15068.0,45501.0,26941551,352,,50.0,0.05,2.0
vmin,0.1,ttd300,20,1,0.5,192.0,384.0,ttd300_n20_L1_f050,1,ok,-48704.9604,14158.0,62862.9604,1257.2592,300.0919,300.0918,16,9,7,8,16068.0,45501.0,26999297,352,,50.0,0.1,2.0
vmin,0.25,ttd300,20,1,0.5,192.0,384.0,ttd300_n20_L1_f050,1,ok,-47825.3476,15871.0,63696.3476,1273.927,300.0738,205.8291,18,11,7,8,18072.0,45501.0,26716318,349,,50.0,0.25,2.0
vmin,0.5,ttd300,20,1,0.5,192.0,384.0,ttd300_n20_L1_f050,1,ok,-45440.4952,17523.0,62963.4952,1259.2699,300.087,18.1748,20,12,8,8,20078.0,45501.0,26768507,349,,50.0,0.5,2.0
vmin,0.9,ttd300,20,1,0.5,192.0,384.0,ttd300_n20_L1_f050,1,ok,-41635.7124,17523.0,59158.7124,1183.1742,300.0653,3.4694,20,13,7,7,20078.0,45501.0,26400622,344,,50.0,0.9,2.0
R,1,ttd300,20,1,0.75,288.0,384.0,ttd300_n20_L1_f075,1,ok,16591.5203,17523.0,931.4797,931.4797,300.2837,92.6667,20,11,9,9,20078.0,45501.0,26915515,351,,1.0,0.1,2.0
R,100,ttd300,20,1,0.75,288.0,384.0,ttd300_n20_L1_f075,1,ok,-73888.1854,10494.0,84382.1854,843.8219,300.2679,153.7315,12,6,6,9,12043.0,45501.0,25412002,331,,100.0,0.1,2.0
R,12.5,ttd300,20,1,0.75,288.0,384.0,ttd300_n20_L1_f075,1,ok,5914.1666,17523.0,11608.8334,928.7067,300.2664,188.8823,20,11,9,9,20078.0,45501.0,25214066,329,,12.5,0.1,2.0
R,200,ttd300,20,1,0.75,288.0,384.0,ttd300_n20_L1_f075,1,ok,-157952.38,9596.0,167548.38,837.7419,300.2688,7.9589,11,6,5,9,11036.0,45501.0,25731525,336,,200.0,0.1,2.0
Wcap,0.25,ttd300,20,1,0.75,288.0,384.0,ttd300_n20_L1_f075,1,ok,-36934.1102,6059.0,42993.1102,859.8622,300.2653,29.234,7,4,3,9,7025.0,11375.25,26244243,342,,50.0,0.1,2.0
R,25,ttd300,20,1,0.75,288.0,384.0,ttd300_n20_L1_f075,1,ok,-5763.9916,17523.0,23286.9916,931.4797,300.2935,300.2935,20,11,9,9,20078.0,45501.0,25252310,329,,25.0,0.1,2.0
R,50,ttd300,20,1,0.75,288.0,384.0,ttd300_n20_L1_f075,1,ok,-29438.8579,17523.0,46961.8579,939.2372,300.301,300.3009,20,11,9,9,20078.0,45501.0,25216543,329,,50.0,0.1,2.0
Wcap,0.5,ttd300,20,1,0.75,288.0,384.0,ttd300_n20_L1_f075,1,ok,-34388.0385,9596.0,43984.0385,879.6808,300.2827,300.2826,11,6,5,9,11036.0,22750.5,25689573,335,,50.0,0.1,2.0
Wcap,2,ttd300,20,1,0.75,288.0,384.0,ttd300_n20_L1_f075,1,ok,-25730.237,17523.0,43253.237,865.0647,300.2713,132.5824,20,11,9,9,20078.0,91002.0,24908164,325,,50.0,0.1,2.0
Wcap,4,ttd300,20,1,0.75,288.0,384.0,ttd300_n20_L1_f075,1,ok,-24600.6282,17523.0,42123.6282,842.4726,300.2636,266.4975,20,11,9,9,20078.0,182004.0,25168296,328,,50.0,0.1,2.0
Wcap,1,ttd300,20,1,0.75,288.0,384.0,ttd300_n20_L1_f075,1,ok,-29438.8579,17523.0,46961.8579,939.2372,300.2955,300.2955,20,11,9,9,20078.0,45501.0,25181616,328,,50.0,0.1,2.0
baseline,-,ttd300,20,1,0.75,288.0,384.0,ttd300_n20_L1_f075,1,ok,-29438.8579,17523.0,46961.8579,939.2372,300.3026,300.3025,20,11,9,9,20078.0,45501.0,25268596,329,,50.0,0.1,2.0
vDfact,0.5,ttd300,20,1,0.75,288.0,384.0,ttd300_n20_L1_f075,1,ok,-50335.921,12918.0,63253.921,1265.0784,300.0248,21.0976,15,13,2,2,15062.0,45501.0,33529891,438,,50.0,0.1,0.5
vDfact,1,ttd300,20,1,0.75,288.0,384.0,ttd300_n20_L1_f075,1,ok,-47050.4429,17523.0,64573.4429,1291.4689,300.0325,190.0114,20,15,5,5,20078.0,45501.0,29722421,388,,50.0,0.1,1.0
vDfact,2,ttd300,20,1,0.75,288.0,384.0,ttd300_n20_L1_f075,1,ok,-29438.8579,17523.0,46961.8579,939.2372,300.2847,300.2846,20,11,9,9,20078.0,45501.0,25112198,327,,50.0,0.1,2.0
vDfact,3,ttd300,20,1,0.75,288.0,384.0,ttd300_n20_L1_f075,1,ok,-24856.7021,17523.0,42379.7021,847.594,300.2219,231.1109,20,11,9,9,20078.0,45501.0,24485456,319,,50.0,0.1,3.0
vDfact,4,ttd300,20,1,0.75,288.0,384.0,ttd300_n20_L1_f075,1,ok,-22123.7417,17523.0,39646.7417,792.9348,300.055,300.0549,20,10,10,10,20078.0,45501.0,24178177,315,,50.0,0.1,4.0
vmin,0.05,ttd300,20,1,0.75,288.0,384.0,ttd300_n20_L1_f075,1,ok,-29434.0372,17523.0,46957.0372,939.1407,300.2893,300.2893,20,11,9,9,20078.0,45501.0,25673239,335,,50.0,0.05,2.0
vmin,0.1,ttd300,20,1,0.75,288.0,384.0,ttd300_n20_L1_f075,1,ok,-29438.8579,17523.0,46961.8579,939.2372,300.2892,300.2891,20,11,9,9,20078.0,45501.0,25314232,330,,50.0,0.1,2.0
vmin,0.25,ttd300,20,1,0.75,288.0,384.0,ttd300_n20_L1_f075,1,ok,-28361.0202,17523.0,45884.0202,917.6804,300.2835,144.2101,20,11,9,9,20078.0,45501.0,25393535,331,,50.0,0.25,2.0
vmin,0.5,ttd300,20,1,0.75,288.0,384.0,ttd300_n20_L1_f075,1,ok,-26668.999,17523.0,44191.999,883.84,300.2561,93.3034,20,11,9,9,20078.0,45501.0,25641813,335,,50.0,0.5,2.0
vmin,0.9,ttd300,20,1,0.75,288.0,384.0,ttd300_n20_L1_f075,1,ok,-24118.306,17523.0,41641.306,832.8261,300.3737,300.3737,20,11,9,9,20078.0,45501.0,25611507,334,,50.0,0.9,2.0
R,1,ttd300,20,1,1.0,384.0,384.0,ttd300_n20_L1_f100,1,ok,16614.7861,17523.0,908.2139,908.2139,300.2135,57.3556,20,13,7,7,20078.0,45501.0,27300589,356,,1.0,0.1,2.0
R,12.5,ttd300,20,1,1.0,384.0,384.0,ttd300_n20_L1_f100,1,ok,6170.3269,17523.0,11352.6731,908.2139,300.2099,17.2841,20,13,7,7,20078.0,45501.0,26443582,345,,12.5,0.1,2.0
R,100,ttd300,20,1,1.0,384.0,384.0,ttd300_n20_L1_f100,1,ok,-71779.765,11488.0,83267.765,832.6777,300.2723,300.2723,13,8,5,7,13050.0,45501.0,26722671,348,,100.0,0.1,2.0
R,200,ttd300,20,1,1.0,384.0,384.0,ttd300_n20_L1_f100,1,ok,-152518.1011,7135.0,159653.1011,798.2655,300.1284,86.8349,8,4,4,6,8034.0,45501.0,26900897,351,,200.0,0.1,2.0
R,25,ttd300,20,1,1.0,384.0,384.0,ttd300_n20_L1_f100,1,ok,-5215.0386,17523.0,22738.0386,909.5215,300.1358,16.1135,20,14,6,6,20078.0,45501.0,26591405,347,,25.0,0.1,2.0
R,50,ttd300,20,1,1.0,384.0,384.0,ttd300_n20_L1_f100,1,ok,-27953.0771,17523.0,45476.0771,909.5215,300.1354,139.6925,20,14,6,6,20078.0,45501.0,25689643,335,,50.0,0.1,2.0
Wcap,0.25,ttd300,20,1,1.0,384.0,384.0,ttd300_n20_L1_f100,1,ok,-36101.4103,5175.0,41276.4103,825.5282,300.21,120.2486,6,4,2,7,6035.0,11375.25,27276528,356,,50.0,0.1,2.0
Wcap,0.5,ttd300,20,1,1.0,384.0,384.0,ttd300_n20_L1_f100,1,ok,-33178.185,10676.0,43854.185,877.0837,300.1312,178.0401,12,8,4,6,12049.0,22750.5,26794058,349,,50.0,0.1,2.0
Wcap,1,ttd300,20,1,1.0,384.0,384.0,ttd300_n20_L1_f100,1,ok,-27953.0771,17523.0,45476.0771,909.5215,300.1323,140.6252,20,14,6,6,20078.0,45501.0,25825260,337,,50.0,0.1,2.0
Wcap,2,ttd300,20,1,1.0,384.0,384.0,ttd300_n20_L1_f100,1,ok,-24028.5073,17523.0,41551.5073,831.0301,300.1321,300.132,20,14,6,6,20078.0,91002.0,26609925,347,,50.0,0.1,2.0
Wcap,4,ttd300,20,1,1.0,384.0,384.0,ttd300_n20_L1_f100,1,ok,-23145.2203,17523.0,40668.2203,813.3644,300.0844,265.7359,20,14,6,6,20078.0,182004.0,26768815,349,,50.0,0.1,2.0
baseline,-,ttd300,20,1,1.0,384.0,384.0,ttd300_n20_L1_f100,1,ok,-27953.0771,17523.0,45476.0771,909.5215,300.1361,137.8462,20,14,6,6,20078.0,45501.0,26185187,341,,50.0,0.1,2.0
vDfact,0.5,ttd300,20,1,1.0,384.0,384.0,ttd300_n20_L1_f100,1,ok,-48907.7355,13872.0,62779.7355,1255.5947,300.0404,28.246,16,13,3,3,16066.0,45501.0,34185361,447,,50.0,0.1,0.5
vDfact,1,ttd300,20,1,1.0,384.0,384.0,ttd300_n20_L1_f100,1,ok,-41574.5194,15770.0,57344.5194,1146.8904,300.0828,298.186,18,13,5,5,18073.0,45501.0,31061062,406,,50.0,0.1,1.0
vDfact,2,ttd300,20,1,1.0,384.0,384.0,ttd300_n20_L1_f100,1,ok,-27953.0771,17523.0,45476.0771,909.5215,300.1335,140.6372,20,14,6,6,20078.0,45501.0,25532582,333,,50.0,0.1,2.0
vDfact,3,ttd300,20,1,1.0,384.0,384.0,ttd300_n20_L1_f100,1,ok,-22423.237,17523.0,39946.237,798.9247,300.1409,300.1409,20,10,10,10,20078.0,45501.0,24489394,319,,50.0,0.1,3.0
vDfact,4,ttd300,20,1,1.0,384.0,384.0,ttd300_n20_L1_f100,1,ok,-18461.4451,17523.0,35984.4451,719.6889,300.0667,300.0667,20,10,10,10,20078.0,45501.0,23544695,307,,50.0,0.1,4.0
vmin,0.05,ttd300,20,1,1.0,384.0,384.0,ttd300_n20_L1_f100,1,ok,-28414.9717,16651.0,45065.9717,901.3194,300.1376,223.3537,19,13,6,6,19078.0,45501.0,25814738,337,,50.0,0.05,2.0
vmin,0.1,ttd300,20,1,1.0,384.0,384.0,ttd300_n20_L1_f100,1,ok,-27953.0771,17523.0,45476.0771,909.5215,300.1366,139.7569,20,14,6,6,20078.0,45501.0,25708171,335,,50.0,0.1,2.0
vmin,0.25,ttd300,20,1,1.0,384.0,384.0,ttd300_n20_L1_f100,1,ok,-26565.8855,17523.0,44088.8855,881.7777,300.2169,76.0365,20,13,7,7,20078.0,45501.0,25782269,336,,50.0,0.25,2.0
vmin,0.5,ttd300,20,1,1.0,384.0,384.0,ttd300_n20_L1_f100,1,ok,-25097.137,17523.0,42620.137,852.4027,300.2107,236.9673,20,13,7,7,20078.0,45501.0,26853919,350,,50.0,0.5,2.0
vmin,0.9,ttd300,20,1,1.0,384.0,384.0,ttd300_n20_L1_f100,1,ok,-22308.2329,17523.0,39831.2329,796.6247,300.1265,142.5331,20,14,6,6,20078.0,45501.0,26739487,349,,50.0,0.9,2.0
R,1,ttd300,30,1,0.25,94.0,374.0,ttd300_n30_L1_f025,1,ok,23625.6055,25223.0,1597.3945,1597.3945,450.0202,378.7105,30,20,10,10,30154.0,68251.0,35502910,314,,1.0,0.1,2.0
R,100,ttd300,30,1,0.25,94.0,374.0,ttd300_n30_L1_f025,1,ok,-121737.5463,11289.0,133026.5463,1330.2655,450.2084,33.4876,13,9,4,8,13054.0,68251.0,34039158,301,,100.0,0.1,2.0
R,12.5,ttd300,30,1,0.25,94.0,374.0,ttd300_n30_L1_f025,1,ok,5433.6338,25223.0,19789.3662,1583.1493,450.4852,450.4851,30,21,9,9,30154.0,68251.0,33927599,300,,12.5,0.1,2.0
R,200,ttd300,30,1,0.25,94.0,374.0,ttd300_n30_L1_f025,1,ok,-252595.6697,6205.0,258800.6697,1294.0033,450.2156,299.9788,7,5,2,8,7028.0,68251.0,35150083,311,,200.0,0.1,2.0
R,25,ttd300,30,1,0.25,94.0,374.0,ttd300_n30_L1_f025,1,ok,-14730.9678,24668.0,39398.9678,1575.9587,450.2551,450.255,29,21,8,8,29146.0,68251.0,33949795,300,,25.0,0.1,2.0
R,50,ttd300,30,1,0.25,94.0,374.0,ttd300_n30_L1_f025,1,ok,-52773.6726,21425.0,74198.6726,1483.9735,450.265,450.265,25,18,7,9,25122.0,68251.0,34753946,307,,50.0,0.1,2.0
Wcap,0.25,ttd300,30,1,0.25,94.0,374.0,ttd300_n30_L1_f025,1,ok,-61342.7007,6759.0,68101.7007,1362.034,450.1882,277.4046,8,5,3,9,8028.0,17062.75,35474177,314,,50.0,0.1,2.0
Wcap,0.5,ttd300,30,1,0.25,94.0,374.0,ttd300_n30_L1_f025,1,ok,-57731.9639,11289.0,69020.9639,1380.4193,450.021,26.5319,13,7,6,10,13054.0,34125.5,35071267,310,,50.0,0.1,2.0
Wcap,1,ttd300,30,1,0.25,94.0,374.0,ttd300_n30_L1_f025,1,ok,-52773.6726,21425.0,74198.6726,1483.9735,450.2654,450.2653,25,18,7,9,25122.0,68251.0,34302866,303,,50.0,0.1,2.0
Wcap,2,ttd300,30,1,0.25,94.0,374.0,ttd300_n30_L1_f025,1,ok,-45293.058,25223.0,70516.058,1410.3212,450.2398,450.2398,30,22,8,8,30154.0,136502.0,33233471,294,,50.0,0.1,2.0
Wcap,4,ttd300,30,1,0.25,94.0,374.0,ttd300_n30_L1_f025,1,ok,-41806.523,25223.0,67029.523,1340.5905,450.2298,450.2298,30,22,8,8,30154.0,273004.0,34006877,301,,50.0,0.1,2.0
baseline,-,ttd300,30,1,0.25,94.0,374.0,ttd300_n30_L1_f025,1,ok,-52773.6726,21425.0,74198.6726,1483.9735,450.2633,450.2633,25,18,7,9,25122.0,68251.0,34939739,309,,50.0,0.1,2.0
vDfact,0.5,ttd300,30,1,0.25,94.0,374.0,ttd300_n30_L1_f025,1,ok,-59666.25,18707.0,78373.25,1567.465,450.0373,82.172,22,20,2,3,22112.0,68251.0,39263837,348,,50.0,0.1,0.5
vDfact,1,ttd300,30,1,0.25,94.0,374.0,ttd300_n30_L1_f025,1,ok,-57224.1215,20663.0,77887.1215,1557.7424,450.3322,450.3322,24,18,6,8,24120.0,68251.0,36544906,323,,50.0,0.1,1.0
vDfact,2,ttd300,30,1,0.25,94.0,374.0,ttd300_n30_L1_f025,1,ok,-52773.6726,21425.0,74198.6726,1483.9735,450.256,450.2559,25,18,7,9,25122.0,68251.0,34638759,306,,50.0,0.1,2.0
vDfact,3,ttd300,30,1,0.25,94.0,374.0,ttd300_n30_L1_f025,1,ok,-51843.4432,21425.0,73268.4432,1465.3689,450.4458,450.4457,25,18,7,9,25122.0,68251.0,35092851,310,,50.0,0.1,3.0
vmin,0.05,ttd300,30,1,0.25,94.0,374.0,ttd300_n30_L1_f025,1,ok,-54348.2765,20448.0,74796.2765,1495.9255,450.0245,323.9922,24,15,9,11,24118.0,68251.0,34743828,307,,50.0,0.05,2.0
vDfact,4,ttd300,30,1,0.25,94.0,374.0,ttd300_n30_L1_f025,1,ok,-51351.7197,21425.0,72776.7197,1455.5344,450.3767,450.3766,25,17,8,10,25122.0,68251.0,34390333,304,,50.0,0.1,4.0
vmin,0.1,ttd300,30,1,0.25,94.0,374.0,ttd300_n30_L1_f025,1,ok,-52773.6726,21425.0,74198.6726,1483.9735,450.2619,450.2619,25,18,7,9,25122.0,68251.0,35388895,313,,50.0,0.1,2.0
vmin,0.25,ttd300,30,1,0.25,94.0,374.0,ttd300_n30_L1_f025,1,ok,-50024.5151,23329.0,73353.5151,1467.0703,450.2227,391.3603,27,21,6,8,27131.0,68251.0,34990856,309,,50.0,0.25,2.0
vmin,0.5,ttd300,30,1,0.25,94.0,374.0,ttd300_n30_L1_f025,1,ok,-46133.4784,24668.0,70801.4784,1416.0296,450.2086,47.2265,29,21,8,8,29146.0,68251.0,34769342,307,,50.0,0.5,2.0
vmin,0.9,ttd300,30,1,0.25,94.0,374.0,ttd300_n30_L1_f025,1,ok,-40244.5417,25223.0,65467.5417,1309.3508,450.2472,325.501,30,21,9,9,30154.0,68251.0,33984309,300,,50.0,0.9,2.0
R,1,ttd300,30,1,0.5,187.0,374.0,ttd300_n30_L1_f050,1,ok,24008.6352,25223.0,1214.3648,1214.3648,450.1711,450.171,30,18,12,12,30154.0,68251.0,30872879,273,,1.0,0.1,2.0
R,100,ttd300,30,1,0.5,187.0,374.0,ttd300_n30_L1_f050,1,ok,-95132.0728,19318.0,114450.0728,1144.5007,450.0155,55.3061,23,13,10,13,23115.0,68251.0,30740112,272,,100.0,0.1,2.0
R,12.5,ttd300,30,1,0.5,187.0,374.0,ttd300_n30_L1_f050,1,ok,10067.2023,25223.0,15155.7977,1212.4638,450.2347,450.2346,30,19,11,11,30154.0,68251.0,30060658,265,,12.5,0.1,2.0
R,200,ttd300,30,1,0.5,187.0,374.0,ttd300_n30_L1_f050,1,ok,-204751.518,12109.0,216860.518,1084.3026,450.0156,405.6076,14,8,6,13,14056.0,68251.0,30690428,271,,200.0,0.1,2.0
R,25,ttd300,30,1,0.5,187.0,374.0,ttd300_n30_L1_f050,1,ok,-5437.0215,25223.0,30660.0215,1226.4009,450.0159,332.9946,30,17,13,13,30154.0,68251.0,29446898,260,,25.0,0.1,2.0
R,50,ttd300,30,1,0.5,187.0,374.0,ttd300_n30_L1_f050,1,ok,-36714.6248,24492.0,61206.6248,1224.1325,450.0153,104.4953,29,16,13,13,29150.0,68251.0,30146629,266,,50.0,0.1,2.0
Wcap,0.25,ttd300,30,1,0.5,187.0,374.0,ttd300_n30_L1_f050,1,ok,-47726.1709,7203.0,54929.1709,1098.5834,450.0498,446.8336,8,4,4,11,8031.0,17062.75,30700081,271,,50.0,0.1,2.0
Wcap,0.5,ttd300,30,1,0.5,187.0,374.0,ttd300_n30_L1_f050,1,ok,-43909.5201,15315.0,59224.5201,1184.4904,450.0163,87.3123,18,11,7,13,18077.0,34125.5,30384755,268,,50.0,0.1,2.0
Wcap,1,ttd300,30,1,0.5,187.0,374.0,ttd300_n30_L1_f050,1,ok,-36714.6248,24492.0,61206.6248,1224.1325,450.0158,106.3723,29,16,13,13,29150.0,68251.0,29687084,262,,50.0,0.1,2.0
Wcap,2,ttd300,30,1,0.5,187.0,374.0,ttd300_n30_L1_f050,1,ok,-30232.9153,25223.0,55455.9153,1109.1183,450.0265,450.0265,30,17,13,13,30154.0,136502.0,29585494,261,,50.0,0.1,2.0
Wcap,4,ttd300,30,1,0.5,187.0,374.0,ttd300_n30_L1_f050,1,ok,-28841.5813,25223.0,54064.5813,1081.2916,450.0164,248.2942,30,17,13,13,30154.0,273004.0,29986344,265,,50.0,0.1,2.0
baseline,-,ttd300,30,1,0.5,187.0,374.0,ttd300_n30_L1_f050,1,ok,-36714.6248,24492.0,61206.6248,1224.1325,450.0156,105.1336,29,16,13,13,29150.0,68251.0,30029847,265,,50.0,0.1,2.0
vDfact,0.5,ttd300,30,1,0.5,187.0,374.0,ttd300_n30_L1_f050,1,ok,-55511.9793,19055.0,74566.9793,1491.3396,450.0771,317.9458,22,18,4,4,22110.0,68251.0,36500344,323,,50.0,0.1,0.5
vDfact,2,ttd300,30,1,0.5,187.0,374.0,ttd300_n30_L1_f050,1,ok,-36714.6248,24492.0,61206.6248,1224.1325,450.0154,105.2088,29,16,13,13,29150.0,68251.0,30053116,265,,50.0,0.1,2.0
vDfact,3,ttd300,30,1,0.5,187.0,374.0,ttd300_n30_L1_f050,1,ok,-33952.1478,24492.0,58444.1478,1168.883,450.0144,365.9401,29,15,14,14,29150.0,68251.0,29691596,262,,50.0,0.1,3.0
vDfact,4,ttd300,30,1,0.5,187.0,374.0,ttd300_n30_L1_f050,1,ok,-32380.701,24492.0,56872.701,1137.454,450.0147,164.785,29,15,14,14,29150.0,68251.0,28776955,254,,50.0,0.1,4.0
vDfact,1,ttd300,30,1,0.5,187.0,374.0,ttd300_n30_L1_f050,1,ok,-47022.819,22951.0,69973.819,1399.4764,450.7406,450.7406,27,20,7,8,27130.0,68251.0,33965301,300,,50.0,0.1,1.0
vmin,0.05,ttd300,30,1,0.5,187.0,374.0,ttd300_n30_L1_f050,1,ok,-36954.9281,23959.0,60913.9281,1218.2786,450.0568,171.9664,28,18,10,11,28144.0,68251.0,30099537,266,,50.0,0.05,2.0
vmin,0.1,ttd300,30,1,0.5,187.0,374.0,ttd300_n30_L1_f050,1,ok,-36714.6248,24492.0,61206.6248,1224.1325,450.0159,105.9498,29,16,13,13,29150.0,68251.0,29664560,262,,50.0,0.1,2.0
vmin,0.25,ttd300,30,1,0.5,187.0,374.0,ttd300_n30_L1_f050,1,ok,-34445.4079,25223.0,59668.4079,1193.3682,450.016,230.146,30,17,13,13,30154.0,68251.0,30002840,265,,50.0,0.25,2.0
vmin,0.5,ttd300,30,1,0.5,187.0,374.0,ttd300_n30_L1_f050,1,ok,-32142.3322,25223.0,57365.3322,1147.3066,450.0163,349.8123,30,17,13,13,30154.0,68251.0,29963154,265,,50.0,0.5,2.0
vmin,0.9,ttd300,30,1,0.5,187.0,374.0,ttd300_n30_L1_f050,1,ok,-27826.6458,25223.0,53049.6458,1060.9929,450.0765,450.0765,30,19,11,11,30154.0,68251.0,29859357,264,,50.0,0.9,2.0
R,1,ttd300,30,1,0.75,280.0,374.0,ttd300_n30_L1_f075,1,ok,24120.8875,25223.0,1102.1125,1102.1125,450.0273,450.0273,30,17,13,13,30154.0,68251.0,30618588,270,,1.0,0.1,2.0
R,100,ttd300,30,1,0.75,280.0,374.0,ttd300_n30_L1_f075,1,ok,-84070.4896,18207.0,102277.4896,1022.7749,450.2483,345.5925,21,14,7,12,21104.0,68251.0,30021159,265,,100.0,0.1,2.0
R,12.5,ttd300,30,1,0.75,280.0,374.0,ttd300_n30_L1_f075,1,ok,11033.2785,25223.0,14189.7215,1135.1777,450.0171,327.2041,30,17,13,13,30154.0,68251.0,28455788,251,,12.5,0.1,2.0
R,200,ttd300,30,1,0.75,280.0,374.0,ttd300_n30_L1_f075,1,ok,-185759.4343,9356.0,195115.4343,975.5772,450.5774,450.5774,11,7,4,12,11050.0,68251.0,30896494,273,,200.0,0.1,2.0
R,25,ttd300,30,1,0.75,280.0,374.0,ttd300_n30_L1_f075,1,ok,-2523.5632,25223.0,27746.5632,1109.8625,450.4177,450.4176,30,18,12,12,30154.0,68251.0,29595570,261,,25.0,0.1,2.0
R,50,ttd300,30,1,0.75,280.0,374.0,ttd300_n30_L1_f075,1,ok,-30403.5404,24668.0,55071.5404,1101.4308,450.2123,450.2123,29,18,11,11,29146.0,68251.0,30026872,265,,50.0,0.1,2.0
Wcap,0.25,ttd300,30,1,0.75,280.0,374.0,ttd300_n30_L1_f075,1,ok,-42920.4096,7782.0,50702.4096,1014.0482,450.2974,450.2974,9,6,3,11,9041.0,17062.75,30840734,273,,50.0,0.1,2.0
Wcap,0.5,ttd300,30,1,0.75,280.0,374.0,ttd300_n30_L1_f075,1,ok,-39179.8116,17048.0,56227.8116,1124.5562,450.0303,450.0303,20,10,10,14,20096.0,34125.5,30630640,271,,50.0,0.1,2.0
Wcap,1,ttd300,30,1,0.75,280.0,374.0,ttd300_n30_L1_f075,1,ok,-30403.5404,24668.0,55071.5404,1101.4308,450.2142,450.2142,29,18,11,11,29146.0,68251.0,30099731,266,,50.0,0.1,2.0
Wcap,2,ttd300,30,1,0.75,280.0,374.0,ttd300_n30_L1_f075,1,ok,-26004.1101,25223.0,51227.1101,1024.5422,450.6208,450.6208,30,18,12,12,30154.0,136502.0,30211489,267,,50.0,0.1,2.0
Wcap,4,ttd300,30,1,0.75,280.0,374.0,ttd300_n30_L1_f075,1,ok,-24525.4088,25223.0,49748.4088,994.9682,450.6683,450.6683,30,18,12,12,30154.0,273004.0,30209122,267,,50.0,0.1,2.0
baseline,-,ttd300,30,1,0.75,280.0,374.0,ttd300_n30_L1_f075,1,ok,-30403.5404,24668.0,55071.5404,1101.4308,450.1996,450.1996,29,18,11,11,29146.0,68251.0,29920902,264,,50.0,0.1,2.0
vDfact,0.5,ttd300,30,1,0.75,280.0,374.0,ttd300_n30_L1_f075,1,ok,-54492.3213,18966.0,73458.3213,1469.1664,450.1413,407.1973,22,19,3,4,22116.0,68251.0,38227076,338,,50.0,0.1,0.5
vDfact,2,ttd300,30,1,0.75,280.0,374.0,ttd300_n30_L1_f075,1,ok,-30403.5404,24668.0,55071.5404,1101.4308,450.2052,450.2052,29,18,11,11,29146.0,68251.0,30026367,265,,50.0,0.1,2.0
vDfact,1,ttd300,30,1,0.75,280.0,374.0,ttd300_n30_L1_f075,1,ok,-44406.2195,23404.0,67810.2195,1356.2044,450.5952,450.5951,27,20,7,7,27136.0,68251.0,33420608,295,,50.0,0.1,1.0
vDfact,3,ttd300,30,1,0.75,280.0,374.0,ttd300_n30_L1_f075,1,ok,-24689.1604,24668.0,49357.1604,987.1432,450.0134,355.3446,29,15,14,15,29146.0,68251.0,28720337,254,,50.0,0.1,3.0
vDfact,4,ttd300,30,1,0.75,280.0,374.0,ttd300_n30_L1_f075,1,ok,-23681.4512,25223.0,48904.4512,978.089,450.0132,350.1915,30,15,15,15,30154.0,68251.0,28453833,251,,50.0,0.1,4.0
vmin,0.05,ttd300,30,1,0.75,280.0,374.0,ttd300_n30_L1_f075,1,ok,-32165.6208,25223.0,57388.6208,1147.7724,450.2235,450.2235,30,19,11,11,30154.0,68251.0,29947426,265,,50.0,0.05,2.0
vmin,0.1,ttd300,30,1,0.75,280.0,374.0,ttd300_n30_L1_f075,1,ok,-30403.5404,24668.0,55071.5404,1101.4308,450.2067,450.2067,29,18,11,11,29146.0,68251.0,30015225,265,,50.0,0.1,2.0
vmin,0.25,ttd300,30,1,0.75,280.0,374.0,ttd300_n30_L1_f075,1,ok,-27580.3312,25223.0,52803.3312,1056.0666,450.5857,450.5856,30,18,12,12,30154.0,68251.0,30049622,265,,50.0,0.25,2.0
vmin,0.9,ttd300,30,1,0.75,280.0,374.0,ttd300_n30_L1_f075,1,ok,-23021.994,25223.0,48244.994,964.8999,450.0973,450.0972,30,20,10,10,30154.0,68251.0,30155058,266,,50.0,0.9,2.0
vmin,0.5,ttd300,30,1,0.75,280.0,374.0,ttd300_n30_L1_f075,1,ok,-26650.5235,25223.0,51873.5235,1037.4705,451.2792,451.2791,30,18,12,12,30154.0,68251.0,30189304,266,,50.0,0.5,2.0
R,12.5,ttd300,30,1,1.0,374.0,374.0,ttd300_n30_L1_f100,1,ok,11771.3587,25223.0,13451.6413,1076.1313,450.0135,16.2943,30,15,15,15,30154.0,68251.0,29877333,264,,12.5,0.1,2.0
R,1,ttd300,30,1,1.0,374.0,374.0,ttd300_n30_L1_f100,1,ok,24125.4223,25223.0,1097.5777,1097.5777,450.8791,450.8791,30,18,12,12,30154.0,68251.0,31297997,276,,1.0,0.1,2.0
R,100,ttd300,30,1,1.0,374.0,374.0,ttd300_n30_L1_f100,1,ok,-81266.5133,17985.0,99251.5133,992.5151,450.8147,450.8147,21,13,8,12,21111.0,68251.0,30481297,269,,100.0,0.1,2.0
R,25,ttd300,30,1,1.0,374.0,374.0,ttd300_n30_L1_f100,1,ok,-2117.6697,25223.0,27340.6697,1093.6268,450.0158,271.1115,30,16,14,14,30154.0,68251.0,29525901,261,,25.0,0.1,2.0
R,50,ttd300,30,1,1.0,374.0,374.0,ttd300_n30_L1_f100,1,ok,-29843.0387,25223.0,55066.0387,1101.3208,450.0157,115.9614,30,16,14,14,30154.0,68251.0,29985114,265,,50.0,0.1,2.0
R,200,ttd300,30,1,1.0,374.0,374.0,ttd300_n30_L1_f100,1,ok,-171995.5507,10370.0,182365.5507,911.8278,451.2222,451.2222,12,7,5,12,12069.0,68251.0,30951398,273,,200.0,0.1,2.0
Wcap,0.25,ttd300,30,1,1.0,374.0,374.0,ttd300_n30_L1_f100,1,ok,-40456.7466,7690.0,48146.7466,962.9349,450.4105,450.4105,9,4,5,11,9038.0,17062.75,31036713,274,,50.0,0.1,2.0
Wcap,0.5,ttd300,30,1,1.0,374.0,374.0,ttd300_n30_L1_f100,1,ok,-37594.1833,15829.0,53423.1833,1068.4637,450.0176,248.2369,18,10,8,13,18082.0,34125.5,30309501,268,,50.0,0.1,2.0
Wcap,1,ttd300,30,1,1.0,374.0,374.0,ttd300_n30_L1_f100,1,ok,-29843.0387,25223.0,55066.0387,1101.3208,450.0156,115.4836,30,16,14,14,30154.0,68251.0,30140978,266,,50.0,0.1,2.0
Wcap,4,ttd300,30,1,1.0,374.0,374.0,ttd300_n30_L1_f100,1,ok,-21816.1935,25223.0,47039.1935,940.7839,450.2142,450.2141,30,20,10,10,30154.0,273004.0,30417809,269,,50.0,0.1,2.0
Wcap,2,ttd300,30,1,1.0,374.0,374.0,ttd300_n30_L1_f100,1,ok,-22465.9393,25223.0,47688.9393,953.7788,451.0214,451.0214,30,18,12,12,30154.0,136502.0,30300200,268,,50.0,0.1,2.0
baseline,-,ttd300,30,1,1.0,374.0,374.0,ttd300_n30_L1_f100,1,ok,-29843.0387,25223.0,55066.0387,1101.3208,450.0161,114.2501,30,16,14,14,30154.0,68251.0,30508638,269,,50.0,0.1,2.0
vDfact,0.5,ttd300,30,1,1.0,374.0,374.0,ttd300_n30_L1_f100,1,ok,-51687.3319,21558.0,73245.3319,1464.9066,450.0925,4.0492,25,23,2,3,25122.0,68251.0,38715942,343,,50.0,0.1,0.5
vDfact,2,ttd300,30,1,1.0,374.0,374.0,ttd300_n30_L1_f100,1,ok,-29843.0387,25223.0,55066.0387,1101.3208,450.0157,114.2498,30,16,14,14,30154.0,68251.0,30536460,270,,50.0,0.1,2.0
vDfact,1,ttd300,30,1,1.0,374.0,374.0,ttd300_n30_L1_f100,1,ok,-40681.4156,23879.0,64560.4156,1291.2083,451.1856,451.1855,28,22,6,7,28140.0,68251.0,33779258,298,,50.0,0.1,1.0
vDfact,3,ttd300,30,1,1.0,374.0,374.0,ttd300_n30_L1_f100,1,ok,-23335.6199,24690.0,48025.6199,960.5124,450.0162,395.3963,29,16,13,14,29148.0,68251.0,28658166,253,,50.0,0.1,3.0
vDfact,4,ttd300,30,1,1.0,374.0,374.0,ttd300_n30_L1_f100,1,ok,-21825.9367,25223.0,47048.9367,940.9787,450.0136,226.2889,30,15,15,15,30154.0,68251.0,27829734,246,,50.0,0.1,4.0
vmin,0.05,ttd300,30,1,1.0,374.0,374.0,ttd300_n30_L1_f100,1,ok,-30050.4045,23779.0,53829.4045,1076.5881,450.4326,450.4325,28,17,11,11,28139.0,68251.0,29994647,265,,50.0,0.05,2.0
vmin,0.1,ttd300,30,1,1.0,374.0,374.0,ttd300_n30_L1_f100,1,ok,-29843.0387,25223.0,55066.0387,1101.3208,450.0155,115.4275,30,16,14,14,30154.0,68251.0,30198798,267,,50.0,0.1,2.0
vmin,0.25,ttd300,30,1,1.0,374.0,374.0,ttd300_n30_L1_f100,1,ok,-27836.4062,25223.0,53059.4062,1061.1881,450.8015,450.8015,30,18,12,12,30154.0,68251.0,30108576,266,,50.0,0.25,2.0
vmin,0.5,ttd300,30,1,1.0,374.0,374.0,ttd300_n30_L1_f100,1,ok,-24665.3578,25223.0,49888.3578,997.7672,450.838,450.838,30,18,12,12,30154.0,68251.0,30039163,265,,50.0,0.5,2.0
vmin,0.9,ttd300,30,1,1.0,374.0,374.0,ttd300_n30_L1_f100,1,ok,-21010.0039,25223.0,46233.0039,924.6601,450.4814,450.4813,30,19,11,11,30154.0,68251.0,30387775,268,,50.0,0.9,2.0
R,1,ttd300,40,1,0.25,94.0,378.0,ttd300_n40_L1_f025,1,ok,32841.7711,34418.0,1576.2289,1576.2289,600.0305,335.7777,40,25,15,15,40182.0,91001.0,38533409,257,,1.0,0.1,2.0
R,100,ttd300,40,1,0.25,94.0,378.0,ttd300_n40_L1_f025,1,ok,-115853.3681,23329.0,139182.3681,1391.8237,600.0301,18.6718,26,18,8,15,26121.0,91001.0,38864255,260,,100.0,0.1,2.0
R,12.5,ttd300,40,1,0.25,94.0,378.0,ttd300_n40_L1_f025,1,ok,14819.0325,34418.0,19598.9675,1567.9174,600.0298,452.2696,40,25,15,15,40182.0,91001.0,37728967,252,,12.5,0.1,2.0
R,200,ttd300,40,1,0.25,94.0,378.0,ttd300_n40_L1_f025,1,ok,-249112.6077,12443.0,261555.6077,1307.778,600.0297,461.925,14,9,5,15,14065.0,91001.0,39191416,262,,200.0,0.1,2.0
R,25,ttd300,40,1,0.25,94.0,378.0,ttd300_n40_L1_f025,1,ok,-5074.0993,34418.0,39492.0993,1579.684,600.0298,46.7847,40,26,14,14,40182.0,91001.0,37494572,250,,25.0,0.1,2.0
R,50,ttd300,40,1,0.25,94.0,378.0,ttd300_n40_L1_f025,1,ok,-43626.2665,31792.0,75418.2665,1508.3653,600.0308,261.7797,36,24,12,14,36164.0,91001.0,37755918,252,,50.0,0.1,2.0
Wcap,0.25,ttd300,40,1,0.25,94.0,378.0,ttd300_n40_L1_f025,1,ok,-59327.6381,8640.0,67967.6381,1359.3528,600.0294,470.3149,10,6,4,13,10042.0,22750.25,39672782,265,,50.0,0.1,2.0
Wcap,0.5,ttd300,40,1,0.25,94.0,378.0,ttd300_n40_L1_f025,1,ok,-53548.529,17794.0,71342.529,1426.8506,600.061,600.061,20,13,7,15,20087.0,45500.5,39011016,261,,50.0,0.1,2.0
Wcap,1,ttd300,40,1,0.25,94.0,378.0,ttd300_n40_L1_f025,1,ok,-43626.2665,31792.0,75418.2665,1508.3653,600.0312,257.5946,36,24,12,14,36164.0,91001.0,38225148,255,,50.0,0.1,2.0
Wcap,2,ttd300,40,1,0.25,94.0,378.0,ttd300_n40_L1_f025,1,ok,-35160.3524,34418.0,69578.3524,1391.567,600.03,186.0772,40,26,14,14,40182.0,182002.0,37933091,253,,50.0,0.1,2.0
Wcap,4,ttd300,40,1,0.25,94.0,378.0,ttd300_n40_L1_f025,1,ok,-32274.1697,34418.0,66692.1697,1333.8434,600.0302,113.8067,40,25,15,15,40182.0,364004.0,37352393,249,,50.0,0.1,2.0
baseline,-,ttd300,40,1,0.25,94.0,378.0,ttd300_n40_L1_f025,1,ok,-43626.2665,31792.0,75418.2665,1508.3653,600.0307,260.7478,36,24,12,14,36164.0,91001.0,37780940,252,,50.0,0.1,2.0
vDfact,0.5,ttd300,40,1,0.25,94.0,378.0,ttd300_n40_L1_f025,1,ok,-55519.6249,32200.0,87719.6249,1754.3925,600.0938,82.1281,37,34,3,4,37172.0,91001.0,44728962,299,,50.0,0.1,0.5
vDfact,1,ttd300,40,1,0.25,94.0,378.0,ttd300_n40_L1_f025,1,ok,-49771.3245,32200.0,81971.3245,1639.4265,600.0937,600.0937,37,26,11,12,37172.0,91001.0,39798154,266,,50.0,0.1,1.0
vDfact,2,ttd300,40,1,0.25,94.0,378.0,ttd300_n40_L1_f025,1,ok,-43626.2665,31792.0,75418.2665,1508.3653,600.0306,259.8855,36,24,12,14,36164.0,91001.0,37945073,253,,50.0,0.1,2.0
vDfact,3,ttd300,40,1,0.25,94.0,378.0,ttd300_n40_L1_f025,1,ok,-42678.709,31838.0,74516.709,1490.3342,600.0293,480.4316,36,22,14,16,36163.0,91001.0,37799450,252,,50.0,0.1,3.0
vDfact,4,ttd300,40,1,0.25,94.0,378.0,ttd300_n40_L1_f025,1,ok,-42388.9917,31838.0,74226.9917,1484.5398,600.0306,51.013,36,22,14,16,36163.0,91001.0,37778046,252,,50.0,0.1,4.0
vmin,0.05,ttd300,40,1,0.25,94.0,378.0,ttd300_n40_L1_f025,1,ok,-45031.6433,31032.0,76063.6433,1521.2729,600.0312,408.0499,35,24,11,15,35163.0,91001.0,37413453,250,,50.0,0.05,2.0
vmin,0.1,ttd300,40,1,0.25,94.0,378.0,ttd300_n40_L1_f025,1,ok,-43626.2665,31792.0,75418.2665,1508.3653,600.0302,260.6067,36,24,12,14,36164.0,91001.0,37797771,252,,50.0,0.1,2.0
vmin,0.25,ttd300,40,1,0.25,94.0,378.0,ttd300_n40_L1_f025,1,ok,-40760.1456,34418.0,75178.1456,1503.5629,600.0519,600.0519,40,26,14,14,40182.0,91001.0,36619904,244,,50.0,0.25,2.0
vmin,0.5,ttd300,40,1,0.25,94.0,378.0,ttd300_n40_L1_f025,1,ok,-36176.5925,34418.0,70594.5925,1411.8918,600.0294,33.6567,40,24,16,16,40182.0,91001.0,38391024,256,,50.0,0.5,2.0
vmin,0.9,ttd300,40,1,0.25,94.0,378.0,ttd300_n40_L1_f025,1,ok,-31294.6552,34418.0,65712.6552,1314.2531,600.0311,190.9811,40,26,14,14,40182.0,91001.0,37185317,248,,50.0,0.9,2.0
R,1,ttd300,40,1,0.5,189.0,378.0,ttd300_n40_L1_f050,1,ok,33062.9789,34418.0,1355.0211,1355.0211,600.0315,332.9135,40,23,17,17,40182.0,91001.0,34775880,232,,1.0,0.1,2.0
R,100,ttd300,40,1,0.5,189.0,378.0,ttd300_n40_L1_f050,1,ok,-97827.6943,23158.0,120985.6943,1209.8569,600.033,202.5882,27,18,9,15,27124.0,91001.0,34625866,231,,100.0,0.1,2.0
R,12.5,ttd300,40,1,0.5,189.0,378.0,ttd300_n40_L1_f050,1,ok,17338.5617,34418.0,17079.4383,1366.3551,600.0474,600.0474,40,23,17,17,40182.0,91001.0,34162504,228,,12.5,0.1,2.0
R,200,ttd300,40,1,0.5,189.0,378.0,ttd300_n40_L1_f050,1,ok,-215969.6416,10750.0,226719.6416,1133.5982,600.0518,600.0518,13,7,6,15,13053.0,91001.0,35330807,236,,200.0,0.1,2.0
R,25,ttd300,40,1,0.5,189.0,378.0,ttd300_n40_L1_f050,1,ok,120.3904,34418.0,34297.6096,1371.9044,600.0332,308.6953,40,24,16,16,40182.0,91001.0,33784689,225,,25.0,0.1,2.0
R,50,ttd300,40,1,0.5,189.0,378.0,ttd300_n40_L1_f050,1,ok,-32699.0651,33658.0,66357.0651,1327.1413,600.0336,67.1751,39,23,16,16,39181.0,91001.0,34152407,228,,50.0,0.1,2.0
Wcap,0.25,ttd300,40,1,0.5,189.0,378.0,ttd300_n40_L1_f050,1,ok,-49754.9254,10604.0,60358.9254,1207.1785,600.0323,109.6995,12,7,5,15,12047.0,22750.25,35625304,238,,50.0,0.1,2.0
Wcap,0.5,ttd300,40,1,0.5,189.0,378.0,ttd300_n40_L1_f050,1,ok,-44450.896,18673.0,63123.896,1262.4779,600.0304,553.9833,21,12,9,17,21087.0,45500.5,35140593,234,,50.0,0.1,2.0
Wcap,1,ttd300,40,1,0.5,189.0,378.0,ttd300_n40_L1_f050,1,ok,-32699.0651,33658.0,66357.0651,1327.1413,600.0333,67.1153,39,23,16,16,39181.0,91001.0,34261592,229,,50.0,0.1,2.0
Wcap,2,ttd300,40,1,0.5,189.0,378.0,ttd300_n40_L1_f050,1,ok,-26648.6234,34418.0,61066.6234,1221.3325,600.034,439.6684,40,26,14,14,40182.0,182002.0,34481008,230,,50.0,0.1,2.0
Wcap,4,ttd300,40,1,0.5,189.0,378.0,ttd300_n40_L1_f050,1,ok,-23252.515,34418.0,57670.515,1153.4103,600.0331,129.4475,40,25,15,15,40182.0,364004.0,34739839,232,,50.0,0.1,2.0
baseline,-,ttd300,40,1,0.5,189.0,378.0,ttd300_n40_L1_f050,1,ok,-32699.0651,33658.0,66357.0651,1327.1413,600.0337,66.121,39,23,16,16,39181.0,91001.0,34582217,231,,50.0,0.1,2.0
vDfact,0.5,ttd300,40,1,0.5,189.0,378.0,ttd300_n40_L1_f050,1,ok,-52149.5049,31133.0,83282.5049,1665.6501,600.3905,600.3905,36,32,4,5,36170.0,91001.0,41591556,278,,50.0,0.1,0.5
vDfact,1,ttd300,40,1,0.5,189.0,378.0,ttd300_n40_L1_f050,1,ok,-42051.0409,31838.0,73889.0409,1477.7808,600.2299,600.2299,36,27,9,11,36163.0,91001.0,36626554,244,,50.0,0.1,1.0
vDfact,2,ttd300,40,1,0.5,189.0,378.0,ttd300_n40_L1_f050,1,ok,-32699.0651,33658.0,66357.0651,1327.1413,600.033,66.2001,39,23,16,16,39181.0,91001.0,34521038,230,,50.0,0.1,2.0
vDfact,3,ttd300,40,1,0.5,189.0,378.0,ttd300_n40_L1_f050,1,ok,-30772.2835,34418.0,65190.2835,1303.8057,600.0304,32.5597,40,21,19,19,40182.0,91001.0,33621701,224,,50.0,0.1,3.0
vDfact,4,ttd300,40,1,0.5,189.0,378.0,ttd300_n40_L1_f050,1,ok,-31311.3808,34418.0,65729.3808,1314.5876,600.0534,600.0533,40,21,19,19,40182.0,91001.0,33021930,220,,50.0,0.1,4.0
vmin,0.05,ttd300,40,1,0.5,189.0,378.0,ttd300_n40_L1_f050,1,ok,-34944.0549,33658.0,68602.0549,1372.0411,600.0611,600.061,39,23,16,16,39181.0,91001.0,34314193,229,,50.0,0.05,2.0
vmin,0.1,ttd300,40,1,0.5,189.0,378.0,ttd300_n40_L1_f050,1,ok,-32699.0651,33658.0,66357.0651,1327.1413,600.0335,66.3158,39,23,16,16,39181.0,91001.0,34595903,231,,50.0,0.1,2.0
vmin,0.25,ttd300,40,1,0.5,189.0,378.0,ttd300_n40_L1_f050,1,ok,-30545.0657,34418.0,64963.0657,1299.2613,600.0323,221.7446,40,24,16,16,40182.0,91001.0,34507744,230,,50.0,0.25,2.0
vmin,0.5,ttd300,40,1,0.5,189.0,378.0,ttd300_n40_L1_f050,1,ok,-27346.5892,34418.0,61764.5892,1235.2918,600.049,600.049,40,23,17,17,40182.0,91001.0,34359170,229,,50.0,0.5,2.0
vmin,0.9,ttd300,40,1,0.5,189.0,378.0,ttd300_n40_L1_f050,1,ok,-22264.0743,34418.0,56682.0743,1133.6415,600.0333,581.1764,40,24,16,16,40182.0,91001.0,35044204,234,,50.0,0.9,2.0
R,1,ttd300,40,1,0.75,284.0,378.0,ttd300_n40_L1_f075,1,ok,33062.0442,34418.0,1355.9558,1355.9558,600.0348,421.728,40,24,16,16,40182.0,91001.0,34711307,232,,1.0,0.1,2.0
R,100,ttd300,40,1,0.75,284.0,378.0,ttd300_n40_L1_f075,1,ok,-97327.9059,24843.0,122170.9059,1221.7091,600.0305,174.7471,28,15,13,18,28124.0,91001.0,34712099,232,,100.0,0.1,2.0
R,12.5,ttd300,40,1,0.75,284.0,378.0,ttd300_n40_L1_f075,1,ok,17568.3589,34418.0,16849.6411,1347.9713,600.0507,600.0506,40,23,17,17,40182.0,91001.0,33981956,227,,12.5,0.1,2.0
R,200,ttd300,40,1,0.75,284.0,378.0,ttd300_n40_L1_f075,1,ok,-216038.4679,15978.0,232016.4679,1160.0823,600.0326,120.5166,18,10,8,16,18083.0,91001.0,35124876,234,,200.0,0.1,2.0
R,25,ttd300,40,1,0.75,284.0,378.0,ttd300_n40_L1_f075,1,ok,485.738,34418.0,33932.262,1357.2905,600.6791,600.6791,40,28,12,12,40182.0,91001.0,33683040,224,,25.0,0.1,2.0
R,50,ttd300,40,1,0.75,284.0,378.0,ttd300_n40_L1_f075,1,ok,-32803.6789,34418.0,67221.6789,1344.4336,600.0336,193.1639,40,23,17,17,40182.0,91001.0,34027901,227,,50.0,0.1,2.0
Wcap,0.25,ttd300,40,1,0.75,284.0,378.0,ttd300_n40_L1_f075,1,ok,-50474.7159,10613.0,61087.7159,1221.7543,600.0335,254.7571,12,6,6,13,12051.0,22750.25,35556220,237,,50.0,0.1,2.0
Wcap,0.5,ttd300,40,1,0.75,284.0,378.0,ttd300_n40_L1_f075,1,ok,-44280.7652,18988.0,63268.7652,1265.3753,600.0535,600.0535,21,13,8,13,21093.0,45500.5,34758720,232,,50.0,0.1,2.0
Wcap,1,ttd300,40,1,0.75,284.0,378.0,ttd300_n40_L1_f075,1,ok,-32803.6789,34418.0,67221.6789,1344.4336,600.034,190.3148,40,23,17,17,40182.0,91001.0,34482868,230,,50.0,0.1,2.0
Wcap,2,ttd300,40,1,0.75,284.0,378.0,ttd300_n40_L1_f075,1,ok,-25547.1553,34418.0,59965.1553,1199.3031,600.0528,600.0527,40,24,16,16,40182.0,182002.0,33652678,224,,50.0,0.1,2.0
Wcap,4,ttd300,40,1,0.75,284.0,378.0,ttd300_n40_L1_f075,1,ok,-23981.2655,34418.0,58399.2655,1167.9853,600.0521,600.052,40,24,16,16,40182.0,364004.0,34809138,232,,50.0,0.1,2.0
baseline,-,ttd300,40,1,0.75,284.0,378.0,ttd300_n40_L1_f075,1,ok,-32803.6789,34418.0,67221.6789,1344.4336,600.0354,192.9333,40,23,17,17,40182.0,91001.0,34013592,227,,50.0,0.1,2.0
vDfact,0.5,ttd300,40,1,0.75,284.0,378.0,ttd300_n40_L1_f075,1,ok,-50573.3605,32056.0,82629.3605,1652.5872,600.2488,475.7154,37,33,4,4,37178.0,91001.0,42275398,283,,50.0,0.1,0.5
vDfact,1,ttd300,40,1,0.75,284.0,378.0,ttd300_n40_L1_f075,1,ok,-41720.1784,31838.0,73558.1784,1471.1636,600.332,600.332,36,28,8,10,36163.0,91001.0,36317277,242,,50.0,0.1,1.0
vDfact,2,ttd300,40,1,0.75,284.0,378.0,ttd300_n40_L1_f075,1,ok,-32803.6789,34418.0,67221.6789,1344.4336,600.0329,189.4597,40,23,17,17,40182.0,91001.0,34718118,232,,50.0,0.1,2.0
vDfact,3,ttd300,40,1,0.75,284.0,378.0,ttd300_n40_L1_f075,1,ok,-28264.0687,33154.0,61418.0687,1228.3614,600.0333,424.6096,38,22,16,17,38173.0,91001.0,33149292,221,,50.0,0.1,3.0
vDfact,4,ttd300,40,1,0.75,284.0,378.0,ttd300_n40_L1_f075,1,ok,-26544.5624,34418.0,60962.5624,1219.2512,600.0237,351.1299,40,20,20,20,40182.0,91001.0,32794633,219,,50.0,0.1,4.0
vmin,0.05,ttd300,40,1,0.75,284.0,378.0,ttd300_n40_L1_f075,1,ok,-33620.1374,32598.0,66218.1374,1324.3627,600.0332,278.7815,37,21,16,16,37164.0,91001.0,34262279,228,,50.0,0.05,2.0
vmin,0.1,ttd300,40,1,0.75,284.0,378.0,ttd300_n40_L1_f075,1,ok,-32803.6789,34418.0,67221.6789,1344.4336,600.0358,191.985,40,23,17,17,40182.0,91001.0,34201910,228,,50.0,0.1,2.0
vmin,0.25,ttd300,40,1,0.75,284.0,378.0,ttd300_n40_L1_f075,1,ok,-30802.9932,34418.0,65220.9932,1304.4199,600.035,194.566,40,25,15,15,40182.0,91001.0,34340728,229,,50.0,0.25,2.0
vmin,0.5,ttd300,40,1,0.75,284.0,378.0,ttd300_n40_L1_f075,1,ok,-27183.9971,34418.0,61601.9971,1232.0399,600.0309,122.8836,40,24,16,16,40182.0,91001.0,34629977,231,,50.0,0.5,2.0
vmin,0.9,ttd300,40,1,0.75,284.0,378.0,ttd300_n40_L1_f075,1,ok,-22090.5342,34418.0,56508.5342,1130.1707,600.0366,216.275,40,26,14,14,40182.0,91001.0,34119212,227,,50.0,0.9,2.0
R,1,ttd300,40,1,1.0,378.0,378.0,ttd300_n40_L1_f100,1,ok,33077.897,34418.0,1340.103,1340.103,600.0362,321.0588,40,26,14,14,40182.0,91001.0,34532384,230,,1.0,0.1,2.0
R,100,ttd300,40,1,1.0,378.0,378.0,ttd300_n40_L1_f100,1,ok,-97688.4672,23036.0,120724.4672,1207.2447,600.0337,232.2843,27,17,10,15,27124.0,91001.0,34963170,233,,100.0,0.1,2.0
R,12.5,ttd300,40,1,1.0,378.0,378.0,ttd300_n40_L1_f100,1,ok,17572.8605,34418.0,16845.1395,1347.6112,600.0625,600.0625,40,27,13,13,40182.0,91001.0,34031635,227,,12.5,0.1,2.0
R,200,ttd300,40,1,1.0,378.0,378.0,ttd300_n40_L1_f100,1,ok,-218243.6617,12353.0,230596.6617,1152.9833,600.0345,486.486,14,8,6,13,14054.0,91001.0,35267887,235,,200.0,0.1,2.0
R,50,ttd300,40,1,1.0,378.0,378.0,ttd300_n40_L1_f100,1,ok,-32515.4175,34418.0,66933.4175,1338.6684,600.0354,98.4202,40,24,16,16,40182.0,91001.0,33882674,226,,50.0,0.1,2.0
Wcap,0.25,ttd300,40,1,1.0,378.0,378.0,ttd300_n40_L1_f100,1,ok,-49207.674,10846.0,60053.674,1201.0735,600.0365,455.8811,13,8,5,13,13061.0,22750.25,35340232,236,,50.0,0.1,2.0
R,25,ttd300,40,1,1.0,378.0,378.0,ttd300_n40_L1_f100,1,ok,1303.7397,34418.0,33114.2603,1324.5704,601.17,601.17,40,29,11,11,40182.0,91001.0,34657796,231,,25.0,0.1,2.0
Wcap,0.5,ttd300,40,1,1.0,378.0,378.0,ttd300_n40_L1_f100,1,ok,-43717.7924,18690.0,62407.7924,1248.1558,600.0339,330.8239,21,13,8,15,21092.0,45500.5,34234554,229,,50.0,0.1,2.0
Wcap,1,ttd300,40,1,1.0,378.0,378.0,ttd300_n40_L1_f100,1,ok,-32515.4175,34418.0,66933.4175,1338.6684,600.0344,97.7901,40,24,16,16,40182.0,91001.0,34078240,227,,50.0,0.1,2.0
Wcap,2,ttd300,40,1,1.0,378.0,378.0,ttd300_n40_L1_f100,1,ok,-25884.0395,34418.0,60302.0395,1206.0408,600.053,600.0529,40,24,16,16,40182.0,182002.0,34655966,231,,50.0,0.1,2.0
Wcap,4,ttd300,40,1,1.0,378.0,378.0,ttd300_n40_L1_f100,1,ok,-23326.2528,34418.0,57744.2528,1154.8851,600.0351,225.3317,40,25,15,15,40182.0,364004.0,34497545,230,,50.0,0.1,2.0
baseline,-,ttd300,40,1,1.0,378.0,378.0,ttd300_n40_L1_f100,1,ok,-32515.4175,34418.0,66933.4175,1338.6684,600.0346,96.4285,40,24,16,16,40182.0,91001.0,34397907,229,,50.0,0.1,2.0
vDfact,0.5,ttd300,40,1,1.0,378.0,378.0,ttd300_n40_L1_f100,1,ok,-51382.3069,32056.0,83438.3069,1668.7661,600.433,445.3078,37,33,4,4,37178.0,91001.0,42817187,286,,50.0,0.1,0.5
vDfact,2,ttd300,40,1,1.0,378.0,378.0,ttd300_n40_L1_f100,1,ok,-32515.4175,34418.0,66933.4175,1338.6684,600.035,97.0773,40,24,16,16,40182.0,91001.0,34192004,228,,50.0,0.1,2.0
vDfact,1,ttd300,40,1,1.0,378.0,378.0,ttd300_n40_L1_f100,1,ok,-40531.8616,32598.0,73129.8616,1462.5972,606.0379,606.0379,37,27,10,10,37164.0,91001.0,36539174,244,,50.0,0.1,1.0
vDfact,3,ttd300,40,1,1.0,378.0,378.0,ttd300_n40_L1_f100,1,ok,-27742.3284,33756.0,61498.3284,1229.9666,600.0337,9.9805,39,22,17,17,39176.0,91001.0,32851489,219,,50.0,0.1,3.0
vDfact,4,ttd300,40,1,1.0,378.0,378.0,ttd300_n40_L1_f100,1,ok,-25135.6926,34418.0,59553.6926,1191.0739,600.034,593.2093,40,23,17,17,40182.0,91001.0,32838184,219,,50.0,0.1,4.0
vmin,0.05,ttd300,40,1,1.0,378.0,378.0,ttd300_n40_L1_f100,1,ok,-33627.2446,33260.0,66887.2446,1337.7449,600.0357,348.7392,38,24,14,14,38170.0,91001.0,34869426,233,,50.0,0.05,2.0
vmin,0.1,ttd300,40,1,1.0,378.0,378.0,ttd300_n40_L1_f100,1,ok,-32515.4175,34418.0,66933.4175,1338.6684,600.0338,98.7188,40,24,16,16,40182.0,91001.0,33987610,227,,50.0,0.1,2.0
vmin,0.25,ttd300,40,1,1.0,378.0,378.0,ttd300_n40_L1_f100,1,ok,-31813.7631,34418.0,66231.7631,1324.6353,600.0596,600.0596,40,25,15,15,40182.0,91001.0,34297137,229,,50.0,0.25,2.0
vmin,0.9,ttd300,40,1,1.0,378.0,378.0,ttd300_n40_L1_f100,1,ok,-22697.0636,34418.0,57115.0636,1142.3013,600.0366,305.1178,40,25,15,15,40182.0,91001.0,34350624,229,,50.0,0.9,2.0
vmin,0.5,ttd300,40,1,1.0,378.0,378.0,ttd300_n40_L1_f100,1,ok,-26888.8179,34418.0,61306.8179,1226.1364,600.8211,600.821,40,29,11,11,40182.0,91001.0,34555038,231,,50.0,0.5,2.0
R,1,ttd300,50,1,0.25,94.0,374.0,ttd300_n50_L1_f025,1,ok,38890.6681,40611.0,1720.3319,1720.3319,750.0532,726.1125,50,34,16,16,50238.0,113752.0,40399772,216,,1.0,0.1,2.0
R,100,ttd300,50,1,0.25,94.0,374.0,ttd300_n50_L1_f025,1,ok,-125176.5823,28403.0,153579.5823,1535.7958,750.0853,750.0853,34,22,12,16,34151.0,113752.0,40373267,216,,100.0,0.1,2.0
R,12.5,ttd300,50,1,0.25,94.0,374.0,ttd300_n50_L1_f025,1,ok,19157.7319,40611.0,21453.2681,1716.2614,750.0551,33.5656,50,32,18,18,50238.0,113752.0,39687204,213,,12.5,0.1,2.0
R,200,ttd300,50,1,0.25,94.0,374.0,ttd300_n50_L1_f025,1,ok,-271462.1628,16755.0,288217.1628,1441.0858,750.0541,680.5754,21,14,7,16,21088.0,113752.0,41449152,222,,200.0,0.1,2.0
R,25,ttd300,50,1,0.25,94.0,374.0,ttd300_n50_L1_f025,1,ok,-2925.5946,40611.0,43536.5946,1741.4638,750.0551,205.9165,50,33,17,17,50238.0,113752.0,39622479,212,,25.0,0.1,2.0
R,50,ttd300,50,1,0.25,94.0,374.0,ttd300_n50_L1_f025,1,ok,-44977.8078,39357.0,84334.8078,1686.6962,750.1028,750.1028,48,30,18,19,48222.0,113752.0,39216879,210,,50.0,0.1,2.0
Wcap,0.25,ttd300,50,1,0.25,94.0,374.0,ttd300_n50_L1_f025,1,ok,-62183.1015,12118.0,74301.1015,1486.022,750.1102,750.1101,14,9,5,17,14071.0,28438.0,42017128,225,,50.0,0.1,2.0
Wcap,0.5,ttd300,50,1,0.25,94.0,374.0,ttd300_n50_L1_f025,1,ok,-57367.6644,22939.0,80306.6644,1606.1333,750.0865,750.0864,28,18,10,16,28120.0,56876.0,40770872,218,,50.0,0.1,2.0
Wcap,1,ttd300,50,1,0.25,94.0,374.0,ttd300_n50_L1_f025,1,ok,-45766.8095,39357.0,85123.8095,1702.4762,750.0537,107.7066,48,30,18,18,48222.0,113752.0,39179814,210,,50.0,0.1,2.0
Wcap,2,ttd300,50,1,0.25,94.0,374.0,ttd300_n50_L1_f025,1,ok,-36815.6438,40611.0,77426.6438,1548.5329,750.0546,629.5937,50,34,16,16,50238.0,227504.0,39766973,213,,50.0,0.1,2.0
Wcap,4,ttd300,50,1,0.25,94.0,374.0,ttd300_n50_L1_f025,1,ok,-33333.9827,40611.0,73944.9827,1478.8997,750.0917,750.0916,50,35,15,15,50238.0,455008.0,39284164,210,,50.0,0.1,2.0
baseline,-,ttd300,50,1,0.25,94.0,374.0,ttd300_n50_L1_f025,1,ok,-45766.8095,39357.0,85123.8095,1702.4762,750.051,106.6264,48,30,18,18,48222.0,113752.0,39663504,213,,50.0,0.1,2.0
vDfact,1,ttd300,50,1,0.25,94.0,374.0,ttd300_n50_L1_f025,1,ok,-50965.3576,40082.0,91047.3576,1820.9472,750.0893,750.0892,49,36,13,13,49231.0,113752.0,41086580,220,,50.0,0.1,1.0
vDfact,0.5,ttd300,50,1,0.25,94.0,374.0,ttd300_n50_L1_f025,1,ok,-56178.2865,38062.0,94240.2865,1884.8057,750.6151,750.6151,46,40,6,6,46213.0,113752.0,45519956,245,,50.0,0.1,0.5
vDfact,2,ttd300,50,1,0.25,94.0,374.0,ttd300_n50_L1_f025,1,ok,-45766.8095,39357.0,85123.8095,1702.4762,750.0517,105.8991,48,30,18,18,48222.0,113752.0,39555608,212,,50.0,0.1,2.0
vDfact,3,ttd300,50,1,0.25,94.0,374.0,ttd300_n50_L1_f025,1,ok,-42851.4094,40082.0,82933.4094,1658.6682,750.049,319.6067,49,30,19,19,49231.0,113752.0,39571817,212,,50.0,0.1,3.0
vmin,0.05,ttd300,50,1,0.25,94.0,374.0,ttd300_n50_L1_f025,1,ok,-46223.3904,38585.0,84808.3904,1696.1678,750.0534,524.4778,47,30,17,18,47214.0,113752.0,39647997,212,,50.0,0.05,2.0
vDfact,4,ttd300,50,1,0.25,94.0,374.0,ttd300_n50_L1_f025,1,ok,-43657.0507,39310.0,82967.0507,1659.341,750.1009,750.1008,48,29,19,19,48223.0,113752.0,39535776,212,,50.0,0.1,4.0
vmin,0.1,ttd300,50,1,0.25,94.0,374.0,ttd300_n50_L1_f025,1,ok,-45766.8095,39357.0,85123.8095,1702.4762,750.0511,106.4466,48,30,18,18,48222.0,113752.0,39637074,212,,50.0,0.1,2.0
vmin,0.25,ttd300,50,1,0.25,94.0,374.0,ttd300_n50_L1_f025,1,ok,-42799.1006,40611.0,83410.1006,1668.202,750.0887,750.0887,50,34,16,16,50238.0,113752.0,40212942,215,,50.0,0.25,2.0
vmin,0.5,ttd300,50,1,0.25,94.0,374.0,ttd300_n50_L1_f025,1,ok,-37647.543,40611.0,78258.543,1565.1709,750.0539,306.1208,50,33,17,17,50238.0,113752.0,39283014,210,,50.0,0.5,2.0
vmin,0.9,ttd300,50,1,0.25,94.0,374.0,ttd300_n50_L1_f025,1,ok,-31236.9614,40611.0,71847.9614,1436.9592,750.1453,750.1453,50,35,15,15,50238.0,113752.0,39723644,213,,50.0,0.9,2.0
R,1,ttd300,50,1,0.5,187.0,374.0,ttd300_n50_L1_f050,1,ok,39240.4575,40611.0,1370.5425,1370.5425,750.0551,302.7535,50,30,20,20,50238.0,113752.0,37109355,199,,1.0,0.1,2.0
R,100,ttd300,50,1,0.5,187.0,374.0,ttd300_n50_L1_f050,1,ok,-91888.5565,37831.0,129719.5565,1297.1956,750.1698,750.1698,46,28,18,18,46211.0,113752.0,37610848,201,,100.0,0.1,2.0
R,12.5,ttd300,50,1,0.5,187.0,374.0,ttd300_n50_L1_f050,1,ok,22885.4578,40611.0,17725.5422,1418.0434,750.1694,750.1693,50,31,19,19,50238.0,113752.0,36929563,197,,12.5,0.1,2.0
R,25,ttd300,50,1,0.5,187.0,374.0,ttd300_n50_L1_f050,1,ok,5911.2702,40611.0,34699.7298,1387.9892,750.0539,642.4511,50,30,20,20,50238.0,113752.0,36609085,196,,25.0,0.1,2.0
R,200,ttd300,50,1,0.5,187.0,374.0,ttd300_n50_L1_f050,1,ok,-223022.0874,24830.0,247852.0874,1239.2604,750.0866,750.0866,31,18,13,18,31142.0,113752.0,37486368,201,,200.0,0.1,2.0
R,50,ttd300,50,1,0.5,187.0,374.0,ttd300_n50_L1_f050,1,ok,-27172.9973,40611.0,67783.9973,1355.6799,750.1102,750.1101,50,29,21,21,50238.0,113752.0,37085883,198,,50.0,0.1,2.0
Wcap,0.25,ttd300,50,1,0.5,187.0,374.0,ttd300_n50_L1_f050,1,ok,-48590.093,14994.0,63584.093,1271.6819,750.0929,750.0929,19,11,8,18,19086.0,28438.0,38087207,204,,50.0,0.1,2.0
Wcap,0.5,ttd300,50,1,0.5,187.0,374.0,ttd300_n50_L1_f050,1,ok,-41068.7557,29832.0,70900.7557,1418.0151,750.0549,116.5891,35,21,14,19,35158.0,56876.0,37012597,198,,50.0,0.1,2.0
Wcap,1,ttd300,50,1,0.5,187.0,374.0,ttd300_n50_L1_f050,1,ok,-27221.1579,40611.0,67832.1579,1356.6432,750.0551,429.9563,50,30,20,20,50238.0,113752.0,36516616,195,,50.0,0.1,2.0
Wcap,2,ttd300,50,1,0.5,187.0,374.0,ttd300_n50_L1_f050,1,ok,-23427.8551,40611.0,64038.8551,1280.7771,750.0843,750.0843,50,31,19,19,50238.0,227504.0,37031228,198,,50.0,0.1,2.0
Wcap,4,ttd300,50,1,0.5,187.0,374.0,ttd300_n50_L1_f050,1,ok,-19242.9403,40611.0,59853.9403,1197.0788,750.1229,750.1228,50,33,17,17,50238.0,455008.0,36857579,197,,50.0,0.1,2.0
baseline,-,ttd300,50,1,0.5,187.0,374.0,ttd300_n50_L1_f050,1,ok,-27221.1579,40611.0,67832.1579,1356.6432,750.0536,424.8211,50,30,20,20,50238.0,113752.0,37019207,198,,50.0,0.1,2.0
vDfact,0.5,ttd300,50,1,0.5,187.0,374.0,ttd300_n50_L1_f050,1,ok,-54750.8262,37272.0,92022.8262,1840.4565,750.758,750.7579,45,41,4,5,45212.0,113752.0,42995886,231,,50.0,0.1,0.5
vDfact,1,ttd300,50,1,0.5,187.0,374.0,ttd300_n50_L1_f050,1,ok,-40610.3944,39357.0,79967.3944,1599.3479,750.3223,750.3222,48,38,10,10,48222.0,113752.0,39949729,214,,50.0,0.1,1.0
vDfact,2,ttd300,50,1,0.5,187.0,374.0,ttd300_n50_L1_f050,1,ok,-27172.9973,40611.0,67783.9973,1355.6799,750.111,750.111,50,29,21,21,50238.0,113752.0,36918152,197,,50.0,0.1,2.0
vDfact,3,ttd300,50,1,0.5,187.0,374.0,ttd300_n50_L1_f050,1,ok,-27115.3091,40082.0,67197.3091,1343.9462,750.0543,699.8098,49,29,20,20,49231.0,113752.0,35438025,189,,50.0,0.1,3.0
vDfact,4,ttd300,50,1,0.5,187.0,374.0,ttd300_n50_L1_f050,1,ok,-21156.5251,40611.0,61767.5251,1235.3505,750.0513,70.4108,50,27,23,23,50238.0,113752.0,34901830,186,,50.0,0.1,4.0
vmin,0.05,ttd300,50,1,0.5,187.0,374.0,ttd300_n50_L1_f050,1,ok,-29299.0052,40082.0,69381.0052,1387.6201,750.059,625.3257,49,32,17,17,49231.0,113752.0,36686474,196,,50.0,0.05,2.0
vmin,0.1,ttd300,50,1,0.5,187.0,374.0,ttd300_n50_L1_f050,1,ok,-27221.1579,40611.0,67832.1579,1356.6432,750.0546,426.7853,50,30,20,20,50238.0,113752.0,36740151,196,,50.0,0.1,2.0
vmin,0.25,ttd300,50,1,0.5,187.0,374.0,ttd300_n50_L1_f050,1,ok,-27692.2904,40611.0,68303.2904,1366.0658,750.0564,579.1701,50,30,20,20,50238.0,113752.0,37379822,200,,50.0,0.25,2.0
vmin,0.5,ttd300,50,1,0.5,187.0,374.0,ttd300_n50_L1_f050,1,ok,-21876.7678,40611.0,62487.7678,1249.7554,750.0911,750.091,50,32,18,18,50238.0,113752.0,35991675,193,,50.0,0.5,2.0
vmin,0.9,ttd300,50,1,0.5,187.0,374.0,ttd300_n50_L1_f050,1,ok,-19944.5215,40611.0,60555.5215,1211.1104,750.0608,346.4014,50,35,15,15,50238.0,113752.0,37247092,199,,50.0,0.9,2.0
R,1,ttd300,50,1,0.75,280.0,374.0,ttd300_n50_L1_f075,1,ok,39265.5448,40611.0,1345.4552,1345.4552,750.0944,750.0943,50,32,18,18,50238.0,113752.0,37509999,201,,1.0,0.1,2.0
R,100,ttd300,50,1,0.75,280.0,374.0,ttd300_n50_L1_f075,1,ok,-98134.9188,37831.0,135965.9188,1359.6592,750.0939,750.0939,46,29,17,17,46211.0,113752.0,37347918,200,,100.0,0.1,2.0
R,12.5,ttd300,50,1,0.75,280.0,374.0,ttd300_n50_L1_f075,1,ok,23401.3074,40611.0,17209.6926,1376.7754,750.0626,566.4363,50,34,16,16,50238.0,113752.0,36416415,195,,12.5,0.1,2.0
R,200,ttd300,50,1,0.75,280.0,374.0,ttd300_n50_L1_f075,1,ok,-221886.7552,19846.0,241732.7552,1208.6638,750.0589,664.5177,25,17,8,16,25121.0,113752.0,37965652,203,,200.0,0.1,2.0
R,25,ttd300,50,1,0.75,280.0,374.0,ttd300_n50_L1_f075,1,ok,5604.9639,40611.0,35006.0361,1400.2414,750.1037,750.1036,50,35,15,15,50238.0,113752.0,36849793,197,,25.0,0.1,2.0
R,50,ttd300,50,1,0.75,280.0,374.0,ttd300_n50_L1_f075,1,ok,-27165.9067,40611.0,67776.9067,1355.5381,750.0921,750.0921,50,32,18,18,50238.0,113752.0,36429300,195,,50.0,0.1,2.0
Wcap,0.25,ttd300,50,1,0.75,280.0,374.0,ttd300_n50_L1_f075,1,ok,-49889.1782,16093.0,65982.1782,1319.6436,750.0978,750.0978,19,11,8,16,19090.0,28438.0,37492205,200,,50.0,0.1,2.0
Wcap,0.5,ttd300,50,1,0.75,280.0,374.0,ttd300_n50_L1_f075,1,ok,-39286.8149,30067.0,69353.8149,1387.0763,750.0859,750.0859,35,22,13,17,35173.0,56876.0,36642549,196,,50.0,0.1,2.0
Wcap,1,ttd300,50,1,0.75,280.0,374.0,ttd300_n50_L1_f075,1,ok,-27165.9067,40611.0,67776.9067,1355.5381,750.0944,750.0943,50,32,18,18,50238.0,113752.0,36512079,195,,50.0,0.1,2.0
Wcap,2,ttd300,50,1,0.75,280.0,374.0,ttd300_n50_L1_f075,1,ok,-23345.0259,40611.0,63956.0259,1279.1205,750.0975,750.0974,50,34,16,16,50238.0,227504.0,37871422,202,,50.0,0.1,2.0
Wcap,4,ttd300,50,1,0.75,280.0,374.0,ttd300_n50_L1_f075,1,ok,-21679.5373,40611.0,62290.5373,1245.8107,750.0995,750.0994,50,33,17,17,50238.0,455008.0,37238538,199,,50.0,0.1,2.0
baseline,-,ttd300,50,1,0.75,280.0,374.0,ttd300_n50_L1_f075,1,ok,-27165.9067,40611.0,67776.9067,1355.5381,750.0932,750.0932,50,32,18,18,50238.0,113752.0,36456859,195,,50.0,0.1,2.0
vDfact,0.5,ttd300,50,1,0.75,280.0,374.0,ttd300_n50_L1_f075,1,ok,-53983.3857,36961.0,90944.3857,1818.8877,751.2337,751.2336,44,39,5,5,44220.0,113752.0,43678739,234,,50.0,0.1,0.5
vDfact,1,ttd300,50,1,0.75,280.0,374.0,ttd300_n50_L1_f075,1,ok,-41498.8188,39559.0,81057.8188,1621.1564,752.8305,752.8305,48,36,12,12,48230.0,113752.0,38894412,208,,50.0,0.1,1.0
vDfact,2,ttd300,50,1,0.75,280.0,374.0,ttd300_n50_L1_f075,1,ok,-27165.9067,40611.0,67776.9067,1355.5381,750.0956,750.0956,50,32,18,18,50238.0,113752.0,35545043,190,,50.0,0.1,2.0
vDfact,3,ttd300,50,1,0.75,280.0,374.0,ttd300_n50_L1_f075,1,ok,-24488.0731,40611.0,65099.0731,1301.9815,750.0519,400.6728,50,27,23,23,50238.0,113752.0,35623376,191,,50.0,0.1,3.0
vDfact,4,ttd300,50,1,0.75,280.0,374.0,ttd300_n50_L1_f075,1,ok,-19242.6325,40611.0,59853.6325,1197.0726,750.0507,505.2195,50,27,23,23,50238.0,113752.0,35240937,188,,50.0,0.1,4.0
vmin,0.05,ttd300,50,1,0.75,280.0,374.0,ttd300_n50_L1_f075,1,ok,-29972.5168,40082.0,70054.5168,1401.0903,750.0598,319.3551,49,32,17,17,49231.0,113752.0,37031384,198,,50.0,0.05,2.0
vmin,0.1,ttd300,50,1,0.75,280.0,374.0,ttd300_n50_L1_f075,1,ok,-27165.9067,40611.0,67776.9067,1355.5381,750.0934,750.0933,50,32,18,18,50238.0,113752.0,36297455,194,,50.0,0.1,2.0
vmin,0.25,ttd300,50,1,0.75,280.0,374.0,ttd300_n50_L1_f075,1,ok,-27138.0572,40611.0,67749.0572,1354.9811,750.062,731.197,50,33,17,17,50238.0,113752.0,37086164,198,,50.0,0.25,2.0
vmin,0.5,ttd300,50,1,0.75,280.0,374.0,ttd300_n50_L1_f075,1,ok,-24538.8348,40611.0,65149.8348,1302.9967,750.0895,750.0894,50,33,17,17,50238.0,113752.0,37506225,201,,50.0,0.5,2.0
vmin,0.9,ttd300,50,1,0.75,280.0,374.0,ttd300_n50_L1_f075,1,ok,-20007.851,40611.0,60618.851,1212.377,750.0598,52.7462,50,32,18,18,50238.0,113752.0,37717224,202,,50.0,0.9,2.0
R,1,ttd300,50,1,1.0,374.0,374.0,ttd300_n50_L1_f100,1,ok,39201.4239,40611.0,1409.5761,1409.5761,750.0577,91.3721,50,31,19,19,50238.0,113752.0,37263105,199,,1.0,0.1,2.0
R,100,ttd300,50,1,1.0,374.0,374.0,ttd300_n50_L1_f100,1,ok,-99058.2871,37769.0,136827.2871,1368.2729,750.0624,162.0926,46,30,16,17,46205.0,113752.0,37124442,199,,100.0,0.1,2.0
R,12.5,ttd300,50,1,1.0,374.0,374.0,ttd300_n50_L1_f100,1,ok,22838.6866,40611.0,17772.3134,1421.7851,750.0652,280.293,50,35,15,15,50238.0,113752.0,36475058,195,,12.5,0.1,2.0
R,200,ttd300,50,1,1.0,374.0,374.0,ttd300_n50_L1_f100,1,ok,-223821.5374,20137.0,243958.5374,1219.7927,750.0615,511.1381,25,15,10,15,25099.0,113752.0,37872322,202,,200.0,0.1,2.0
R,25,ttd300,50,1,1.0,374.0,374.0,ttd300_n50_L1_f100,1,ok,5342.1678,40611.0,35268.8322,1410.7533,750.0632,278.8465,50,33,17,17,50238.0,113752.0,36496564,195,,25.0,0.1,2.0
R,50,ttd300,50,1,1.0,374.0,374.0,ttd300_n50_L1_f100,1,ok,-27858.3954,40082.0,67940.3954,1358.8079,750.1304,750.1303,49,31,18,18,49231.0,113752.0,36653315,196,,50.0,0.1,2.0
Wcap,0.25,ttd300,50,1,1.0,374.0,374.0,ttd300_n50_L1_f100,1,ok,-48202.3005,17643.0,65845.3005,1316.906,750.0563,612.1016,21,12,9,17,21094.0,28438.0,37933512,203,,50.0,0.1,2.0
Wcap,0.5,ttd300,50,1,1.0,374.0,374.0,ttd300_n50_L1_f100,1,ok,-41890.709,29682.0,71572.709,1431.4542,750.0615,724.0382,35,21,14,18,35167.0,56876.0,37255468,199,,50.0,0.1,2.0
Wcap,1,ttd300,50,1,1.0,374.0,374.0,ttd300_n50_L1_f100,1,ok,-27858.3954,40082.0,67940.3954,1358.8079,750.1302,750.1301,49,31,18,18,49231.0,113752.0,37041803,198,,50.0,0.1,2.0
Wcap,2,ttd300,50,1,1.0,374.0,374.0,ttd300_n50_L1_f100,1,ok,-23747.1298,40611.0,64358.1298,1287.1626,750.0631,290.9053,50,34,16,16,50238.0,227504.0,37423477,200,,50.0,0.1,2.0
Wcap,4,ttd300,50,1,1.0,374.0,374.0,ttd300_n50_L1_f100,1,ok,-21245.8069,40611.0,61856.8069,1237.1361,750.0638,207.368,50,34,16,16,50238.0,455008.0,36986131,198,,50.0,0.1,2.0
baseline,-,ttd300,50,1,1.0,374.0,374.0,ttd300_n50_L1_f100,1,ok,-27858.3954,40082.0,67940.3954,1358.8079,750.1289,750.1288,49,31,18,18,49231.0,113752.0,36685981,196,,50.0,0.1,2.0
vDfact,2,ttd300,50,1,1.0,374.0,374.0,ttd300_n50_L1_f100,1,ok,-27858.3954,40082.0,67940.3954,1358.8079,750.1269,750.1268,49,31,18,18,49231.0,113752.0,36633031,196,,50.0,0.1,2.0
vDfact,1,ttd300,50,1,1.0,374.0,374.0,ttd300_n50_L1_f100,1,ok,-41914.5692,40082.0,81996.5692,1639.9314,751.8536,751.8535,49,39,10,10,49231.0,113752.0,40031034,214,,50.0,0.1,1.0
vDfact,0.5,ttd300,50,1,1.0,374.0,374.0,ttd300_n50_L1_f100,1,ok,-53072.5401,38080.0,91152.5401,1823.0508,756.1357,756.1356,46,40,6,6,46218.0,113752.0,44031022,236,,50.0,0.1,0.5
vDfact,3,ttd300,50,1,1.0,374.0,374.0,ttd300_n50_L1_f100,1,ok,-21902.182,40611.0,62513.182,1250.2636,750.0582,680.3889,50,31,19,19,50238.0,113752.0,35544737,190,,50.0,0.1,3.0
vDfact,4,ttd300,50,1,1.0,374.0,374.0,ttd300_n50_L1_f100,1,ok,-19528.6633,40611.0,60139.6633,1202.7933,750.0579,63.1287,50,28,22,22,50238.0,113752.0,34978669,187,,50.0,0.1,4.0
vmin,0.05,ttd300,50,1,1.0,374.0,374.0,ttd300_n50_L1_f100,1,ok,-29837.8973,40611.0,70448.8973,1408.9779,750.1276,750.1276,50,33,17,17,50238.0,113752.0,37337466,200,,50.0,0.05,2.0
vmin,0.1,ttd300,50,1,1.0,374.0,374.0,ttd300_n50_L1_f100,1,ok,-27858.3954,40082.0,67940.3954,1358.8079,750.1294,750.1293,49,31,18,18,49231.0,113752.0,36959417,198,,50.0,0.1,2.0
vmin,0.25,ttd300,50,1,1.0,374.0,374.0,ttd300_n50_L1_f100,1,ok,-27746.7347,40611.0,68357.7347,1367.1547,750.062,274.8031,50,32,18,18,50238.0,113752.0,36801697,197,,50.0,0.25,2.0
vmin,0.5,ttd300,50,1,1.0,374.0,374.0,ttd300_n50_L1_f100,1,ok,-25575.7259,40611.0,66186.7259,1323.7345,750.064,15.6627,50,33,17,17,50238.0,113752.0,36178242,193,,50.0,0.5,2.0
vmin,0.9,ttd300,50,1,1.0,374.0,374.0,ttd300_n50_L1_f100,1,ok,-20704.7932,40611.0,61315.7932,1226.3159,750.0656,171.8435,50,35,15,15,50238.0,113752.0,37152928,199,,50.0,0.9,2.0
R,100,ttd300,75,1,0.25,94.0,374.0,ttd300_n75_L1_f025,1,ok,-137432.0747,47951.0,185383.0747,1853.8307,975.279,975.2789,58,39,19,24,58241.0,170628.0,38304243,137,,100.0,0.1,2.0
R,1,ttd300,75,1,0.25,94.0,374.0,ttd300_n75_L1_f025,1,ok,56856.8045,58888.0,2031.1955,2031.1955,975.4632,975.4631,75,52,23,23,75317.0,170628.0,38330077,137,,1.0,0.1,2.0
R,12.5,ttd300,75,1,0.25,94.0,374.0,ttd300_n75_L1_f025,1,ok,33632.2839,58888.0,25255.7161,2020.4573,975.4187,975.4187,75,45,30,30,75317.0,170628.0,37634526,134,,12.5,0.1,2.0
R,200,ttd300,75,1,0.25,94.0,374.0,ttd300_n75_L1_f025,1,ok,-308709.4716,33536.0,342245.4716,1711.2274,975.582,975.582,42,24,18,27,42155.0,170628.0,38889889,139,,200.0,0.1,2.0
R,50,ttd300,75,1,0.25,94.0,374.0,ttd300_n75_L1_f025,1,ok,-43423.9709,57688.0,101111.9709,2022.2394,975.1966,975.1966,72,43,29,29,72302.0,170628.0,37802552,135,,50.0,0.1,2.0
R,25,ttd300,75,1,0.25,94.0,374.0,ttd300_n75_L1_f025,1,ok,8267.9623,58888.0,50620.0377,2024.8015,975.4639,975.4638,75,48,27,27,75317.0,170628.0,37546231,134,,25.0,0.1,2.0
Wcap,0.25,ttd300,75,1,0.25,94.0,374.0,ttd300_n75_L1_f025,1,ok,-74383.7467,17245.0,91628.7467,1832.5749,975.3716,975.3716,22,12,10,26,22087.0,42657.0,40227749,144,,50.0,0.1,2.0
Wcap,0.5,ttd300,75,1,0.25,94.0,374.0,ttd300_n75_L1_f025,1,ok,-58972.2846,40303.0,99275.2846,1985.5057,975.4305,975.4305,48,26,22,28,48213.0,85314.0,38383239,137,,50.0,0.1,2.0
Wcap,1,ttd300,75,1,0.25,94.0,374.0,ttd300_n75_L1_f025,1,ok,-42879.8254,57688.0,100567.8254,2011.3565,975.3275,975.3275,72,42,30,30,72302.0,170628.0,37850749,135,,50.0,0.1,2.0
Wcap,2,ttd300,75,1,0.25,94.0,374.0,ttd300_n75_L1_f025,1,ok,-32480.7207,58888.0,91368.7207,1827.3744,975.3835,975.3834,75,52,23,23,75317.0,341256.0,37872685,135,,50.0,0.1,2.0
Wcap,4,ttd300,75,1,0.25,94.0,374.0,ttd300_n75_L1_f025,1,ok,-28785.5609,58888.0,87673.5609,1753.4712,975.3776,975.3776,75,45,30,30,75317.0,682512.0,37561118,134,,50.0,0.1,2.0
baseline,-,ttd300,75,1,0.25,94.0,374.0,ttd300_n75_L1_f025,1,ok,-43423.9709,57688.0,101111.9709,2022.2394,975.2051,975.2051,72,43,29,29,72302.0,170628.0,37903541,136,,50.0,0.1,2.0
vDfact,1,ttd300,75,1,0.25,94.0,374.0,ttd300_n75_L1_f025,1,ok,-50647.9773,57102.0,107749.9773,2154.9995,975.4794,975.4794,71,51,20,20,71295.0,170628.0,39941748,143,,50.0,0.1,1.0
vDfact,0.5,ttd300,75,1,0.25,94.0,374.0,ttd300_n75_L1_f025,1,ok,-58582.7618,55686.0,114268.7618,2285.3752,977.9395,977.9394,68,58,10,10,68277.0,170628.0,41923533,151,,50.0,0.1,0.5
vDfact,2,ttd300,75,1,0.25,94.0,374.0,ttd300_n75_L1_f025,1,ok,-43423.9709,57688.0,101111.9709,2022.2394,975.2014,975.2013,72,43,29,29,72302.0,170628.0,38440241,138,,50.0,0.1,2.0
vDfact,3,ttd300,75,1,0.25,94.0,374.0,ttd300_n75_L1_f025,1,ok,-41491.1073,56703.0,98194.1073,1963.8821,975.213,975.2129,70,42,28,30,70292.0,170628.0,36766686,131,,50.0,0.1,3.0
vDfact,4,ttd300,75,1,0.25,94.0,374.0,ttd300_n75_L1_f025,1,ok,-42454.2207,56112.0,98566.2207,1971.3244,975.2007,975.2007,69,41,28,29,69284.0,170628.0,37540239,134,,50.0,0.1,4.0
vmin,0.05,ttd300,75,1,0.25,94.0,374.0,ttd300_n75_L1_f025,1,ok,-45123.2062,56066.0,101189.2062,2023.7841,975.311,975.3109,69,45,24,26,69285.0,170628.0,37414047,134,,50.0,0.05,2.0
vmin,0.1,ttd300,75,1,0.25,94.0,374.0,ttd300_n75_L1_f025,1,ok,-43423.9709,57688.0,101111.9709,2022.2394,975.1946,975.1945,72,43,29,29,72302.0,170628.0,38313183,137,,50.0,0.1,2.0
vmin,0.25,ttd300,75,1,0.25,94.0,374.0,ttd300_n75_L1_f025,1,ok,-39959.4593,58114.0,98073.4593,1961.4692,975.4324,975.4324,73,48,25,25,73309.0,170628.0,37880060,135,,50.0,0.25,2.0
vmin,0.5,ttd300,75,1,0.25,94.0,374.0,ttd300_n75_L1_f025,1,ok,-35172.9905,58888.0,94060.9905,1881.2198,975.2129,975.2127,75,49,26,26,75317.0,170628.0,37808638,135,,50.0,0.5,2.0
vmin,0.9,ttd300,75,1,0.25,94.0,374.0,ttd300_n75_L1_f025,1,ok,-25225.9415,58888.0,84113.9415,1682.2788,975.2225,975.2225,75,51,24,24,75317.0,170628.0,36928062,132,,50.0,0.9,2.0
R,1,ttd300,75,1,0.5,187.0,374.0,ttd300_n75_L1_f050,1,ok,57062.3951,58888.0,1825.6049,1825.6049,975.396,975.3959,75,51,24,24,75317.0,170628.0,35585913,127,,1.0,0.1,2.0
R,100,ttd300,75,1,0.5,187.0,374.0,ttd300_n75_L1_f050,1,ok,-127456.1243,52016.0,179472.1243,1794.7212,975.2313,975.2312,63,39,24,28,63258.0,170628.0,36781453,132,,100.0,0.1,2.0
R,12.5,ttd300,75,1,0.5,187.0,374.0,ttd300_n75_L1_f050,1,ok,35476.6801,58888.0,23411.3199,1872.9056,975.1385,406.7046,75,46,29,29,75317.0,170628.0,35777633,128,,12.5,0.1,2.0
R,200,ttd300,75,1,0.5,187.0,374.0,ttd300_n75_L1_f050,1,ok,-301317.5327,23801.0,325118.5327,1625.5927,975.2317,975.2316,30,22,8,21,30124.0,170628.0,37107447,133,,200.0,0.1,2.0
R,25,ttd300,75,1,0.5,187.0,374.0,ttd300_n75_L1_f050,1,ok,13078.9326,58888.0,45809.0674,1832.3627,975.3986,975.3985,75,49,26,26,75317.0,170628.0,35076062,125,,25.0,0.1,2.0
R,50,ttd300,75,1,0.5,187.0,374.0,ttd300_n75_L1_f050,1,ok,-33963.2147,58031.0,91994.2147,1839.8843,975.3613,975.3612,73,47,26,26,73308.0,170628.0,36314289,130,,50.0,0.1,2.0
Wcap,0.25,ttd300,75,1,0.5,187.0,374.0,ttd300_n75_L1_f050,1,ok,-64704.6005,20213.0,84917.6005,1698.352,975.1379,503.0321,25,14,11,26,25110.0,42657.0,37560442,134,,50.0,0.1,2.0
Wcap,0.5,ttd300,75,1,0.5,187.0,374.0,ttd300_n75_L1_f050,1,ok,-51838.2546,40937.0,92775.2546,1855.5051,975.4344,975.4344,50,31,19,26,50201.0,85314.0,36772913,131,,50.0,0.1,2.0
Wcap,1,ttd300,75,1,0.5,187.0,374.0,ttd300_n75_L1_f050,1,ok,-33963.2147,58031.0,91994.2147,1839.8843,975.3706,975.3705,73,47,26,26,73308.0,170628.0,35646400,127,,50.0,0.1,2.0
Wcap,2,ttd300,75,1,0.5,187.0,374.0,ttd300_n75_L1_f050,1,ok,-24702.0554,58888.0,83590.0554,1671.8011,975.1466,583.6721,75,54,21,21,75317.0,341256.0,36186847,129,,50.0,0.1,2.0
Wcap,4,ttd300,75,1,0.5,187.0,374.0,ttd300_n75_L1_f050,1,ok,-21624.1297,58888.0,80512.1297,1610.2426,975.2433,975.2432,75,51,24,24,75317.0,682512.0,35570885,127,,50.0,0.1,2.0
baseline,-,ttd300,75,1,0.5,187.0,374.0,ttd300_n75_L1_f050,1,ok,-33963.2147,58031.0,91994.2147,1839.8843,975.383,975.383,73,47,26,26,73308.0,170628.0,35939780,128,,50.0,0.1,2.0
vDfact,0.5,ttd300,75,1,0.5,187.0,374.0,ttd300_n75_L1_f050,1,ok,-56289.1099,56245.0,112534.1099,2250.6822,1024.4566,1024.4566,69,60,9,9,69286.0,170628.0,40055720,143,,50.0,0.1,0.5
vDfact,1,ttd300,75,1,0.5,187.0,374.0,ttd300_n75_L1_f050,1,ok,-46723.2057,57180.0,103903.2057,2078.0641,975.5226,975.5226,72,58,14,15,72316.0,170628.0,38222780,137,,50.0,0.1,1.0
vDfact,2,ttd300,75,1,0.5,187.0,374.0,ttd300_n75_L1_f050,1,ok,-34459.5457,58031.0,92490.5457,1849.8109,975.4565,975.4564,73,46,27,27,73308.0,170628.0,36238034,129,,50.0,0.1,2.0
vDfact,3,ttd300,75,1,0.5,187.0,374.0,ttd300_n75_L1_f050,1,ok,-26987.5751,58114.0,85101.5751,1702.0315,975.3795,975.3794,73,45,28,28,73309.0,170628.0,35259814,126,,50.0,0.1,3.0
vDfact,4,ttd300,75,1,0.5,187.0,374.0,ttd300_n75_L1_f050,1,ok,-22187.8344,58888.0,81075.8344,1621.5167,975.4085,975.4084,75,43,32,32,75317.0,170628.0,34975724,125,,50.0,0.1,4.0
vmin,0.05,ttd300,75,1,0.5,187.0,374.0,ttd300_n75_L1_f050,1,ok,-35728.3657,57953.0,93681.3657,1873.6273,975.3046,975.3046,73,49,24,25,73310.0,170628.0,36332889,130,,50.0,0.05,2.0
vmin,0.1,ttd300,75,1,0.5,187.0,374.0,ttd300_n75_L1_f050,1,ok,-33963.2147,58031.0,91994.2147,1839.8843,975.3674,975.3674,73,47,26,26,73308.0,170628.0,36368502,130,,50.0,0.1,2.0
vmin,0.25,ttd300,75,1,0.5,187.0,374.0,ttd300_n75_L1_f050,1,ok,-31188.2494,58888.0,90076.2494,1801.525,975.2235,975.2235,75,48,27,27,75317.0,170628.0,35412762,126,,50.0,0.25,2.0
vmin,0.5,ttd300,75,1,0.5,187.0,374.0,ttd300_n75_L1_f050,1,ok,-25929.8271,58888.0,84817.8271,1696.3565,975.2541,975.254,75,52,23,23,75317.0,170628.0,35817490,128,,50.0,0.5,2.0
vmin,0.9,ttd300,75,1,0.5,187.0,374.0,ttd300_n75_L1_f050,1,ok,-20599.5471,58888.0,79487.5471,1589.7509,975.1479,166.9784,75,49,26,26,75317.0,170628.0,35934767,128,,50.0,0.9,2.0
R,1,ttd300,75,1,0.75,280.0,374.0,ttd300_n75_L1_f075,1,ok,57020.1792,58888.0,1867.8208,1867.8208,975.5382,975.5381,75,53,22,22,75317.0,170628.0,36764174,131,,1.0,0.1,2.0
R,100,ttd300,75,1,0.75,280.0,374.0,ttd300_n75_L1_f075,1,ok,-126013.6483,47953.0,173966.6483,1739.6665,975.1525,645.9363,58,41,17,20,58258.0,170628.0,35972087,128,,100.0,0.1,2.0
R,12.5,ttd300,75,1,0.75,280.0,374.0,ttd300_n75_L1_f075,1,ok,35568.7274,58888.0,23319.2726,1865.5418,975.311,975.3109,75,53,22,22,75317.0,170628.0,35405908,126,,12.5,0.1,2.0
R,200,ttd300,75,1,0.75,280.0,374.0,ttd300_n75_L1_f075,1,ok,-288418.0583,27609.0,316027.0583,1580.1353,975.4014,975.4013,34,21,13,23,34127.0,170628.0,37014240,132,,200.0,0.1,2.0
R,25,ttd300,75,1,0.75,280.0,374.0,ttd300_n75_L1_f075,1,ok,12148.9862,58888.0,46739.0138,1869.5606,975.1543,947.3401,75,51,24,24,75317.0,170628.0,36307130,129,,25.0,0.1,2.0
R,50,ttd300,75,1,0.75,280.0,374.0,ttd300_n75_L1_f075,1,ok,-34560.7144,58888.0,93448.7144,1868.9743,975.3617,975.3617,75,52,23,23,75317.0,170628.0,36213328,129,,50.0,0.1,2.0
Wcap,0.25,ttd300,75,1,0.75,280.0,374.0,ttd300_n75_L1_f075,1,ok,-63952.6007,19650.0,83602.6007,1672.052,975.3337,975.3336,24,15,9,22,24091.0,42657.0,38553094,138,,50.0,0.1,2.0
Wcap,0.5,ttd300,75,1,0.75,280.0,374.0,ttd300_n75_L1_f075,1,ok,-50762.5942,42589.0,93351.5942,1867.0319,975.2953,975.2952,52,33,19,26,52232.0,85314.0,37156098,133,,50.0,0.1,2.0
Wcap,1,ttd300,75,1,0.75,280.0,374.0,ttd300_n75_L1_f075,1,ok,-34421.5814,58888.0,93309.5814,1866.1916,975.4949,975.4949,75,51,24,24,75317.0,170628.0,36768829,131,,50.0,0.1,2.0
Wcap,2,ttd300,75,1,0.75,280.0,374.0,ttd300_n75_L1_f075,1,ok,-26330.2672,58888.0,85218.2672,1704.3653,975.148,164.5993,75,49,26,26,75317.0,341256.0,36552388,130,,50.0,0.1,2.0
Wcap,4,ttd300,75,1,0.75,280.0,374.0,ttd300_n75_L1_f075,1,ok,-21051.8117,58888.0,79939.8117,1598.7962,975.534,975.5339,75,56,19,19,75317.0,682512.0,37019025,132,,50.0,0.1,2.0
baseline,-,ttd300,75,1,0.75,280.0,374.0,ttd300_n75_L1_f075,1,ok,-34560.7144,58888.0,93448.7144,1868.9743,975.3455,975.3454,75,52,23,23,75317.0,170628.0,36532910,130,,50.0,0.1,2.0
vDfact,1,ttd300,75,1,0.75,280.0,374.0,ttd300_n75_L1_f075,1,ok,-45282.7547,58114.0,103396.7547,2067.9351,975.1552,313.2155,73,58,15,15,73309.0,170628.0,39220089,140,,50.0,0.1,1.0
vDfact,0.5,ttd300,75,1,0.75,280.0,374.0,ttd300_n75_L1_f075,1,ok,-54265.4957,58114.0,112379.4957,2247.5899,1013.326,1013.3259,73,65,8,8,73309.0,170628.0,41470535,148,,50.0,0.1,0.5
vDfact,2,ttd300,75,1,0.75,280.0,374.0,ttd300_n75_L1_f075,1,ok,-34539.0319,58888.0,93427.0319,1868.5406,975.4845,975.4844,75,51,24,24,75317.0,170628.0,36845397,132,,50.0,0.1,2.0
vDfact,3,ttd300,75,1,0.75,280.0,374.0,ttd300_n75_L1_f075,1,ok,-27905.7777,57594.0,85499.7777,1709.9956,975.4765,975.4764,72,46,26,28,72302.0,170628.0,35431572,126,,50.0,0.1,3.0
vDfact,4,ttd300,75,1,0.75,280.0,374.0,ttd300_n75_L1_f075,1,ok,-23119.8534,58004.0,81123.8534,1622.4771,975.2159,975.2158,73,44,29,31,73304.0,170628.0,33607685,120,,50.0,0.1,4.0
vmin,0.05,ttd300,75,1,0.75,280.0,374.0,ttd300_n75_L1_f075,1,ok,-33541.057,56437.0,89978.057,1799.5611,975.2507,975.2506,70,49,21,22,70284.0,170628.0,36117344,129,,50.0,0.05,2.0
vmin,0.1,ttd300,75,1,0.75,280.0,374.0,ttd300_n75_L1_f075,1,ok,-34560.7144,58888.0,93448.7144,1868.9743,975.3668,975.3668,75,52,23,23,75317.0,170628.0,36208349,129,,50.0,0.1,2.0
vmin,0.25,ttd300,75,1,0.75,280.0,374.0,ttd300_n75_L1_f075,1,ok,-29786.9815,58888.0,88674.9815,1773.4996,975.5772,975.5772,75,53,22,22,75317.0,170628.0,35980375,128,,50.0,0.25,2.0
vmin,0.5,ttd300,75,1,0.75,280.0,374.0,ttd300_n75_L1_f075,1,ok,-25994.513,58888.0,84882.513,1697.6503,975.161,535.1319,75,53,22,22,75317.0,170628.0,35875287,128,,50.0,0.5,2.0
vmin,0.9,ttd300,75,1,0.75,280.0,374.0,ttd300_n75_L1_f075,1,ok,-19204.2853,58888.0,78092.2853,1561.8457,975.4346,975.4345,75,50,25,25,75317.0,170628.0,35910301,128,,50.0,0.9,2.0
R,1,ttd300,75,1,1.0,374.0,374.0,ttd300_n75_L1_f100,1,ok,56992.9508,58888.0,1895.0492,1895.0492,975.3857,975.3856,75,53,22,22,75317.0,170628.0,35438229,126,,1.0,0.1,2.0
R,100,ttd300,75,1,1.0,374.0,374.0,ttd300_n75_L1_f100,1,ok,-124094.3229,47027.0,171121.3229,1711.2132,975.1659,962.7875,57,41,16,21,57234.0,170628.0,35914610,128,,100.0,0.1,2.0
R,12.5,ttd300,75,1,1.0,374.0,374.0,ttd300_n75_L1_f100,1,ok,35607.3188,58888.0,23280.6812,1862.4545,975.515,975.5149,75,51,24,24,75317.0,170628.0,34660833,123,,12.5,0.1,2.0
R,200,ttd300,75,1,1.0,374.0,374.0,ttd300_n75_L1_f100,1,ok,-293807.977,29515.0,323322.977,1616.6149,975.398,975.3979,36,24,12,20,36133.0,170628.0,36840055,132,,200.0,0.1,2.0
R,25,ttd300,75,1,1.0,374.0,374.0,ttd300_n75_L1_f100,1,ok,11929.8716,58888.0,46958.1284,1878.3251,975.4095,975.4094,75,51,24,24,75317.0,170628.0,35686270,127,,25.0,0.1,2.0
R,50,ttd300,75,1,1.0,374.0,374.0,ttd300_n75_L1_f100,1,ok,-31097.9417,58888.0,89985.9417,1799.7188,976.0305,976.0305,75,51,24,24,75317.0,170628.0,35283294,126,,50.0,0.1,2.0
Wcap,0.25,ttd300,75,1,1.0,374.0,374.0,ttd300_n75_L1_f100,1,ok,-64134.4678,19241.0,83375.4678,1667.5094,975.3305,975.3305,24,16,8,20,24083.0,42657.0,37440458,134,,50.0,0.1,2.0
Wcap,0.5,ttd300,75,1,1.0,374.0,374.0,ttd300_n75_L1_f100,1,ok,-52790.2141,38722.0,91512.2141,1830.2443,975.2626,975.2626,47,32,15,22,47193.0,85314.0,36488899,130,,50.0,0.1,2.0
Wcap,1,ttd300,75,1,1.0,374.0,374.0,ttd300_n75_L1_f100,1,ok,-31553.7415,58888.0,90441.7415,1808.8348,975.6357,975.6357,75,53,22,22,75317.0,170628.0,35583283,127,,50.0,0.1,2.0
Wcap,2,ttd300,75,1,1.0,374.0,374.0,ttd300_n75_L1_f100,1,ok,-26273.702,58888.0,85161.702,1703.234,975.173,260.56,75,52,23,23,75317.0,341256.0,35727833,127,,50.0,0.1,2.0
Wcap,4,ttd300,75,1,1.0,374.0,374.0,ttd300_n75_L1_f100,1,ok,-22033.1917,58888.0,80921.1917,1618.4238,975.3324,975.3324,75,51,24,24,75317.0,682512.0,35958612,128,,50.0,0.1,2.0
baseline,-,ttd300,75,1,1.0,374.0,374.0,ttd300_n75_L1_f100,1,ok,-31553.7415,58888.0,90441.7415,1808.8348,975.5779,975.5778,75,53,22,22,75317.0,170628.0,35638029,127,,50.0,0.1,2.0
vDfact,1,ttd300,75,1,1.0,374.0,374.0,ttd300_n75_L1_f100,1,ok,-46100.1067,57230.0,103330.1067,2066.6021,975.2705,975.2704,71,56,15,15,71296.0,170628.0,39112905,140,,50.0,0.1,1.0
vDfact,0.5,ttd300,75,1,1.0,374.0,374.0,ttd300_n75_L1_f100,1,ok,-55126.4488,55579.0,110705.4488,2214.109,1005.8527,1005.8527,68,61,7,7,68279.0,170628.0,42772607,153,,50.0,0.1,0.5
vDfact,2,ttd300,75,1,1.0,374.0,374.0,ttd300_n75_L1_f100,1,ok,-31553.7415,58888.0,90441.7415,1808.8348,975.6146,975.6146,75,53,22,22,75317.0,170628.0,35833442,128,,50.0,0.1,2.0
vDfact,3,ttd300,75,1,1.0,374.0,374.0,ttd300_n75_L1_f100,1,ok,-27110.9187,57688.0,84798.9187,1695.9784,975.2599,975.2598,72,46,26,27,72302.0,170628.0,35092341,125,,50.0,0.1,3.0
vDfact,4,ttd300,75,1,1.0,374.0,374.0,ttd300_n75_L1_f100,1,ok,-22398.1825,58888.0,81286.1825,1625.7237,975.2922,975.2922,75,43,32,32,75317.0,170628.0,34513737,123,,50.0,0.1,4.0
vmin,0.05,ttd300,75,1,1.0,374.0,374.0,ttd300_n75_L1_f100,1,ok,-36159.9966,56112.0,92271.9966,1845.4399,975.4538,975.4537,69,51,18,21,69284.0,170628.0,36294643,130,,50.0,0.05,2.0
vmin,0.1,ttd300,75,1,1.0,374.0,374.0,ttd300_n75_L1_f100,1,ok,-30451.945,58888.0,89339.945,1786.7989,975.7657,975.7656,75,52,23,23,75317.0,170628.0,35915157,128,,50.0,0.1,2.0
vmin,0.25,ttd300,75,1,1.0,374.0,374.0,ttd300_n75_L1_f100,1,ok,-32149.8437,58545.0,90694.8437,1813.8969,975.3803,975.3802,74,52,22,22,74311.0,170628.0,36199613,129,,50.0,0.25,2.0
vmin,0.5,ttd300,75,1,1.0,374.0,374.0,ttd300_n75_L1_f100,1,ok,-24795.7932,58888.0,83683.7932,1673.6759,975.512,975.5119,75,51,24,24,75317.0,170628.0,36527871,130,,50.0,0.5,2.0
vmin,0.9,ttd300,75,1,1.0,374.0,374.0,ttd300_n75_L1_f100,1,ok,-19533.3147,58888.0,78421.3147,1568.4263,975.1671,273.8107,75,55,20,20,75317.0,170628.0,36553155,131,,50.0,0.9,2.0
R,1,ttd300,100,1,0.25,98.0,393.0,ttd300_n100_L1_f025,1,ok,81348.722,83943.0,2594.278,2594.278,1200.3807,1200.3806,100,68,32,32,100489.0,227504.0,38543789,103,,1.0,0.1,2.0
R,100,ttd300,100,1,0.25,98.0,393.0,ttd300_n100_L1_f025,1,ok,-172031.4991,70009.0,242040.4991,2420.405,1200.2708,1200.2708,80,56,24,29,80392.0,227504.0,37810558,101,,100.0,0.1,2.0
R,12.5,ttd300,100,1,0.25,98.0,393.0,ttd300_n100_L1_f025,1,ok,51734.3679,83943.0,32208.6321,2576.6906,1200.2439,288.3424,100,71,29,29,100489.0,227504.0,36748682,99,,12.5,0.1,2.0
R,200,ttd300,100,1,0.25,98.0,393.0,ttd300_n100_L1_f025,1,ok,-395360.1989,41898.0,437258.1989,2186.291,1200.767,1200.7669,50,32,18,31,50256.0,227504.0,38631496,103,,200.0,0.1,2.0
R,25,ttd300,100,1,0.25,98.0,393.0,ttd300_n100_L1_f025,1,ok,21035.8482,83943.0,62907.1518,2516.2861,1201.1108,1201.1107,100,67,33,33,100489.0,227504.0,37367339,100,,25.0,0.1,2.0
R,50,ttd300,100,1,0.25,98.0,393.0,ttd300_n100_L1_f025,1,ok,-44719.495,82710.0,127429.495,2548.5899,1200.5052,1200.5051,97,66,31,31,97482.0,227504.0,37299486,100,,50.0,0.1,2.0
Wcap,0.25,ttd300,100,1,0.25,98.0,393.0,ttd300_n100_L1_f025,1,ok,-84666.5822,31556.0,116222.5822,2324.4516,1200.7517,1200.7516,35,23,12,29,35175.0,56876.0,39708815,106,,50.0,0.1,2.0
Wcap,0.5,ttd300,100,1,0.25,98.0,393.0,ttd300_n100_L1_f025,1,ok,-71611.266,54053.0,125664.266,2513.2853,1200.374,1200.3739,62,42,20,31,62300.0,113752.0,38689023,104,,50.0,0.1,2.0
Wcap,1,ttd300,100,1,0.25,98.0,393.0,ttd300_n100_L1_f025,1,ok,-44719.495,82710.0,127429.495,2548.5899,1200.5182,1200.5181,97,66,31,31,97482.0,227504.0,37874655,101,,50.0,0.1,2.0
Wcap,2,ttd300,100,1,0.25,98.0,393.0,ttd300_n100_L1_f025,1,ok,-32177.7068,83943.0,116120.7068,2322.4141,1200.2449,989.5849,100,70,30,30,100489.0,455008.0,37440214,100,,50.0,0.1,2.0
Wcap,4,ttd300,100,1,0.25,98.0,393.0,ttd300_n100_L1_f025,1,ok,-26254.3313,83943.0,110197.3313,2203.9466,1200.5198,1200.5197,100,71,29,29,100489.0,910016.0,37870074,101,,50.0,0.1,2.0
baseline,-,ttd300,100,1,0.25,98.0,393.0,ttd300_n100_L1_f025,1,ok,-44719.495,82710.0,127429.495,2548.5899,1200.5183,1200.5183,97,66,31,31,97482.0,227504.0,37496049,100,,50.0,0.1,2.0
vDfact,0.5,ttd300,100,1,0.25,98.0,393.0,ttd300_n100_L1_f025,1,ok,-65018.1145,79857.0,144875.1145,2897.5023,1201.239,1201.239,92,82,10,10,92455.0,227504.0,41420332,111,,50.0,0.1,0.5
vDfact,1,ttd300,100,1,0.25,98.0,393.0,ttd300_n100_L1_f025,1,ok,-56310.4924,82898.0,139208.4924,2784.1698,1200.4198,1200.4198,98,78,20,20,98484.0,227504.0,38548546,103,,50.0,0.1,1.0
vDfact,2,ttd300,100,1,0.25,98.0,393.0,ttd300_n100_L1_f025,1,ok,-44253.1218,82710.0,126963.1218,2539.2624,1200.7345,1200.7345,97,65,32,32,97482.0,227504.0,37783047,101,,50.0,0.1,2.0
vDfact,3,ttd300,100,1,0.25,98.0,393.0,ttd300_n100_L1_f025,1,ok,-40412.7853,83189.0,123601.7853,2472.0357,1200.4914,1200.4913,98,69,29,30,98482.0,227504.0,37323884,100,,50.0,0.1,3.0
vDfact,4,ttd300,100,1,0.25,98.0,393.0,ttd300_n100_L1_f025,1,ok,-37918.1816,82710.0,120628.1816,2412.5636,1200.982,1200.9819,97,66,31,33,97482.0,227504.0,37594753,100,,50.0,0.1,4.0
vmin,0.05,ttd300,100,1,0.25,98.0,393.0,ttd300_n100_L1_f025,1,ok,-46756.0903,83189.0,129945.0903,2598.9018,1201.0326,1201.0325,98,65,33,33,98482.0,227504.0,37292996,99,,50.0,0.05,2.0
vmin,0.1,ttd300,100,1,0.25,98.0,393.0,ttd300_n100_L1_f025,1,ok,-44609.2199,82710.0,127319.2199,2546.3844,1200.7417,1200.7417,97,65,32,32,97482.0,227504.0,37891077,101,,50.0,0.1,2.0
vmin,0.25,ttd300,100,1,0.25,98.0,393.0,ttd300_n100_L1_f025,1,ok,-38053.4587,83677.0,121730.4587,2434.6092,1200.3856,1200.3856,99,69,30,31,99488.0,227504.0,37308203,100,,50.0,0.25,2.0
vmin,0.5,ttd300,100,1,0.25,98.0,393.0,ttd300_n100_L1_f025,1,ok,-30296.7817,83943.0,114239.7817,2284.7956,1200.5588,1200.5587,100,63,37,37,100489.0,227504.0,37295848,100,,50.0,0.5,2.0
vmin,0.9,ttd300,100,1,0.25,98.0,393.0,ttd300_n100_L1_f025,1,ok,-21387.8043,83943.0,105330.8043,2106.6161,1200.6744,1200.6744,100,72,28,28,100489.0,227504.0,37436469,100,,50.0,0.9,2.0
R,1,ttd300,100,1,0.5,196.0,393.0,ttd300_n100_L1_f050,1,ok,81543.3842,83943.0,2399.6158,2399.6158,1201.2134,1201.2134,100,71,29,29,100489.0,227504.0,35841709,95,,1.0,0.1,2.0
R,100,ttd300,100,1,0.5,196.0,393.0,ttd300_n100_L1_f050,1,ok,-160445.9914,71750.0,232195.9914,2321.9599,1200.5456,1200.5456,82,60,22,27,82413.0,227504.0,36027309,96,,100.0,0.1,2.0
R,12.5,ttd300,100,1,0.5,196.0,393.0,ttd300_n100_L1_f050,1,ok,53837.4938,83943.0,30105.5062,2408.4405,1201.2104,1201.2103,100,70,30,30,100489.0,227504.0,35343451,94,,12.5,0.1,2.0
R,200,ttd300,100,1,0.5,196.0,393.0,ttd300_n100_L1_f050,1,ok,-374649.6121,43304.0,417953.6121,2089.7681,1200.413,1200.413,51,39,12,28,51263.0,227504.0,36254530,97,,200.0,0.1,2.0
R,25,ttd300,100,1,0.5,196.0,393.0,ttd300_n100_L1_f050,1,ok,22567.0049,83943.0,61375.9951,2455.0398,1200.5375,1200.5374,100,72,28,28,100489.0,227504.0,34745680,92,,25.0,0.1,2.0
R,50,ttd300,100,1,0.5,196.0,393.0,ttd300_n100_L1_f050,1,ok,-36373.4734,83464.0,119837.4734,2396.7495,1200.7392,1200.7391,99,68,31,31,99489.0,227504.0,35436815,94,,50.0,0.1,2.0
Wcap,0.25,ttd300,100,1,0.5,196.0,393.0,ttd300_n100_L1_f050,1,ok,-82633.3685,32186.0,114819.3685,2296.3874,1200.2426,1160.7319,36,25,11,28,36177.0,56876.0,37014855,99,,50.0,0.1,2.0
Wcap,0.5,ttd300,100,1,0.5,196.0,393.0,ttd300_n100_L1_f050,1,ok,-64612.0321,58251.0,122863.0321,2457.2606,1200.7943,1200.7942,67,49,18,28,67346.0,113752.0,36403900,97,,50.0,0.1,2.0
Wcap,1,ttd300,100,1,0.5,196.0,393.0,ttd300_n100_L1_f050,1,ok,-36373.4734,83464.0,119837.4734,2396.7495,1200.7527,1200.7526,99,68,31,31,99489.0,227504.0,35372103,94,,50.0,0.1,2.0
Wcap,2,ttd300,100,1,0.5,196.0,393.0,ttd300_n100_L1_f050,1,ok,-24005.446,83943.0,107948.446,2158.9689,1200.2702,584.2965,100,73,27,27,100489.0,455008.0,35555514,95,,50.0,0.1,2.0
Wcap,4,ttd300,100,1,0.5,196.0,393.0,ttd300_n100_L1_f050,1,ok,-17346.6519,83943.0,101289.6519,2025.793,1200.928,1200.928,100,74,26,26,100489.0,910016.0,35612116,95,,50.0,0.1,2.0
baseline,-,ttd300,100,1,0.5,196.0,393.0,ttd300_n100_L1_f050,1,ok,-38322.1548,83189.0,121511.1548,2430.2231,1200.2584,1188.9514,98,69,29,30,98482.0,227504.0,35734387,95,,50.0,0.1,2.0
vDfact,0.5,ttd300,100,1,0.5,196.0,393.0,ttd300_n100_L1_f050,1,ok,-62420.1985,81044.0,143464.1985,2869.284,1311.2349,1311.2349,94,85,9,9,94465.0,227504.0,22715835,59,,50.0,0.1,0.5
vDfact,1,ttd300,100,1,0.5,196.0,393.0,ttd300_n100_L1_f050,1,ok,-51965.9242,83677.0,135642.9242,2712.8585,1200.5222,1200.5222,99,81,18,18,99488.0,227504.0,37381243,100,,50.0,0.1,1.0
vDfact,2,ttd300,100,1,0.5,196.0,393.0,ttd300_n100_L1_f050,1,ok,-38322.1548,83189.0,121511.1548,2430.2231,1200.2573,1188.4559,98,69,29,30,98482.0,227504.0,35744135,95,,50.0,0.1,2.0
vDfact,3,ttd300,100,1,0.5,196.0,393.0,ttd300_n100_L1_f050,1,ok,-27589.5153,83677.0,111266.5153,2225.3303,1200.5232,1200.5231,99,66,33,34,99488.0,227504.0,34986096,93,,50.0,0.1,3.0
vDfact,4,ttd300,100,1,0.5,196.0,393.0,ttd300_n100_L1_f050,1,ok,-25723.0675,83453.0,109176.0675,2183.5214,1200.4048,1200.4047,99,60,39,40,99484.0,227504.0,33902229,90,,50.0,0.1,4.0
vmin,0.05,ttd300,100,1,0.5,196.0,393.0,ttd300_n100_L1_f050,1,ok,-38455.0728,83189.0,121644.0728,2432.8815,1200.6875,1200.6874,98,70,28,29,98482.0,227504.0,35515722,95,,50.0,0.05,2.0
vmin,0.1,ttd300,100,1,0.5,196.0,393.0,ttd300_n100_L1_f050,1,ok,-37081.7302,83189.0,120270.7302,2405.4146,1200.7741,1200.774,98,67,31,32,98482.0,227504.0,35444583,94,,50.0,0.1,2.0
vmin,0.25,ttd300,100,1,0.5,196.0,393.0,ttd300_n100_L1_f050,1,ok,-31740.5686,83677.0,115417.5686,2308.3514,1200.6956,1200.6955,99,70,29,30,99488.0,227504.0,35743661,95,,50.0,0.25,2.0
vmin,0.5,ttd300,100,1,0.5,196.0,393.0,ttd300_n100_L1_f050,1,ok,-24446.6397,83943.0,108389.6397,2167.7928,1200.5621,1200.562,100,71,29,29,100489.0,227504.0,35131197,94,,50.0,0.5,2.0
vmin,0.9,ttd300,100,1,0.5,196.0,393.0,ttd300_n100_L1_f050,1,ok,-18193.696,83943.0,102136.696,2042.7339,1200.5446,1200.5445,100,71,29,29,100489.0,227504.0,35131822,94,,50.0,0.9,2.0
R,1,ttd300,100,1,0.75,295.0,393.0,ttd300_n100_L1_f075,1,ok,81458.3789,83943.0,2484.6211,2484.6211,1200.2616,730.7808,100,75,25,25,100489.0,227504.0,35476455,95,,1.0,0.1,2.0
R,100,ttd300,100,1,0.75,295.0,393.0,ttd300_n100_L1_f075,1,ok,-166652.2667,69693.0,236345.2667,2363.4527,1200.7146,1200.7145,79,56,23,27,79396.0,227504.0,35686462,95,,100.0,0.1,2.0
R,12.5,ttd300,100,1,0.75,295.0,393.0,ttd300_n100_L1_f075,1,ok,53300.0472,83943.0,30642.9528,2451.4362,1200.8774,1200.8774,100,73,27,27,100489.0,227504.0,35211762,94,,12.5,0.1,2.0
R,200,ttd300,100,1,0.75,295.0,393.0,ttd300_n100_L1_f075,1,ok,-374522.421,47115.0,421637.421,2108.1871,1200.5966,1200.5965,54,37,17,30,54269.0,227504.0,36178633,97,,200.0,0.1,2.0
R,25,ttd300,100,1,0.75,295.0,393.0,ttd300_n100_L1_f075,1,ok,21422.6784,83943.0,62520.3216,2500.8129,1200.4158,1200.4158,100,76,24,24,100489.0,227504.0,34577485,92,,25.0,0.1,2.0
R,50,ttd300,100,1,0.75,295.0,393.0,ttd300_n100_L1_f075,1,ok,-32453.3845,82708.0,115161.3845,2303.2277,1200.4287,1200.4286,97,72,25,25,97483.0,227504.0,35362802,94,,50.0,0.1,2.0
Wcap,0.25,ttd300,100,1,0.75,295.0,393.0,ttd300_n100_L1_f075,1,ok,-83310.0845,28331.0,111641.0845,2232.8217,1200.5236,1200.5236,32,24,8,24,32180.0,56876.0,36799471,98,,50.0,0.1,2.0
Wcap,0.5,ttd300,100,1,0.75,295.0,393.0,ttd300_n100_L1_f075,1,ok,-64222.311,60203.0,124425.311,2488.5062,1200.6879,1200.6879,70,48,22,31,70350.0,113752.0,35658239,95,,50.0,0.1,2.0
Wcap,1,ttd300,100,1,0.75,295.0,393.0,ttd300_n100_L1_f075,1,ok,-32453.3845,82708.0,115161.3845,2303.2277,1200.4462,1200.4461,97,72,25,25,97483.0,227504.0,35130011,94,,50.0,0.1,2.0
Wcap,2,ttd300,100,1,0.75,295.0,393.0,ttd300_n100_L1_f075,1,ok,-21496.9093,83943.0,105439.9093,2108.7982,1201.0845,1201.0844,100,73,27,27,100489.0,455008.0,35583701,95,,50.0,0.1,2.0
Wcap,4,ttd300,100,1,0.75,295.0,393.0,ttd300_n100_L1_f075,1,ok,-20976.8265,83943.0,104919.8265,2098.3965,1200.9299,1200.9298,100,77,23,23,100489.0,910016.0,35722473,95,,50.0,0.1,2.0
baseline,-,ttd300,100,1,0.75,295.0,393.0,ttd300_n100_L1_f075,1,ok,-32453.3845,82708.0,115161.3845,2303.2277,1200.4865,1200.4865,97,72,25,25,97483.0,227504.0,35210053,94,,50.0,0.1,2.0
vDfact,1,ttd300,100,1,0.75,295.0,393.0,ttd300_n100_L1_f075,1,ok,-51361.5652,83198.0,134559.5652,2691.1913,1200.6583,1200.6582,98,83,15,16,98488.0,227504.0,37113038,99,,50.0,0.1,1.0
vDfact,0.5,ttd300,100,1,0.75,295.0,393.0,ttd300_n100_L1_f075,1,ok,-61686.1944,81707.0,143393.1944,2867.8639,1240.7509,1240.7509,95,86,9,10,95472.0,227504.0,16259461,42,,50.0,0.1,0.5
vDfact,2,ttd300,100,1,0.75,295.0,393.0,ttd300_n100_L1_f075,1,ok,-32453.3845,82708.0,115161.3845,2303.2277,1200.4559,1200.4558,97,72,25,25,97483.0,227504.0,35399578,95,,50.0,0.1,2.0
vDfact,3,ttd300,100,1,0.75,295.0,393.0,ttd300_n100_L1_f075,1,ok,-35454.3726,83943.0,119397.3726,2387.9475,1200.393,1200.3929,100,66,34,34,100489.0,227504.0,34199025,91,,50.0,0.1,3.0
vDfact,4,ttd300,100,1,0.75,295.0,393.0,ttd300_n100_L1_f075,1,ok,-25515.6393,83677.0,109192.6393,2183.8528,1200.594,1200.5939,99,62,37,37,99488.0,227504.0,33666483,90,,50.0,0.1,4.0
vmin,0.05,ttd300,100,1,0.75,295.0,393.0,ttd300_n100_L1_f075,1,ok,-40191.8267,83198.0,123389.8267,2467.7965,1200.8862,1200.8861,98,68,30,31,98488.0,227504.0,35298085,94,,50.0,0.05,2.0
vmin,0.1,ttd300,100,1,0.75,295.0,393.0,ttd300_n100_L1_f075,1,ok,-32101.3807,82708.0,114809.3807,2296.1876,1200.7439,1200.7439,97,71,26,26,97483.0,227504.0,35570141,95,,50.0,0.1,2.0
vmin,0.25,ttd300,100,1,0.75,295.0,393.0,ttd300_n100_L1_f075,1,ok,-35493.9908,83677.0,119170.9908,2383.4198,1200.6035,1200.6034,99,72,27,27,99488.0,227504.0,35488805,94,,50.0,0.25,2.0
vmin,0.5,ttd300,100,1,0.75,295.0,393.0,ttd300_n100_L1_f075,1,ok,-25894.5902,83943.0,109837.5902,2196.7518,1200.4318,1200.4317,100,77,23,23,100489.0,227504.0,35373493,94,,50.0,0.5,2.0
vmin,0.9,ttd300,100,1,0.75,295.0,393.0,ttd300_n100_L1_f075,1,ok,-17421.0486,83943.0,101364.0486,2027.281,1200.7479,1200.7478,100,75,25,25,100489.0,227504.0,35278068,94,,50.0,0.9,2.0
R,1,ttd300,100,1,1.0,393.0,393.0,ttd300_n100_L1_f100,1,ok,81407.6119,83943.0,2535.3881,2535.3881,1200.5609,1200.5608,100,74,26,26,100489.0,227504.0,35681028,95,,1.0,0.1,2.0
R,100,ttd300,100,1,1.0,393.0,393.0,ttd300_n100_L1_f100,1,ok,-159848.6561,74449.0,234297.6561,2342.9766,1201.5885,1201.5884,85,62,23,26,85434.0,227504.0,35936957,96,,100.0,0.1,2.0
R,12.5,ttd300,100,1,1.0,393.0,393.0,ttd300_n100_L1_f100,1,ok,53130.1563,83943.0,30812.8437,2465.0275,1200.9228,1200.9228,100,74,26,26,100489.0,227504.0,35077267,93,,12.5,0.1,2.0
R,200,ttd300,100,1,1.0,393.0,393.0,ttd300_n100_L1_f100,1,ok,-382170.6604,42338.0,424508.6604,2122.5433,1200.9075,1200.9074,49,32,17,26,49250.0,227504.0,36381618,97,,200.0,0.1,2.0
R,25,ttd300,100,1,1.0,393.0,393.0,ttd300_n100_L1_f100,1,ok,21428.686,83943.0,62514.314,2500.5726,1200.8507,1200.8506,100,76,24,24,100489.0,227504.0,35133376,93,,25.0,0.1,2.0
R,50,ttd300,100,1,1.0,393.0,393.0,ttd300_n100_L1_f100,1,ok,-38929.0412,83251.0,122180.0412,2443.6008,1200.6311,1200.631,98,69,29,29,98488.0,227504.0,35553772,95,,50.0,0.1,2.0
Wcap,0.25,ttd300,100,1,1.0,393.0,393.0,ttd300_n100_L1_f100,1,ok,-82931.1582,32437.0,115368.1582,2307.3632,1200.5934,1200.5933,36,24,12,24,36169.0,56876.0,36418351,97,,50.0,0.1,2.0
Wcap,0.5,ttd300,100,1,1.0,393.0,393.0,ttd300_n100_L1_f100,1,ok,-65101.3245,58760.0,123861.3245,2477.2265,1201.1442,1201.1442,66,44,22,29,66338.0,113752.0,35613519,95,,50.0,0.1,2.0
Wcap,1,ttd300,100,1,1.0,393.0,393.0,ttd300_n100_L1_f100,1,ok,-38929.0412,83251.0,122180.0412,2443.6008,1200.6133,1200.6133,98,69,29,29,98488.0,227504.0,35545851,95,,50.0,0.1,2.0
Wcap,2,ttd300,100,1,1.0,393.0,393.0,ttd300_n100_L1_f100,1,ok,-28859.0854,83943.0,112802.0854,2256.0417,1200.293,160.6435,100,77,23,23,100489.0,455008.0,35346709,94,,50.0,0.1,2.0
Wcap,4,ttd300,100,1,1.0,393.0,393.0,ttd300_n100_L1_f100,1,ok,-17647.4615,83943.0,101590.4615,2031.8092,1201.8343,1201.8342,100,74,26,26,100489.0,910016.0,35116588,93,,50.0,0.1,2.0
baseline,-,ttd300,100,1,1.0,393.0,393.0,ttd300_n100_L1_f100,1,ok,-38929.0412,83251.0,122180.0412,2443.6008,1200.6329,1200.6328,98,69,29,29,98488.0,227504.0,35533671,95,,50.0,0.1,2.0
vDfact,1,ttd300,100,1,1.0,393.0,393.0,ttd300_n100_L1_f100,1,ok,-50633.9457,83251.0,133884.9457,2677.6989,1200.4629,1200.4628,98,85,13,13,98488.0,227504.0,37215988,100,,50.0,0.1,1.0
vDfact,2,ttd300,100,1,1.0,393.0,393.0,ttd300_n100_L1_f100,1,ok,-38740.2899,83251.0,121991.2899,2439.8258,1201.025,1201.0249,98,68,30,30,98488.0,227504.0,35288864,94,,50.0,0.1,2.0
vDfact,0.5,ttd300,100,1,1.0,393.0,393.0,ttd300_n100_L1_f100,1,ok,-57656.5034,80489.0,138145.5034,2762.9101,1449.8187,1449.8187,93,83,10,10,93460.0,227504.0,7893205,19,,50.0,0.1,0.5
vDfact,3,ttd300,100,1,1.0,393.0,393.0,ttd300_n100_L1_f100,1,ok,-34006.5371,83943.0,117949.5371,2358.9907,1200.2898,1095.5875,100,63,37,37,100489.0,227504.0,34373921,92,,50.0,0.1,3.0
vDfact,4,ttd300,100,1,1.0,393.0,393.0,ttd300_n100_L1_f100,1,ok,-23415.9134,83943.0,107358.9134,2147.1783,1200.7253,1200.7252,100,61,39,39,100489.0,227504.0,33181218,88,,50.0,0.1,4.0
vmin,0.05,ttd300,100,1,1.0,393.0,393.0,ttd300_n100_L1_f100,1,ok,-41311.064,82197.0,123508.064,2470.1613,1200.7191,1200.719,96,70,26,27,96477.0,227504.0,34908196,93,,50.0,0.05,2.0
vmin,0.1,ttd300,100,1,1.0,393.0,393.0,ttd300_n100_L1_f100,1,ok,-38929.0412,83251.0,122180.0412,2443.6008,1200.638,1200.638,98,69,29,29,98488.0,227504.0,35491606,95,,50.0,0.1,2.0
vmin,0.25,ttd300,100,1,1.0,393.0,393.0,ttd300_n100_L1_f100,1,ok,-33469.1858,83943.0,117412.1858,2348.2437,1201.011,1201.0109,100,72,28,28,100489.0,227504.0,34946939,93,,50.0,0.25,2.0
vmin,0.5,ttd300,100,1,1.0,393.0,393.0,ttd300_n100_L1_f100,1,ok,-27964.2384,83943.0,111907.2384,2238.1448,1200.6344,1200.6344,100,74,26,26,100489.0,227504.0,34949685,93,,50.0,0.5,2.0
vmin,0.9,ttd300,100,1,1.0,393.0,393.0,ttd300_n100_L1_f100,1,ok,-18704.8075,83943.0,102647.8075,2052.9561,1200.8251,1200.825,100,75,25,25,100489.0,227504.0,35041737,93,,50.0,0.9,2.0
