method,n,layout,frac,instance,ED,objective,time_s,seed,beam,source
VNS,10,3,f025,ttd300_n10_L3_f025,75.0,-46605.8455,120.0002,0,,SA and VNS.csv
VNS,10,4,f025,ttd300_n10_L4_f025,63.0,-39204.872,120.0,0,,SA and VNS.csv
VNS,10,2,f025,ttd300_n10_L2_f025,68.0,-35485.5482,120.0,0,,SA and VNS.csv
VNS,10,1,f025,ttd300_n10_L1_f025,76.0,-45243.1965,120.0,0,,SA and VNS.csv
VNS,10,5,f025,ttd300_n10_L5_f025,70.0,-43130.5484,120.0,0,,SA and VNS.csv
VNS,10,1,f050,ttd300_n10_L1_f050,153.0,-41253.16,120.0,0,,SA and VNS.csv
VNS,10,2,f050,ttd300_n10_L2_f050,135.0,-31974.7911,120.0,0,,SA and VNS.csv
VNS,10,3,f050,ttd300_n10_L3_f050,150.0,-43655.7454,120.0,0,,SA and VNS.csv
VNS,10,4,f050,ttd300_n10_L4_f050,126.0,-36633.872,120.0,0,,SA and VNS.csv
VNS,10,5,f050,ttd300_n10_L5_f050,139.0,-38700.5448,120.0,0,,SA and VNS.csv
VNS,10,1,f075,ttd300_n10_L1_f075,230.0,-35402.3673,120.0,0,,SA and VNS.csv
VNS,10,2,f075,ttd300_n10_L2_f075,202.0,-30081.8141,120.0,0,,SA and VNS.csv
VNS,10,3,f075,ttd300_n10_L3_f075,225.0,-39634.0283,120.0002,0,,SA and VNS.csv
VNS,10,4,f075,ttd300_n10_L4_f075,189.0,-23642.3451,120.0,0,,SA and VNS.csv
VNS,10,5,f075,ttd300_n10_L5_f075,208.0,-31116.3078,120.0,0,,SA and VNS.csv
VNS,10,1,f100,ttd300_n10_L1_f100,306.0,-29669.7658,120.0,0,,SA and VNS.csv
VNS,10,3,f100,ttd300_n10_L3_f100,300.0,-27048.6463,120.0,0,,SA and VNS.csv
VNS,10,2,f100,ttd300_n10_L2_f100,270.0,-21359.9423,120.0012,0,,SA and VNS.csv
VNS,10,4,f100,ttd300_n10_L4_f100,252.0,-21573.3511,120.0,0,,SA and VNS.csv
VNS,10,5,f100,ttd300_n10_L5_f100,278.0,-29298.4085,120.0,0,,SA and VNS.csv
VNS,20,1,f025,ttd300_n20_L1_f025,96.0,-54904.7824,300.0,0,,SA and VNS.csv
VNS,20,3,f025,ttd300_n20_L3_f025,89.0,-56881.5195,300.0,0,,SA and VNS.csv
VNS,20,4,f025,ttd300_n20_L4_f025,82.0,-48586.3479,300.0,0,,SA and VNS.csv
VNS,20,2,f025,ttd300_n20_L2_f025,75.0,-40691.1572,300.004,0,,SA and VNS.csv
VNS,20,5,f025,ttd300_n20_L5_f025,90.0,-55473.1357,300.0,0,,SA and VNS.csv
VNS,20,1,f050,ttd300_n20_L1_f050,192.0,-49060.5145,300.0027,0,,SA and VNS.csv
VNS,20,2,f050,ttd300_n20_L2_f050,150.0,-30008.7763,300.0572,0,,SA and VNS.csv
VNS,20,3,f050,ttd300_n20_L3_f050,178.0,-41196.6673,300.0673,0,,SA and VNS.csv
VNS,20,5,f050,ttd300_n20_L5_f050,180.0,-43818.6116,300.0261,0,,SA and VNS.csv
VNS,20,4,f050,ttd300_n20_L4_f050,164.0,-35825.5306,300.0471,0,,SA and VNS.csv
VNS,20,1,f075,ttd300_n20_L1_f075,288.0,-33317.762,300.0068,0,,SA and VNS.csv
VNS,20,2,f075,ttd300_n20_L2_f075,224.0,-23628.1266,300.0,0,,SA and VNS.csv
VNS,20,3,f075,ttd300_n20_L3_f075,268.0,-29807.7086,300.0,0,,SA and VNS.csv
VNS,20,4,f075,ttd300_n20_L4_f075,246.0,-26938.013,300.0008,0,,SA and VNS.csv
VNS,20,5,f075,ttd300_n20_L5_f075,270.0,-33232.5669,300.0021,0,,SA and VNS.csv
VNS,20,1,f100,ttd300_n20_L1_f100,384.0,-27599.1875,300.0025,0,,SA and VNS.csv
VNS,20,2,f100,ttd300_n20_L2_f100,299.0,-22887.8817,300.0015,0,,SA and VNS.csv
VNS,20,3,f100,ttd300_n20_L3_f100,357.0,-27853.9042,300.0041,0,,SA and VNS.csv
VNS,20,5,f100,ttd300_n20_L5_f100,360.0,-29856.4348,300.0143,0,,SA and VNS.csv
VNS,20,4,f100,ttd300_n20_L4_f100,328.0,-26839.4334,300.0209,0,,SA and VNS.csv
VNS,30,1,f025,ttd300_n30_L1_f025,94.0,-52332.7778,450.0197,0,,SA and VNS.csv
VNS,30,2,f025,ttd300_n30_L2_f025,93.0,-42801.8218,450.0078,0,,SA and VNS.csv
SA,30,2,f025,ttd300_n30_L2_f025,93.0,-42801.8218,450.0704,0,,SA and VNS.csv
SA,30,1,f025,ttd300_n30_L1_f025,94.0,-52332.7778,450.2353,0,,SA and VNS.csv
VNS,30,3,f025,ttd300_n30_L3_f025,80.0,-48763.3614,450.0194,0,,SA and VNS.csv
SA,30,4,f025,ttd300_n30_L4_f025,87.0,-49102.4367,450.0259,0,,SA and VNS.csv
SA,30,3,f025,ttd300_n30_L3_f025,80.0,-48249.3926,450.1623,0,,SA and VNS.csv
VNS,30,4,f025,ttd300_n30_L4_f025,87.0,-49102.4367,450.0001,0,,SA and VNS.csv
VNS,30,5,f025,ttd300_n30_L5_f025,83.0,-44665.0907,450.0071,0,,SA and VNS.csv
SA,30,1,f050,ttd300_n30_L1_f050,187.0,-35861.5591,450.016,0,,SA and VNS.csv
VNS,30,1,f050,ttd300_n30_L1_f050,187.0,-37177.5024,450.0059,0,,SA and VNS.csv
SA,30,5,f025,ttd300_n30_L5_f025,83.0,-45123.4728,450.2245,0,,SA and VNS.csv
SA,30,2,f050,ttd300_n30_L2_f050,186.0,-37732.8187,450.0147,0,,SA and VNS.csv
VNS,30,2,f050,ttd300_n30_L2_f050,186.0,-37836.8522,450.0,0,,SA and VNS.csv
SA,30,3,f050,ttd300_n30_L3_f050,160.0,-31940.8619,450.0297,0,,SA and VNS.csv
VNS,30,3,f050,ttd300_n30_L3_f050,160.0,-30592.3865,450.0029,0,,SA and VNS.csv
SA,30,4,f050,ttd300_n30_L4_f050,174.0,-33491.447,450.0162,0,,SA and VNS.csv
VNS,30,4,f050,ttd300_n30_L4_f050,174.0,-35380.2186,450.0048,0,,SA and VNS.csv
SA,30,5,f050,ttd300_n30_L5_f050,166.0,-32133.4911,450.0257,0,,SA and VNS.csv
VNS,30,5,f050,ttd300_n30_L5_f050,166.0,-35261.228,450.0,0,,SA and VNS.csv
VNS,30,1,f075,ttd300_n30_L1_f075,280.0,-29716.865,450.0,0,,SA and VNS.csv
VNS,30,2,f075,ttd300_n30_L2_f075,279.0,-36206.6379,450.0051,0,,SA and VNS.csv
SA,30,2,f075,ttd300_n30_L2_f075,279.0,-35117.1495,450.302,0,,SA and VNS.csv
SA,30,1,f075,ttd300_n30_L1_f075,280.0,-30520.0689,450.6116,0,,SA and VNS.csv
VNS,30,3,f075,ttd300_n30_L3_f075,241.0,-27647.3686,450.0012,0,,SA and VNS.csv
SA,30,3,f075,ttd300_n30_L3_f075,241.0,-27885.2212,450.3737,0,,SA and VNS.csv
SA,30,4,f075,ttd300_n30_L4_f075,260.0,-29952.1239,450.1131,0,,SA and VNS.csv
VNS,30,4,f075,ttd300_n30_L4_f075,260.0,-29667.9386,450.0,0,,SA and VNS.csv
SA,30,5,f075,ttd300_n30_L5_f075,248.0,-32152.1612,450.0169,0,,SA and VNS.csv
VNS,30,5,f075,ttd300_n30_L5_f075,248.0,-30278.7767,450.003,0,,SA and VNS.csv
VNS,30,1,f100,ttd300_n30_L1_f100,374.0,-29094.864,450.0387,0,,SA and VNS.csv
SA,30,1,f100,ttd300_n30_L1_f100,374.0,-29291.5384,450.417,0,,SA and VNS.csv
VNS,30,2,f100,ttd300_n30_L2_f100,372.0,-36206.6379,450.0224,0,,SA and VNS.csv
SA,30,3,f100,ttd300_n30_L3_f100,321.0,-27383.6167,450.2824,0,,SA and VNS.csv
VNS,30,3,f100,ttd300_n30_L3_f100,321.0,-28097.2283,450.0673,0,,SA and VNS.csv
SA,30,2,f100,ttd300_n30_L2_f100,372.0,-35493.6604,451.0436,0,,SA and VNS.csv
VNS,30,4,f100,ttd300_n30_L4_f100,347.0,-28969.455,450.0361,0,,SA and VNS.csv
VNS,30,5,f100,ttd300_n30_L5_f100,331.0,-33025.0487,450.0103,0,,SA and VNS.csv
SA,30,4,f100,ttd300_n30_L4_f100,347.0,-29312.4111,451.0544,0,,SA and VNS.csv
SA,30,5,f100,ttd300_n30_L5_f100,331.0,-30523.2378,450.783,0,,SA and VNS.csv
SA,40,1,f025,ttd300_n40_L1_f025,94.0,-44076.4507,600.0343,0,,SA and VNS.csv
VNS,40,1,f025,ttd300_n40_L1_f025,94.0,-43857.6731,600.0,0,,SA and VNS.csv
SA,40,2,f025,ttd300_n40_L2_f025,80.0,-47032.8489,600.0877,0,,SA and VNS.csv
VNS,40,2,f025,ttd300_n40_L2_f025,80.0,-48643.9757,600.0001,0,,SA and VNS.csv
SA,40,3,f025,ttd300_n40_L3_f025,96.0,-53722.7193,600.0314,0,,SA and VNS.csv
VNS,40,3,f025,ttd300_n40_L3_f025,96.0,-53186.9117,600.0,0,,SA and VNS.csv
SA,40,4,f025,ttd300_n40_L4_f025,91.0,-50897.7004,600.033,0,,SA and VNS.csv
VNS,40,4,f025,ttd300_n40_L4_f025,91.0,-51053.5309,600.0252,0,,SA and VNS.csv
SA,40,5,f025,ttd300_n40_L5_f025,100.0,-46288.6623,600.0564,0,,SA and VNS.csv
VNS,40,5,f025,ttd300_n40_L5_f025,100.0,-47928.03,600.0226,0,,SA and VNS.csv
SA,40,1,f050,ttd300_n40_L1_f050,189.0,-33047.7737,600.0342,0,,SA and VNS.csv
VNS,40,1,f050,ttd300_n40_L1_f050,189.0,-35171.3552,600.0761,0,,SA and VNS.csv
SA,40,2,f050,ttd300_n40_L2_f050,160.0,-32688.6174,600.0878,0,,SA and VNS.csv
VNS,40,2,f050,ttd300_n40_L2_f050,160.0,-38786.2328,600.1026,0,,SA and VNS.csv
SA,40,3,f050,ttd300_n40_L3_f050,191.0,-40771.0469,600.0366,0,,SA and VNS.csv
VNS,40,3,f050,ttd300_n40_L3_f050,191.0,-41004.8918,600.1269,0,,SA and VNS.csv
SA,40,4,f050,ttd300_n40_L4_f050,182.0,-31975.2517,600.0382,0,,SA and VNS.csv
VNS,40,4,f050,ttd300_n40_L4_f050,182.0,-37152.1264,600.0828,0,,SA and VNS.csv
SA,40,5,f050,ttd300_n40_L5_f050,200.0,-35630.0424,600.0374,0,,SA and VNS.csv
VNS,40,5,f050,ttd300_n40_L5_f050,200.0,-38001.3868,600.0251,0,,SA and VNS.csv
SA,40,1,f075,ttd300_n40_L1_f075,284.0,-33487.557,600.0422,0,,SA and VNS.csv
VNS,40,1,f075,ttd300_n40_L1_f075,284.0,-34286.0002,600.0,0,,SA and VNS.csv
SA,40,2,f075,ttd300_n40_L2_f075,241.0,-30925.4838,600.037,0,,SA and VNS.csv
VNS,40,2,f075,ttd300_n40_L2_f075,241.0,-34659.0187,600.0,0,,SA and VNS.csv
SA,40,3,f075,ttd300_n40_L3_f075,286.0,-38277.3918,600.064,0,,SA and VNS.csv
VNS,40,3,f075,ttd300_n40_L3_f075,286.0,-35129.0721,600.012,0,,SA and VNS.csv
SA,40,4,f075,ttd300_n40_L4_f075,274.0,-31222.7115,600.0623,0,,SA and VNS.csv
VNS,40,4,f075,ttd300_n40_L4_f075,274.0,-43327.1291,600.208,0,,SA and VNS.csv
SA,40,5,f075,ttd300_n40_L5_f075,300.0,-33823.5688,600.0558,0,,SA and VNS.csv
VNS,40,5,f075,ttd300_n40_L5_f075,300.0,-44765.4204,600.08,0,,SA and VNS.csv
SA,40,1,f100,ttd300_n40_L1_f100,378.0,-32697.9551,600.0724,0,,SA and VNS.csv
VNS,40,1,f100,ttd300_n40_L1_f100,378.0,-33371.1354,600.0335,0,,SA and VNS.csv
SA,40,2,f100,ttd300_n40_L2_f100,321.0,-29672.4152,600.0376,0,,SA and VNS.csv
VNS,40,2,f100,ttd300_n40_L2_f100,321.0,-31868.0446,600.0366,0,,SA and VNS.csv
SA,40,3,f100,ttd300_n40_L3_f100,382.0,-36480.1085,600.0392,0,,SA and VNS.csv
VNS,40,3,f100,ttd300_n40_L3_f100,382.0,-46678.8444,600.0506,0,,SA and VNS.csv
SA,40,4,f100,ttd300_n40_L4_f100,365.0,-31049.7917,600.0405,0,,SA and VNS.csv
VNS,40,4,f100,ttd300_n40_L4_f100,365.0,-44375.5559,600.0344,0,,SA and VNS.csv
SA,40,5,f100,ttd300_n40_L5_f100,400.0,-32523.4498,600.0589,0,,SA and VNS.csv
VNS,40,5,f100,ttd300_n40_L5_f100,400.0,-41631.9435,600.2225,0,,SA and VNS.csv
SA,50,1,f025,ttd300_n50_L1_f025,94.0,-43569.8769,750.0862,0,,SA and VNS.csv
VNS,50,1,f025,ttd300_n50_L1_f025,94.0,-46027.4017,750.0,0,,SA and VNS.csv
SA,50,2,f025,ttd300_n50_L2_f025,86.0,-41307.0819,750.0967,0,,SA and VNS.csv
VNS,50,2,f025,ttd300_n50_L2_f025,86.0,-38732.9835,750.0,0,,SA and VNS.csv
VNS,50,3,f025,ttd300_n50_L3_f025,95.0,-54558.8336,750.0001,0,,SA and VNS.csv
SA,50,3,f025,ttd300_n50_L3_f025,95.0,-54821.7256,750.0544,0,,SA and VNS.csv
SA,50,4,f025,ttd300_n50_L4_f025,94.0,-55137.7048,750.0544,0,,SA and VNS.csv
VNS,50,4,f025,ttd300_n50_L4_f025,94.0,-54030.2676,750.0001,0,,SA and VNS.csv
VNS,50,5,f025,ttd300_n50_L5_f025,93.0,-45257.3569,750.0,0,,SA and VNS.csv
SA,50,5,f025,ttd300_n50_L5_f025,93.0,-45941.8696,750.0529,0,,SA and VNS.csv
SA,50,1,f050,ttd300_n50_L1_f050,187.0,-29631.2504,750.1214,0,,SA and VNS.csv
VNS,50,1,f050,ttd300_n50_L1_f050,187.0,-38200.6711,750.0001,0,,SA and VNS.csv
VNS,50,2,f050,ttd300_n50_L2_f050,172.0,-37253.6391,750.0286,0,,SA and VNS.csv
SA,50,2,f050,ttd300_n50_L2_f050,172.0,-28737.211,750.086,0,,SA and VNS.csv
SA,50,3,f050,ttd300_n50_L3_f050,190.0,-37297.3934,750.161,0,,SA and VNS.csv
VNS,50,3,f050,ttd300_n50_L3_f050,190.0,-41360.2986,750.0,0,,SA and VNS.csv
VNS,50,4,f050,ttd300_n50_L4_f050,188.0,-39408.1559,750.0001,0,,SA and VNS.csv
SA,50,4,f050,ttd300_n50_L4_f050,188.0,-31406.2879,750.1297,0,,SA and VNS.csv
SA,50,5,f050,ttd300_n50_L5_f050,186.0,-34260.3138,750.0625,0,,SA and VNS.csv
VNS,50,5,f050,ttd300_n50_L5_f050,186.0,-41616.9949,750.1887,0,,SA and VNS.csv
SA,50,1,f075,ttd300_n50_L1_f075,280.0,-27566.097,750.061,0,,SA and VNS.csv
VNS,50,1,f075,ttd300_n50_L1_f075,280.0,-39667.7156,750.0001,0,,SA and VNS.csv
SA,50,2,f075,ttd300_n50_L2_f075,257.0,-27591.4642,750.0993,0,,SA and VNS.csv
VNS,50,2,f075,ttd300_n50_L2_f075,257.0,-39395.2983,750.0681,0,,SA and VNS.csv
SA,50,3,f075,ttd300_n50_L3_f075,284.0,-38569.5463,750.0653,0,,SA and VNS.csv
SA,50,4,f075,ttd300_n50_L4_f075,281.0,-31463.1708,750.0948,0,,SA and VNS.csv
VNS,50,4,f075,ttd300_n50_L4_f075,281.0,-45354.9854,750.0,0,,SA and VNS.csv
VNS,50,3,f075,ttd300_n50_L3_f075,284.0,-45528.1083,751.9196,0,,SA and VNS.csv
SA,50,5,f075,ttd300_n50_L5_f075,279.0,-32361.6891,750.0639,0,,SA and VNS.csv
SA,50,1,f100,ttd300_n50_L1_f100,374.0,-27718.6505,750.1,0,,SA and VNS.csv
VNS,50,5,f075,ttd300_n50_L5_f075,279.0,-40435.7248,750.5196,0,,SA and VNS.csv
VNS,50,1,f100,ttd300_n50_L1_f100,374.0,-38268.8468,750.1113,0,,SA and VNS.csv
SA,50,2,f100,ttd300_n50_L2_f100,343.0,-28330.7426,750.0918,0,,SA and VNS.csv
VNS,50,2,f100,ttd300_n50_L2_f100,343.0,-36460.5648,750.2817,0,,SA and VNS.csv
SA,50,3,f100,ttd300_n50_L3_f100,379.0,-38959.9956,750.1641,0,,SA and VNS.csv
VNS,50,3,f100,ttd300_n50_L3_f100,379.0,-48840.4576,750.0001,0,,SA and VNS.csv
SA,50,4,f100,ttd300_n50_L4_f100,375.0,-32213.97,750.113,0,,SA and VNS.csv
VNS,50,4,f100,ttd300_n50_L4_f100,375.0,-47488.4913,750.004,0,,SA and VNS.csv
SA,50,5,f100,ttd300_n50_L5_f100,372.0,-33281.2413,750.0673,0,,SA and VNS.csv
VNS,50,5,f100,ttd300_n50_L5_f100,372.0,-45404.7207,750.4662,0,,SA and VNS.csv
SA,75,1,f025,ttd300_n75_L1_f025,94.0,-44853.4191,975.3731,0,,SA and VNS.csv
VNS,75,1,f025,ttd300_n75_L1_f025,94.0,-42232.1359,975.0001,0,,SA and VNS.csv
SA,75,2,f025,ttd300_n75_L2_f025,97.0,-33099.4911,975.138,0,,SA and VNS.csv
VNS,75,2,f025,ttd300_n75_L2_f025,97.0,-33807.7189,975.0001,0,,SA and VNS.csv
SA,75,3,f025,ttd300_n75_L3_f025,91.0,-40453.4491,975.6813,0,,SA and VNS.csv
VNS,75,3,f025,ttd300_n75_L3_f025,91.0,-46234.9153,975.0001,0,,SA and VNS.csv
SA,75,4,f025,ttd300_n75_L4_f025,88.0,-36209.526,975.1394,0,,SA and VNS.csv
VNS,75,4,f025,ttd300_n75_L4_f025,88.0,-47875.666,975.0001,0,,SA and VNS.csv
SA,75,5,f025,ttd300_n75_L5_f025,100.0,-44526.4716,975.4878,0,,SA and VNS.csv
VNS,75,5,f025,ttd300_n75_L5_f025,100.0,-54429.9568,975.9108,0,,SA and VNS.csv
SA,75,1,f050,ttd300_n75_L1_f050,187.0,-31382.1317,975.4948,0,,SA and VNS.csv
VNS,75,1,f050,ttd300_n75_L1_f050,187.0,-46851.7419,975.6351,0,,SA and VNS.csv
SA,75,2,f050,ttd300_n75_L2_f050,194.0,-26408.3043,975.3631,0,,SA and VNS.csv
VNS,75,2,f050,ttd300_n75_L2_f050,194.0,-28353.1618,975.0001,0,,SA and VNS.csv
SA,75,3,f050,ttd300_n75_L3_f050,182.0,-33081.4065,975.1555,0,,SA and VNS.csv
VNS,75,3,f050,ttd300_n75_L3_f050,182.0,-52588.6843,976.6224,0,,SA and VNS.csv
VNS,75,4,f050,ttd300_n75_L4_f050,177.0,-40928.4047,975.0001,0,,SA and VNS.csv
SA,75,4,f050,ttd300_n75_L4_f050,177.0,-33755.3469,975.3115,0,,SA and VNS.csv
SA,75,5,f050,ttd300_n75_L5_f050,199.0,-31093.9289,975.1544,0,,SA and VNS.csv
VNS,75,5,f050,ttd300_n75_L5_f050,199.0,-51443.3113,975.5385,0,,SA and VNS.csv
VNS,75,1,f075,ttd300_n75_L1_f075,280.0,-46806.2204,975.0001,0,,SA and VNS.csv
SA,75,1,f075,ttd300_n75_L1_f075,280.0,-34624.2603,975.3614,0,,SA and VNS.csv
SA,75,2,f075,ttd300_n75_L2_f075,290.0,-29927.827,975.3397,0,,SA and VNS.csv
VNS,75,2,f075,ttd300_n75_L2_f075,290.0,-33658.4066,977.7082,0,,SA and VNS.csv
SA,75,3,f075,ttd300_n75_L3_f075,272.0,-30715.1164,975.3573,0,,SA and VNS.csv
SA,75,4,f075,ttd300_n75_L4_f075,266.0,-35669.7802,975.2295,0,,SA and VNS.csv
VNS,75,3,f075,ttd300_n75_L3_f075,272.0,-50557.1589,978.2413,0,,SA and VNS.csv
VNS,75,4,f075,ttd300_n75_L4_f075,266.0,-43173.103,975.0342,0,,SA and VNS.csv
SA,75,5,f075,ttd300_n75_L5_f075,298.0,-33277.2828,975.1763,0,,SA and VNS.csv
VNS,75,5,f075,ttd300_n75_L5_f075,298.0,-50913.0815,975.2742,0,,SA and VNS.csv
SA,75,1,f100,ttd300_n75_L1_f100,374.0,-34021.8296,975.2764,0,,SA and VNS.csv
VNS,75,1,f100,ttd300_n75_L1_f100,374.0,-49976.1201,975.0001,0,,SA and VNS.csv
VNS,75,2,f100,ttd300_n75_L2_f100,387.0,-37490.8884,975.0001,0,,SA and VNS.csv
SA,75,2,f100,ttd300_n75_L2_f100,387.0,-28620.5357,975.5379,0,,SA and VNS.csv
SA,75,3,f100,ttd300_n75_L3_f100,363.0,-32480.4757,975.5727,0,,SA and VNS.csv
VNS,75,3,f100,ttd300_n75_L3_f100,363.0,-50112.0655,976.9338,0,,SA and VNS.csv
VNS,75,4,f100,ttd300_n75_L4_f100,354.0,-45357.6149,975.0001,0,,SA and VNS.csv
SA,75,4,f100,ttd300_n75_L4_f100,354.0,-35364.0222,975.2808,0,,SA and VNS.csv
SA,75,5,f100,ttd300_n75_L5_f100,398.0,-35962.5846,975.5447,0,,SA and VNS.csv
VNS,75,5,f100,ttd300_n75_L5_f100,398.0,-51037.6565,975.6451,0,,SA and VNS.csv
VNS,100,1,f025,ttd300_n100_L1_f025,98.0,-61507.9554,1200.0889,0,,SA and VNS.csv
SA,100,1,f025,ttd300_n100_L1_f025,98.0,-40871.9351,1200.8696,0,,SA and VNS.csv
SA,100,2,f025,ttd300_n100_L2_f025,98.0,-32489.9109,1201.4562,0,,SA and VNS.csv
VNS,100,2,f025,ttd300_n100_L2_f025,98.0,-49691.9103,1201.2327,0,,SA and VNS.csv
SA,100,3,f025,ttd300_n100_L3_f025,94.0,-39819.5765,1200.8093,0,,SA and VNS.csv
VNS,100,3,f025,ttd300_n100_L3_f025,94.0,-52217.8872,1200.5903,0,,SA and VNS.csv
SA,100,4,f025,ttd300_n100_L4_f025,93.0,-34093.7966,1201.3441,0,,SA and VNS.csv
VNS,100,4,f025,ttd300_n100_L4_f025,93.0,-56566.3562,1200.0649,0,,SA and VNS.csv
VNS,100,5,f025,ttd300_n100_L5_f025,92.0,-47885.2528,1200.0453,0,,SA and VNS.csv
SA,100,5,f025,ttd300_n100_L5_f025,92.0,-37838.7147,1200.9947,0,,SA and VNS.csv
SA,100,1,f050,ttd300_n100_L1_f050,196.0,-35011.7145,1200.6137,0,,SA and VNS.csv
VNS,100,1,f050,ttd300_n100_L1_f050,196.0,-56932.3189,1201.3523,0,,SA and VNS.csv
SA,100,2,f050,ttd300_n100_L2_f050,195.0,-29291.3149,1200.8134,0,,SA and VNS.csv
VNS,100,2,f050,ttd300_n100_L2_f050,195.0,-43257.1542,1202.4294,0,,SA and VNS.csv
SA,100,3,f050,ttd300_n100_L3_f050,188.0,-32724.7464,1200.6798,0,,SA and VNS.csv
VNS,100,3,f050,ttd300_n100_L3_f050,188.0,-50514.112,1200.6609,0,,SA and VNS.csv
SA,100,4,f050,ttd300_n100_L4_f050,186.0,-30777.9986,1200.2943,0,,SA and VNS.csv
VNS,100,4,f050,ttd300_n100_L4_f050,186.0,-43998.9406,1200.0001,0,,SA and VNS.csv
SA,100,5,f050,ttd300_n100_L5_f050,183.0,-29251.9947,1200.5764,0,,SA and VNS.csv
VNS,100,5,f050,ttd300_n100_L5_f050,183.0,-49226.3249,1200.6142,0,,SA and VNS.csv
SA,100,1,f075,ttd300_n100_L1_f075,295.0,-37224.3766,1201.0016,0,,SA and VNS.csv
VNS,100,1,f075,ttd300_n100_L1_f075,295.0,-59989.5823,1200.1165,0,,SA and VNS.csv
SA,100,2,f075,ttd300_n100_L2_f075,292.0,-29196.8471,1200.7049,0,,SA and VNS.csv
VNS,100,2,f075,ttd300_n100_L2_f075,292.0,-39912.6779,1202.8798,0,,SA and VNS.csv
SA,100,3,f075,ttd300_n100_L3_f075,282.0,-35801.07,1200.6672,0,,SA and VNS.csv
VNS,100,3,f075,ttd300_n100_L3_f075,282.0,-51722.496,1200.0001,0,,SA and VNS.csv
SA,100,4,f075,ttd300_n100_L4_f075,278.0,-22811.3761,1200.4337,0,,SA and VNS.csv
VNS,100,4,f075,ttd300_n100_L4_f075,278.0,-49790.379,1200.0001,0,,SA and VNS.csv
SA,100,5,f075,ttd300_n100_L5_f075,274.0,-31702.6008,1200.8512,0,,SA and VNS.csv
VNS,100,5,f075,ttd300_n100_L5_f075,274.0,-44094.0531,1201.3619,0,,SA and VNS.csv
SA,100,1,f100,ttd300_n100_L1_f100,393.0,-42396.7028,1200.4692,0,,SA and VNS.csv
VNS,100,1,f100,ttd300_n100_L1_f100,393.0,-59495.9462,1204.9278,0,,SA and VNS.csv
SA,100,2,f100,ttd300_n100_L2_f100,390.0,-34659.3225,1200.8229,0,,SA and VNS.csv
SA,100,3,f100,ttd300_n100_L3_f100,376.0,-37856.5761,1200.629,0,,SA and VNS.csv
VNS,100,3,f100,ttd300_n100_L3_f100,376.0,-47047.4205,1200.3927,0,,SA and VNS.csv
VNS,100,2,f100,ttd300_n100_L2_f100,390.0,-41348.0158,1214.8087,0,,SA and VNS.csv
SA,100,4,f100,ttd300_n100_L4_f100,371.0,-30180.5327,1200.4865,0,,SA and VNS.csv
VNS,100,4,f100,ttd300_n100_L4_f100,371.0,-49782.8174,1200.0001,0,,SA and VNS.csv
SA,100,5,f100,ttd300_n100_L5_f100,366.0,-29607.2036,1200.6082,0,,SA and VNS.csv
VNS,100,5,f100,ttd300_n100_L5_f100,366.0,-48777.6097,1200.1383,0,,SA and VNS.csv
VNS,10,3,f025,ttd300_n10_L3_f025,75.0,-46605.8455,120.0,1,,SA and VNS.csv
VNS,10,4,f025,ttd300_n10_L4_f025,63.0,-39204.872,120.0,1,,SA and VNS.csv
VNS,10,1,f025,ttd300_n10_L1_f025,76.0,-45243.1965,120.0,1,,SA and VNS.csv
VNS,10,2,f025,ttd300_n10_L2_f025,68.0,-35485.5482,120.0,1,,SA and VNS.csv
VNS,10,5,f025,ttd300_n10_L5_f025,70.0,-43130.5484,120.0,1,,SA and VNS.csv
VNS,10,1,f050,ttd300_n10_L1_f050,153.0,-41253.16,120.0,1,,SA and VNS.csv
VNS,10,2,f050,ttd300_n10_L2_f050,135.0,-31974.7911,120.0001,1,,SA and VNS.csv
VNS,10,3,f050,ttd300_n10_L3_f050,150.0,-43655.7454,120.0,1,,SA and VNS.csv
VNS,10,4,f050,ttd300_n10_L4_f050,126.0,-36633.872,120.0,1,,SA and VNS.csv
VNS,10,5,f050,ttd300_n10_L5_f050,139.0,-38700.5448,120.0,1,,SA and VNS.csv
VNS,10,1,f075,ttd300_n10_L1_f075,230.0,-34623.121,120.0,1,,SA and VNS.csv
VNS,10,2,f075,ttd300_n10_L2_f075,202.0,-30081.8141,120.0,1,,SA and VNS.csv
VNS,10,3,f075,ttd300_n10_L3_f075,225.0,-39634.0283,120.0,1,,SA and VNS.csv
VNS,10,4,f075,ttd300_n10_L4_f075,189.0,-23642.3451,120.0001,1,,SA and VNS.csv
VNS,10,5,f075,ttd300_n10_L5_f075,208.0,-31116.3078,120.0,1,,SA and VNS.csv
VNS,10,1,f100,ttd300_n10_L1_f100,306.0,-29669.7658,120.0,1,,SA and VNS.csv
VNS,10,2,f100,ttd300_n10_L2_f100,270.0,-21359.9423,120.0,1,,SA and VNS.csv
VNS,10,3,f100,ttd300_n10_L3_f100,300.0,-27048.6463,120.0,1,,SA and VNS.csv
VNS,10,4,f100,ttd300_n10_L4_f100,252.0,-21573.3511,120.0,1,,SA and VNS.csv
VNS,10,5,f100,ttd300_n10_L5_f100,278.0,-29298.4085,120.0,1,,SA and VNS.csv
VNS,10,1,f025,ttd300_n10_L1_f025,76.0,-45243.1965,120.0,2,,SA and VNS.csv
VNS,10,2,f025,ttd300_n10_L2_f025,68.0,-35485.5482,120.0,2,,SA and VNS.csv
VNS,10,3,f025,ttd300_n10_L3_f025,75.0,-46605.8455,120.0,2,,SA and VNS.csv
VNS,10,4,f025,ttd300_n10_L4_f025,63.0,-39204.872,120.0001,2,,SA and VNS.csv
VNS,10,5,f025,ttd300_n10_L5_f025,70.0,-43130.5484,120.0,2,,SA and VNS.csv
VNS,10,1,f050,ttd300_n10_L1_f050,153.0,-41253.16,120.0,2,,SA and VNS.csv
VNS,10,2,f050,ttd300_n10_L2_f050,135.0,-31974.7911,120.0,2,,SA and VNS.csv
VNS,10,3,f050,ttd300_n10_L3_f050,150.0,-43655.7454,120.0,2,,SA and VNS.csv
VNS,10,4,f050,ttd300_n10_L4_f050,126.0,-36633.872,120.0,2,,SA and VNS.csv
VNS,10,5,f050,ttd300_n10_L5_f050,139.0,-38700.5448,120.0,2,,SA and VNS.csv
VNS,10,1,f075,ttd300_n10_L1_f075,230.0,-34623.121,120.0,2,,SA and VNS.csv
VNS,10,2,f075,ttd300_n10_L2_f075,202.0,-30081.8141,120.0001,2,,SA and VNS.csv
VNS,10,3,f075,ttd300_n10_L3_f075,225.0,-39634.0283,120.0,2,,SA and VNS.csv
VNS,10,4,f075,ttd300_n10_L4_f075,189.0,-23642.3451,120.0,2,,SA and VNS.csv
VNS,10,5,f075,ttd300_n10_L5_f075,208.0,-31116.3078,120.0,2,,SA and VNS.csv
VNS,10,1,f100,ttd300_n10_L1_f100,306.0,-29669.7658,120.0,2,,SA and VNS.csv
VNS,10,2,f100,ttd300_n10_L2_f100,270.0,-21359.9423,120.0,2,,SA and VNS.csv
VNS,10,3,f100,ttd300_n10_L3_f100,300.0,-27048.6463,120.0,2,,SA and VNS.csv
VNS,10,4,f100,ttd300_n10_L4_f100,252.0,-21573.3511,120.0011,2,,SA and VNS.csv
VNS,10,5,f100,ttd300_n10_L5_f100,278.0,-29298.4085,120.0,2,,SA and VNS.csv
VNS,10,1,f025,ttd300_n10_L1_f025,76.0,-45243.1965,120.0,3,,SA and VNS.csv
VNS,10,2,f025,ttd300_n10_L2_f025,68.0,-35485.5482,120.0,3,,SA and VNS.csv
VNS,10,3,f025,ttd300_n10_L3_f025,75.0,-46605.8455,120.0002,3,,SA and VNS.csv
VNS,10,4,f025,ttd300_n10_L4_f025,63.0,-39204.872,120.0,3,,SA and VNS.csv
VNS,10,5,f025,ttd300_n10_L5_f025,70.0,-43130.5484,120.0,3,,SA and VNS.csv
VNS,10,1,f050,ttd300_n10_L1_f050,153.0,-41253.16,120.0,3,,SA and VNS.csv
VNS,10,2,f050,ttd300_n10_L2_f050,135.0,-31974.7911,120.0,3,,SA and VNS.csv
VNS,10,3,f050,ttd300_n10_L3_f050,150.0,-43655.7454,120.0,3,,SA and VNS.csv
VNS,10,4,f050,ttd300_n10_L4_f050,126.0,-36633.872,120.0,3,,SA and VNS.csv
VNS,10,5,f050,ttd300_n10_L5_f050,139.0,-38700.5448,120.0,3,,SA and VNS.csv
VNS,10,1,f075,ttd300_n10_L1_f075,230.0,-35054.7293,120.0,3,,SA and VNS.csv
VNS,10,2,f075,ttd300_n10_L2_f075,202.0,-30081.8141,120.0001,3,,SA and VNS.csv
VNS,10,3,f075,ttd300_n10_L3_f075,225.0,-39634.0283,120.0,3,,SA and VNS.csv
VNS,10,4,f075,ttd300_n10_L4_f075,189.0,-23642.3451,120.0,3,,SA and VNS.csv
VNS,10,5,f075,ttd300_n10_L5_f075,208.0,-31116.3078,120.0,3,,SA and VNS.csv
VNS,10,1,f100,ttd300_n10_L1_f100,306.0,-29669.7658,120.0,3,,SA and VNS.csv
VNS,10,2,f100,ttd300_n10_L2_f100,270.0,-21359.9423,120.0004,3,,SA and VNS.csv
VNS,10,3,f100,ttd300_n10_L3_f100,300.0,-27048.6463,120.0,3,,SA and VNS.csv
VNS,10,4,f100,ttd300_n10_L4_f100,252.0,-21573.3511,120.0,3,,SA and VNS.csv
VNS,10,5,f100,ttd300_n10_L5_f100,278.0,-29298.4085,120.0,3,,SA and VNS.csv
VNS,10,1,f025,ttd300_n10_L1_f025,76.0,-45243.1965,120.0,4,,SA and VNS.csv
VNS,10,2,f025,ttd300_n10_L2_f025,68.0,-35485.5482,120.0,4,,SA and VNS.csv
VNS,10,3,f025,ttd300_n10_L3_f025,75.0,-46605.8455,120.0,4,,SA and VNS.csv
VNS,10,4,f025,ttd300_n10_L4_f025,63.0,-39204.872,120.0,4,,SA and VNS.csv
VNS,10,5,f025,ttd300_n10_L5_f025,70.0,-43130.5484,120.0,4,,SA and VNS.csv
VNS,10,1,f050,ttd300_n10_L1_f050,153.0,-41253.16,120.0,4,,SA and VNS.csv
VNS,10,2,f050,ttd300_n10_L2_f050,135.0,-31974.7911,120.0,4,,SA and VNS.csv
VNS,10,3,f050,ttd300_n10_L3_f050,150.0,-43655.7454,120.0005,4,,SA and VNS.csv
VNS,10,4,f050,ttd300_n10_L4_f050,126.0,-36633.872,120.0002,4,,SA and VNS.csv
VNS,10,5,f050,ttd300_n10_L5_f050,139.0,-38700.5448,120.0,4,,SA and VNS.csv
VNS,10,1,f075,ttd300_n10_L1_f075,230.0,-35054.7293,120.0,4,,SA and VNS.csv
VNS,10,2,f075,ttd300_n10_L2_f075,202.0,-30081.8141,120.0,4,,SA and VNS.csv
VNS,10,3,f075,ttd300_n10_L3_f075,225.0,-39634.0283,120.0,4,,SA and VNS.csv
VNS,10,4,f075,ttd300_n10_L4_f075,189.0,-23642.3451,120.0,4,,SA and VNS.csv
VNS,10,5,f075,ttd300_n10_L5_f075,208.0,-31116.3078,120.0,4,,SA and VNS.csv
VNS,10,1,f100,ttd300_n10_L1_f100,306.0,-29669.7658,120.0,4,,SA and VNS.csv
VNS,10,2,f100,ttd300_n10_L2_f100,270.0,-21359.9423,120.0,4,,SA and VNS.csv
VNS,10,3,f100,ttd300_n10_L3_f100,300.0,-27048.6463,120.0,4,,SA and VNS.csv
VNS,10,4,f100,ttd300_n10_L4_f100,252.0,-21573.3511,120.0001,4,,SA and VNS.csv
VNS,10,5,f100,ttd300_n10_L5_f100,278.0,-29298.4085,120.0001,4,,SA and VNS.csv
VNS,20,1,f025,ttd300_n20_L1_f025,96.0,-54904.7824,300.0,1,,SA and VNS.csv
VNS,20,2,f025,ttd300_n20_L2_f025,75.0,-40691.1572,300.0,1,,SA and VNS.csv
VNS,20,3,f025,ttd300_n20_L3_f025,89.0,-56881.5195,300.0007,1,,SA and VNS.csv
VNS,20,4,f025,ttd300_n20_L4_f025,82.0,-48586.3479,300.0,1,,SA and VNS.csv
VNS,20,5,f025,ttd300_n20_L5_f025,90.0,-55473.1357,300.0,1,,SA and VNS.csv
VNS,20,2,f050,ttd300_n20_L2_f050,150.0,-30008.7763,300.0,1,,SA and VNS.csv
VNS,20,3,f050,ttd300_n20_L3_f050,178.0,-41196.6673,300.0028,1,,SA and VNS.csv
VNS,20,1,f050,ttd300_n20_L1_f050,192.0,-48704.9604,300.0649,1,,SA and VNS.csv
VNS,20,4,f050,ttd300_n20_L4_f050,164.0,-35214.2866,300.0,1,,SA and VNS.csv
VNS,20,5,f050,ttd300_n20_L5_f050,180.0,-45228.9723,300.0117,1,,SA and VNS.csv
VNS,20,1,f075,ttd300_n20_L1_f075,288.0,-32908.2537,300.0001,1,,SA and VNS.csv
VNS,20,2,f075,ttd300_n20_L2_f075,224.0,-25614.4096,300.0058,1,,SA and VNS.csv
VNS,20,4,f075,ttd300_n20_L4_f075,246.0,-26449.8208,300.0019,1,,SA and VNS.csv
VNS,20,3,f075,ttd300_n20_L3_f075,268.0,-29807.7086,300.0145,1,,SA and VNS.csv
VNS,20,5,f075,ttd300_n20_L5_f075,270.0,-33232.5669,300.0543,1,,SA and VNS.csv
VNS,20,1,f100,ttd300_n20_L1_f100,384.0,-27599.1875,300.0005,1,,SA and VNS.csv
VNS,20,3,f100,ttd300_n20_L3_f100,357.0,-27853.9042,300.0,1,,SA and VNS.csv
VNS,20,2,f100,ttd300_n20_L2_f100,299.0,-23490.7981,300.0086,1,,SA and VNS.csv
VNS,20,4,f100,ttd300_n20_L4_f100,328.0,-26449.8208,300.0,1,,SA and VNS.csv
VNS,20,5,f100,ttd300_n20_L5_f100,360.0,-29565.0877,300.0074,1,,SA and VNS.csv
VNS,20,1,f025,ttd300_n20_L1_f025,96.0,-54904.7824,300.0,2,,SA and VNS.csv
VNS,20,2,f025,ttd300_n20_L2_f025,75.0,-40691.1572,300.0,2,,SA and VNS.csv
VNS,20,3,f025,ttd300_n20_L3_f025,89.0,-56881.5195,300.0,2,,SA and VNS.csv
VNS,20,4,f025,ttd300_n20_L4_f025,82.0,-48586.3479,300.005,2,,SA and VNS.csv
VNS,20,5,f025,ttd300_n20_L5_f025,90.0,-55473.1357,300.0,2,,SA and VNS.csv
VNS,20,1,f050,ttd300_n20_L1_f050,192.0,-48704.9604,300.0017,2,,SA and VNS.csv
VNS,20,2,f050,ttd300_n20_L2_f050,150.0,-30008.7763,300.0,2,,SA and VNS.csv
VNS,20,3,f050,ttd300_n20_L3_f050,178.0,-41196.6673,300.009,2,,SA and VNS.csv
VNS,20,5,f050,ttd300_n20_L5_f050,180.0,-43046.8091,300.0407,2,,SA and VNS.csv
VNS,20,1,f075,ttd300_n20_L1_f075,288.0,-32908.2537,300.0133,2,,SA and VNS.csv
VNS,20,4,f050,ttd300_n20_L4_f050,164.0,-35214.2866,300.0704,2,,SA and VNS.csv
VNS,20,2,f075,ttd300_n20_L2_f075,224.0,-23628.1266,300.0047,2,,SA and VNS.csv
VNS,20,3,f075,ttd300_n20_L3_f075,268.0,-29807.7086,300.0166,2,,SA and VNS.csv
VNS,20,1,f100,ttd300_n20_L1_f100,384.0,-27599.1875,300.0026,2,,SA and VNS.csv
VNS,20,4,f075,ttd300_n20_L4_f075,246.0,-26449.8208,300.0166,2,,SA and VNS.csv
VNS,20,5,f075,ttd300_n20_L5_f075,270.0,-32898.7142,300.0354,2,,SA and VNS.csv
VNS,20,2,f100,ttd300_n20_L2_f100,299.0,-23615.6057,300.004,2,,SA and VNS.csv
VNS,20,3,f100,ttd300_n20_L3_f100,357.0,-27853.9042,300.0022,2,,SA and VNS.csv
VNS,20,4,f100,ttd300_n20_L4_f100,328.0,-26449.8208,300.0186,2,,SA and VNS.csv
VNS,20,5,f100,ttd300_n20_L5_f100,360.0,-29856.4348,300.0056,2,,SA and VNS.csv
VNS,20,1,f025,ttd300_n20_L1_f025,96.0,-54904.7824,300.0,3,,SA and VNS.csv
VNS,20,2,f025,ttd300_n20_L2_f025,75.0,-40691.1572,300.0,3,,SA and VNS.csv
VNS,20,3,f025,ttd300_n20_L3_f025,89.0,-56881.5195,300.0,3,,SA and VNS.csv
VNS,20,4,f025,ttd300_n20_L4_f025,82.0,-48586.3479,300.0,3,,SA and VNS.csv
VNS,20,5,f025,ttd300_n20_L5_f025,90.0,-55473.1357,300.0,3,,SA and VNS.csv
VNS,20,1,f050,ttd300_n20_L1_f050,192.0,-49060.5145,300.0,3,,SA and VNS.csv
VNS,20,2,f050,ttd300_n20_L2_f050,150.0,-30008.7763,300.0,3,,SA and VNS.csv
VNS,20,3,f050,ttd300_n20_L3_f050,178.0,-41196.6673,300.0178,3,,SA and VNS.csv
VNS,20,1,f075,ttd300_n20_L1_f075,288.0,-32908.2537,300.0119,3,,SA and VNS.csv
VNS,20,4,f050,ttd300_n20_L4_f050,164.0,-35726.9533,300.0462,3,,SA and VNS.csv
VNS,20,2,f075,ttd300_n20_L2_f075,224.0,-23012.4261,300.0,3,,SA and VNS.csv
VNS,20,5,f050,ttd300_n20_L5_f050,180.0,-45064.6558,300.0605,3,,SA and VNS.csv
VNS,20,4,f075,ttd300_n20_L4_f075,246.0,-26449.8208,300.0079,3,,SA and VNS.csv
VNS,20,3,f075,ttd300_n20_L3_f075,268.0,-29807.7086,300.0102,3,,SA and VNS.csv
VNS,20,1,f100,ttd300_n20_L1_f100,384.0,-27599.1875,300.0029,3,,SA and VNS.csv
VNS,20,5,f075,ttd300_n20_L5_f075,270.0,-33232.5669,300.0853,3,,SA and VNS.csv
VNS,20,3,f100,ttd300_n20_L3_f100,357.0,-27853.9042,300.0029,3,,SA and VNS.csv
VNS,20,2,f100,ttd300_n20_L2_f100,299.0,-24217.8678,300.006,3,,SA and VNS.csv
VNS,20,4,f100,ttd300_n20_L4_f100,328.0,-26938.013,300.0203,3,,SA and VNS.csv
VNS,20,5,f100,ttd300_n20_L5_f100,360.0,-29856.4348,300.0072,3,,SA and VNS.csv
VNS,20,1,f025,ttd300_n20_L1_f025,96.0,-54904.7824,300.0,4,,SA and VNS.csv
VNS,20,2,f025,ttd300_n20_L2_f025,75.0,-40691.1572,300.0,4,,SA and VNS.csv
VNS,20,3,f025,ttd300_n20_L3_f025,89.0,-56881.5195,300.0,4,,SA and VNS.csv
VNS,20,4,f025,ttd300_n20_L4_f025,82.0,-48586.3479,300.0,4,,SA and VNS.csv
VNS,20,5,f025,ttd300_n20_L5_f025,90.0,-55473.1357,300.0,4,,SA and VNS.csv
VNS,20,1,f050,ttd300_n20_L1_f050,192.0,-48704.9604,300.0005,4,,SA and VNS.csv
VNS,20,3,f050,ttd300_n20_L3_f050,178.0,-41196.6673,300.0171,4,,SA and VNS.csv
VNS,20,2,f050,ttd300_n20_L2_f050,150.0,-30008.7763,300.0817,4,,SA and VNS.csv
VNS,20,5,f050,ttd300_n20_L5_f050,180.0,-43818.6116,300.0092,4,,SA and VNS.csv
VNS,20,4,f050,ttd300_n20_L4_f050,164.0,-35825.5306,300.0683,4,,SA and VNS.csv
VNS,20,2,f075,ttd300_n20_L2_f075,224.0,-22872.2041,300.0068,4,,SA and VNS.csv
VNS,20,1,f075,ttd300_n20_L1_f075,288.0,-32908.2537,300.0384,4,,SA and VNS.csv
VNS,20,3,f075,ttd300_n20_L3_f075,268.0,-29807.7086,300.0507,4,,SA and VNS.csv
VNS,20,4,f075,ttd300_n20_L4_f075,246.0,-26449.8208,300.0213,4,,SA and VNS.csv
VNS,20,5,f075,ttd300_n20_L5_f075,270.0,-33232.5669,300.0023,4,,SA and VNS.csv
VNS,20,1,f100,ttd300_n20_L1_f100,384.0,-27953.0771,300.0008,4,,SA and VNS.csv
VNS,20,2,f100,ttd300_n20_L2_f100,299.0,-23615.6057,300.0138,4,,SA and VNS.csv
VNS,20,3,f100,ttd300_n20_L3_f100,357.0,-27853.9042,300.001,4,,SA and VNS.csv
VNS,20,4,f100,ttd300_n20_L4_f100,328.0,-28199.5179,300.0093,4,,SA and VNS.csv
VNS,20,5,f100,ttd300_n20_L5_f100,360.0,-29565.0877,300.0086,4,,SA and VNS.csv
VNS,30,2,f025,ttd300_n30_L2_f025,93.0,-42801.8218,450.013,1,,SA and VNS.csv
SA,30,2,f025,ttd300_n30_L2_f025,93.0,-42865.0273,450.0423,1,,SA and VNS.csv
VNS,30,1,f025,ttd300_n30_L1_f025,94.0,-54242.1201,450.2109,1,,SA and VNS.csv
SA,30,1,f025,ttd300_n30_L1_f025,94.0,-52773.6726,450.2802,1,,SA and VNS.csv
VNS,30,3,f025,ttd300_n30_L3_f025,80.0,-48399.0429,450.0397,1,,SA and VNS.csv
SA,30,3,f025,ttd300_n30_L3_f025,80.0,-48249.3926,450.1617,1,,SA and VNS.csv
SA,30,4,f025,ttd300_n30_L4_f025,87.0,-49102.4367,450.0377,1,,SA and VNS.csv
VNS,30,4,f025,ttd300_n30_L4_f025,87.0,-49102.4367,450.0,1,,SA and VNS.csv
SA,30,1,f050,ttd300_n30_L1_f050,187.0,-36714.6248,450.0174,1,,SA and VNS.csv
VNS,30,1,f050,ttd300_n30_L1_f050,187.0,-40166.1362,450.0435,1,,SA and VNS.csv
VNS,30,5,f025,ttd300_n30_L5_f025,83.0,-44665.0907,450.0801,1,,SA and VNS.csv
SA,30,5,f025,ttd300_n30_L5_f025,83.0,-45883.1403,450.2685,1,,SA and VNS.csv
SA,30,2,f050,ttd300_n30_L2_f050,186.0,-37442.4179,450.023,1,,SA and VNS.csv
SA,30,3,f050,ttd300_n30_L3_f050,160.0,-30954.0728,450.0165,1,,SA and VNS.csv
VNS,30,2,f050,ttd300_n30_L2_f050,186.0,-38994.0658,450.0226,1,,SA and VNS.csv
VNS,30,3,f050,ttd300_n30_L3_f050,160.0,-32329.9875,450.0089,1,,SA and VNS.csv
SA,30,4,f050,ttd300_n30_L4_f050,174.0,-33759.3046,450.0169,1,,SA and VNS.csv
VNS,30,4,f050,ttd300_n30_L4_f050,174.0,-36131.9701,450.009,1,,SA and VNS.csv
SA,30,5,f050,ttd300_n30_L5_f050,166.0,-32373.5527,450.0186,1,,SA and VNS.csv
VNS,30,5,f050,ttd300_n30_L5_f050,166.0,-33175.2037,450.0,1,,SA and VNS.csv
VNS,30,2,f075,ttd300_n30_L2_f075,279.0,-36711.6916,450.0087,1,,SA and VNS.csv
VNS,30,1,f075,ttd300_n30_L1_f075,280.0,-32132.968,450.0901,1,,SA and VNS.csv
SA,30,1,f075,ttd300_n30_L1_f075,280.0,-30403.5404,450.2172,1,,SA and VNS.csv
SA,30,2,f075,ttd300_n30_L2_f075,279.0,-35664.574,450.2008,1,,SA and VNS.csv
VNS,30,3,f075,ttd300_n30_L3_f075,241.0,-27369.8642,450.0093,1,,SA and VNS.csv
VNS,30,4,f075,ttd300_n30_L4_f075,260.0,-28774.0203,450.0,1,,SA and VNS.csv
SA,30,4,f075,ttd300_n30_L4_f075,260.0,-30422.8542,450.2578,1,,SA and VNS.csv
SA,30,3,f075,ttd300_n30_L3_f075,241.0,-25540.5289,450.6871,1,,SA and VNS.csv
SA,30,5,f075,ttd300_n30_L5_f075,248.0,-31343.8556,450.0728,1,,SA and VNS.csv
VNS,30,5,f075,ttd300_n30_L5_f075,248.0,-32345.1388,450.0564,1,,SA and VNS.csv
SA,30,1,f100,ttd300_n30_L1_f100,374.0,-29843.0387,450.0166,1,,SA and VNS.csv
VNS,30,1,f100,ttd300_n30_L1_f100,374.0,-30555.9395,450.0198,1,,SA and VNS.csv
VNS,30,2,f100,ttd300_n30_L2_f100,372.0,-35887.3978,450.1123,1,,SA and VNS.csv
SA,30,2,f100,ttd300_n30_L2_f100,372.0,-33902.9446,450.2662,1,,SA and VNS.csv
SA,30,3,f100,ttd300_n30_L3_f100,321.0,-27689.9477,450.2665,1,,SA and VNS.csv
VNS,30,3,f100,ttd300_n30_L3_f100,321.0,-29377.4418,450.1773,1,,SA and VNS.csv
VNS,30,4,f100,ttd300_n30_L4_f100,347.0,-31711.2158,450.0102,1,,SA and VNS.csv
SA,30,5,f100,ttd300_n30_L5_f100,331.0,-29091.9837,450.0185,1,,SA and VNS.csv
VNS,30,5,f100,ttd300_n30_L5_f100,331.0,-31700.7576,450.0951,1,,SA and VNS.csv
SA,30,4,f100,ttd300_n30_L4_f100,347.0,-28656.1039,450.7592,1,,SA and VNS.csv
VNS,30,1,f025,ttd300_n30_L1_f025,94.0,-52332.7778,450.0171,2,,SA and VNS.csv
SA,30,1,f025,ttd300_n30_L1_f025,94.0,-52631.4297,450.5051,2,,SA and VNS.csv
SA,30,2,f025,ttd300_n30_L2_f025,93.0,-42801.8218,450.0405,2,,SA and VNS.csv
VNS,30,2,f025,ttd300_n30_L2_f025,93.0,-44862.6079,450.0402,2,,SA and VNS.csv
SA,30,3,f025,ttd300_n30_L3_f025,80.0,-48249.3926,450.1683,2,,SA and VNS.csv
VNS,30,3,f025,ttd300_n30_L3_f025,80.0,-48399.0429,450.0,2,,SA and VNS.csv
SA,30,4,f025,ttd300_n30_L4_f025,87.0,-49447.4926,450.0281,2,,SA and VNS.csv
VNS,30,4,f025,ttd300_n30_L4_f025,87.0,-49447.4926,450.0,2,,SA and VNS.csv
VNS,30,5,f025,ttd300_n30_L5_f025,83.0,-44665.0907,450.0,2,,SA and VNS.csv
SA,30,1,f050,ttd300_n30_L1_f050,187.0,-36856.7859,450.016,2,,SA and VNS.csv
VNS,30,1,f050,ttd300_n30_L1_f050,187.0,-37469.6486,450.0,2,,SA and VNS.csv
SA,30,5,f025,ttd300_n30_L5_f025,83.0,-45751.5127,450.2589,2,,SA and VNS.csv
SA,30,2,f050,ttd300_n30_L2_f050,186.0,-38546.5862,450.0166,2,,SA and VNS.csv
VNS,30,2,f050,ttd300_n30_L2_f050,186.0,-39233.0877,450.0,2,,SA and VNS.csv
SA,30,3,f050,ttd300_n30_L3_f050,160.0,-31718.4363,450.0178,2,,SA and VNS.csv
VNS,30,3,f050,ttd300_n30_L3_f050,160.0,-31073.8309,450.026,2,,SA and VNS.csv
SA,30,4,f050,ttd300_n30_L4_f050,174.0,-34430.7005,450.0483,2,,SA and VNS.csv
VNS,30,4,f050,ttd300_n30_L4_f050,174.0,-35814.0982,450.0169,2,,SA and VNS.csv
VNS,30,5,f050,ttd300_n30_L5_f050,166.0,-34294.6565,450.0001,2,,SA and VNS.csv
SA,30,5,f050,ttd300_n30_L5_f050,166.0,-33046.4685,450.0327,2,,SA and VNS.csv
VNS,30,1,f075,ttd300_n30_L1_f075,280.0,-32158.8295,450.0129,2,,SA and VNS.csv
VNS,30,2,f075,ttd300_n30_L2_f075,279.0,-36206.6379,450.0754,2,,SA and VNS.csv
SA,30,2,f075,ttd300_n30_L2_f075,279.0,-34597.4849,450.3472,2,,SA and VNS.csv
SA,30,1,f075,ttd300_n30_L1_f075,280.0,-30764.1108,450.8123,2,,SA and VNS.csv
VNS,30,3,f075,ttd300_n30_L3_f075,241.0,-30049.8887,450.0099,2,,SA and VNS.csv
SA,30,3,f075,ttd300_n30_L3_f075,241.0,-26322.466,450.4088,2,,SA and VNS.csv
SA,30,4,f075,ttd300_n30_L4_f075,260.0,-28140.4541,450.21,2,,SA and VNS.csv
VNS,30,4,f075,ttd300_n30_L4_f075,260.0,-28572.1382,450.0152,2,,SA and VNS.csv
VNS,30,5,f075,ttd300_n30_L5_f075,248.0,-32345.1388,450.0534,2,,SA and VNS.csv
SA,30,5,f075,ttd300_n30_L5_f075,248.0,-29504.7082,450.4452,2,,SA and VNS.csv
SA,30,1,f100,ttd300_n30_L1_f100,374.0,-30000.9587,450.018,2,,SA and VNS.csv
VNS,30,1,f100,ttd300_n30_L1_f100,374.0,-28563.0648,450.0,2,,SA and VNS.csv
VNS,30,2,f100,ttd300_n30_L2_f100,372.0,-36724.2585,450.0,2,,SA and VNS.csv
SA,30,2,f100,ttd300_n30_L2_f100,372.0,-34409.9479,450.2466,2,,SA and VNS.csv
VNS,30,3,f100,ttd300_n30_L3_f100,321.0,-37923.5889,450.0744,2,,SA and VNS.csv
SA,30,3,f100,ttd300_n30_L3_f100,321.0,-28224.3281,450.871,2,,SA and VNS.csv
VNS,30,4,f100,ttd300_n30_L4_f100,347.0,-29867.6375,450.0125,2,,SA and VNS.csv
SA,30,5,f100,ttd300_n30_L5_f100,331.0,-30970.7021,450.1602,2,,SA and VNS.csv
SA,30,4,f100,ttd300_n30_L4_f100,347.0,-28194.5849,450.7406,2,,SA and VNS.csv
VNS,30,5,f100,ttd300_n30_L5_f100,331.0,-34431.8126,450.0,2,,SA and VNS.csv
SA,30,1,f025,ttd300_n30_L1_f025,94.0,-53330.2638,450.0257,3,,SA and VNS.csv
VNS,30,1,f025,ttd300_n30_L1_f025,94.0,-54242.1201,450.0561,3,,SA and VNS.csv
SA,30,2,f025,ttd300_n30_L2_f025,93.0,-42801.8218,450.0406,3,,SA and VNS.csv
VNS,30,2,f025,ttd300_n30_L2_f025,93.0,-44862.6079,450.0003,3,,SA and VNS.csv
SA,30,3,f025,ttd300_n30_L3_f025,80.0,-48249.3926,450.1589,3,,SA and VNS.csv
VNS,30,3,f025,ttd300_n30_L3_f025,80.0,-48763.3614,450.0035,3,,SA and VNS.csv
SA,30,4,f025,ttd300_n30_L4_f025,87.0,-49210.9518,450.0225,3,,SA and VNS.csv
VNS,30,4,f025,ttd300_n30_L4_f025,87.0,-49102.4367,450.0017,3,,SA and VNS.csv
VNS,30,5,f025,ttd300_n30_L5_f025,83.0,-44665.0907,450.1275,3,,SA and VNS.csv
SA,30,5,f025,ttd300_n30_L5_f025,83.0,-44766.7324,450.2639,3,,SA and VNS.csv
SA,30,1,f050,ttd300_n30_L1_f050,187.0,-35227.0582,450.0171,3,,SA and VNS.csv
VNS,30,1,f050,ttd300_n30_L1_f050,187.0,-41275.4569,450.0014,3,,SA and VNS.csv
SA,30,2,f050,ttd300_n30_L2_f050,186.0,-37994.161,450.0182,3,,SA and VNS.csv
VNS,30,2,f050,ttd300_n30_L2_f050,186.0,-37836.8522,450.0135,3,,SA and VNS.csv
SA,30,3,f050,ttd300_n30_L3_f050,160.0,-31713.6407,450.0169,3,,SA and VNS.csv
VNS,30,3,f050,ttd300_n30_L3_f050,160.0,-31073.8309,450.0,3,,SA and VNS.csv
SA,30,4,f050,ttd300_n30_L4_f050,174.0,-33930.1552,450.0302,3,,SA and VNS.csv
VNS,30,4,f050,ttd300_n30_L4_f050,174.0,-35176.961,450.0062,3,,SA and VNS.csv
SA,30,5,f050,ttd300_n30_L5_f050,166.0,-33594.3774,450.0274,3,,SA and VNS.csv
VNS,30,5,f050,ttd300_n30_L5_f050,166.0,-34666.2402,450.0,3,,SA and VNS.csv
VNS,30,1,f075,ttd300_n30_L1_f075,280.0,-32882.6368,450.1688,3,,SA and VNS.csv
VNS,30,2,f075,ttd300_n30_L2_f075,279.0,-37878.0474,450.0399,3,,SA and VNS.csv
SA,30,2,f075,ttd300_n30_L2_f075,279.0,-34362.5823,450.8708,3,,SA and VNS.csv
SA,30,1,f075,ttd300_n30_L1_f075,280.0,-29357.515,451.179,3,,SA and VNS.csv
VNS,30,3,f075,ttd300_n30_L3_f075,241.0,-26525.3418,450.0151,3,,SA and VNS.csv
SA,30,3,f075,ttd300_n30_L3_f075,241.0,-27470.9024,450.6009,3,,SA and VNS.csv
VNS,30,4,f075,ttd300_n30_L4_f075,260.0,-28572.1382,450.0075,3,,SA and VNS.csv
SA,30,4,f075,ttd300_n30_L4_f075,260.0,-27375.5934,450.1187,3,,SA and VNS.csv
SA,30,5,f075,ttd300_n30_L5_f075,248.0,-31219.1044,450.1037,3,,SA and VNS.csv
VNS,30,5,f075,ttd300_n30_L5_f075,248.0,-34082.828,450.0,3,,SA and VNS.csv
VNS,30,1,f100,ttd300_n30_L1_f100,374.0,-29094.864,450.037,3,,SA and VNS.csv
SA,30,1,f100,ttd300_n30_L1_f100,374.0,-30062.0553,450.4412,3,,SA and VNS.csv
SA,30,2,f100,ttd300_n30_L2_f100,372.0,-33962.2045,450.2721,3,,SA and VNS.csv
VNS,30,2,f100,ttd300_n30_L2_f100,372.0,-38499.0987,450.0762,3,,SA and VNS.csv
SA,30,3,f100,ttd300_n30_L3_f100,321.0,-27030.9498,450.1983,3,,SA and VNS.csv
VNS,30,3,f100,ttd300_n30_L3_f100,321.0,-28055.7653,450.0,3,,SA and VNS.csv
VNS,30,4,f100,ttd300_n30_L4_f100,347.0,-30039.7083,450.0,3,,SA and VNS.csv
SA,30,4,f100,ttd300_n30_L4_f100,347.0,-28640.2689,450.41,3,,SA and VNS.csv
VNS,30,5,f100,ttd300_n30_L5_f100,331.0,-30905.7834,450.0049,3,,SA and VNS.csv
SA,30,5,f100,ttd300_n30_L5_f100,331.0,-31059.4414,450.3279,3,,SA and VNS.csv
SA,30,1,f025,ttd300_n30_L1_f025,94.0,-53082.7127,450.0236,4,,SA and VNS.csv
VNS,30,1,f025,ttd300_n30_L1_f025,94.0,-54367.252,450.1649,4,,SA and VNS.csv
SA,30,2,f025,ttd300_n30_L2_f025,93.0,-42801.8218,450.0409,4,,SA and VNS.csv
VNS,30,2,f025,ttd300_n30_L2_f025,93.0,-44862.6079,450.0055,4,,SA and VNS.csv
SA,30,3,f025,ttd300_n30_L3_f025,80.0,-48249.3926,450.1671,4,,SA and VNS.csv
VNS,30,3,f025,ttd300_n30_L3_f025,80.0,-48399.0429,450.0007,4,,SA and VNS.csv
SA,30,4,f025,ttd300_n30_L4_f025,87.0,-49522.1979,450.0205,4,,SA and VNS.csv
VNS,30,4,f025,ttd300_n30_L4_f025,87.0,-49102.4367,450.037,4,,SA and VNS.csv
SA,30,5,f025,ttd300_n30_L5_f025,83.0,-44665.0907,450.2538,4,,SA and VNS.csv
VNS,30,5,f025,ttd300_n30_L5_f025,83.0,-44665.0907,450.0261,4,,SA and VNS.csv
VNS,30,1,f050,ttd300_n30_L1_f050,187.0,-41275.4569,450.0,4,,SA and VNS.csv
SA,30,1,f050,ttd300_n30_L1_f050,187.0,-36165.5091,450.3212,4,,SA and VNS.csv
SA,30,2,f050,ttd300_n30_L2_f050,186.0,-37775.0693,450.0281,4,,SA and VNS.csv
VNS,30,2,f050,ttd300_n30_L2_f050,186.0,-37328.7382,450.0,4,,SA and VNS.csv
SA,30,3,f050,ttd300_n30_L3_f050,160.0,-31536.3378,450.019,4,,SA and VNS.csv
VNS,30,3,f050,ttd300_n30_L3_f050,160.0,-30592.3865,450.0201,4,,SA and VNS.csv
SA,30,4,f050,ttd300_n30_L4_f050,174.0,-33994.5498,450.0173,4,,SA and VNS.csv
VNS,30,4,f050,ttd300_n30_L4_f050,174.0,-35138.6974,450.0457,4,,SA and VNS.csv
SA,30,5,f050,ttd300_n30_L5_f050,166.0,-32730.2222,450.0185,4,,SA and VNS.csv
VNS,30,5,f050,ttd300_n30_L5_f050,166.0,-35613.1901,450.0039,4,,SA and VNS.csv
VNS,30,1,f075,ttd300_n30_L1_f075,280.0,-30416.3068,450.043,4,,SA and VNS.csv
SA,30,1,f075,ttd300_n30_L1_f075,280.0,-31013.6961,450.551,4,,SA and VNS.csv
VNS,30,2,f075,ttd300_n30_L2_f075,279.0,-36206.6379,450.0,4,,SA and VNS.csv
SA,30,2,f075,ttd300_n30_L2_f075,279.0,-35867.7638,450.1777,4,,SA and VNS.csv
SA,30,3,f075,ttd300_n30_L3_f075,241.0,-29383.1337,450.0299,4,,SA and VNS.csv
VNS,30,3,f075,ttd300_n30_L3_f075,241.0,-28561.5587,450.0034,4,,SA and VNS.csv
SA,30,4,f075,ttd300_n30_L4_f075,260.0,-29779.2037,450.069,4,,SA and VNS.csv
VNS,30,4,f075,ttd300_n30_L4_f075,260.0,-30667.3352,450.0042,4,,SA and VNS.csv
SA,30,5,f075,ttd300_n30_L5_f075,248.0,-30729.5436,450.1498,4,,SA and VNS.csv
VNS,30,5,f075,ttd300_n30_L5_f075,248.0,-31528.4477,450.0096,4,,SA and VNS.csv
VNS,30,1,f100,ttd300_n30_L1_f100,374.0,-31061.7243,450.0923,4,,SA and VNS.csv
SA,30,1,f100,ttd300_n30_L1_f100,374.0,-27842.4402,451.0574,4,,SA and VNS.csv
VNS,30,2,f100,ttd300_n30_L2_f100,372.0,-37129.1581,450.0602,4,,SA and VNS.csv
SA,30,3,f100,ttd300_n30_L3_f100,321.0,-27086.6575,450.2079,4,,SA and VNS.csv
VNS,30,3,f100,ttd300_n30_L3_f100,321.0,-30148.7099,450.0036,4,,SA and VNS.csv
SA,30,2,f100,ttd300_n30_L2_f100,372.0,-34551.4843,451.7097,4,,SA and VNS.csv
SA,30,4,f100,ttd300_n30_L4_f100,347.0,-29495.1462,450.3782,4,,SA and VNS.csv
VNS,30,4,f100,ttd300_n30_L4_f100,347.0,-28605.5467,450.0421,4,,SA and VNS.csv
VNS,30,5,f100,ttd300_n30_L5_f100,331.0,-30905.7834,450.0427,4,,SA and VNS.csv
SA,30,5,f100,ttd300_n30_L5_f100,331.0,-30877.7251,450.6837,4,,SA and VNS.csv
SA,40,1,f025,ttd300_n40_L1_f025,94.0,-43626.2665,600.033,1,,SA and VNS.csv
VNS,40,1,f025,ttd300_n40_L1_f025,94.0,-42965.9477,600.0058,1,,SA and VNS.csv
SA,40,2,f025,ttd300_n40_L2_f025,80.0,-46477.8955,600.1439,1,,SA and VNS.csv
VNS,40,2,f025,ttd300_n40_L2_f025,80.0,-46372.6659,600.0,1,,SA and VNS.csv
VNS,40,3,f025,ttd300_n40_L3_f025,96.0,-54244.8596,600.0666,1,,SA and VNS.csv
SA,40,3,f025,ttd300_n40_L3_f025,96.0,-54022.8584,600.1882,1,,SA and VNS.csv
SA,40,4,f025,ttd300_n40_L4_f025,91.0,-50966.2765,600.0332,1,,SA and VNS.csv
VNS,40,4,f025,ttd300_n40_L4_f025,91.0,-51033.8834,600.004,1,,SA and VNS.csv
SA,40,5,f025,ttd300_n40_L5_f025,100.0,-47878.8268,600.0343,1,,SA and VNS.csv
VNS,40,5,f025,ttd300_n40_L5_f025,100.0,-47354.2787,600.0001,1,,SA and VNS.csv
SA,40,1,f050,ttd300_n40_L1_f050,189.0,-32699.0651,600.0363,1,,SA and VNS.csv
VNS,40,1,f050,ttd300_n40_L1_f050,189.0,-35171.3552,600.1369,1,,SA and VNS.csv
SA,40,2,f050,ttd300_n40_L2_f050,160.0,-31951.727,600.0766,1,,SA and VNS.csv
VNS,40,2,f050,ttd300_n40_L2_f050,160.0,-38066.7266,600.1165,1,,SA and VNS.csv
SA,40,3,f050,ttd300_n40_L3_f050,191.0,-38476.999,600.0356,1,,SA and VNS.csv
VNS,40,3,f050,ttd300_n40_L3_f050,191.0,-45714.8481,600.1367,1,,SA and VNS.csv
SA,40,4,f050,ttd300_n40_L4_f050,182.0,-33658.5484,600.0332,1,,SA and VNS.csv
VNS,40,4,f050,ttd300_n40_L4_f050,182.0,-35727.4845,600.2236,1,,SA and VNS.csv
SA,40,5,f050,ttd300_n40_L5_f050,200.0,-34715.6551,600.0329,1,,SA and VNS.csv
VNS,40,5,f050,ttd300_n40_L5_f050,200.0,-36689.5587,600.0,1,,SA and VNS.csv
SA,40,1,f075,ttd300_n40_L1_f075,284.0,-32803.6789,600.0356,1,,SA and VNS.csv
VNS,40,1,f075,ttd300_n40_L1_f075,284.0,-34460.7883,600.0487,1,,SA and VNS.csv
SA,40,2,f075,ttd300_n40_L2_f075,241.0,-29326.3629,600.0582,1,,SA and VNS.csv
VNS,40,2,f075,ttd300_n40_L2_f075,241.0,-34528.5699,600.0369,1,,SA and VNS.csv
SA,40,3,f075,ttd300_n40_L3_f075,286.0,-37570.5327,600.0336,1,,SA and VNS.csv
VNS,40,3,f075,ttd300_n40_L3_f075,286.0,-44238.5193,600.5112,1,,SA and VNS.csv
SA,40,4,f075,ttd300_n40_L4_f075,274.0,-32844.5313,600.0335,1,,SA and VNS.csv
VNS,40,4,f075,ttd300_n40_L4_f075,274.0,-41826.1584,600.1107,1,,SA and VNS.csv
SA,40,5,f075,ttd300_n40_L5_f075,300.0,-32349.4554,600.036,1,,SA and VNS.csv
VNS,40,5,f075,ttd300_n40_L5_f075,300.0,-35075.4762,600.0001,1,,SA and VNS.csv
SA,40,1,f100,ttd300_n40_L1_f100,378.0,-32515.4175,600.0397,1,,SA and VNS.csv
VNS,40,1,f100,ttd300_n40_L1_f100,378.0,-36008.201,600.0,1,,SA and VNS.csv
SA,40,2,f100,ttd300_n40_L2_f100,321.0,-28807.6133,600.0384,1,,SA and VNS.csv
VNS,40,2,f100,ttd300_n40_L2_f100,321.0,-29998.5333,600.1754,1,,SA and VNS.csv
SA,40,3,f100,ttd300_n40_L3_f100,382.0,-36001.7788,600.0404,1,,SA and VNS.csv
VNS,40,3,f100,ttd300_n40_L3_f100,382.0,-42423.7682,600.0,1,,SA and VNS.csv
SA,40,4,f100,ttd300_n40_L4_f100,365.0,-33293.7191,600.0894,1,,SA and VNS.csv
VNS,40,4,f100,ttd300_n40_L4_f100,365.0,-45378.9515,600.0001,1,,SA and VNS.csv
SA,40,5,f100,ttd300_n40_L5_f100,400.0,-32335.8639,600.0381,1,,SA and VNS.csv
VNS,40,5,f100,ttd300_n40_L5_f100,400.0,-35717.0194,600.203,1,,SA and VNS.csv
SA,40,1,f025,ttd300_n40_L1_f025,94.0,-44483.3734,600.0649,2,,SA and VNS.csv
VNS,40,1,f025,ttd300_n40_L1_f025,94.0,-43071.9702,600.0001,2,,SA and VNS.csv
SA,40,2,f025,ttd300_n40_L2_f025,80.0,-46598.2137,600.1608,2,,SA and VNS.csv
VNS,40,2,f025,ttd300_n40_L2_f025,80.0,-46544.5809,600.0001,2,,SA and VNS.csv
SA,40,3,f025,ttd300_n40_L3_f025,96.0,-54396.6345,600.0351,2,,SA and VNS.csv
VNS,40,3,f025,ttd300_n40_L3_f025,96.0,-55263.3408,600.1057,2,,SA and VNS.csv
SA,40,4,f025,ttd300_n40_L4_f025,91.0,-51708.2471,600.0312,2,,SA and VNS.csv
VNS,40,4,f025,ttd300_n40_L4_f025,91.0,-51033.8834,600.0001,2,,SA and VNS.csv
SA,40,5,f025,ttd300_n40_L5_f025,100.0,-47279.1356,600.0313,2,,SA and VNS.csv
VNS,40,5,f025,ttd300_n40_L5_f025,100.0,-46093.9044,600.0001,2,,SA and VNS.csv
SA,40,1,f050,ttd300_n40_L1_f050,189.0,-32410.6851,600.0323,2,,SA and VNS.csv
VNS,40,1,f050,ttd300_n40_L1_f050,189.0,-34301.2963,600.1885,2,,SA and VNS.csv
SA,40,2,f050,ttd300_n40_L2_f050,160.0,-35218.4689,600.0339,2,,SA and VNS.csv
VNS,40,2,f050,ttd300_n40_L2_f050,160.0,-36306.7265,600.0001,2,,SA and VNS.csv
SA,40,3,f050,ttd300_n40_L3_f050,191.0,-40342.02,600.0323,2,,SA and VNS.csv
VNS,40,3,f050,ttd300_n40_L3_f050,191.0,-37254.7596,600.0397,2,,SA and VNS.csv
SA,40,4,f050,ttd300_n40_L4_f050,182.0,-33061.9469,600.0536,2,,SA and VNS.csv
VNS,40,4,f050,ttd300_n40_L4_f050,182.0,-33724.8923,600.005,2,,SA and VNS.csv
SA,40,5,f050,ttd300_n40_L5_f050,200.0,-35155.1202,600.0529,2,,SA and VNS.csv
VNS,40,5,f050,ttd300_n40_L5_f050,200.0,-40738.2901,600.0,2,,SA and VNS.csv
SA,40,1,f075,ttd300_n40_L1_f075,284.0,-32453.3161,600.0332,2,,SA and VNS.csv
VNS,40,1,f075,ttd300_n40_L1_f075,284.0,-36555.0673,600.036,2,,SA and VNS.csv
SA,40,2,f075,ttd300_n40_L2_f075,241.0,-30023.2321,600.0764,2,,SA and VNS.csv
VNS,40,2,f075,ttd300_n40_L2_f075,241.0,-33242.3454,600.1271,2,,SA and VNS.csv
VNS,40,3,f075,ttd300_n40_L3_f075,286.0,-44262.9087,600.0001,2,,SA and VNS.csv
SA,40,3,f075,ttd300_n40_L3_f075,286.0,-36223.0913,600.756,2,,SA and VNS.csv
SA,40,4,f075,ttd300_n40_L4_f075,274.0,-33475.3269,600.0328,2,,SA and VNS.csv
VNS,40,4,f075,ttd300_n40_L4_f075,274.0,-36378.6853,600.0,2,,SA and VNS.csv
SA,40,5,f075,ttd300_n40_L5_f075,300.0,-32338.8702,600.061,2,,SA and VNS.csv
VNS,40,5,f075,ttd300_n40_L5_f075,300.0,-42379.7187,600.0001,2,,SA and VNS.csv
SA,40,1,f100,ttd300_n40_L1_f100,378.0,-34171.0527,600.0623,2,,SA and VNS.csv
VNS,40,1,f100,ttd300_n40_L1_f100,378.0,-34201.8671,600.0001,2,,SA and VNS.csv
SA,40,2,f100,ttd300_n40_L2_f100,321.0,-29204.8387,600.0561,2,,SA and VNS.csv
VNS,40,2,f100,ttd300_n40_L2_f100,321.0,-31006.7943,600.053,2,,SA and VNS.csv
SA,40,3,f100,ttd300_n40_L3_f100,382.0,-36155.7023,600.043,2,,SA and VNS.csv
VNS,40,3,f100,ttd300_n40_L3_f100,382.0,-35181.5084,600.0001,2,,SA and VNS.csv
SA,40,4,f100,ttd300_n40_L4_f100,365.0,-32544.7572,600.0551,2,,SA and VNS.csv
VNS,40,4,f100,ttd300_n40_L4_f100,365.0,-40970.4632,600.1316,2,,SA and VNS.csv
SA,40,5,f100,ttd300_n40_L5_f100,400.0,-32976.3965,600.0406,2,,SA and VNS.csv
VNS,40,5,f100,ttd300_n40_L5_f100,400.0,-40345.8189,600.2848,2,,SA and VNS.csv
SA,40,1,f025,ttd300_n40_L1_f025,94.0,-43501.7211,600.0331,3,,SA and VNS.csv
VNS,40,1,f025,ttd300_n40_L1_f025,94.0,-43290.283,600.0001,3,,SA and VNS.csv
SA,40,2,f025,ttd300_n40_L2_f025,80.0,-47221.1489,600.0612,3,,SA and VNS.csv
VNS,40,2,f025,ttd300_n40_L2_f025,80.0,-49529.1649,600.0185,3,,SA and VNS.csv
SA,40,3,f025,ttd300_n40_L3_f025,96.0,-54886.5381,600.0299,3,,SA and VNS.csv
VNS,40,3,f025,ttd300_n40_L3_f025,96.0,-52993.6649,600.0001,3,,SA and VNS.csv
SA,40,4,f025,ttd300_n40_L4_f025,91.0,-51364.0559,600.031,3,,SA and VNS.csv
VNS,40,4,f025,ttd300_n40_L4_f025,91.0,-51463.8376,600.0,3,,SA and VNS.csv
SA,40,5,f025,ttd300_n40_L5_f025,100.0,-47517.0212,600.0313,3,,SA and VNS.csv
VNS,40,5,f025,ttd300_n40_L5_f025,100.0,-45632.4628,600.0,3,,SA and VNS.csv
SA,40,1,f050,ttd300_n40_L1_f050,189.0,-33869.6502,600.0388,3,,SA and VNS.csv
VNS,40,1,f050,ttd300_n40_L1_f050,189.0,-35453.4346,600.028,3,,SA and VNS.csv
SA,40,2,f050,ttd300_n40_L2_f050,160.0,-31643.2311,600.078,3,,SA and VNS.csv
VNS,40,2,f050,ttd300_n40_L2_f050,160.0,-33179.3301,600.0886,3,,SA and VNS.csv
SA,40,3,f050,ttd300_n40_L3_f050,191.0,-40826.2289,600.0326,3,,SA and VNS.csv
VNS,40,3,f050,ttd300_n40_L3_f050,191.0,-40593.2172,600.0001,3,,SA and VNS.csv
SA,40,4,f050,ttd300_n40_L4_f050,182.0,-33032.2478,600.0355,3,,SA and VNS.csv
VNS,40,4,f050,ttd300_n40_L4_f050,182.0,-38279.069,600.0293,3,,SA and VNS.csv
SA,40,5,f050,ttd300_n40_L5_f050,200.0,-35091.9768,600.0328,3,,SA and VNS.csv
VNS,40,5,f050,ttd300_n40_L5_f050,200.0,-36943.4428,600.0338,3,,SA and VNS.csv
SA,40,1,f075,ttd300_n40_L1_f075,284.0,-34115.6676,600.0396,3,,SA and VNS.csv
VNS,40,1,f075,ttd300_n40_L1_f075,284.0,-36210.9466,600.0406,3,,SA and VNS.csv
SA,40,2,f075,ttd300_n40_L2_f075,241.0,-29665.0826,600.1588,3,,SA and VNS.csv
VNS,40,2,f075,ttd300_n40_L2_f075,241.0,-36038.3081,600.0001,3,,SA and VNS.csv
SA,40,3,f075,ttd300_n40_L3_f075,286.0,-37202.8179,600.0559,3,,SA and VNS.csv
VNS,40,3,f075,ttd300_n40_L3_f075,286.0,-48293.612,600.198,3,,SA and VNS.csv
SA,40,4,f075,ttd300_n40_L4_f075,274.0,-30994.5402,600.0352,3,,SA and VNS.csv
VNS,40,4,f075,ttd300_n40_L4_f075,274.0,-33930.0534,600.0,3,,SA and VNS.csv
SA,40,5,f075,ttd300_n40_L5_f075,300.0,-32765.0542,600.0542,3,,SA and VNS.csv
VNS,40,5,f075,ttd300_n40_L5_f075,300.0,-41312.567,600.2307,3,,SA and VNS.csv
SA,40,1,f100,ttd300_n40_L1_f100,378.0,-31373.5041,600.069,3,,SA and VNS.csv
VNS,40,1,f100,ttd300_n40_L1_f100,378.0,-32740.8877,600.1385,3,,SA and VNS.csv
SA,40,2,f100,ttd300_n40_L2_f100,321.0,-28748.8279,600.0411,3,,SA and VNS.csv
VNS,40,2,f100,ttd300_n40_L2_f100,321.0,-31007.3653,600.0465,3,,SA and VNS.csv
VNS,40,3,f100,ttd300_n40_L3_f100,382.0,-47006.8425,600.1267,3,,SA and VNS.csv
SA,40,3,f100,ttd300_n40_L3_f100,382.0,-36349.9481,601.2779,3,,SA and VNS.csv
SA,40,4,f100,ttd300_n40_L4_f100,365.0,-32481.0331,600.057,3,,SA and VNS.csv
VNS,40,4,f100,ttd300_n40_L4_f100,365.0,-45378.9515,600.0339,3,,SA and VNS.csv
SA,40,5,f100,ttd300_n40_L5_f100,400.0,-32895.0821,600.0373,3,,SA and VNS.csv
VNS,40,5,f100,ttd300_n40_L5_f100,400.0,-38506.1301,600.0116,3,,SA and VNS.csv
SA,40,1,f025,ttd300_n40_L1_f025,94.0,-44388.4934,600.033,4,,SA and VNS.csv
VNS,40,1,f025,ttd300_n40_L1_f025,94.0,-43625.2538,600.0,4,,SA and VNS.csv
SA,40,2,f025,ttd300_n40_L2_f025,80.0,-46049.4661,600.0335,4,,SA and VNS.csv
VNS,40,2,f025,ttd300_n40_L2_f025,80.0,-46544.5809,600.0,4,,SA and VNS.csv
SA,40,3,f025,ttd300_n40_L3_f025,96.0,-54362.1036,600.0641,4,,SA and VNS.csv
VNS,40,3,f025,ttd300_n40_L3_f025,96.0,-52126.6609,600.0,4,,SA and VNS.csv
SA,40,4,f025,ttd300_n40_L4_f025,91.0,-51167.06,600.036,4,,SA and VNS.csv
VNS,40,4,f025,ttd300_n40_L4_f025,91.0,-52945.6597,600.0001,4,,SA and VNS.csv
SA,40,5,f025,ttd300_n40_L5_f025,100.0,-46237.9845,600.0519,4,,SA and VNS.csv
VNS,40,5,f025,ttd300_n40_L5_f025,100.0,-48142.3857,600.0,4,,SA and VNS.csv
SA,40,1,f050,ttd300_n40_L1_f050,189.0,-33116.1482,600.0335,4,,SA and VNS.csv
VNS,40,1,f050,ttd300_n40_L1_f050,189.0,-35396.2139,600.1135,4,,SA and VNS.csv
SA,40,2,f050,ttd300_n40_L2_f050,160.0,-35246.0774,600.0331,4,,SA and VNS.csv
VNS,40,2,f050,ttd300_n40_L2_f050,160.0,-36243.0981,600.0,4,,SA and VNS.csv
SA,40,3,f050,ttd300_n40_L3_f050,191.0,-37267.3559,600.0581,4,,SA and VNS.csv
VNS,40,3,f050,ttd300_n40_L3_f050,191.0,-37686.9442,600.0001,4,,SA and VNS.csv
SA,40,4,f050,ttd300_n40_L4_f050,182.0,-32403.8347,600.0793,4,,SA and VNS.csv
VNS,40,4,f050,ttd300_n40_L4_f050,182.0,-34763.3008,600.0,4,,SA and VNS.csv
SA,40,5,f050,ttd300_n40_L5_f050,200.0,-35780.4477,600.0393,4,,SA and VNS.csv
VNS,40,5,f050,ttd300_n40_L5_f050,200.0,-39763.349,600.0001,4,,SA and VNS.csv
SA,40,1,f075,ttd300_n40_L1_f075,284.0,-32596.7296,600.0397,4,,SA and VNS.csv
VNS,40,1,f075,ttd300_n40_L1_f075,284.0,-34916.0653,600.0,4,,SA and VNS.csv
SA,40,2,f075,ttd300_n40_L2_f075,241.0,-28926.4694,600.0635,4,,SA and VNS.csv
VNS,40,2,f075,ttd300_n40_L2_f075,241.0,-30213.7884,600.0888,4,,SA and VNS.csv
VNS,40,3,f075,ttd300_n40_L3_f075,286.0,-36236.4489,600.0116,4,,SA and VNS.csv
SA,40,3,f075,ttd300_n40_L3_f075,286.0,-38287.9413,600.0369,4,,SA and VNS.csv
SA,40,4,f075,ttd300_n40_L4_f075,274.0,-30764.2689,600.0328,4,,SA and VNS.csv
VNS,40,4,f075,ttd300_n40_L4_f075,274.0,-41826.1584,600.0784,4,,SA and VNS.csv
SA,40,5,f075,ttd300_n40_L5_f075,300.0,-31896.068,600.035,4,,SA and VNS.csv
VNS,40,5,f075,ttd300_n40_L5_f075,300.0,-36147.0019,600.0624,4,,SA and VNS.csv
SA,40,1,f100,ttd300_n40_L1_f100,378.0,-33721.9692,600.0594,4,,SA and VNS.csv
VNS,40,1,f100,ttd300_n40_L1_f100,378.0,-38563.7671,600.1331,4,,SA and VNS.csv
SA,40,2,f100,ttd300_n40_L2_f100,321.0,-30510.0961,600.0408,4,,SA and VNS.csv
VNS,40,2,f100,ttd300_n40_L2_f100,321.0,-31868.0446,600.2166,4,,SA and VNS.csv
VNS,40,3,f100,ttd300_n40_L3_f100,382.0,-42367.605,600.1304,4,,SA and VNS.csv
SA,40,3,f100,ttd300_n40_L3_f100,382.0,-36368.1712,602.0475,4,,SA and VNS.csv
SA,40,4,f100,ttd300_n40_L4_f100,365.0,-32763.2955,600.0375,4,,SA and VNS.csv
VNS,40,4,f100,ttd300_n40_L4_f100,365.0,-44644.3408,600.2492,4,,SA and VNS.csv
SA,40,5,f100,ttd300_n40_L5_f100,400.0,-32992.4844,600.0369,4,,SA and VNS.csv
VNS,40,5,f100,ttd300_n40_L5_f100,400.0,-41698.949,600.1974,4,,SA and VNS.csv
SA,50,1,f025,ttd300_n50_L1_f025,94.0,-44977.8078,750.1122,1,,SA and VNS.csv
VNS,50,1,f025,ttd300_n50_L1_f025,94.0,-46159.4273,750.0001,1,,SA and VNS.csv
SA,50,2,f025,ttd300_n50_L2_f025,86.0,-41383.865,750.0931,1,,SA and VNS.csv
VNS,50,2,f025,ttd300_n50_L2_f025,86.0,-42325.287,750.0001,1,,SA and VNS.csv
SA,50,3,f025,ttd300_n50_L3_f025,95.0,-56675.4982,750.0532,1,,SA and VNS.csv
VNS,50,3,f025,ttd300_n50_L3_f025,95.0,-56573.8861,750.0001,1,,SA and VNS.csv
SA,50,4,f025,ttd300_n50_L4_f025,94.0,-55795.6703,750.1158,1,,SA and VNS.csv
VNS,50,4,f025,ttd300_n50_L4_f025,94.0,-55950.7243,750.0001,1,,SA and VNS.csv
SA,50,5,f025,ttd300_n50_L5_f025,93.0,-48302.5488,750.0585,1,,SA and VNS.csv
VNS,50,5,f025,ttd300_n50_L5_f025,93.0,-45389.942,750.0001,1,,SA and VNS.csv
SA,50,1,f050,ttd300_n50_L1_f050,187.0,-27221.1579,750.0561,1,,SA and VNS.csv
VNS,50,1,f050,ttd300_n50_L1_f050,187.0,-34769.3964,750.0001,1,,SA and VNS.csv
SA,50,2,f050,ttd300_n50_L2_f050,172.0,-29155.3038,750.0603,1,,SA and VNS.csv
VNS,50,2,f050,ttd300_n50_L2_f050,172.0,-34713.3322,750.0001,1,,SA and VNS.csv
SA,50,3,f050,ttd300_n50_L3_f050,190.0,-39006.9474,750.0601,1,,SA and VNS.csv
VNS,50,3,f050,ttd300_n50_L3_f050,190.0,-41782.4769,750.0001,1,,SA and VNS.csv
VNS,50,4,f050,ttd300_n50_L4_f050,188.0,-35120.0458,750.0001,1,,SA and VNS.csv
SA,50,4,f050,ttd300_n50_L4_f050,188.0,-32913.6488,750.1391,1,,SA and VNS.csv
SA,50,5,f050,ttd300_n50_L5_f050,186.0,-32360.5048,750.0599,1,,SA and VNS.csv
VNS,50,5,f050,ttd300_n50_L5_f050,186.0,-45638.644,750.0001,1,,SA and VNS.csv
VNS,50,1,f075,ttd300_n50_L1_f075,280.0,-33939.2141,750.0001,1,,SA and VNS.csv
SA,50,1,f075,ttd300_n50_L1_f075,280.0,-27165.9067,750.0993,1,,SA and VNS.csv
SA,50,2,f075,ttd300_n50_L2_f075,257.0,-24930.1046,750.1332,1,,SA and VNS.csv
VNS,50,2,f075,ttd300_n50_L2_f075,257.0,-35434.8475,750.1852,1,,SA and VNS.csv
SA,50,3,f075,ttd300_n50_L3_f075,284.0,-38317.3714,750.0655,1,,SA and VNS.csv
VNS,50,3,f075,ttd300_n50_L3_f075,284.0,-46603.0423,750.0465,1,,SA and VNS.csv
SA,50,4,f075,ttd300_n50_L4_f075,281.0,-31260.5323,750.0633,1,,SA and VNS.csv
VNS,50,4,f075,ttd300_n50_L4_f075,281.0,-42009.8847,750.1943,1,,SA and VNS.csv
SA,50,5,f075,ttd300_n50_L5_f075,279.0,-32802.1082,750.1273,1,,SA and VNS.csv
VNS,50,5,f075,ttd300_n50_L5_f075,279.0,-41841.0837,750.4063,1,,SA and VNS.csv
SA,50,1,f100,ttd300_n50_L1_f100,374.0,-27728.0143,750.199,1,,SA and VNS.csv
VNS,50,1,f100,ttd300_n50_L1_f100,374.0,-38029.9441,750.013,1,,SA and VNS.csv
SA,50,2,f100,ttd300_n50_L2_f100,343.0,-26683.2879,750.1146,1,,SA and VNS.csv
VNS,50,2,f100,ttd300_n50_L2_f100,343.0,-36315.1974,750.0,1,,SA and VNS.csv
SA,50,3,f100,ttd300_n50_L3_f100,379.0,-39309.0205,750.0728,1,,SA and VNS.csv
VNS,50,3,f100,ttd300_n50_L3_f100,379.0,-44575.1605,750.5003,1,,SA and VNS.csv
SA,50,4,f100,ttd300_n50_L4_f100,375.0,-31713.059,750.0675,1,,SA and VNS.csv
VNS,50,4,f100,ttd300_n50_L4_f100,375.0,-56258.5966,750.0566,1,,SA and VNS.csv
SA,50,5,f100,ttd300_n50_L5_f100,372.0,-35393.8829,750.0677,1,,SA and VNS.csv
VNS,50,5,f100,ttd300_n50_L5_f100,372.0,-44592.7639,750.3719,1,,SA and VNS.csv
SA,50,1,f025,ttd300_n50_L1_f025,94.0,-45628.8452,750.0544,2,,SA and VNS.csv
VNS,50,1,f025,ttd300_n50_L1_f025,94.0,-45728.3924,750.0001,2,,SA and VNS.csv
SA,50,2,f025,ttd300_n50_L2_f025,86.0,-40485.526,750.1111,2,,SA and VNS.csv
VNS,50,2,f025,ttd300_n50_L2_f025,86.0,-40563.552,750.0001,2,,SA and VNS.csv
VNS,50,3,f025,ttd300_n50_L3_f025,95.0,-52985.3681,750.0001,2,,SA and VNS.csv
SA,50,3,f025,ttd300_n50_L3_f025,95.0,-54077.2746,750.1874,2,,SA and VNS.csv
SA,50,4,f025,ttd300_n50_L4_f025,94.0,-55560.6495,750.0527,2,,SA and VNS.csv
VNS,50,4,f025,ttd300_n50_L4_f025,94.0,-54933.1464,750.0001,2,,SA and VNS.csv
VNS,50,5,f025,ttd300_n50_L5_f025,93.0,-46179.6638,750.0001,2,,SA and VNS.csv
SA,50,5,f025,ttd300_n50_L5_f025,93.0,-48174.0034,750.0571,2,,SA and VNS.csv
SA,50,1,f050,ttd300_n50_L1_f050,187.0,-27299.0221,750.0688,2,,SA and VNS.csv
VNS,50,1,f050,ttd300_n50_L1_f050,187.0,-33101.284,750.0685,2,,SA and VNS.csv
VNS,50,2,f050,ttd300_n50_L2_f050,172.0,-27408.2133,750.0001,2,,SA and VNS.csv
SA,50,2,f050,ttd300_n50_L2_f050,172.0,-30408.9058,750.0589,2,,SA and VNS.csv
SA,50,3,f050,ttd300_n50_L3_f050,190.0,-39635.6205,750.1375,2,,SA and VNS.csv
VNS,50,3,f050,ttd300_n50_L3_f050,190.0,-43453.8189,750.0001,2,,SA and VNS.csv
VNS,50,4,f050,ttd300_n50_L4_f050,188.0,-36735.7779,750.0001,2,,SA and VNS.csv
SA,50,4,f050,ttd300_n50_L4_f050,188.0,-33335.2181,750.107,2,,SA and VNS.csv
SA,50,5,f050,ttd300_n50_L5_f050,186.0,-32097.2616,750.0951,2,,SA and VNS.csv
VNS,50,5,f050,ttd300_n50_L5_f050,186.0,-43333.5356,750.1376,2,,SA and VNS.csv
VNS,50,1,f075,ttd300_n50_L1_f075,280.0,-30810.6617,750.0001,2,,SA and VNS.csv
SA,50,1,f075,ttd300_n50_L1_f075,280.0,-29954.9151,750.1094,2,,SA and VNS.csv
SA,50,2,f075,ttd300_n50_L2_f075,257.0,-26790.7997,750.11,2,,SA and VNS.csv
VNS,50,2,f075,ttd300_n50_L2_f075,257.0,-38044.9581,750.0334,2,,SA and VNS.csv
SA,50,3,f075,ttd300_n50_L3_f075,284.0,-39138.504,750.0656,2,,SA and VNS.csv
VNS,50,3,f075,ttd300_n50_L3_f075,284.0,-46203.657,750.7316,2,,SA and VNS.csv
SA,50,4,f075,ttd300_n50_L4_f075,281.0,-31414.2605,750.1057,2,,SA and VNS.csv
VNS,50,4,f075,ttd300_n50_L4_f075,281.0,-39613.7795,750.8545,2,,SA and VNS.csv
SA,50,5,f075,ttd300_n50_L5_f075,279.0,-33756.6314,750.1088,2,,SA and VNS.csv
VNS,50,5,f075,ttd300_n50_L5_f075,279.0,-42284.4391,750.0001,2,,SA and VNS.csv
SA,50,1,f100,ttd300_n50_L1_f100,374.0,-29701.0783,750.1029,2,,SA and VNS.csv
VNS,50,1,f100,ttd300_n50_L1_f100,374.0,-33927.1845,750.0001,2,,SA and VNS.csv
SA,50,2,f100,ttd300_n50_L2_f100,343.0,-27439.4625,750.1435,2,,SA and VNS.csv
VNS,50,2,f100,ttd300_n50_L2_f100,343.0,-39756.8076,750.4276,2,,SA and VNS.csv
SA,50,3,f100,ttd300_n50_L3_f100,379.0,-39365.7243,750.1329,2,,SA and VNS.csv
VNS,50,3,f100,ttd300_n50_L3_f100,379.0,-47773.7204,751.0874,2,,SA and VNS.csv
SA,50,4,f100,ttd300_n50_L4_f100,375.0,-31714.0778,750.146,2,,SA and VNS.csv
VNS,50,4,f100,ttd300_n50_L4_f100,375.0,-52240.9272,750.2526,2,,SA and VNS.csv
SA,50,5,f100,ttd300_n50_L5_f100,372.0,-34539.8305,750.1036,2,,SA and VNS.csv
VNS,50,5,f100,ttd300_n50_L5_f100,372.0,-42140.3435,750.1886,2,,SA and VNS.csv
SA,50,1,f025,ttd300_n50_L1_f025,94.0,-45086.1621,750.0611,3,,SA and VNS.csv
VNS,50,1,f025,ttd300_n50_L1_f025,94.0,-46355.4234,750.0001,3,,SA and VNS.csv
SA,50,2,f025,ttd300_n50_L2_f025,86.0,-42050.433,750.0553,3,,SA and VNS.csv
VNS,50,2,f025,ttd300_n50_L2_f025,86.0,-37379.6049,750.0001,3,,SA and VNS.csv
SA,50,3,f025,ttd300_n50_L3_f025,95.0,-54294.9109,750.1143,3,,SA and VNS.csv
VNS,50,3,f025,ttd300_n50_L3_f025,95.0,-53134.2389,750.0001,3,,SA and VNS.csv
SA,50,4,f025,ttd300_n50_L4_f025,94.0,-56276.4881,750.0913,3,,SA and VNS.csv
VNS,50,4,f025,ttd300_n50_L4_f025,94.0,-54495.7329,750.0001,3,,SA and VNS.csv
SA,50,5,f025,ttd300_n50_L5_f025,93.0,-48855.0894,750.0541,3,,SA and VNS.csv
VNS,50,5,f025,ttd300_n50_L5_f025,93.0,-53498.6996,750.0001,3,,SA and VNS.csv
SA,50,1,f050,ttd300_n50_L1_f050,187.0,-28172.3732,750.0941,3,,SA and VNS.csv
VNS,50,1,f050,ttd300_n50_L1_f050,187.0,-38796.0756,750.0001,3,,SA and VNS.csv
SA,50,2,f050,ttd300_n50_L2_f050,172.0,-28081.3872,750.1162,3,,SA and VNS.csv
VNS,50,2,f050,ttd300_n50_L2_f050,172.0,-30454.9955,750.0001,3,,SA and VNS.csv
SA,50,3,f050,ttd300_n50_L3_f050,190.0,-39530.8581,750.0601,3,,SA and VNS.csv
VNS,50,3,f050,ttd300_n50_L3_f050,190.0,-38442.445,750.0001,3,,SA and VNS.csv
SA,50,4,f050,ttd300_n50_L4_f050,188.0,-32066.4218,750.0562,3,,SA and VNS.csv
VNS,50,4,f050,ttd300_n50_L4_f050,188.0,-37172.6539,750.0001,3,,SA and VNS.csv
SA,50,5,f050,ttd300_n50_L5_f050,186.0,-35158.9346,750.0592,3,,SA and VNS.csv
VNS,50,5,f050,ttd300_n50_L5_f050,186.0,-33184.2472,750.0001,3,,SA and VNS.csv
SA,50,1,f075,ttd300_n50_L1_f075,280.0,-26611.9205,750.1338,3,,SA and VNS.csv
VNS,50,1,f075,ttd300_n50_L1_f075,280.0,-38656.0297,750.0937,3,,SA and VNS.csv
SA,50,2,f075,ttd300_n50_L2_f075,257.0,-26101.1917,750.063,3,,SA and VNS.csv
VNS,50,2,f075,ttd300_n50_L2_f075,257.0,-34923.3359,750.2587,3,,SA and VNS.csv
SA,50,3,f075,ttd300_n50_L3_f075,284.0,-39586.9612,750.0952,3,,SA and VNS.csv
VNS,50,3,f075,ttd300_n50_L3_f075,284.0,-48732.5537,750.4406,3,,SA and VNS.csv
SA,50,4,f075,ttd300_n50_L4_f075,281.0,-31903.9422,750.1702,3,,SA and VNS.csv
VNS,50,4,f075,ttd300_n50_L4_f075,281.0,-43125.5474,750.9354,3,,SA and VNS.csv
SA,50,5,f075,ttd300_n50_L5_f075,279.0,-32888.1306,750.0983,3,,SA and VNS.csv
VNS,50,5,f075,ttd300_n50_L5_f075,279.0,-44091.6499,750.6627,3,,SA and VNS.csv
SA,50,1,f100,ttd300_n50_L1_f100,374.0,-30093.8118,750.065,3,,SA and VNS.csv
VNS,50,1,f100,ttd300_n50_L1_f100,374.0,-37115.2889,750.2078,3,,SA and VNS.csv
SA,50,2,f100,ttd300_n50_L2_f100,343.0,-28205.7099,750.0942,3,,SA and VNS.csv
VNS,50,2,f100,ttd300_n50_L2_f100,343.0,-39626.3331,750.1595,3,,SA and VNS.csv
SA,50,3,f100,ttd300_n50_L3_f100,379.0,-39828.7936,750.1827,3,,SA and VNS.csv
VNS,50,3,f100,ttd300_n50_L3_f100,379.0,-52504.7086,751.5788,3,,SA and VNS.csv
SA,50,4,f100,ttd300_n50_L4_f100,375.0,-33604.4049,750.109,3,,SA and VNS.csv
VNS,50,4,f100,ttd300_n50_L4_f100,375.0,-52638.8908,750.1669,3,,SA and VNS.csv
SA,50,5,f100,ttd300_n50_L5_f100,372.0,-34205.494,750.0727,3,,SA and VNS.csv
VNS,50,5,f100,ttd300_n50_L5_f100,372.0,-46287.1131,750.2496,3,,SA and VNS.csv
SA,50,1,f025,ttd300_n50_L1_f025,94.0,-45434.5933,750.0593,4,,SA and VNS.csv
VNS,50,1,f025,ttd300_n50_L1_f025,94.0,-44588.3268,750.0001,4,,SA and VNS.csv
SA,50,2,f025,ttd300_n50_L2_f025,86.0,-41404.1021,750.1129,4,,SA and VNS.csv
VNS,50,2,f025,ttd300_n50_L2_f025,86.0,-39273.4897,750.0001,4,,SA and VNS.csv
SA,50,3,f025,ttd300_n50_L3_f025,95.0,-55674.6935,750.0565,4,,SA and VNS.csv
VNS,50,3,f025,ttd300_n50_L3_f025,95.0,-57286.6431,750.0001,4,,SA and VNS.csv
SA,50,4,f025,ttd300_n50_L4_f025,94.0,-56501.8062,750.0919,4,,SA and VNS.csv
VNS,50,4,f025,ttd300_n50_L4_f025,94.0,-55272.2548,750.0001,4,,SA and VNS.csv
SA,50,5,f025,ttd300_n50_L5_f025,93.0,-47996.2105,750.0544,4,,SA and VNS.csv
VNS,50,5,f025,ttd300_n50_L5_f025,93.0,-47485.891,750.0208,4,,SA and VNS.csv
SA,50,1,f050,ttd300_n50_L1_f050,187.0,-29815.7493,750.0645,4,,SA and VNS.csv
VNS,50,1,f050,ttd300_n50_L1_f050,187.0,-39298.4207,750.1422,4,,SA and VNS.csv
SA,50,2,f050,ttd300_n50_L2_f050,172.0,-29445.8038,750.0891,4,,SA and VNS.csv
VNS,50,2,f050,ttd300_n50_L2_f050,172.0,-32006.9036,750.0361,4,,SA and VNS.csv
SA,50,3,f050,ttd300_n50_L3_f050,190.0,-40383.2507,750.0924,4,,SA and VNS.csv
VNS,50,3,f050,ttd300_n50_L3_f050,190.0,-42578.0467,750.0001,4,,SA and VNS.csv
SA,50,4,f050,ttd300_n50_L4_f050,188.0,-31966.9613,750.0932,4,,SA and VNS.csv
VNS,50,4,f050,ttd300_n50_L4_f050,188.0,-37450.3987,750.0001,4,,SA and VNS.csv
SA,50,5,f050,ttd300_n50_L5_f050,186.0,-32806.3545,750.095,4,,SA and VNS.csv
VNS,50,5,f050,ttd300_n50_L5_f050,186.0,-34821.0142,750.0001,4,,SA and VNS.csv
SA,50,1,f075,ttd300_n50_L1_f075,280.0,-26803.0537,750.1115,4,,SA and VNS.csv
VNS,50,1,f075,ttd300_n50_L1_f075,280.0,-40482.5135,750.0,4,,SA and VNS.csv
SA,50,2,f075,ttd300_n50_L2_f075,257.0,-27231.978,750.0654,4,,SA and VNS.csv
VNS,50,2,f075,ttd300_n50_L2_f075,257.0,-31926.8624,750.0569,4,,SA and VNS.csv
SA,50,3,f075,ttd300_n50_L3_f075,284.0,-38240.5217,750.0622,4,,SA and VNS.csv
VNS,50,3,f075,ttd300_n50_L3_f075,284.0,-45450.0127,750.0425,4,,SA and VNS.csv
SA,50,4,f075,ttd300_n50_L4_f075,281.0,-32411.7427,750.0584,4,,SA and VNS.csv
VNS,50,4,f075,ttd300_n50_L4_f075,281.0,-57648.1859,750.0493,4,,SA and VNS.csv
SA,50,5,f075,ttd300_n50_L5_f075,279.0,-33337.7374,750.1199,4,,SA and VNS.csv
VNS,50,5,f075,ttd300_n50_L5_f075,279.0,-43533.6628,750.0783,4,,SA and VNS.csv
SA,50,1,f100,ttd300_n50_L1_f100,374.0,-28129.6126,750.0675,4,,SA and VNS.csv
VNS,50,1,f100,ttd300_n50_L1_f100,374.0,-42275.4575,750.0829,4,,SA and VNS.csv
SA,50,2,f100,ttd300_n50_L2_f100,343.0,-26813.9267,750.105,4,,SA and VNS.csv
VNS,50,2,f100,ttd300_n50_L2_f100,343.0,-38627.5309,750.0001,4,,SA and VNS.csv
SA,50,3,f100,ttd300_n50_L3_f100,379.0,-39776.2595,750.1154,4,,SA and VNS.csv
VNS,50,3,f100,ttd300_n50_L3_f100,379.0,-51692.9644,751.0294,4,,SA and VNS.csv
SA,50,4,f100,ttd300_n50_L4_f100,375.0,-33107.9466,750.068,4,,SA and VNS.csv
VNS,50,4,f100,ttd300_n50_L4_f100,375.0,-55487.7531,750.3278,4,,SA and VNS.csv
SA,50,5,f100,ttd300_n50_L5_f100,372.0,-35338.9279,750.0766,4,,SA and VNS.csv
VNS,50,5,f100,ttd300_n50_L5_f100,372.0,-43660.6332,750.089,4,,SA and VNS.csv
SA,75,1,f025,ttd300_n75_L1_f025,94.0,-42879.8254,975.3572,1,,SA and VNS.csv
VNS,75,1,f025,ttd300_n75_L1_f025,94.0,-55957.7139,976.1108,1,,SA and VNS.csv
SA,75,2,f025,ttd300_n75_L2_f025,97.0,-34161.5953,975.1458,1,,SA and VNS.csv
VNS,75,2,f025,ttd300_n75_L2_f025,97.0,-39069.2476,975.0001,1,,SA and VNS.csv
SA,75,3,f025,ttd300_n75_L3_f025,91.0,-43110.2817,975.5385,1,,SA and VNS.csv
VNS,75,3,f025,ttd300_n75_L3_f025,91.0,-43854.016,975.0001,1,,SA and VNS.csv
SA,75,4,f025,ttd300_n75_L4_f025,88.0,-36126.9215,975.3403,1,,SA and VNS.csv
VNS,75,4,f025,ttd300_n75_L4_f025,88.0,-45541.4233,975.0001,1,,SA and VNS.csv
SA,75,5,f025,ttd300_n75_L5_f025,100.0,-42197.7292,975.2499,1,,SA and VNS.csv
VNS,75,5,f025,ttd300_n75_L5_f025,100.0,-49227.5098,975.0001,1,,SA and VNS.csv
SA,75,1,f050,ttd300_n75_L1_f050,187.0,-33963.2147,975.3859,1,,SA and VNS.csv
VNS,75,1,f050,ttd300_n75_L1_f050,187.0,-41064.7803,975.0001,1,,SA and VNS.csv
SA,75,2,f050,ttd300_n75_L2_f050,194.0,-25569.1377,975.1581,1,,SA and VNS.csv
VNS,75,2,f050,ttd300_n75_L2_f050,194.0,-28801.577,975.0001,1,,SA and VNS.csv
SA,75,3,f050,ttd300_n75_L3_f050,182.0,-30891.3001,975.3631,1,,SA and VNS.csv
VNS,75,3,f050,ttd300_n75_L3_f050,182.0,-37412.5155,975.7445,1,,SA and VNS.csv
SA,75,4,f050,ttd300_n75_L4_f050,177.0,-29777.085,975.3403,1,,SA and VNS.csv
VNS,75,4,f050,ttd300_n75_L4_f050,177.0,-51560.6761,975.0001,1,,SA and VNS.csv
SA,75,5,f050,ttd300_n75_L5_f050,199.0,-30501.9542,975.3984,1,,SA and VNS.csv
VNS,75,5,f050,ttd300_n75_L5_f050,199.0,-51928.7232,975.8182,1,,SA and VNS.csv
SA,75,1,f075,ttd300_n75_L1_f075,280.0,-34560.7144,975.3809,1,,SA and VNS.csv
VNS,75,1,f075,ttd300_n75_L1_f075,280.0,-41486.4154,975.1518,1,,SA and VNS.csv
SA,75,2,f075,ttd300_n75_L2_f075,290.0,-28006.7891,975.3705,1,,SA and VNS.csv
VNS,75,2,f075,ttd300_n75_L2_f075,290.0,-34668.693,975.0001,1,,SA and VNS.csv
SA,75,3,f075,ttd300_n75_L3_f075,272.0,-32319.4832,975.2696,1,,SA and VNS.csv
SA,75,4,f075,ttd300_n75_L4_f075,266.0,-36063.1517,975.3014,1,,SA and VNS.csv
VNS,75,3,f075,ttd300_n75_L3_f075,272.0,-51417.6089,979.2196,1,,SA and VNS.csv
VNS,75,4,f075,ttd300_n75_L4_f075,266.0,-32149.4608,975.0001,1,,SA and VNS.csv
SA,75,5,f075,ttd300_n75_L5_f075,298.0,-31603.0556,975.3852,1,,SA and VNS.csv
SA,75,1,f100,ttd300_n75_L1_f100,374.0,-31553.7415,975.6435,1,,SA and VNS.csv
VNS,75,5,f075,ttd300_n75_L5_f075,298.0,-42251.5916,978.1493,1,,SA and VNS.csv
VNS,75,1,f100,ttd300_n75_L1_f100,374.0,-41789.2576,975.2878,1,,SA and VNS.csv
SA,75,2,f100,ttd300_n75_L2_f100,387.0,-28183.2255,975.3873,1,,SA and VNS.csv
VNS,75,2,f100,ttd300_n75_L2_f100,387.0,-39989.0449,975.2103,1,,SA and VNS.csv
SA,75,3,f100,ttd300_n75_L3_f100,363.0,-35289.758,975.2948,1,,SA and VNS.csv
VNS,75,3,f100,ttd300_n75_L3_f100,363.0,-47035.927,978.6841,1,,SA and VNS.csv
SA,75,4,f100,ttd300_n75_L4_f100,354.0,-32434.9981,975.3583,1,,SA and VNS.csv
VNS,75,4,f100,ttd300_n75_L4_f100,354.0,-40831.0366,975.0001,1,,SA and VNS.csv
SA,75,5,f100,ttd300_n75_L5_f100,398.0,-36326.1227,975.6691,1,,SA and VNS.csv
VNS,75,5,f100,ttd300_n75_L5_f100,398.0,-51480.1568,975.2318,1,,SA and VNS.csv
SA,75,1,f025,ttd300_n75_L1_f025,94.0,-39246.5354,975.3226,2,,SA and VNS.csv
VNS,75,1,f025,ttd300_n75_L1_f025,94.0,-44512.2898,975.0001,2,,SA and VNS.csv
SA,75,2,f025,ttd300_n75_L2_f025,97.0,-31770.023,975.2592,2,,SA and VNS.csv
VNS,75,2,f025,ttd300_n75_L2_f025,97.0,-46144.3852,975.0001,2,,SA and VNS.csv
SA,75,3,f025,ttd300_n75_L3_f025,91.0,-41108.7256,975.375,2,,SA and VNS.csv
VNS,75,3,f025,ttd300_n75_L3_f025,91.0,-45469.8469,975.0001,2,,SA and VNS.csv
SA,75,4,f025,ttd300_n75_L4_f025,88.0,-36752.0797,975.5997,2,,SA and VNS.csv
VNS,75,4,f025,ttd300_n75_L4_f025,88.0,-43646.792,975.0001,2,,SA and VNS.csv
SA,75,5,f025,ttd300_n75_L5_f025,100.0,-39578.3846,975.216,2,,SA and VNS.csv
VNS,75,5,f025,ttd300_n75_L5_f025,100.0,-54414.6341,975.0001,2,,SA and VNS.csv
SA,75,1,f050,ttd300_n75_L1_f050,187.0,-33211.9506,975.4473,2,,SA and VNS.csv
VNS,75,1,f050,ttd300_n75_L1_f050,187.0,-50092.8854,975.3841,2,,SA and VNS.csv
SA,75,2,f050,ttd300_n75_L2_f050,194.0,-26975.9607,975.2572,2,,SA and VNS.csv
VNS,75,2,f050,ttd300_n75_L2_f050,194.0,-39383.7837,975.0001,2,,SA and VNS.csv
SA,75,3,f050,ttd300_n75_L3_f050,182.0,-33407.6238,975.3639,2,,SA and VNS.csv
VNS,75,3,f050,ttd300_n75_L3_f050,182.0,-44787.256,977.2499,2,,SA and VNS.csv
SA,75,4,f050,ttd300_n75_L4_f050,177.0,-33168.7354,975.2637,2,,SA and VNS.csv
VNS,75,4,f050,ttd300_n75_L4_f050,177.0,-49069.0885,977.3197,2,,SA and VNS.csv
SA,75,5,f050,ttd300_n75_L5_f050,199.0,-29569.9239,975.4379,2,,SA and VNS.csv
VNS,75,5,f050,ttd300_n75_L5_f050,199.0,-45492.9514,976.7123,2,,SA and VNS.csv
SA,75,1,f075,ttd300_n75_L1_f075,280.0,-33973.7341,975.2808,2,,SA and VNS.csv
VNS,75,1,f075,ttd300_n75_L1_f075,280.0,-51747.4385,975.9293,2,,SA and VNS.csv
SA,75,2,f075,ttd300_n75_L2_f075,290.0,-25232.1143,975.4016,2,,SA and VNS.csv
VNS,75,2,f075,ttd300_n75_L2_f075,290.0,-41293.7157,975.5629,2,,SA and VNS.csv
SA,75,3,f075,ttd300_n75_L3_f075,272.0,-33352.8307,975.2786,2,,SA and VNS.csv
SA,75,4,f075,ttd300_n75_L4_f075,266.0,-36304.006,975.1743,2,,SA and VNS.csv
VNS,75,3,f075,ttd300_n75_L3_f075,272.0,-37804.2435,976.7992,2,,SA and VNS.csv
VNS,75,4,f075,ttd300_n75_L4_f075,266.0,-47399.3503,975.6278,2,,SA and VNS.csv
SA,75,5,f075,ttd300_n75_L5_f075,298.0,-35251.5552,975.1626,2,,SA and VNS.csv
VNS,75,5,f075,ttd300_n75_L5_f075,298.0,-47635.3241,975.0001,2,,SA and VNS.csv
SA,75,1,f100,ttd300_n75_L1_f100,374.0,-33504.0911,975.4805,2,,SA and VNS.csv
VNS,75,1,f100,ttd300_n75_L1_f100,374.0,-52764.6239,975.0242,2,,SA and VNS.csv
SA,75,2,f100,ttd300_n75_L2_f100,387.0,-30788.0975,975.2731,2,,SA and VNS.csv
VNS,75,2,f100,ttd300_n75_L2_f100,387.0,-42468.6516,976.2257,2,,SA and VNS.csv
SA,75,3,f100,ttd300_n75_L3_f100,363.0,-32514.7062,975.979,2,,SA and VNS.csv
VNS,75,3,f100,ttd300_n75_L3_f100,363.0,-51586.2638,976.0775,2,,SA and VNS.csv
SA,75,4,f100,ttd300_n75_L4_f100,354.0,-33154.9402,975.3915,2,,SA and VNS.csv
VNS,75,4,f100,ttd300_n75_L4_f100,354.0,-52647.5872,975.0001,2,,SA and VNS.csv
SA,75,5,f100,ttd300_n75_L5_f100,398.0,-30800.5461,975.5036,2,,SA and VNS.csv
VNS,75,5,f100,ttd300_n75_L5_f100,398.0,-49757.0948,975.1969,2,,SA and VNS.csv
SA,75,1,f025,ttd300_n75_L1_f025,94.0,-44739.4338,975.4145,3,,SA and VNS.csv
VNS,75,1,f025,ttd300_n75_L1_f025,94.0,-55905.8913,975.0857,3,,SA and VNS.csv
SA,75,2,f025,ttd300_n75_L2_f025,97.0,-34009.5237,975.1479,3,,SA and VNS.csv
VNS,75,2,f025,ttd300_n75_L2_f025,97.0,-39122.9422,975.0001,3,,SA and VNS.csv
SA,75,3,f025,ttd300_n75_L3_f025,91.0,-41290.8299,975.4171,3,,SA and VNS.csv
VNS,75,3,f025,ttd300_n75_L3_f025,91.0,-48946.8724,975.0001,3,,SA and VNS.csv
SA,75,4,f025,ttd300_n75_L4_f025,88.0,-37256.2964,975.2452,3,,SA and VNS.csv
VNS,75,4,f025,ttd300_n75_L4_f025,88.0,-40674.9617,975.0001,3,,SA and VNS.csv
SA,75,5,f025,ttd300_n75_L5_f025,100.0,-41824.7412,975.6817,3,,SA and VNS.csv
VNS,75,5,f025,ttd300_n75_L5_f025,100.0,-47467.8339,975.0001,3,,SA and VNS.csv
SA,75,1,f050,ttd300_n75_L1_f050,187.0,-34743.8438,975.4056,3,,SA and VNS.csv
VNS,75,1,f050,ttd300_n75_L1_f050,187.0,-43526.899,975.0001,3,,SA and VNS.csv
SA,75,2,f050,ttd300_n75_L2_f050,194.0,-28770.6652,975.451,3,,SA and VNS.csv
VNS,75,2,f050,ttd300_n75_L2_f050,194.0,-36488.3736,975.2765,3,,SA and VNS.csv
SA,75,3,f050,ttd300_n75_L3_f050,182.0,-32747.7179,975.1554,3,,SA and VNS.csv
VNS,75,3,f050,ttd300_n75_L3_f050,182.0,-45135.2931,976.2455,3,,SA and VNS.csv
SA,75,4,f050,ttd300_n75_L4_f050,177.0,-34188.8426,975.259,3,,SA and VNS.csv
VNS,75,4,f050,ttd300_n75_L4_f050,177.0,-48790.4775,975.3819,3,,SA and VNS.csv
SA,75,5,f050,ttd300_n75_L5_f050,199.0,-32852.2146,975.3097,3,,SA and VNS.csv
VNS,75,5,f050,ttd300_n75_L5_f050,199.0,-53895.8052,975.8576,3,,SA and VNS.csv
SA,75,1,f075,ttd300_n75_L1_f075,280.0,-34379.5976,975.3806,3,,SA and VNS.csv
VNS,75,1,f075,ttd300_n75_L1_f075,280.0,-50556.0863,975.8533,3,,SA and VNS.csv
SA,75,2,f075,ttd300_n75_L2_f075,290.0,-27647.1893,975.3771,3,,SA and VNS.csv
VNS,75,2,f075,ttd300_n75_L2_f075,290.0,-40676.1547,978.0607,3,,SA and VNS.csv
SA,75,3,f075,ttd300_n75_L3_f075,272.0,-33328.2791,975.1769,3,,SA and VNS.csv
VNS,75,3,f075,ttd300_n75_L3_f075,272.0,-42262.3609,975.0127,3,,SA and VNS.csv
SA,75,4,f075,ttd300_n75_L4_f075,266.0,-34395.9652,975.3883,3,,SA and VNS.csv
VNS,75,4,f075,ttd300_n75_L4_f075,266.0,-52284.9001,975.0001,3,,SA and VNS.csv
SA,75,5,f075,ttd300_n75_L5_f075,298.0,-31299.6635,975.3242,3,,SA and VNS.csv
VNS,75,5,f075,ttd300_n75_L5_f075,298.0,-50764.7961,975.3304,3,,SA and VNS.csv
SA,75,1,f100,ttd300_n75_L1_f100,374.0,-35710.1372,975.3977,3,,SA and VNS.csv
VNS,75,1,f100,ttd300_n75_L1_f100,374.0,-52764.6239,975.4134,3,,SA and VNS.csv
SA,75,2,f100,ttd300_n75_L2_f100,387.0,-28703.3181,975.3527,3,,SA and VNS.csv
VNS,75,2,f100,ttd300_n75_L2_f100,387.0,-42614.4977,975.6404,3,,SA and VNS.csv
SA,75,3,f100,ttd300_n75_L3_f100,363.0,-34234.8906,975.3701,3,,SA and VNS.csv
VNS,75,3,f100,ttd300_n75_L3_f100,363.0,-48170.1689,975.1984,3,,SA and VNS.csv
SA,75,4,f100,ttd300_n75_L4_f100,354.0,-36145.482,975.4893,3,,SA and VNS.csv
VNS,75,4,f100,ttd300_n75_L4_f100,354.0,-47699.3823,975.7483,3,,SA and VNS.csv
SA,75,5,f100,ttd300_n75_L5_f100,398.0,-33033.4533,975.3701,3,,SA and VNS.csv
VNS,75,5,f100,ttd300_n75_L5_f100,398.0,-51703.3388,976.967,3,,SA and VNS.csv
SA,75,1,f025,ttd300_n75_L1_f025,94.0,-41944.5855,975.3886,4,,SA and VNS.csv
VNS,75,1,f025,ttd300_n75_L1_f025,94.0,-56747.4613,975.0605,4,,SA and VNS.csv
SA,75,2,f025,ttd300_n75_L2_f025,97.0,-32217.9555,975.4218,4,,SA and VNS.csv
VNS,75,2,f025,ttd300_n75_L2_f025,97.0,-42215.4152,975.0001,4,,SA and VNS.csv
SA,75,3,f025,ttd300_n75_L3_f025,91.0,-43029.3984,975.4853,4,,SA and VNS.csv
VNS,75,3,f025,ttd300_n75_L3_f025,91.0,-48178.5549,975.0001,4,,SA and VNS.csv
SA,75,4,f025,ttd300_n75_L4_f025,88.0,-34064.2042,975.5672,4,,SA and VNS.csv
VNS,75,4,f025,ttd300_n75_L4_f025,88.0,-36365.7105,975.0001,4,,SA and VNS.csv
SA,75,5,f025,ttd300_n75_L5_f025,100.0,-37768.5927,975.3077,4,,SA and VNS.csv
VNS,75,5,f025,ttd300_n75_L5_f025,100.0,-45345.0822,975.0001,4,,SA and VNS.csv
SA,75,1,f050,ttd300_n75_L1_f050,187.0,-32776.1646,975.5709,4,,SA and VNS.csv
VNS,75,1,f050,ttd300_n75_L1_f050,187.0,-47480.8096,975.0001,4,,SA and VNS.csv
SA,75,2,f050,ttd300_n75_L2_f050,194.0,-26139.5212,975.5766,4,,SA and VNS.csv
VNS,75,2,f050,ttd300_n75_L2_f050,194.0,-30600.4841,975.0001,4,,SA and VNS.csv
SA,75,3,f050,ttd300_n75_L3_f050,182.0,-32862.1148,975.2673,4,,SA and VNS.csv
VNS,75,3,f050,ttd300_n75_L3_f050,182.0,-42219.1739,975.0001,4,,SA and VNS.csv
SA,75,4,f050,ttd300_n75_L4_f050,177.0,-33878.3257,975.2319,4,,SA and VNS.csv
VNS,75,4,f050,ttd300_n75_L4_f050,177.0,-39639.0028,975.0001,4,,SA and VNS.csv
SA,75,5,f050,ttd300_n75_L5_f050,199.0,-33034.1281,975.262,4,,SA and VNS.csv
VNS,75,5,f050,ttd300_n75_L5_f050,199.0,-50669.4701,975.0001,4,,SA and VNS.csv
SA,75,1,f075,ttd300_n75_L1_f075,280.0,-34249.9104,975.3858,4,,SA and VNS.csv
VNS,75,1,f075,ttd300_n75_L1_f075,280.0,-49224.0973,975.5755,4,,SA and VNS.csv
SA,75,2,f075,ttd300_n75_L2_f075,290.0,-26854.6378,975.2667,4,,SA and VNS.csv
VNS,75,2,f075,ttd300_n75_L2_f075,290.0,-48578.1941,975.1495,4,,SA and VNS.csv
SA,75,3,f075,ttd300_n75_L3_f075,272.0,-32400.6629,975.4245,4,,SA and VNS.csv
SA,75,4,f075,ttd300_n75_L4_f075,266.0,-31469.8161,975.4503,4,,SA and VNS.csv
VNS,75,3,f075,ttd300_n75_L3_f075,272.0,-41226.3519,980.2963,4,,SA and VNS.csv
VNS,75,4,f075,ttd300_n75_L4_f075,266.0,-45334.8934,977.8068,4,,SA and VNS.csv
SA,75,5,f075,ttd300_n75_L5_f075,298.0,-35404.5988,975.1679,4,,SA and VNS.csv
VNS,75,5,f075,ttd300_n75_L5_f075,298.0,-53550.8675,975.0001,4,,SA and VNS.csv
SA,75,1,f100,ttd300_n75_L1_f100,374.0,-33607.9846,975.2623,4,,SA and VNS.csv
VNS,75,1,f100,ttd300_n75_L1_f100,374.0,-54161.0803,975.4499,4,,SA and VNS.csv
SA,75,2,f100,ttd300_n75_L2_f100,387.0,-25999.8115,975.593,4,,SA and VNS.csv
VNS,75,2,f100,ttd300_n75_L2_f100,387.0,-45613.1372,976.0731,4,,SA and VNS.csv
SA,75,3,f100,ttd300_n75_L3_f100,363.0,-32892.3175,975.3994,4,,SA and VNS.csv
VNS,75,3,f100,ttd300_n75_L3_f100,363.0,-48429.9893,975.2245,4,,SA and VNS.csv
SA,75,4,f100,ttd300_n75_L4_f100,354.0,-34209.9631,975.3012,4,,SA and VNS.csv
VNS,75,4,f100,ttd300_n75_L4_f100,354.0,-48166.3638,975.3692,4,,SA and VNS.csv
SA,75,5,f100,ttd300_n75_L5_f100,398.0,-36155.0424,975.4647,4,,SA and VNS.csv
VNS,75,5,f100,ttd300_n75_L5_f100,398.0,-52434.0352,975.0001,4,,SA and VNS.csv
SA,100,1,f025,ttd300_n100_L1_f025,98.0,-44719.495,1200.5527,1,,SA and VNS.csv
VNS,100,1,f025,ttd300_n100_L1_f025,98.0,-60653.457,1200.4457,1,,SA and VNS.csv
SA,100,2,f025,ttd300_n100_L2_f025,98.0,-29810.8238,1200.8787,1,,SA and VNS.csv
VNS,100,2,f025,ttd300_n100_L2_f025,98.0,-50069.8664,1200.0001,1,,SA and VNS.csv
SA,100,3,f025,ttd300_n100_L3_f025,94.0,-38249.1315,1200.4196,1,,SA and VNS.csv
VNS,100,3,f025,ttd300_n100_L3_f025,94.0,-54889.2759,1200.0001,1,,SA and VNS.csv
SA,100,4,f025,ttd300_n100_L4_f025,93.0,-36738.5184,1200.726,1,,SA and VNS.csv
VNS,100,4,f025,ttd300_n100_L4_f025,93.0,-45320.3714,1200.0001,1,,SA and VNS.csv
SA,100,5,f025,ttd300_n100_L5_f025,92.0,-37777.3925,1200.4185,1,,SA and VNS.csv
VNS,100,5,f025,ttd300_n100_L5_f025,92.0,-49084.7775,1200.0001,1,,SA and VNS.csv
SA,100,1,f050,ttd300_n100_L1_f050,196.0,-36373.4734,1200.8033,1,,SA and VNS.csv
VNS,100,1,f050,ttd300_n100_L1_f050,196.0,-59178.9838,1200.0001,1,,SA and VNS.csv
SA,100,2,f050,ttd300_n100_L2_f050,195.0,-30408.6885,1200.286,1,,SA and VNS.csv
VNS,100,2,f050,ttd300_n100_L2_f050,195.0,-42476.6881,1200.0001,1,,SA and VNS.csv
SA,100,3,f050,ttd300_n100_L3_f050,188.0,-31120.0293,1200.5857,1,,SA and VNS.csv
VNS,100,3,f050,ttd300_n100_L3_f050,188.0,-52655.1209,1201.6823,1,,SA and VNS.csv
SA,100,4,f050,ttd300_n100_L4_f050,186.0,-28947.265,1200.6939,1,,SA and VNS.csv
VNS,100,4,f050,ttd300_n100_L4_f050,186.0,-51921.7195,1200.2475,1,,SA and VNS.csv
SA,100,5,f050,ttd300_n100_L5_f050,183.0,-30629.339,1200.2812,1,,SA and VNS.csv
VNS,100,5,f050,ttd300_n100_L5_f050,183.0,-40889.6392,1200.0001,1,,SA and VNS.csv
SA,100,1,f075,ttd300_n100_L1_f075,295.0,-32453.3845,1200.4991,1,,SA and VNS.csv
SA,100,2,f075,ttd300_n100_L2_f075,292.0,-27716.7984,1200.9296,1,,SA and VNS.csv
VNS,100,2,f075,ttd300_n100_L2_f075,292.0,-40832.6686,1200.0001,1,,SA and VNS.csv
VNS,100,1,f075,ttd300_n100_L1_f075,295.0,-53468.7744,1215.2631,1,,SA and VNS.csv
SA,100,3,f075,ttd300_n100_L3_f075,282.0,-35206.0852,1200.4737,1,,SA and VNS.csv
VNS,100,3,f075,ttd300_n100_L3_f075,282.0,-49760.8834,1204.6228,1,,SA and VNS.csv
SA,100,4,f075,ttd300_n100_L4_f075,278.0,-31444.5433,1200.4392,1,,SA and VNS.csv
VNS,100,4,f075,ttd300_n100_L4_f075,278.0,-53033.0764,1200.8601,1,,SA and VNS.csv
SA,100,5,f075,ttd300_n100_L5_f075,274.0,-30720.5544,1200.7179,1,,SA and VNS.csv
VNS,100,5,f075,ttd300_n100_L5_f075,274.0,-46276.9177,1200.8217,1,,SA and VNS.csv
SA,100,1,f100,ttd300_n100_L1_f100,393.0,-38740.2899,1201.2864,1,,SA and VNS.csv
VNS,100,1,f100,ttd300_n100_L1_f100,393.0,-59608.5902,1200.0001,1,,SA and VNS.csv
SA,100,2,f100,ttd300_n100_L2_f100,390.0,-32462.3956,1200.6561,1,,SA and VNS.csv
VNS,100,2,f100,ttd300_n100_L2_f100,390.0,-48303.767,1201.0589,1,,SA and VNS.csv
SA,100,3,f100,ttd300_n100_L3_f100,376.0,-38467.3929,1201.059,1,,SA and VNS.csv
VNS,100,3,f100,ttd300_n100_L3_f100,376.0,-51669.0813,1201.475,1,,SA and VNS.csv
SA,100,4,f100,ttd300_n100_L4_f100,371.0,-30687.2923,1201.1175,1,,SA and VNS.csv
VNS,100,4,f100,ttd300_n100_L4_f100,371.0,-50186.4177,1200.0001,1,,SA and VNS.csv
SA,100,5,f100,ttd300_n100_L5_f100,366.0,-35043.7242,1200.9059,1,,SA and VNS.csv
VNS,100,5,f100,ttd300_n100_L5_f100,366.0,-46282.5396,1200.4855,1,,SA and VNS.csv
SA,100,1,f025,ttd300_n100_L1_f025,98.0,-44390.4821,1200.4044,2,,SA and VNS.csv
VNS,100,1,f025,ttd300_n100_L1_f025,98.0,-65070.4746,1200.3129,2,,SA and VNS.csv
SA,100,2,f025,ttd300_n100_L2_f025,98.0,-32501.4441,1200.6817,2,,SA and VNS.csv
VNS,100,2,f025,ttd300_n100_L2_f025,98.0,-51392.2809,1200.1896,2,,SA and VNS.csv
SA,100,3,f025,ttd300_n100_L3_f025,94.0,-36670.2321,1200.5599,2,,SA and VNS.csv
VNS,100,3,f025,ttd300_n100_L3_f025,94.0,-54010.5567,1200.2761,2,,SA and VNS.csv
SA,100,4,f025,ttd300_n100_L4_f025,93.0,-40565.7499,1200.5933,2,,SA and VNS.csv
VNS,100,4,f025,ttd300_n100_L4_f025,93.0,-47500.3414,1200.0001,2,,SA and VNS.csv
SA,100,5,f025,ttd300_n100_L5_f025,92.0,-33563.3251,1200.843,2,,SA and VNS.csv
VNS,100,5,f025,ttd300_n100_L5_f025,92.0,-48563.1534,1200.0001,2,,SA and VNS.csv
SA,100,1,f050,ttd300_n100_L1_f050,196.0,-41581.9831,1200.6222,2,,SA and VNS.csv
VNS,100,1,f050,ttd300_n100_L1_f050,196.0,-56196.7413,1200.8393,2,,SA and VNS.csv
SA,100,2,f050,ttd300_n100_L2_f050,195.0,-28115.8164,1200.7308,2,,SA and VNS.csv
VNS,100,2,f050,ttd300_n100_L2_f050,195.0,-51365.8561,1201.1594,2,,SA and VNS.csv
SA,100,3,f050,ttd300_n100_L3_f050,188.0,-35899.7598,1200.7342,2,,SA and VNS.csv
VNS,100,3,f050,ttd300_n100_L3_f050,188.0,-43851.9312,1200.0001,2,,SA and VNS.csv
SA,100,4,f050,ttd300_n100_L4_f050,186.0,-28249.5874,1200.4494,2,,SA and VNS.csv
VNS,100,4,f050,ttd300_n100_L4_f050,186.0,-44379.194,1201.067,2,,SA and VNS.csv
SA,100,5,f050,ttd300_n100_L5_f050,183.0,-30947.7804,1200.8818,2,,SA and VNS.csv
VNS,100,5,f050,ttd300_n100_L5_f050,183.0,-49226.3249,1200.2052,2,,SA and VNS.csv
SA,100,1,f075,ttd300_n100_L1_f075,295.0,-37148.6537,1200.7992,2,,SA and VNS.csv
VNS,100,1,f075,ttd300_n100_L1_f075,295.0,-58584.3771,1201.7855,2,,SA and VNS.csv
SA,100,2,f075,ttd300_n100_L2_f075,292.0,-32467.2747,1201.1352,2,,SA and VNS.csv
VNS,100,2,f075,ttd300_n100_L2_f075,292.0,-46953.8566,1200.5798,2,,SA and VNS.csv
SA,100,3,f075,ttd300_n100_L3_f075,282.0,-34492.4233,1200.5171,2,,SA and VNS.csv
SA,100,4,f075,ttd300_n100_L4_f075,278.0,-28214.3728,1200.6465,2,,SA and VNS.csv
VNS,100,4,f075,ttd300_n100_L4_f075,278.0,-44395.1323,1201.0121,2,,SA and VNS.csv
VNS,100,3,f075,ttd300_n100_L3_f075,282.0,-52450.5249,1209.1891,2,,SA and VNS.csv
SA,100,5,f075,ttd300_n100_L5_f075,274.0,-32352.6669,1201.1619,2,,SA and VNS.csv
VNS,100,5,f075,ttd300_n100_L5_f075,274.0,-46060.3254,1201.2304,2,,SA and VNS.csv
SA,100,1,f100,ttd300_n100_L1_f100,393.0,-40677.9115,1200.8299,2,,SA and VNS.csv
VNS,100,1,f100,ttd300_n100_L1_f100,393.0,-62923.5273,1201.5712,2,,SA and VNS.csv
SA,100,2,f100,ttd300_n100_L2_f100,390.0,-33984.6349,1200.3003,2,,SA and VNS.csv
SA,100,3,f100,ttd300_n100_L3_f100,376.0,-37407.5744,1200.5311,2,,SA and VNS.csv
VNS,100,2,f100,ttd300_n100_L2_f100,390.0,-48038.5994,1202.4618,2,,SA and VNS.csv
VNS,100,3,f100,ttd300_n100_L3_f100,376.0,-49407.3146,1214.6835,2,,SA and VNS.csv
SA,100,4,f100,ttd300_n100_L4_f100,371.0,-33508.0368,1200.4767,2,,SA and VNS.csv
SA,100,5,f100,ttd300_n100_L5_f100,366.0,-32668.236,1200.6248,2,,SA and VNS.csv
VNS,100,4,f100,ttd300_n100_L4_f100,371.0,-43564.5969,1203.368,2,,SA and VNS.csv
VNS,100,5,f100,ttd300_n100_L5_f100,366.0,-48283.6467,1200.0001,2,,SA and VNS.csv
SA,100,1,f025,ttd300_n100_L1_f025,98.0,-45770.4732,1200.9432,3,,SA and VNS.csv
VNS,100,1,f025,ttd300_n100_L1_f025,98.0,-58958.4845,1200.0001,3,,SA and VNS.csv
SA,100,2,f025,ttd300_n100_L2_f025,98.0,-32942.5515,1200.4487,3,,SA and VNS.csv
VNS,100,2,f025,ttd300_n100_L2_f025,98.0,-49130.8958,1200.377,3,,SA and VNS.csv
SA,100,3,f025,ttd300_n100_L3_f025,94.0,-38364.3591,1200.8652,3,,SA and VNS.csv
SA,100,4,f025,ttd300_n100_L4_f025,93.0,-39598.6461,1200.5754,3,,SA and VNS.csv
VNS,100,3,f025,ttd300_n100_L3_f025,94.0,-53774.647,1202.2755,3,,SA and VNS.csv
VNS,100,4,f025,ttd300_n100_L4_f025,93.0,-46773.1888,1200.0001,3,,SA and VNS.csv
SA,100,5,f025,ttd300_n100_L5_f025,92.0,-38044.9571,1200.5754,3,,SA and VNS.csv
VNS,100,5,f025,ttd300_n100_L5_f025,92.0,-45782.4913,1200.3189,3,,SA and VNS.csv
SA,100,1,f050,ttd300_n100_L1_f050,196.0,-34799.072,1200.6194,3,,SA and VNS.csv
VNS,100,1,f050,ttd300_n100_L1_f050,196.0,-56880.065,1204.593,3,,SA and VNS.csv
SA,100,2,f050,ttd300_n100_L2_f050,195.0,-27825.4695,1200.5899,3,,SA and VNS.csv
SA,100,3,f050,ttd300_n100_L3_f050,188.0,-30744.0199,1200.8671,3,,SA and VNS.csv
VNS,100,2,f050,ttd300_n100_L2_f050,195.0,-46959.1062,1202.4045,3,,SA and VNS.csv
VNS,100,3,f050,ttd300_n100_L3_f050,188.0,-48554.7802,1200.0001,3,,SA and VNS.csv
SA,100,4,f050,ttd300_n100_L4_f050,186.0,-30079.8172,1200.5728,3,,SA and VNS.csv
VNS,100,4,f050,ttd300_n100_L4_f050,186.0,-42290.3986,1201.5309,3,,SA and VNS.csv
SA,100,5,f050,ttd300_n100_L5_f050,183.0,-28705.7166,1202.0391,3,,SA and VNS.csv
VNS,100,5,f050,ttd300_n100_L5_f050,183.0,-44935.6737,1201.1601,3,,SA and VNS.csv
SA,100,1,f075,ttd300_n100_L1_f075,295.0,-35746.3366,1201.5876,3,,SA and VNS.csv
SA,100,2,f075,ttd300_n100_L2_f075,292.0,-32403.9169,1200.47,3,,SA and VNS.csv
VNS,100,1,f075,ttd300_n100_L1_f075,295.0,-56703.8678,1214.4953,3,,SA and VNS.csv
VNS,100,2,f075,ttd300_n100_L2_f075,292.0,-48377.1865,1205.0709,3,,SA and VNS.csv
SA,100,3,f075,ttd300_n100_L3_f075,282.0,-36627.4801,1201.4423,3,,SA and VNS.csv
VNS,100,3,f075,ttd300_n100_L3_f075,282.0,-52559.6907,1205.0141,3,,SA and VNS.csv
SA,100,4,f075,ttd300_n100_L4_f075,278.0,-31596.4881,1200.2842,3,,SA and VNS.csv
VNS,100,4,f075,ttd300_n100_L4_f075,278.0,-40247.1725,1206.1377,3,,SA and VNS.csv
SA,100,5,f075,ttd300_n100_L5_f075,274.0,-31483.4253,1200.8373,3,,SA and VNS.csv
VNS,100,5,f075,ttd300_n100_L5_f075,274.0,-45753.4754,1206.0864,3,,SA and VNS.csv
SA,100,1,f100,ttd300_n100_L1_f100,393.0,-34929.1367,1201.0945,3,,SA and VNS.csv
VNS,100,1,f100,ttd300_n100_L1_f100,393.0,-54765.8429,1209.9365,3,,SA and VNS.csv
SA,100,2,f100,ttd300_n100_L2_f100,390.0,-30362.3155,1201.9982,3,,SA and VNS.csv
VNS,100,2,f100,ttd300_n100_L2_f100,390.0,-48543.218,1200.0001,3,,SA and VNS.csv
SA,100,3,f100,ttd300_n100_L3_f100,376.0,-34851.7105,1201.1574,3,,SA and VNS.csv
VNS,100,3,f100,ttd300_n100_L3_f100,376.0,-50979.199,1200.8404,3,,SA and VNS.csv
SA,100,4,f100,ttd300_n100_L4_f100,371.0,-31752.8821,1200.9326,3,,SA and VNS.csv
VNS,100,4,f100,ttd300_n100_L4_f100,371.0,-47800.929,1200.6802,3,,SA and VNS.csv
SA,100,5,f100,ttd300_n100_L5_f100,366.0,-34423.2776,1200.8425,3,,SA and VNS.csv
VNS,100,5,f100,ttd300_n100_L5_f100,366.0,-48233.4092,1201.445,3,,SA and VNS.csv
SA,100,1,f025,ttd300_n100_L1_f025,98.0,-42315.4998,1201.1763,4,,SA and VNS.csv
VNS,100,1,f025,ttd300_n100_L1_f025,98.0,-58255.8681,1200.0001,4,,SA and VNS.csv
SA,100,2,f025,ttd300_n100_L2_f025,98.0,-32767.7596,1200.8301,4,,SA and VNS.csv
VNS,100,2,f025,ttd300_n100_L2_f025,98.0,-46940.1033,1200.0001,4,,SA and VNS.csv
SA,100,3,f025,ttd300_n100_L3_f025,94.0,-39418.9867,1200.5484,4,,SA and VNS.csv
VNS,100,3,f025,ttd300_n100_L3_f025,94.0,-48987.0376,1200.0001,4,,SA and VNS.csv
SA,100,4,f025,ttd300_n100_L4_f025,93.0,-37435.895,1200.8486,4,,SA and VNS.csv
VNS,100,4,f025,ttd300_n100_L4_f025,93.0,-50597.3226,1200.2434,4,,SA and VNS.csv
SA,100,5,f025,ttd300_n100_L5_f025,92.0,-34784.6913,1200.8871,4,,SA and VNS.csv
VNS,100,5,f025,ttd300_n100_L5_f025,92.0,-48614.7416,1200.0779,4,,SA and VNS.csv
SA,100,1,f050,ttd300_n100_L1_f050,196.0,-38791.6663,1200.2716,4,,SA and VNS.csv
VNS,100,1,f050,ttd300_n100_L1_f050,196.0,-57603.621,1200.0001,4,,SA and VNS.csv
SA,100,2,f050,ttd300_n100_L2_f050,195.0,-28195.5009,1200.4468,4,,SA and VNS.csv
VNS,100,2,f050,ttd300_n100_L2_f050,195.0,-47267.8502,1200.0001,4,,SA and VNS.csv
SA,100,3,f050,ttd300_n100_L3_f050,188.0,-32468.657,1200.5943,4,,SA and VNS.csv
VNS,100,3,f050,ttd300_n100_L3_f050,188.0,-53860.8411,1200.9929,4,,SA and VNS.csv
SA,100,4,f050,ttd300_n100_L4_f050,186.0,-30183.1058,1200.9547,4,,SA and VNS.csv
VNS,100,4,f050,ttd300_n100_L4_f050,186.0,-38472.7019,1200.0001,4,,SA and VNS.csv
SA,100,5,f050,ttd300_n100_L5_f050,183.0,-27830.8755,1201.4838,4,,SA and VNS.csv
VNS,100,5,f050,ttd300_n100_L5_f050,183.0,-49226.3249,1200.0001,4,,SA and VNS.csv
SA,100,1,f075,ttd300_n100_L1_f075,295.0,-40149.3922,1200.5391,4,,SA and VNS.csv
VNS,100,1,f075,ttd300_n100_L1_f075,295.0,-56496.9377,1200.3766,4,,SA and VNS.csv
SA,100,2,f075,ttd300_n100_L2_f075,292.0,-28350.8076,1200.6377,4,,SA and VNS.csv
VNS,100,2,f075,ttd300_n100_L2_f075,292.0,-46945.5729,1202.1342,4,,SA and VNS.csv
SA,100,3,f075,ttd300_n100_L3_f075,282.0,-34530.9423,1200.794,4,,SA and VNS.csv
VNS,100,3,f075,ttd300_n100_L3_f075,282.0,-49789.6617,1201.4117,4,,SA and VNS.csv
SA,100,4,f075,ttd300_n100_L4_f075,278.0,-29147.9232,1200.4507,4,,SA and VNS.csv
VNS,100,4,f075,ttd300_n100_L4_f075,278.0,-46618.9688,1200.0001,4,,SA and VNS.csv
SA,100,5,f075,ttd300_n100_L5_f075,274.0,-32597.5677,1201.024,4,,SA and VNS.csv
VNS,100,5,f075,ttd300_n100_L5_f075,274.0,-43307.8061,1202.0126,4,,SA and VNS.csv
SA,100,1,f100,ttd300_n100_L1_f100,393.0,-38516.1401,1200.4941,4,,SA and VNS.csv
VNS,100,1,f100,ttd300_n100_L1_f100,393.0,-54542.5954,1200.0001,4,,SA and VNS.csv
SA,100,2,f100,ttd300_n100_L2_f100,390.0,-32673.3641,1200.5245,4,,SA and VNS.csv
VNS,100,2,f100,ttd300_n100_L2_f100,390.0,-48617.9856,1201.0264,4,,SA and VNS.csv
SA,100,3,f100,ttd300_n100_L3_f100,376.0,-34996.228,1201.6013,4,,SA and VNS.csv
VNS,100,3,f100,ttd300_n100_L3_f100,376.0,-52615.5989,1200.5277,4,,SA and VNS.csv
SA,100,4,f100,ttd300_n100_L4_f100,371.0,-31230.0537,1200.8643,4,,SA and VNS.csv
VNS,100,4,f100,ttd300_n100_L4_f100,371.0,-44657.3161,1200.0001,4,,SA and VNS.csv
SA,100,5,f100,ttd300_n100_L5_f100,366.0,-31380.945,1200.9463,4,,SA and VNS.csv
VNS,100,5,f100,ttd300_n100_L5_f100,366.0,-46113.6445,1205.6924,4,,SA and VNS.csv
SA,10,1,f025,ttd300_n10_L1_f025,76.0,-45243.1965,120.005,1,,SA/results/result_sa_15.csv
SA,10,2,f025,ttd300_n10_L2_f025,68.0,-35485.5482,120.0028,1,,SA/results/result_sa_15.csv
SA,10,3,f025,ttd300_n10_L3_f025,75.0,-46605.8455,120.0069,1,,SA/results/result_sa_15.csv
SA,10,4,f025,ttd300_n10_L4_f025,63.0,-39204.872,120.0047,1,,SA/results/result_sa_15.csv
SA,10,5,f025,ttd300_n10_L5_f025,70.0,-43130.5484,120.0059,1,,SA/results/result_sa_15.csv
SA,10,1,f050,ttd300_n10_L1_f050,153.0,-41253.16,120.0059,1,,SA/results/result_sa_15.csv
SA,10,2,f050,ttd300_n10_L2_f050,135.0,-31974.7911,120.0027,1,,SA/results/result_sa_15.csv
SA,10,3,f050,ttd300_n10_L3_f050,150.0,-43655.7454,120.0021,1,,SA/results/result_sa_15.csv
SA,10,4,f050,ttd300_n10_L4_f050,126.0,-36633.872,120.0028,1,,SA/results/result_sa_15.csv
SA,10,5,f050,ttd300_n10_L5_f050,139.0,-38700.5448,120.0025,1,,SA/results/result_sa_15.csv
SA,10,1,f075,ttd300_n10_L1_f075,230.0,-34623.121,120.0027,1,,SA/results/result_sa_15.csv
SA,10,2,f075,ttd300_n10_L2_f075,202.0,-30076.3908,120.0021,1,,SA/results/result_sa_15.csv
SA,10,3,f075,ttd300_n10_L3_f075,225.0,-39634.0283,120.0023,1,,SA/results/result_sa_15.csv
SA,10,4,f075,ttd300_n10_L4_f075,189.0,-23642.3451,120.0016,1,,SA/results/result_sa_15.csv
SA,10,5,f075,ttd300_n10_L5_f075,208.0,-31116.3078,120.0017,1,,SA/results/result_sa_15.csv
SA,10,1,f100,ttd300_n10_L1_f100,306.0,-29669.7658,120.0025,1,,SA/results/result_sa_15.csv
SA,10,2,f100,ttd300_n10_L2_f100,270.0,-21359.9423,120.0024,1,,SA/results/result_sa_15.csv
SA,10,3,f100,ttd300_n10_L3_f100,300.0,-27048.6463,120.0027,1,,SA/results/result_sa_15.csv
SA,10,4,f100,ttd300_n10_L4_f100,252.0,-21573.3511,120.0027,1,,SA/results/result_sa_15.csv
SA,10,5,f100,ttd300_n10_L5_f100,278.0,-29298.4085,120.0029,1,,SA/results/result_sa_15.csv
SA,20,1,f025,ttd300_n20_L1_f025,96.0,-54904.7824,300.0212,1,,SA/results/result_sa_15.csv
SA,20,2,f025,ttd300_n20_L2_f025,75.0,-40569.3593,300.0211,1,,SA/results/result_sa_15.csv
SA,20,3,f025,ttd300_n20_L3_f025,89.0,-56881.5195,300.0262,1,,SA/results/result_sa_15.csv
SA,20,4,f025,ttd300_n20_L4_f025,82.0,-48586.3479,300.0304,1,,SA/results/result_sa_15.csv
SA,20,5,f025,ttd300_n20_L5_f025,90.0,-55473.1357,300.0235,1,,SA/results/result_sa_15.csv
SA,20,1,f050,ttd300_n20_L1_f050,192.0,-48704.9604,300.1452,1,,SA/results/result_sa_15.csv
SA,20,2,f050,ttd300_n20_L2_f050,150.0,-28686.359,300.0535,1,,SA/results/result_sa_15.csv
SA,20,3,f050,ttd300_n20_L3_f050,178.0,-40664.688,300.0831,1,,SA/results/result_sa_15.csv
SA,20,4,f050,ttd300_n20_L4_f050,164.0,-34941.137,300.1237,1,,SA/results/result_sa_15.csv
SA,20,5,f050,ttd300_n20_L5_f050,180.0,-43488.5898,300.0828,1,,SA/results/result_sa_15.csv
SA,20,1,f075,ttd300_n20_L1_f075,288.0,-29438.8579,300.5389,1,,SA/results/result_sa_15.csv
SA,20,2,f075,ttd300_n20_L2_f075,224.0,-23459.2518,300.1006,1,,SA/results/result_sa_15.csv
SA,20,3,f075,ttd300_n20_L3_f075,268.0,-30382.4602,300.847,1,,SA/results/result_sa_15.csv
SA,20,4,f075,ttd300_n20_L4_f075,246.0,-27102.8693,300.0356,1,,SA/results/result_sa_15.csv
SA,20,5,f075,ttd300_n20_L5_f075,270.0,-32898.7142,300.3877,1,,SA/results/result_sa_15.csv
SA,20,1,f100,ttd300_n20_L1_f100,384.0,-27953.0771,300.1623,1,,SA/results/result_sa_15.csv
SA,20,2,f100,ttd300_n20_L2_f100,299.0,-23249.0526,300.4794,1,,SA/results/result_sa_15.csv
SA,20,3,f100,ttd300_n20_L3_f100,357.0,-29489.4176,301.4568,1,,SA/results/result_sa_15.csv
SA,20,4,f100,ttd300_n20_L4_f100,328.0,-26202.2711,301.0297,1,,SA/results/result_sa_15.csv
SA,20,5,f100,ttd300_n20_L5_f100,360.0,-29565.0877,300.8354,1,,SA/results/result_sa_15.csv
GAT,100,1,f025,ttd300_n100_L1_f025,98.0,-101110.8015,138.8232,,128,GAT/results/parts/gat_n100_f025.csv
GAT,100,2,f025,ttd300_n100_L2_f025,98.0,-90646.9096,113.472,,128,GAT/results/parts/gat_n100_f025.csv
GAT,100,3,f025,ttd300_n100_L3_f025,94.0,-91389.4234,156.0599,,128,GAT/results/parts/gat_n100_f025.csv
GAT,100,4,f025,ttd300_n100_L4_f025,93.0,-86943.3781,110.9367,,128,GAT/results/parts/gat_n100_f025.csv
GAT,100,5,f025,ttd300_n100_L5_f025,92.0,-94976.4241,136.9223,,128,GAT/results/parts/gat_n100_f025.csv
GAT,100,1,f050,ttd300_n100_L1_f050,196.0,-73576.186,457.9815,,128,GAT/results/parts/gat_n100_f050.csv
GAT,100,2,f050,ttd300_n100_L2_f050,195.0,-66169.0766,498.2713,,128,GAT/results/parts/gat_n100_f050.csv
GAT,100,3,f050,ttd300_n100_L3_f050,188.0,-79654.5415,445.9828,,128,GAT/results/parts/gat_n100_f050.csv
GAT,100,4,f050,ttd300_n100_L4_f050,186.0,-76398.9597,294.5226,,128,GAT/results/parts/gat_n100_f050.csv
GAT,100,5,f050,ttd300_n100_L5_f050,183.0,-68814.1622,432.0306,,128,GAT/results/parts/gat_n100_f050.csv
GAT,100,1,f075,ttd300_n100_L1_f075,295.0,-75747.4955,1138.9118,,128,GAT/results/parts/gat_n100_f075.csv
GAT,100,2,f075,ttd300_n100_L2_f075,292.0,-57309.692,1387.7809,,128,GAT/results/parts/gat_n100_f075.csv
GAT,100,3,f075,ttd300_n100_L3_f075,282.0,-55739.3684,947.2298,,128,GAT/results/parts/gat_n100_f075.csv
GAT,100,4,f075,ttd300_n100_L4_f075,278.0,-63439.4449,1080.9176,,128,GAT/results/parts/gat_n100_f075.csv
GAT,100,5,f075,ttd300_n100_L5_f075,274.0,-74400.3126,1160.8581,,128,GAT/results/parts/gat_n100_f075.csv
GAT,100,1,f100,ttd300_n100_L1_f100,393.0,-68298.5765,2037.6212,,128,GAT/results/parts/gat_n100_f100.csv
GAT,100,2,f100,ttd300_n100_L2_f100,390.0,-57309.692,1911.3203,,128,GAT/results/parts/gat_n100_f100.csv
GAT,100,3,f100,ttd300_n100_L3_f100,376.0,-61569.365,2151.2005,,128,GAT/results/parts/gat_n100_f100.csv
GAT,100,4,f100,ttd300_n100_L4_f100,371.0,-60500.6752,3402.8086,,128,GAT/results/parts/gat_n100_f100.csv
GAT,100,5,f100,ttd300_n100_L5_f100,366.0,-63612.29,1709.1134,,128,GAT/results/parts/gat_n100_f100.csv
GAT,10,1,f025,ttd300_n10_L1_f025,76.0,-45243.1965,57.8658,,256,GAT/results/parts/gat_n10_all.csv
GAT,10,1,f050,ttd300_n10_L1_f050,153.0,-42291.7217,41.8532,,256,GAT/results/parts/gat_n10_all.csv
GAT,10,1,f075,ttd300_n10_L1_f075,230.0,-36017.2655,27.4229,,256,GAT/results/parts/gat_n10_all.csv
GAT,10,1,f100,ttd300_n10_L1_f100,306.0,-30427.4465,27.2984,,256,GAT/results/parts/gat_n10_all.csv
GAT,10,2,f025,ttd300_n10_L2_f025,68.0,-35485.5482,23.4282,,256,GAT/results/parts/gat_n10_all.csv
GAT,10,2,f050,ttd300_n10_L2_f050,135.0,-31974.7911,27.4308,,256,GAT/results/parts/gat_n10_all.csv
GAT,10,2,f075,ttd300_n10_L2_f075,202.0,-30157.1666,27.7405,,256,GAT/results/parts/gat_n10_all.csv
GAT,10,2,f100,ttd300_n10_L2_f100,270.0,-21652.1846,28.3172,,256,GAT/results/parts/gat_n10_all.csv
GAT,10,3,f025,ttd300_n10_L3_f025,75.0,-46605.8455,24.6043,,256,GAT/results/parts/gat_n10_all.csv
GAT,10,3,f050,ttd300_n10_L3_f050,150.0,-43800.7035,22.3079,,256,GAT/results/parts/gat_n10_all.csv
GAT,10,3,f075,ttd300_n10_L3_f075,225.0,-40699.5969,28.1757,,256,GAT/results/parts/gat_n10_all.csv
GAT,10,3,f100,ttd300_n10_L3_f100,300.0,-28568.8481,27.7887,,256,GAT/results/parts/gat_n10_all.csv
GAT,10,4,f025,ttd300_n10_L4_f025,63.0,-39204.872,24.5137,,256,GAT/results/parts/gat_n10_all.csv
GAT,10,4,f050,ttd300_n10_L4_f050,126.0,-36633.872,24.1287,,256,GAT/results/parts/gat_n10_all.csv
GAT,10,4,f075,ttd300_n10_L4_f075,189.0,-23642.3451,24.7634,,256,GAT/results/parts/gat_n10_all.csv
GAT,10,4,f100,ttd300_n10_L4_f100,252.0,-22168.452,26.7454,,256,GAT/results/parts/gat_n10_all.csv
GAT,10,5,f025,ttd300_n10_L5_f025,70.0,-43130.5484,24.3446,,256,GAT/results/parts/gat_n10_all.csv
GAT,10,5,f050,ttd300_n10_L5_f050,139.0,-38700.5448,24.9613,,256,GAT/results/parts/gat_n10_all.csv
GAT,10,5,f075,ttd300_n10_L5_f075,208.0,-31116.3078,29.2477,,256,GAT/results/parts/gat_n10_all.csv
GAT,10,5,f100,ttd300_n10_L5_f100,278.0,-29466.3078,26.3725,,256,GAT/results/parts/gat_n10_all.csv
GAT,20,1,f025,ttd300_n20_L1_f025,96.0,-62014.1624,105.0782,,256,GAT/results/parts/gat_n20_all.csv
GAT,20,1,f050,ttd300_n20_L1_f050,192.0,-54062.4085,68.6936,,256,GAT/results/parts/gat_n20_all.csv
GAT,20,1,f075,ttd300_n20_L1_f075,288.0,-47405.0895,94.0663,,256,GAT/results/parts/gat_n20_all.csv
GAT,20,1,f100,ttd300_n20_L1_f100,384.0,-34491.3993,105.6432,,256,GAT/results/parts/gat_n20_all.csv
GAT,20,2,f025,ttd300_n20_L2_f025,75.0,-45564.9924,54.2531,,256,GAT/results/parts/gat_n20_all.csv
GAT,20,2,f050,ttd300_n20_L2_f050,150.0,-42304.3051,56.1779,,256,GAT/results/parts/gat_n20_all.csv
GAT,20,2,f075,ttd300_n20_L2_f075,224.0,-36259.769,68.8061,,256,GAT/results/parts/gat_n20_all.csv
GAT,20,2,f100,ttd300_n20_L2_f100,299.0,-35941.8894,159.1798,,256,GAT/results/parts/gat_n20_all.csv
GAT,20,3,f025,ttd300_n20_L3_f025,89.0,-58632.805,95.9589,,256,GAT/results/parts/gat_n20_all.csv
GAT,20,3,f050,ttd300_n20_L3_f050,178.0,-55534.5645,143.6068,,256,GAT/results/parts/gat_n20_all.csv
GAT,20,3,f075,ttd300_n20_L3_f075,268.0,-44663.5284,119.1637,,256,GAT/results/parts/gat_n20_all.csv
GAT,20,3,f100,ttd300_n20_L3_f100,357.0,-44954.8419,172.4626,,256,GAT/results/parts/gat_n20_all.csv
GAT,20,4,f025,ttd300_n20_L4_f025,82.0,-50430.7937,92.2442,,256,GAT/results/parts/gat_n20_all.csv
GAT,20,4,f050,ttd300_n20_L4_f050,164.0,-45440.3241,89.7503,,256,GAT/results/parts/gat_n20_all.csv
GAT,20,4,f075,ttd300_n20_L4_f075,246.0,-36653.6899,108.1824,,256,GAT/results/parts/gat_n20_all.csv
GAT,20,4,f100,ttd300_n20_L4_f100,328.0,-38671.4438,131.3254,,256,GAT/results/parts/gat_n20_all.csv
GAT,20,5,f025,ttd300_n20_L5_f025,90.0,-60711.0376,83.2387,,256,GAT/results/parts/gat_n20_all.csv
GAT,20,5,f050,ttd300_n20_L5_f050,180.0,-49447.9801,126.5358,,256,GAT/results/parts/gat_n20_all.csv
GAT,20,5,f075,ttd300_n20_L5_f075,270.0,-49901.4655,127.3486,,256,GAT/results/parts/gat_n20_all.csv
GAT,20,5,f100,ttd300_n20_L5_f100,360.0,-43006.5846,129.2653,,256,GAT/results/parts/gat_n20_all.csv
GAT,30,1,f100,ttd300_n30_L1_f100,374.0,-30743.6434,469.9654,,256,GAT/results/parts/gat_n30_f100.csv
GAT,30,2,f100,ttd300_n30_L2_f100,372.0,-40029.9572,428.4297,,256,GAT/results/parts/gat_n30_f100.csv
GAT,30,3,f100,ttd300_n30_L3_f100,321.0,-35313.5121,418.0755,,256,GAT/results/parts/gat_n30_f100.csv
GAT,30,4,f100,ttd300_n30_L4_f100,347.0,-39478.9152,350.4293,,256,GAT/results/parts/gat_n30_f100.csv
GAT,30,5,f100,ttd300_n30_L5_f100,331.0,-37249.8004,283.8855,,256,GAT/results/parts/gat_n30_f100.csv
GAT,40,1,f100,ttd300_n40_L1_f100,378.0,-40024.2819,864.4332,,256,GAT/results/parts/gat_n40_f100.csv
GAT,40,2,f100,ttd300_n40_L2_f100,321.0,-36284.4733,734.3142,,256,GAT/results/parts/gat_n40_f100.csv
GAT,40,3,f100,ttd300_n40_L3_f100,382.0,-43333.2582,522.7587,,256,GAT/results/parts/gat_n40_f100.csv
GAT,40,4,f100,ttd300_n40_L4_f100,365.0,-37432.1975,329.468,,256,GAT/results/parts/gat_n40_f100.csv
GAT,40,5,f100,ttd300_n40_L5_f100,400.0,-40453.1466,247.4797,,256,GAT/results/parts/gat_n40_f100.csv
GAT,50,1,f100,ttd300_n50_L1_f100,374.0,-40434.5309,294.8601,,128,GAT/results/parts/gat_n50_f100.csv
GAT,50,2,f100,ttd300_n50_L2_f100,343.0,-37104.9361,294.8445,,128,GAT/results/parts/gat_n50_f100.csv
GAT,50,3,f100,ttd300_n50_L3_f100,379.0,-52663.653,287.9884,,128,GAT/results/parts/gat_n50_f100.csv
GAT,50,4,f100,ttd300_n50_L4_f100,375.0,-45705.5824,379.021,,128,GAT/results/parts/gat_n50_f100.csv
GAT,50,5,f100,ttd300_n50_L5_f100,372.0,-43885.3497,274.8616,,128,GAT/results/parts/gat_n50_f100.csv
GAT,75,1,f025,ttd300_n75_L1_f025,94.0,-91671.8617,68.5057,,128,GAT/results/parts/gat_n75_f025.csv
GAT,75,2,f025,ttd300_n75_L2_f025,97.0,-87456.3339,68.1588,,128,GAT/results/parts/gat_n75_f025.csv
GAT,75,3,f025,ttd300_n75_L3_f025,91.0,-84224.6332,90.8673,,128,GAT/results/parts/gat_n75_f025.csv
GAT,75,4,f025,ttd300_n75_L4_f025,88.0,-93038.2365,67.4385,,128,GAT/results/parts/gat_n75_f025.csv
GAT,75,5,f025,ttd300_n75_L5_f025,100.0,-100128.5647,66.2579,,128,GAT/results/parts/gat_n75_f025.csv
GAT,75,1,f050,ttd300_n75_L1_f050,187.0,-62529.4364,446.0896,,128,GAT/results/parts/gat_n75_f050.csv
GAT,75,2,f050,ttd300_n75_L2_f050,194.0,-60662.0631,358.6999,,128,GAT/results/parts/gat_n75_f050.csv
GAT,75,3,f050,ttd300_n75_L3_f050,182.0,-59786.6219,847.5752,,128,GAT/results/parts/gat_n75_f050.csv
GAT,75,4,f050,ttd300_n75_L4_f050,177.0,-65625.4534,764.8373,,128,GAT/results/parts/gat_n75_f050.csv
GAT,75,5,f050,ttd300_n75_L5_f050,199.0,-57369.9434,538.1881,,128,GAT/results/parts/gat_n75_f050.csv
MLP,100,1,f025,ttd300_n100_L1_f025,98.0,-63388.8231,372.9281,,128,MLP/results/parts/mlp_n100_f025.csv
MLP,100,2,f025,ttd300_n100_L2_f025,98.0,-69847.231,421.3931,,128,MLP/results/parts/mlp_n100_f025.csv
MLP,100,3,f025,ttd300_n100_L3_f025,94.0,-69504.9797,361.2291,,128,MLP/results/parts/mlp_n100_f025.csv
MLP,100,4,f025,ttd300_n100_L4_f025,93.0,-80480.4371,292.9928,,128,MLP/results/parts/mlp_n100_f025.csv
MLP,100,5,f025,ttd300_n100_L5_f025,92.0,-74403.0873,266.2369,,128,MLP/results/parts/mlp_n100_f025.csv
MLP,100,1,f050,ttd300_n100_L1_f050,196.0,-50792.5769,1133.2142,,128,MLP/results/parts/mlp_n100_f050.csv
MLP,100,2,f050,ttd300_n100_L2_f050,195.0,-43519.3363,1137.6895,,128,MLP/results/parts/mlp_n100_f050.csv
MLP,100,3,f050,ttd300_n100_L3_f050,188.0,-47411.7089,1159.9971,,128,MLP/results/parts/mlp_n100_f050.csv
MLP,100,4,f050,ttd300_n100_L4_f050,186.0,-50700.3064,951.6878,,128,MLP/results/parts/mlp_n100_f050.csv
MLP,100,5,f050,ttd300_n100_L5_f050,183.0,-49934.4894,1051.3416,,128,MLP/results/parts/mlp_n100_f050.csv
MLP,100,1,f100,ttd300_n100_L1_f100,393.0,-48943.4105,2207.7776,,128,MLP/results/parts/mlp_n100_f100.csv
MLP,100,2,f100,ttd300_n100_L2_f100,390.0,-36030.2476,3735.5381,,128,MLP/results/parts/mlp_n100_f100.csv
MLP,100,3,f100,ttd300_n100_L3_f100,376.0,-38610.7271,1898.874,,128,MLP/results/parts/mlp_n100_f100.csv
MLP,100,4,f100,ttd300_n100_L4_f100,371.0,-38660.4894,1967.5651,,128,MLP/results/parts/mlp_n100_f100.csv
MLP,100,5,f100,ttd300_n100_L5_f100,366.0,-47659.8621,1215.4168,,128,MLP/results/parts/mlp_n100_f100.csv
MLP,10,1,f025,ttd300_n10_L1_f025,76.0,-45243.1965,57.0856,,256,MLP/results/parts/mlp_n10_all.csv
MLP,10,1,f050,ttd300_n10_L1_f050,153.0,-42672.5987,40.9522,,256,MLP/results/parts/mlp_n10_all.csv
MLP,10,1,f075,ttd300_n10_L1_f075,230.0,-35914.549,26.9856,,256,MLP/results/parts/mlp_n10_all.csv
MLP,10,1,f100,ttd300_n10_L1_f100,306.0,-30399.5265,24.7111,,256,MLP/results/parts/mlp_n10_all.csv
MLP,10,2,f025,ttd300_n10_L2_f025,68.0,-35485.5482,22.1764,,256,MLP/results/parts/mlp_n10_all.csv
MLP,10,2,f050,ttd300_n10_L2_f050,135.0,-31974.7911,25.0907,,256,MLP/results/parts/mlp_n10_all.csv
MLP,10,2,f075,ttd300_n10_L2_f075,202.0,-31549.4996,27.2271,,256,MLP/results/parts/mlp_n10_all.csv
MLP,10,2,f100,ttd300_n10_L2_f100,270.0,-24173.5596,27.6449,,256,MLP/results/parts/mlp_n10_all.csv
MLP,10,3,f025,ttd300_n10_L3_f025,75.0,-46605.8455,24.306,,256,MLP/results/parts/mlp_n10_all.csv
MLP,10,3,f050,ttd300_n10_L3_f050,150.0,-43800.7035,20.3769,,256,MLP/results/parts/mlp_n10_all.csv
MLP,10,3,f075,ttd300_n10_L3_f075,225.0,-40770.922,28.1064,,256,MLP/results/parts/mlp_n10_all.csv
MLP,10,3,f100,ttd300_n10_L3_f100,300.0,-30939.4728,26.0388,,256,MLP/results/parts/mlp_n10_all.csv
MLP,10,4,f025,ttd300_n10_L4_f025,63.0,-39204.872,23.8815,,256,MLP/results/parts/mlp_n10_all.csv
MLP,10,4,f050,ttd300_n10_L4_f050,126.0,-36633.872,23.7224,,256,MLP/results/parts/mlp_n10_all.csv
MLP,10,4,f075,ttd300_n10_L4_f075,189.0,-23642.3451,24.2839,,256,MLP/results/parts/mlp_n10_all.csv
MLP,10,4,f100,ttd300_n10_L4_f100,252.0,-22529.8262,25.2128,,256,MLP/results/parts/mlp_n10_all.csv
MLP,10,5,f025,ttd300_n10_L5_f025,70.0,-43130.5484,23.7619,,256,MLP/results/parts/mlp_n10_all.csv
MLP,10,5,f050,ttd300_n10_L5_f050,139.0,-38700.5448,23.1953,,256,MLP/results/parts/mlp_n10_all.csv
MLP,10,5,f075,ttd300_n10_L5_f075,208.0,-31116.3078,25.5666,,256,MLP/results/parts/mlp_n10_all.csv
MLP,10,5,f100,ttd300_n10_L5_f100,278.0,-29466.3078,27.8741,,256,MLP/results/parts/mlp_n10_all.csv
MLP,20,1,f025,ttd300_n20_L1_f025,96.0,-60378.0437,108.0881,,256,MLP/results/parts/mlp_n20_all.csv
MLP,20,1,f050,ttd300_n20_L1_f050,192.0,-54583.7893,70.7932,,256,MLP/results/parts/mlp_n20_all.csv
MLP,20,1,f075,ttd300_n20_L1_f075,288.0,-42909.8907,91.2012,,256,MLP/results/parts/mlp_n20_all.csv
MLP,20,1,f100,ttd300_n20_L1_f100,384.0,-33046.1613,99.5957,,256,MLP/results/parts/mlp_n20_all.csv
MLP,20,2,f025,ttd300_n20_L2_f025,75.0,-43995.1454,57.1372,,256,MLP/results/parts/mlp_n20_all.csv
MLP,20,2,f050,ttd300_n20_L2_f050,150.0,-43332.306,59.0241,,256,MLP/results/parts/mlp_n20_all.csv
MLP,20,2,f075,ttd300_n20_L2_f075,224.0,-29184.351,70.3501,,256,MLP/results/parts/mlp_n20_all.csv
MLP,20,2,f100,ttd300_n20_L2_f100,299.0,-27377.005,160.1866,,256,MLP/results/parts/mlp_n20_all.csv
MLP,20,3,f025,ttd300_n20_L3_f025,89.0,-58734.3401,98.0446,,256,MLP/results/parts/mlp_n20_all.csv
MLP,20,3,f050,ttd300_n20_L3_f050,178.0,-58628.7472,141.4199,,256,MLP/results/parts/mlp_n20_all.csv
MLP,20,3,f075,ttd300_n20_L3_f075,268.0,-40849.48,127.4204,,256,MLP/results/parts/mlp_n20_all.csv
MLP,20,3,f100,ttd300_n20_L3_f100,357.0,-33956.0359,195.0864,,256,MLP/results/parts/mlp_n20_all.csv
MLP,20,4,f025,ttd300_n20_L4_f025,82.0,-51870.5311,87.7239,,256,MLP/results/parts/mlp_n20_all.csv
MLP,20,4,f050,ttd300_n20_L4_f050,164.0,-45364.4158,93.133,,256,MLP/results/parts/mlp_n20_all.csv
MLP,20,4,f075,ttd300_n20_L4_f075,246.0,-45669.5842,106.0362,,256,MLP/results/parts/mlp_n20_all.csv
MLP,20,4,f100,ttd300_n20_L4_f100,328.0,-40246.0729,140.2627,,256,MLP/results/parts/mlp_n20_all.csv
MLP,20,5,f025,ttd300_n20_L5_f025,90.0,-58375.685,116.1829,,256,MLP/results/parts/mlp_n20_all.csv
MLP,20,5,f050,ttd300_n20_L5_f050,180.0,-57047.2086,114.5549,,256,MLP/results/parts/mlp_n20_all.csv
MLP,20,5,f075,ttd300_n20_L5_f075,270.0,-48236.7162,118.827,,256,MLP/results/parts/mlp_n20_all.csv
MLP,20,5,f100,ttd300_n20_L5_f100,360.0,-44662.6689,142.4876,,256,MLP/results/parts/mlp_n20_all.csv
MLP,30,1,f100,ttd300_n30_L1_f100,374.0,-33484.0142,466.8922,,256,MLP/results/parts/mlp_n30_f100.csv
MLP,30,2,f100,ttd300_n30_L2_f100,372.0,-37854.5603,411.0078,,256,MLP/results/parts/mlp_n30_f100.csv
MLP,30,3,f100,ttd300_n30_L3_f100,321.0,-35422.0742,375.424,,256,MLP/results/parts/mlp_n30_f100.csv
MLP,30,4,f100,ttd300_n30_L4_f100,347.0,-35347.7333,353.0524,,256,MLP/results/parts/mlp_n30_f100.csv
MLP,30,5,f100,ttd300_n30_L5_f100,331.0,-35892.198,298.1717,,256,MLP/results/parts/mlp_n30_f100.csv
MLP,40,1,f100,ttd300_n40_L1_f100,378.0,-41976.5191,925.991,,256,MLP/results/parts/mlp_n40_f100.csv
MLP,40,2,f100,ttd300_n40_L2_f100,321.0,-32497.9938,796.8839,,256,MLP/results/parts/mlp_n40_f100.csv
MLP,40,3,f100,ttd300_n40_L3_f100,382.0,-39660.7157,461.5103,,256,MLP/results/parts/mlp_n40_f100.csv
MLP,40,4,f100,ttd300_n40_L4_f100,365.0,-35534.7142,351.6733,,256,MLP/results/parts/mlp_n40_f100.csv
MLP,40,5,f100,ttd300_n40_L5_f100,400.0,-38313.0469,331.5156,,256,MLP/results/parts/mlp_n40_f100.csv
MLP,50,1,f100,ttd300_n50_L1_f100,374.0,-39482.8697,305.4026,,128,MLP/results/parts/mlp_n50_f100.csv
MLP,50,2,f100,ttd300_n50_L2_f100,343.0,-36854.9461,322.0884,,128,MLP/results/parts/mlp_n50_f100.csv
MLP,50,3,f100,ttd300_n50_L3_f100,379.0,-44522.031,415.7235,,128,MLP/results/parts/mlp_n50_f100.csv
MLP,50,4,f100,ttd300_n50_L4_f100,375.0,-47407.4992,327.3352,,128,MLP/results/parts/mlp_n50_f100.csv
MLP,50,5,f100,ttd300_n50_L5_f100,372.0,-40335.8227,232.2598,,128,MLP/results/parts/mlp_n50_f100.csv
MLP,75,1,f025,ttd300_n75_L1_f025,94.0,-66963.588,227.3947,,128,MLP/results/parts/mlp_n75_f025.csv
MLP,75,2,f025,ttd300_n75_L2_f025,97.0,-54233.7961,244.4763,,128,MLP/results/parts/mlp_n75_f025.csv
MLP,75,3,f025,ttd300_n75_L3_f025,91.0,-69111.7301,194.2874,,128,MLP/results/parts/mlp_n75_f025.csv
MLP,75,4,f025,ttd300_n75_L4_f025,88.0,-81010.3107,179.4511,,128,MLP/results/parts/mlp_n75_f025.csv
MLP,75,5,f025,ttd300_n75_L5_f025,100.0,-72235.2128,332.5053,,128,MLP/results/parts/mlp_n75_f025.csv
LISA_PORTF,10,1,f025,ttd300_n10_L1_f025,,-45243.2,,,64,LISA/sa_lisa.csv
LISA_PORTF,10,1,f050,ttd300_n10_L1_f050,,-41253.2,,,64,LISA/sa_lisa.csv
LISA_PORTF,10,1,f075,ttd300_n10_L1_f075,,-34623.1,,,64,LISA/sa_lisa.csv
LISA_PORTF,10,1,f100,ttd300_n10_L1_f100,,-29669.8,,,64,LISA/sa_lisa.csv
LISA_PORTF,10,2,f025,ttd300_n10_L2_f025,,-35485.5,,,64,LISA/sa_lisa.csv
LISA_PORTF,10,2,f050,ttd300_n10_L2_f050,,-31974.8,,,64,LISA/sa_lisa.csv
LISA_PORTF,10,2,f075,ttd300_n10_L2_f075,,-30076.4,,,64,LISA/sa_lisa.csv
LISA_PORTF,10,2,f100,ttd300_n10_L2_f100,,-21359.9,,,64,LISA/sa_lisa.csv
LISA_PORTF,10,3,f025,ttd300_n10_L3_f025,,-46605.8,,,64,LISA/sa_lisa.csv
LISA_PORTF,10,3,f050,ttd300_n10_L3_f050,,-43655.7,,,64,LISA/sa_lisa.csv
LISA_PORTF,10,3,f075,ttd300_n10_L3_f075,,-39634.0,,,64,LISA/sa_lisa.csv
LISA_PORTF,10,3,f100,ttd300_n10_L3_f100,,-27048.6,,,64,LISA/sa_lisa.csv
LISA_PORTF,10,4,f025,ttd300_n10_L4_f025,,-39204.9,,,64,LISA/sa_lisa.csv
LISA_PORTF,10,4,f050,ttd300_n10_L4_f050,,-36633.9,,,64,LISA/sa_lisa.csv
LISA_PORTF,10,4,f075,ttd300_n10_L4_f075,,-23642.3,,,64,LISA/sa_lisa.csv
LISA_PORTF,10,4,f100,ttd300_n10_L4_f100,,-21573.4,,,64,LISA/sa_lisa.csv
LISA_PORTF,10,5,f025,ttd300_n10_L5_f025,,-43130.5,,,64,LISA/sa_lisa.csv
LISA_PORTF,10,5,f050,ttd300_n10_L5_f050,,-38700.5,,,64,LISA/sa_lisa.csv
LISA_PORTF,10,5,f075,ttd300_n10_L5_f075,,-31116.3,,,64,LISA/sa_lisa.csv
LISA_PORTF,10,5,f100,ttd300_n10_L5_f100,,-29298.4,,,64,LISA/sa_lisa.csv
LISA_PORTF,20,1,f025,ttd300_n20_L1_f025,,-54904.8,,,64,LISA/sa_lisa.csv
LISA_PORTF,20,1,f050,ttd300_n20_L1_f050,,-48857.2,,,64,LISA/sa_lisa.csv
LISA_PORTF,20,1,f075,ttd300_n20_L1_f075,,-29051.0,,,64,LISA/sa_lisa.csv
LISA_PORTF,20,1,f100,ttd300_n20_L1_f100,,-29183.7,,,64,LISA/sa_lisa.csv
LISA_PORTF,20,2,f025,ttd300_n20_L2_f025,,-40569.4,,,64,LISA/sa_lisa.csv
LISA_PORTF,20,2,f050,ttd300_n20_L2_f050,,-28686.4,,,64,LISA/sa_lisa.csv
LISA_PORTF,20,2,f075,ttd300_n20_L2_f075,,-23012.4,,,64,LISA/sa_lisa.csv
LISA_PORTF,20,2,f100,ttd300_n20_L2_f100,,-22902.3,,,64,LISA/sa_lisa.csv
LISA_PORTF,20,3,f025,ttd300_n20_L3_f025,,-56996.5,,,64,LISA/sa_lisa.csv
LISA_PORTF,20,3,f050,ttd300_n20_L3_f050,,-41135.0,,,64,LISA/sa_lisa.csv
LISA_PORTF,20,3,f075,ttd300_n20_L3_f075,,-30345.6,,,64,LISA/sa_lisa.csv
LISA_PORTF,20,3,f100,ttd300_n20_L3_f100,,-29146.7,,,64,LISA/sa_lisa.csv
LISA_PORTF,20,4,f025,ttd300_n20_L4_f025,,-48586.3,,,64,LISA/sa_lisa.csv
LISA_PORTF,20,4,f050,ttd300_n20_L4_f050,,-34941.1,,,64,LISA/sa_lisa.csv
LISA_PORTF,20,4,f075,ttd300_n20_L4_f075,,-26449.8,,,64,LISA/sa_lisa.csv
LISA_PORTF,20,4,f100,ttd300_n20_L4_f100,,-28405.0,,,64,LISA/sa_lisa.csv
LISA_PORTF,20,5,f025,ttd300_n20_L5_f025,,-55812.9,,,64,LISA/sa_lisa.csv
LISA_PORTF,20,5,f050,ttd300_n20_L5_f050,,-44143.3,,,64,LISA/sa_lisa.csv
LISA_PORTF,20,5,f075,ttd300_n20_L5_f075,,-32898.7,,,64,LISA/sa_lisa.csv
LISA_PORTF,20,5,f100,ttd300_n20_L5_f100,,-29565.1,,,64,LISA/sa_lisa.csv
LISA_PORTF,30,1,f025,ttd300_n30_L1_f025,,-54299.6,,,64,LISA/sa_lisa.csv
LISA_PORTF,30,1,f050,ttd300_n30_L1_f050,,-38708.9,,,64,LISA/sa_lisa.csv
LISA_PORTF,30,1,f075,ttd300_n30_L1_f075,,-32117.1,,,64,LISA/sa_lisa.csv
LISA_PORTF,30,1,f100,ttd300_n30_L1_f100,,-30845.9,,,64,LISA/sa_lisa.csv
LISA_PORTF,30,2,f025,ttd300_n30_L2_f025,,-45537.6,,,64,LISA/sa_lisa.csv
LISA_PORTF,30,2,f050,ttd300_n30_L2_f050,,-39890.0,,,64,LISA/sa_lisa.csv
LISA_PORTF,30,2,f075,ttd300_n30_L2_f075,,-36901.8,,,64,LISA/sa_lisa.csv
LISA_PORTF,30,2,f100,ttd300_n30_L2_f100,,-36766.2,,,64,LISA/sa_lisa.csv
LISA_PORTF,30,3,f025,ttd300_n30_L3_f025,,-48328.4,,,64,LISA/sa_lisa.csv
LISA_PORTF,30,3,f050,ttd300_n30_L3_f050,,-31244.7,,,64,LISA/sa_lisa.csv
LISA_PORTF,30,3,f075,ttd300_n30_L3_f075,,-30910.9,,,64,LISA/sa_lisa.csv
LISA_PORTF,30,3,f100,ttd300_n30_L3_f100,,-29357.4,,,64,LISA/sa_lisa.csv
LISA_PORTF,30,4,f025,ttd300_n30_L4_f025,,-50852.8,,,64,LISA/sa_lisa.csv
LISA_PORTF,30,4,f050,ttd300_n30_L4_f050,,-35160.5,,,64,LISA/sa_lisa.csv
LISA_PORTF,30,4,f075,ttd300_n30_L4_f075,,-31504.0,,,64,LISA/sa_lisa.csv
LISA_PORTF,30,4,f100,ttd300_n30_L4_f100,,-30709.3,,,64,LISA/sa_lisa.csv
LISA_PORTF,30,5,f025,ttd300_n30_L5_f025,,-46788.1,,,64,LISA/sa_lisa.csv
LISA_PORTF,30,5,f050,ttd300_n30_L5_f050,,-34151.6,,,64,LISA/sa_lisa.csv
LISA_PORTF,30,5,f075,ttd300_n30_L5_f075,,-34981.5,,,64,LISA/sa_lisa.csv
LISA_PORTF,30,5,f100,ttd300_n30_L5_f100,,-30644.7,,,64,LISA/sa_lisa.csv
LISA_PORTF,40,1,f025,ttd300_n40_L1_f025,,-44682.8,,,64,LISA/sa_lisa.csv
LISA_PORTF,40,1,f050,ttd300_n40_L1_f050,,-33852.6,,,64,LISA/sa_lisa.csv
LISA_PORTF,40,1,f075,ttd300_n40_L1_f075,,-35863.9,,,64,LISA/sa_lisa.csv
LISA_PORTF,40,1,f100,ttd300_n40_L1_f100,,-32387.5,,,64,LISA/sa_lisa.csv
LISA_PORTF,40,2,f025,ttd300_n40_L2_f025,,-47933.0,,,64,LISA/sa_lisa.csv
LISA_PORTF,40,2,f050,ttd300_n40_L2_f050,,-37167.0,,,64,LISA/sa_lisa.csv
LISA_PORTF,40,2,f075,ttd300_n40_L2_f075,,-34418.4,,,64,LISA/sa_lisa.csv
LISA_PORTF,40,2,f100,ttd300_n40_L2_f100,,-33807.1,,,64,LISA/sa_lisa.csv
LISA_PORTF,40,3,f025,ttd300_n40_L3_f025,,-57167.0,,,64,LISA/sa_lisa.csv
LISA_PORTF,40,3,f050,ttd300_n40_L3_f050,,-41477.5,,,64,LISA/sa_lisa.csv
LISA_PORTF,40,3,f075,ttd300_n40_L3_f075,,-38649.5,,,64,LISA/sa_lisa.csv
LISA_PORTF,40,3,f100,ttd300_n40_L3_f100,,-36480.1,,,64,LISA/sa_lisa.csv
LISA_PORTF,40,4,f025,ttd300_n40_L4_f025,,-53114.1,,,64,LISA/sa_lisa.csv
LISA_PORTF,40,4,f050,ttd300_n40_L4_f050,,-35544.9,,,64,LISA/sa_lisa.csv
LISA_PORTF,40,4,f075,ttd300_n40_L4_f075,,-32489.2,,,64,LISA/sa_lisa.csv
LISA_PORTF,40,4,f100,ttd300_n40_L4_f100,,-31049.8,,,64,LISA/sa_lisa.csv
LISA_PORTF,40,5,f025,ttd300_n40_L5_f025,,-46288.7,,,64,LISA/sa_lisa.csv
LISA_PORTF,40,5,f050,ttd300_n40_L5_f050,,-35630.0,,,64,LISA/sa_lisa.csv
LISA_PORTF,40,5,f075,ttd300_n40_L5_f075,,-34485.5,,,64,LISA/sa_lisa.csv
LISA_PORTF,40,5,f100,ttd300_n40_L5_f100,,-33658.3,,,64,LISA/sa_lisa.csv
LISA_PORTF,50,1,f025,ttd300_n50_L1_f025,,-47635.8,,,64,LISA/sa_lisa.csv
LISA_PORTF,50,1,f050,ttd300_n50_L1_f050,,-32161.2,,,64,LISA/sa_lisa.csv
LISA_PORTF,50,1,f075,ttd300_n50_L1_f075,,-30731.8,,,64,LISA/sa_lisa.csv
LISA_PORTF,50,1,f100,ttd300_n50_L1_f100,,-31343.1,,,64,LISA/sa_lisa.csv
LISA_PORTF,50,2,f025,ttd300_n50_L2_f025,,-43927.7,,,64,LISA/sa_lisa.csv
LISA_PORTF,50,2,f050,ttd300_n50_L2_f050,,-28737.2,,,64,LISA/sa_lisa.csv
LISA_PORTF,50,2,f075,ttd300_n50_L2_f075,,-29465.9,,,64,LISA/sa_lisa.csv
LISA_PORTF,50,2,f100,ttd300_n50_L2_f100,,-29244.5,,,64,LISA/sa_lisa.csv
LISA_PORTF,50,3,f025,ttd300_n50_L3_f025,,-58648.4,,,64,LISA/sa_lisa.csv
LISA_PORTF,50,3,f050,ttd300_n50_L3_f050,,-40615.6,,,64,LISA/sa_lisa.csv
LISA_PORTF,50,3,f075,ttd300_n50_L3_f075,,-39363.5,,,64,LISA/sa_lisa.csv
LISA_PORTF,50,3,f100,ttd300_n50_L3_f100,,-44820.6,,,64,LISA/sa_lisa.csv
LISA_PORTF,50,4,f025,ttd300_n50_L4_f025,,-58348.2,,,64,LISA/sa_lisa.csv
LISA_PORTF,50,4,f050,ttd300_n50_L4_f050,,-36880.1,,,64,LISA/sa_lisa.csv
LISA_PORTF,50,4,f075,ttd300_n50_L4_f075,,-36547.4,,,64,LISA/sa_lisa.csv
LISA_PORTF,50,4,f100,ttd300_n50_L4_f100,,-30287.8,,,64,LISA/sa_lisa.csv
LISA_PORTF,50,5,f025,ttd300_n50_L5_f025,,-48866.1,,,64,LISA/sa_lisa.csv
LISA_PORTF,50,5,f050,ttd300_n50_L5_f050,,-35817.9,,,64,LISA/sa_lisa.csv
LISA_PORTF,50,5,f075,ttd300_n50_L5_f075,,-37259.2,,,64,LISA/sa_lisa.csv
LISA_PORTF,50,5,f100,ttd300_n50_L5_f100,,-35742.4,,,64,LISA/sa_lisa.csv
LISA_PORTF,75,1,f025,ttd300_n75_L1_f025,,-47689.5,,,64,LISA/sa_lisa.csv
LISA_PORTF,75,1,f050,ttd300_n75_L1_f050,,-34696.3,,,64,LISA/sa_lisa.csv
LISA_PORTF,75,1,f075,ttd300_n75_L1_f075,,-35949.4,,,64,LISA/sa_lisa.csv
LISA_PORTF,75,1,f100,ttd300_n75_L1_f100,,-37206.1,,,64,LISA/sa_lisa.csv
LISA_PORTF,75,2,f025,ttd300_n75_L2_f025,,-33388.1,,,64,LISA/sa_lisa.csv
LISA_PORTF,75,2,f050,ttd300_n75_L2_f050,,-28037.9,,,64,LISA/sa_lisa.csv
LISA_PORTF,75,2,f075,ttd300_n75_L2_f075,,-31296.4,,,64,LISA/sa_lisa.csv
LISA_PORTF,75,2,f100,ttd300_n75_L2_f100,,-33565.8,,,64,LISA/sa_lisa.csv
LISA_PORTF,75,3,f025,ttd300_n75_L3_f025,,-43522.4,,,64,LISA/sa_lisa.csv
LISA_PORTF,75,3,f050,ttd300_n75_L3_f050,,-35478.1,,,64,LISA/sa_lisa.csv
LISA_PORTF,75,3,f075,ttd300_n75_L3_f075,,-33801.2,,,64,LISA/sa_lisa.csv
LISA_PORTF,75,3,f100,ttd300_n75_L3_f100,,-42764.9,,,64,LISA/sa_lisa.csv
LISA_PORTF,75,4,f025,ttd300_n75_L4_f025,,-42173.9,,,64,LISA/sa_lisa.csv
LISA_PORTF,75,4,f050,ttd300_n75_L4_f050,,-33899.7,,,64,LISA/sa_lisa.csv
LISA_PORTF,75,4,f075,ttd300_n75_L4_f075,,-35680.2,,,64,LISA/sa_lisa.csv
LISA_PORTF,75,4,f100,ttd300_n75_L4_f100,,-37433.4,,,64,LISA/sa_lisa.csv
LISA_PORTF,75,5,f025,ttd300_n75_L5_f025,,-44077.4,,,64,LISA/sa_lisa.csv
LISA_PORTF,75,5,f050,ttd300_n75_L5_f050,,-35114.0,,,64,LISA/sa_lisa.csv
LISA_PORTF,75,5,f075,ttd300_n75_L5_f075,,-32655.9,,,64,LISA/sa_lisa.csv
LISA_PORTF,75,5,f100,ttd300_n75_L5_f100,,-42708.4,,,64,LISA/sa_lisa.csv
