method,n,seed,instance,status,objective,gap_%,time_s,n_items,n_truck,n_drone,n_rendv,profit,rental,arrival,W_final,W_capacity,W_actual,evals,time_to_best_s,collected_node_ids,truck_node_ids,drone_node_ids,rendezvous_node_ids,truck_route_node_ids,drone_arc_node_ids,W_sequence
VNS,5,6,bench_5_1,ok,-30367.6626,81.5667,10.0001,2,1,1,3,1944.0,32311.6626,444.452,2006.0,11375.0,5015.0,2283430,0.0036,"[2, 6]",[2],[6],"[2, 5, 1]","[1, 2, 5, 1]","[(1, 4), (4, 2), (2, 3), (3, 5), (5, 6), (6, 1)]","[(1, 0.0), (2, 0.0), (5, 1002.0), (1, 1002.0)]"
VNS,5,6,bench_5_2,ok,-35349.6,111.3534,10.0,1,0,1,3,855.0,36204.6,498.0,1006.0,11375.0,5032.0,2455697,0.0052,[6],[],[6],"[4, 2, 1]","[1, 4, 2, 1]","[(1, 5), (5, 4), (4, 3), (3, 2), (2, 6), (6, 1)]","[(1, 0.0), (4, 0.0), (2, 0.0), (1, 0.0)]"
VNS,5,6,bench_5_3,ok,-27075.2,61.8812,10.0,3,1,2,3,2441.0,29516.2,406.0,3017.0,11375.0,5030.0,2282815,0.0052,"[6, 2, 5]",[6],"[2, 5]","[3, 6, 1]","[1, 3, 6, 1]","[(1, 4), (4, 3), (3, 2), (2, 6), (6, 5), (5, 1)]","[(1, 0.0), (3, 0.0), (6, 0.0), (1, 2009.0)]"
VNS,5,6,bench_5_4,ok,-29738.1319,77.8027,10.0,2,0,2,3,1870.0,31608.1319,434.7749,2010.0,11375.0,5025.0,2333397,0.0422,"[3, 6]",[],"[3, 6]","[4, 5, 1]","[1, 4, 5, 1]","[(1, 2), (2, 4), (4, 3), (3, 5), (5, 6), (6, 1)]","[(1, 0.0), (4, 0.0), (5, 0.0), (1, 1003.0)]"
VNS,5,6,bench_5_5,ok,-16725.35,0.0,10.0,5,2,3,3,4394.0,21119.35,290.5,5021.0,11375.0,5021.0,2123820,0.115,"[6, 2, 5, 3, 4]","[6, 2]","[5, 3, 4]","[6, 2, 1]","[1, 6, 2, 1]","[(1, 5), (5, 6), (6, 3), (3, 2), (2, 4), (4, 1)]","[(1, 0.0), (6, 0.0), (2, 2007.0), (1, 4017.0)]"
VNS,10,8,bench_10_1,ok,-37643.0869,36.918,30.0001,5,3,2,5,4841.0,42484.0869,584.3753,5011.0,22750.0,10028.0,4591076,0.2611,"[4, 11, 10, 6, 9]","[4, 11, 10]","[6, 9]","[7, 2, 4, 11, 1]","[1, 7, 2, 4, 11, 10, 1]","[(1, 8), (8, 7), (7, 3), (3, 2), (2, 5), (5, 4), (4, 6), (6, 11), (11, 9), (9, 1)]","[(1, 0.0), (7, 0.0), (2, 0.0), (4, 0.0), (11, 1002.0), (10, 3008.0), (1, 4008.0)]"
VNS,10,8,bench_10_2,ok,-38915.5372,41.5462,30.0001,5,2,3,5,4211.0,43126.5372,593.2123,5026.0,22750.0,10050.0,4612329,0.1168,"[5, 2, 6, 9, 11]","[5, 2]","[6, 9, 11]","[10, 4, 3, 2, 1]","[1, 10, 4, 5, 3, 2, 1]","[(1, 8), (8, 10), (10, 7), (7, 4), (4, 6), (6, 3), (3, 9), (9, 2), (2, 11), (11, 1)]","[(1, 0.0), (10, 0.0), (4, 0.0), (5, 0.0), (3, 1009.0), (2, 2010.0), (1, 4020.0)]"
VNS,10,8,bench_10_3,ok,-28382.9589,3.2364,30.0,10,5,5,5,7897.0,36279.9589,499.0366,10056.0,22750.0,10056.0,4831910,0.5157,"[2, 6, 5, 7, 11, 10, 4, 3, 8, 9]","[2, 6, 5, 7, 11]","[10, 4, 3, 8, 9]","[2, 5, 7, 11, 1]","[1, 2, 6, 5, 7, 11, 1]","[(1, 10), (10, 2), (2, 4), (4, 5), (5, 3), (3, 7), (7, 8), (8, 11), (11, 9), (9, 1)]","[(1, 0.0), (2, 0.0), (6, 2010.0), (5, 3016.0), (7, 5033.0), (11, 7049.0), (1, 9056.0)]"
VNS,10,8,bench_10_4,ok,-36395.6646,32.3808,30.0001,7,4,3,4,6408.0,42803.6646,588.7712,7031.0,22750.0,10043.0,5067604,8.5374,"[7, 9, 10, 11, 6, 4, 8]","[7, 9, 10, 11]","[6, 4, 8]","[3, 7, 9, 1]","[1, 2, 3, 7, 9, 10, 11, 1]","[(1, 6), (6, 3), (3, 5), (5, 7), (7, 4), (4, 9), (9, 8), (8, 1)]","[(1, 0.0), (2, 0.0), (3, 0.0), (7, 1000.0), (9, 2003.0), (10, 4019.0), (11, 5023.0), (1, 6030.0)]"
VNS,10,8,bench_10_5,ok,-32684.6289,18.8827,30.0001,7,4,3,4,6155.0,38839.6289,534.2452,7038.0,22750.0,10055.0,5094270,0.5471,"[6, 7, 2, 11, 4, 3, 10]","[6, 7, 2, 11]","[4, 3, 10]","[8, 6, 11, 1]","[1, 9, 8, 6, 7, 2, 11, 1]","[(1, 5), (5, 8), (8, 4), (4, 6), (6, 3), (3, 11), (11, 10), (10, 1)]","[(1, 0.0), (9, 0.0), (8, 0.0), (6, 0.0), (7, 2012.0), (2, 3018.0), (11, 4022.0), (1, 6036.0)]"
VNS,15,0,bench_15_1,ok,-36385.6115,-0.0002,120.0009,11,6,5,7,9094.0,45479.6115,625.5793,11051.0,34126.0,15068.0,6510390,10.5233,"[9, 6, 10, 4, 3, 2, 8, 7, 13, 5, 15]","[9, 6, 10, 4, 3, 2]","[8, 7, 13, 5, 15]","[16, 12, 9, 6, 4, 2, 1]","[1, 16, 12, 9, 6, 10, 4, 3, 2, 1]","[(1, 11), (11, 16), (16, 14), (14, 12), (12, 8), (8, 9), (9, 7), (7, 6), (6, 13), (13, 4), (4, 5), (5, 2), (2, 15), (15, 1)]","[(1, 0.0), (16, 0.0), (12, 0.0), (9, 0.0), (6, 2018.0), (10, 4021.0), (4, 5026.0), (3, 7039.0), (2, 8040.0), (1, 10049.0)]"
VNS,15,4,bench_15_1,ok,-36385.6115,-0.0002,120.0001,11,6,5,7,9094.0,45479.6115,625.5793,11051.0,34126.0,15068.0,6685253,4.1533,"[9, 6, 10, 4, 3, 2, 8, 7, 13, 5, 15]","[9, 6, 10, 4, 3, 2]","[8, 7, 13, 5, 15]","[16, 12, 9, 6, 4, 2, 1]","[1, 16, 12, 9, 6, 10, 4, 3, 2, 1]","[(1, 11), (11, 16), (16, 14), (14, 12), (12, 8), (8, 9), (9, 7), (7, 6), (6, 13), (13, 4), (4, 5), (5, 2), (2, 15), (15, 1)]","[(1, 0.0), (16, 0.0), (12, 0.0), (9, 0.0), (6, 2018.0), (10, 4021.0), (4, 5026.0), (3, 7039.0), (2, 8040.0), (1, 10049.0)]"
VNS,15,8,bench_15_1,ok,-36385.6115,-0.0002,120.0011,11,6,5,7,9094.0,45479.6115,625.5793,11051.0,34126.0,15068.0,6664908,3.998,"[9, 6, 10, 4, 3, 2, 8, 7, 13, 5, 15]","[9, 6, 10, 4, 3, 2]","[8, 7, 13, 5, 15]","[16, 12, 9, 6, 4, 2, 1]","[1, 16, 12, 9, 6, 10, 4, 3, 2, 1]","[(1, 11), (11, 16), (16, 14), (14, 12), (12, 8), (8, 9), (9, 7), (7, 6), (6, 13), (13, 4), (4, 5), (5, 2), (2, 15), (15, 1)]","[(1, 0.0), (16, 0.0), (12, 0.0), (9, 0.0), (6, 2018.0), (10, 4021.0), (4, 5026.0), (3, 7039.0), (2, 8040.0), (1, 10049.0)]"
VNS,15,0,bench_15_2,ok,-40177.5021,10.4212,120.0015,12,7,5,6,9688.0,49865.5021,685.9079,12059.0,34126.0,15070.0,8450188,2.6138,"[7, 4, 3, 9, 2, 15, 16, 6, 5, 11, 13, 14]","[7, 4, 3, 9, 2, 15, 16]","[6, 5, 11, 13, 14]","[10, 7, 4, 2, 15, 1]","[1, 10, 8, 7, 4, 3, 9, 2, 15, 16, 1]","[(1, 12), (12, 10), (10, 6), (6, 7), (7, 5), (5, 4), (4, 11), (11, 2), (2, 13), (13, 15), (15, 14), (14, 1)]","[(1, 0.0), (10, 0.0), (8, 0.0), (7, 0.0), (4, 2005.0), (3, 4019.0), (9, 5027.0), (2, 6029.0), (15, 8043.0), (16, 10053.0), (1, 11053.0)]"
VNS,15,4,bench_15_2,ok,-40177.5021,10.4212,120.0024,12,7,5,6,9688.0,49865.5021,685.9079,12059.0,34126.0,15070.0,8646184,12.5649,"[7, 4, 3, 9, 2, 15, 16, 6, 5, 11, 13, 14]","[7, 4, 3, 9, 2, 15, 16]","[6, 5, 11, 13, 14]","[10, 7, 4, 2, 15, 1]","[1, 10, 8, 7, 4, 3, 9, 2, 15, 16, 1]","[(1, 12), (12, 10), (10, 6), (6, 7), (7, 5), (5, 4), (4, 11), (11, 2), (2, 13), (13, 15), (15, 14), (14, 1)]","[(1, 0.0), (10, 0.0), (8, 0.0), (7, 0.0), (4, 2005.0), (3, 4019.0), (9, 5027.0), (2, 6029.0), (15, 8043.0), (16, 10053.0), (1, 11053.0)]"
VNS,15,8,bench_15_2,ok,-40177.5021,10.4212,120.0001,12,7,5,6,9688.0,49865.5021,685.9079,12059.0,34126.0,15070.0,8678384,3.3518,"[7, 4, 3, 9, 2, 15, 16, 6, 5, 11, 13, 14]","[7, 4, 3, 9, 2, 15, 16]","[6, 5, 11, 13, 14]","[10, 7, 4, 2, 15, 1]","[1, 10, 8, 7, 4, 3, 9, 2, 15, 16, 1]","[(1, 12), (12, 10), (10, 6), (6, 7), (7, 5), (5, 4), (4, 11), (11, 2), (2, 13), (13, 15), (15, 14), (14, 1)]","[(1, 0.0), (10, 0.0), (8, 0.0), (7, 0.0), (4, 2005.0), (3, 4019.0), (9, 5027.0), (2, 6029.0), (15, 8043.0), (16, 10053.0), (1, 11053.0)]"
VNS,15,0,bench_15_3,ok,-36689.4522,0.8349,120.0001,11,7,4,5,9182.0,45871.4522,630.9691,11056.0,34126.0,15084.0,9144561,68.4192,"[8, 10, 11, 14, 13, 12, 16, 3, 5, 6, 2]","[8, 10, 11, 14, 13, 12, 16]","[3, 5, 6, 2]","[8, 7, 10, 13, 1]","[1, 15, 9, 8, 7, 10, 11, 14, 13, 12, 16, 1]","[(1, 4), (4, 8), (8, 3), (3, 7), (7, 5), (5, 10), (10, 6), (6, 13), (13, 2), (2, 1)]","[(1, 0.0), (15, 0.0), (9, 0.0), (8, 0.0), (7, 1006.0), (10, 2014.0), (11, 4026.0), (14, 5029.0), (13, 6037.0), (12, 8054.0), (16, 9054.0), (1, 10054.0)]"
VNS,15,4,bench_15_3,ok,-36689.4522,0.8349,120.0001,11,7,4,5,9182.0,45871.4522,630.9691,11056.0,34126.0,15084.0,10015828,1.2876,"[8, 10, 11, 14, 13, 12, 16, 3, 5, 6, 2]","[8, 10, 11, 14, 13, 12, 16]","[3, 5, 6, 2]","[8, 7, 10, 13, 1]","[1, 15, 9, 8, 7, 10, 11, 14, 13, 12, 16, 1]","[(1, 4), (4, 8), (8, 3), (3, 7), (7, 5), (5, 10), (10, 6), (6, 13), (13, 2), (2, 1)]","[(1, 0.0), (15, 0.0), (9, 0.0), (8, 0.0), (7, 1006.0), (10, 2014.0), (11, 4026.0), (14, 5029.0), (13, 6037.0), (12, 8054.0), (16, 9054.0), (1, 10054.0)]"
VNS,15,8,bench_15_3,ok,-36689.4522,0.8349,120.0001,11,7,4,5,9182.0,45871.4522,630.9691,11056.0,34126.0,15084.0,10045848,1.4455,"[8, 10, 11, 14, 13, 12, 16, 3, 5, 6, 2]","[8, 10, 11, 14, 13, 12, 16]","[3, 5, 6, 2]","[8, 7, 10, 13, 1]","[1, 15, 9, 8, 7, 10, 11, 14, 13, 12, 16, 1]","[(1, 4), (4, 8), (8, 3), (3, 7), (7, 5), (5, 10), (10, 6), (6, 13), (13, 2), (2, 1)]","[(1, 0.0), (15, 0.0), (9, 0.0), (8, 0.0), (7, 1006.0), (10, 2014.0), (11, 4026.0), (14, 5029.0), (13, 6037.0), (12, 8054.0), (16, 9054.0), (1, 10054.0)]"
VNS,15,0,bench_15_4,ok,-35495.4306,-2.4467,120.0024,12,7,5,6,10833.0,46328.4306,637.2549,12056.0,34126.0,15068.0,8423824,7.1073,"[3, 9, 11, 10, 12, 13, 14, 5, 8, 7, 15, 16]","[3, 9, 11, 10, 12, 13, 14]","[5, 8, 7, 15, 16]","[3, 4, 11, 12, 14, 1]","[1, 2, 3, 4, 9, 11, 10, 12, 13, 14, 1]","[(1, 6), (6, 3), (3, 5), (5, 4), (4, 8), (8, 11), (11, 7), (7, 12), (12, 15), (15, 14), (14, 16), (16, 1)]","[(1, 0.0), (2, 0.0), (3, 0.0), (4, 1003.0), (9, 2012.0), (11, 3015.0), (10, 5022.0), (12, 6029.0), (13, 8036.0), (14, 9040.0), (1, 11049.0)]"
VNS,15,4,bench_15_4,ok,-34558.1341,-5.0227,120.0012,14,8,6,7,12484.0,47042.1341,647.072,14061.0,34126.0,15068.0,7236217,8.6233,"[2, 3, 4, 9, 11, 10, 15, 16, 5, 7, 8, 12, 13, 14]","[2, 3, 4, 9, 11, 10, 15, 16]","[5, 7, 8, 12, 13, 14]","[3, 4, 11, 10, 15, 16, 1]","[1, 2, 3, 4, 9, 11, 10, 15, 16, 1]","[(1, 6), (6, 3), (3, 5), (5, 4), (4, 7), (7, 11), (11, 8), (8, 10), (10, 12), (12, 15), (15, 13), (13, 16), (16, 14), (14, 1)]","[(1, 0.0), (2, 0.0), (3, 1005.0), (4, 2008.0), (9, 4017.0), (11, 5020.0), (10, 7021.0), (15, 9034.0), (16, 11043.0), (1, 13054.0)]"
VNS,15,8,bench_15_4,ok,-35143.3111,-3.4144,120.0023,13,7,6,7,11507.0,46650.3111,641.6824,13059.0,34126.0,15068.0,8351722,116.7411,"[10, 11, 9, 4, 3, 2, 16, 13, 8, 6, 5, 7, 14]","[10, 11, 9, 4, 3, 2, 16]","[13, 8, 6, 5, 7, 14]","[15, 10, 9, 4, 3, 16, 1]","[1, 15, 10, 11, 9, 4, 3, 2, 16, 1]","[(1, 13), (13, 15), (15, 12), (12, 10), (10, 8), (8, 9), (9, 6), (6, 4), (4, 5), (5, 3), (3, 7), (7, 16), (16, 14), (14, 1)]","[(1, 0.0), (15, 0.0), (10, 1004.0), (11, 2011.0), (9, 3012.0), (4, 5021.0), (3, 7028.0), (2, 9040.0), (16, 10045.0), (1, 12052.0)]"
VNS,15,0,bench_15_5,ok,-36057.6577,-0.9015,120.0005,12,8,4,5,10143.0,46200.6577,635.4974,12055.0,34126.0,15075.0,9860624,101.4274,"[15, 2, 7, 10, 12, 13, 14, 16, 5, 3, 11, 6]","[15, 2, 7, 10, 12, 13, 14, 16]","[5, 3, 11, 6]","[7, 8, 10, 12, 1]","[1, 15, 2, 9, 7, 8, 10, 12, 13, 14, 16, 1]","[(1, 5), (5, 7), (7, 3), (3, 8), (8, 4), (4, 10), (10, 11), (11, 12), (12, 6), (6, 1)]","[(1, 0.0), (15, 0.0), (2, 1005.0), (9, 2009.0), (7, 2009.0), (8, 4023.0), (10, 5032.0), (12, 6036.0), (13, 8044.0), (14, 9046.0), (16, 10046.0), (1, 11046.0)]"
VNS,15,4,bench_15_5,ok,-33375.6962,-8.2724,120.0,11,7,4,5,9306.0,42681.6962,587.0935,11065.0,34126.0,15075.0,9995598,79.7686,"[10, 8, 7, 9, 2, 15, 16, 4, 6, 3, 5]","[10, 8, 7, 9, 2, 15, 16]","[4, 6, 3, 5]","[14, 10, 8, 9, 1]","[1, 14, 12, 11, 10, 8, 7, 9, 2, 15, 16, 1]","[(1, 13), (13, 14), (14, 4), (4, 10), (10, 6), (6, 8), (8, 3), (3, 9), (9, 5), (5, 1)]","[(1, 0.0), (14, 0.0), (12, 0.0), (11, 0.0), (10, 0.0), (8, 2011.0), (7, 4027.0), (9, 5036.0), (2, 7051.0), (15, 8055.0), (16, 9060.0), (1, 10060.0)]"
VNS,15,8,bench_15_5,ok,-33375.6962,-8.2724,120.0001,11,7,4,5,9306.0,42681.6962,587.0935,11065.0,34126.0,15075.0,10310689,45.4993,"[10, 8, 7, 9, 2, 15, 16, 4, 6, 3, 5]","[10, 8, 7, 9, 2, 15, 16]","[4, 6, 3, 5]","[14, 10, 8, 9, 1]","[1, 14, 12, 11, 10, 8, 7, 9, 2, 15, 16, 1]","[(1, 13), (13, 14), (14, 4), (4, 10), (10, 6), (6, 8), (8, 3), (3, 9), (9, 5), (5, 1)]","[(1, 0.0), (14, 0.0), (12, 0.0), (11, 0.0), (10, 0.0), (8, 2011.0), (7, 4027.0), (9, 5036.0), (2, 7051.0), (15, 8055.0), (16, 9060.0), (1, 10060.0)]"
VNS,20,2,bench_20_1,ok,-40117.5335,0.0668,300.0001,16,9,7,9,13732.0,53849.5335,740.7089,16072.0,45501.0,20094.0,3364637,76.3455,"[8, 10, 9, 16, 12, 13, 18, 17, 21, 4, 7, 15, 14, 6, 19, 20]","[8, 10, 9, 16, 12, 13, 18, 17, 21]","[4, 7, 15, 14, 6, 19, 20]","[2, 3, 8, 9, 16, 13, 17, 21, 1]","[1, 2, 3, 8, 10, 9, 16, 12, 13, 18, 17, 21, 1]","[(1, 11), (11, 2), (2, 5), (5, 3), (3, 4), (4, 8), (8, 7), (7, 9), (9, 15), (15, 16), (16, 14), (14, 13), (13, 6), (6, 17), (17, 19), (19, 21), (21, 20), (20, 1)]","[(1, 0.0), (2, 0.0), (3, 0.0), (8, 0.0), (10, 2009.0), (9, 3018.0), (16, 5029.0), (12, 7036.0), (13, 8040.0), (18, 10048.0), (17, 11052.0), (21, 13058.0), (1, 15069.0)]"
VNS,20,6,bench_20_1,ok,-40117.5335,0.0668,300.0287,16,9,7,9,13732.0,53849.5335,740.7089,16072.0,45501.0,20094.0,3418603,31.3173,"[8, 10, 9, 16, 12, 13, 18, 17, 21, 4, 7, 15, 14, 6, 19, 20]","[8, 10, 9, 16, 12, 13, 18, 17, 21]","[4, 7, 15, 14, 6, 19, 20]","[2, 3, 8, 9, 16, 13, 17, 21, 1]","[1, 2, 3, 8, 10, 9, 16, 12, 13, 18, 17, 21, 1]","[(1, 11), (11, 2), (2, 5), (5, 3), (3, 4), (4, 8), (8, 7), (7, 9), (9, 15), (15, 16), (16, 14), (14, 13), (13, 6), (6, 17), (17, 19), (19, 21), (21, 20), (20, 1)]","[(1, 0.0), (2, 0.0), (3, 0.0), (8, 0.0), (10, 2009.0), (9, 3018.0), (16, 5029.0), (12, 7036.0), (13, 8040.0), (18, 10048.0), (17, 11052.0), (21, 13058.0), (1, 15069.0)]"
VNS,20,2,bench_20_2,ok,-39446.9314,-1.6059,300.0219,19,11,8,9,15140.0,54586.9314,750.8519,19094.0,45501.0,20098.0,3609116,127.0592,"[16, 13, 9, 8, 12, 10, 3, 2, 20, 19, 21, 17, 14, 7, 5, 6, 4, 11, 18]","[16, 13, 9, 8, 12, 10, 3, 2, 20, 19, 21]","[17, 14, 7, 5, 6, 4, 11, 18]","[16, 13, 9, 8, 12, 10, 2, 19, 1]","[1, 16, 13, 9, 8, 12, 10, 3, 2, 20, 19, 21, 1]","[(1, 17), (17, 16), (16, 15), (15, 13), (13, 14), (14, 9), (9, 7), (7, 8), (8, 5), (5, 12), (12, 6), (6, 10), (10, 4), (4, 2), (2, 11), (11, 19), (19, 18), (18, 1)]","[(1, 0.0), (16, 0.0), (13, 2010.0), (9, 3016.0), (8, 5025.0), (12, 7030.0), (10, 9042.0), (3, 11053.0), (2, 12061.0), (20, 14073.0), (19, 15079.0), (21, 17089.0), (1, 18089.0)]"
VNS,20,6,bench_20_2,ok,-40558.27,1.1661,300.0227,14,8,6,8,11843.0,52401.27,720.7878,14066.0,45501.0,20098.0,4681936,42.8978,"[2, 8, 9, 14, 13, 16, 18, 21, 6, 7, 5, 15, 17, 11]","[2, 8, 9, 14, 13, 16, 18, 21]","[6, 7, 5, 15, 17, 11]","[19, 3, 8, 9, 13, 16, 18, 1]","[1, 19, 2, 3, 10, 12, 8, 9, 14, 13, 16, 18, 21, 1]","[(1, 20), (20, 19), (19, 4), (4, 3), (3, 6), (6, 8), (8, 7), (7, 9), (9, 5), (5, 13), (13, 15), (15, 16), (16, 17), (17, 18), (18, 11), (11, 1)]","[(1, 0.0), (19, 0.0), (2, 0.0), (3, 1004.0), (10, 1004.0), (12, 1004.0), (8, 1004.0), (9, 3017.0), (14, 5018.0), (13, 6027.0), (16, 8038.0), (18, 10046.0), (21, 12057.0), (1, 13057.0)]"
VNS,20,2,bench_20_3,ok,-38607.2996,-3.7002,300.0094,16,8,8,9,13925.0,52532.2996,722.5901,16083.0,45501.0,20106.0,3126975,46.3313,"[9, 8, 13, 14, 15, 17, 16, 21, 19, 4, 11, 6, 7, 5, 18, 20]","[9, 8, 13, 14, 15, 17, 16, 21]","[19, 4, 11, 6, 7, 5, 18, 20]","[3, 12, 10, 9, 8, 13, 17, 16, 1]","[1, 3, 12, 10, 9, 8, 13, 14, 15, 17, 16, 21, 1]","[(1, 2), (2, 3), (3, 19), (19, 12), (12, 4), (4, 10), (10, 11), (11, 9), (9, 6), (6, 8), (8, 7), (7, 13), (13, 5), (5, 17), (17, 18), (18, 16), (16, 20), (20, 1)]","[(1, 0.0), (3, 0.0), (12, 0.0), (10, 1008.0), (9, 2010.0), (8, 4019.0), (13, 6037.0), (14, 8049.0), (15, 9053.0), (17, 10056.0), (16, 12072.0), (21, 14080.0), (1, 15080.0)]"
VNS,20,6,bench_20_3,ok,-38607.2996,-3.7002,300.0001,16,8,8,9,13925.0,52532.2996,722.5901,16083.0,45501.0,20106.0,3101009,79.1641,"[9, 8, 13, 14, 15, 17, 16, 21, 19, 4, 11, 6, 7, 5, 18, 20]","[9, 8, 13, 14, 15, 17, 16, 21]","[19, 4, 11, 6, 7, 5, 18, 20]","[3, 12, 10, 9, 8, 13, 17, 16, 1]","[1, 3, 12, 10, 9, 8, 13, 14, 15, 17, 16, 21, 1]","[(1, 2), (2, 3), (3, 19), (19, 12), (12, 4), (4, 10), (10, 11), (11, 9), (9, 6), (6, 8), (8, 7), (7, 13), (13, 5), (5, 17), (17, 18), (18, 16), (16, 20), (20, 1)]","[(1, 0.0), (3, 0.0), (12, 0.0), (10, 1008.0), (9, 2010.0), (8, 4019.0), (13, 6037.0), (14, 8049.0), (15, 9053.0), (17, 10056.0), (16, 12072.0), (21, 14080.0), (1, 15080.0)]"
VNS,20,2,bench_20_4,ok,-37003.0543,-7.7018,300.0053,18,9,9,10,15946.0,52949.0543,728.3226,18080.0,45501.0,20092.0,5689765,26.5901,"[3, 5, 7, 10, 15, 14, 13, 18, 19, 16, 4, 8, 9, 11, 20, 12, 17, 21]","[3, 5, 7, 10, 15, 14, 13, 18, 19]","[16, 4, 8, 9, 11, 20, 12, 17, 21]","[3, 5, 7, 10, 15, 14, 13, 18, 19, 1]","[1, 2, 3, 5, 7, 10, 15, 14, 13, 18, 19, 1]","[(1, 16), (16, 3), (3, 4), (4, 5), (5, 6), (6, 7), (7, 8), (8, 10), (10, 9), (9, 15), (15, 11), (11, 14), (14, 20), (20, 13), (13, 12), (12, 18), (18, 17), (17, 19), (19, 21), (21, 1)]","[(1, 0.0), (2, 0.0), (3, 0.0), (5, 2009.0), (7, 4018.0), (10, 5018.0), (15, 7024.0), (14, 9030.0), (13, 11040.0), (18, 13048.0), (19, 15059.0), (1, 17073.0)]"
VNS,20,6,bench_20_4,ok,-37003.0543,-7.7018,300.0135,18,9,9,10,15946.0,52949.0543,728.3226,18080.0,45501.0,20092.0,5856415,25.3629,"[3, 5, 7, 10, 15, 14, 13, 18, 19, 16, 4, 8, 9, 11, 20, 12, 17, 21]","[3, 5, 7, 10, 15, 14, 13, 18, 19]","[16, 4, 8, 9, 11, 20, 12, 17, 21]","[3, 5, 7, 10, 15, 14, 13, 18, 19, 1]","[1, 2, 3, 5, 7, 10, 15, 14, 13, 18, 19, 1]","[(1, 16), (16, 3), (3, 4), (4, 5), (5, 6), (6, 7), (7, 8), (8, 10), (10, 9), (9, 15), (15, 11), (11, 14), (14, 20), (20, 13), (13, 12), (12, 18), (18, 17), (17, 19), (19, 21), (21, 1)]","[(1, 0.0), (2, 0.0), (3, 0.0), (5, 2009.0), (7, 4018.0), (10, 5018.0), (15, 7024.0), (14, 9030.0), (13, 11040.0), (18, 13048.0), (19, 15059.0), (1, 17073.0)]"
VNS,20,2,bench_20_5,ok,-37697.5954,-5.9694,300.0245,13,8,5,9,10981.0,48678.5954,669.5818,13074.0,45501.0,20090.0,3378837,291.5819,"[14, 9, 6, 10, 11, 12, 3, 20, 7, 5, 4, 2, 18]","[14, 9, 6, 10, 11, 12, 3, 20]","[7, 5, 4, 2, 18]","[17, 13, 14, 9, 6, 10, 12, 20, 1]","[1, 21, 17, 13, 14, 9, 6, 10, 11, 12, 3, 20, 1]","[(1, 19), (19, 17), (17, 16), (16, 13), (13, 15), (15, 14), (14, 8), (8, 9), (9, 7), (7, 6), (6, 5), (5, 10), (10, 4), (4, 12), (12, 2), (2, 20), (20, 18), (18, 1)]","[(1, 0.0), (21, 0.0), (17, 0.0), (13, 0.0), (14, 0.0), (9, 1004.0), (6, 2009.0), (10, 4023.0), (11, 6039.0), (12, 7046.0), (3, 9061.0), (20, 10065.0), (1, 12072.0)]"
VNS,20,6,bench_20_5,ok,-37879.2381,-5.5163,300.0335,15,8,7,10,12322.0,50201.2381,690.526,15074.0,45501.0,20090.0,4617790,6.1256,"[14, 9, 6, 11, 12, 3, 20, 21, 8, 7, 5, 10, 4, 18, 19]","[14, 9, 6, 11, 12, 3, 20, 21]","[8, 7, 5, 10, 4, 18, 19]","[17, 16, 14, 9, 6, 11, 12, 20, 21, 1]","[1, 17, 16, 14, 9, 6, 11, 12, 3, 20, 21, 1]","[(1, 2), (2, 17), (17, 13), (13, 16), (16, 15), (15, 14), (14, 8), (8, 9), (9, 7), (7, 6), (6, 5), (5, 11), (11, 10), (10, 12), (12, 4), (4, 20), (20, 18), (18, 21), (21, 19), (19, 1)]","[(1, 0.0), (17, 0.0), (16, 0.0), (14, 0.0), (9, 1004.0), (6, 3011.0), (11, 5025.0), (12, 7039.0), (3, 9054.0), (20, 10058.0), (21, 12072.0), (1, 14074.0)]"
VNS,30,0,bench_30_1,ok,-39390.2443,,450.0667,28,18,10,10,24851.0,64241.2443,883.6485,28131.0,68251.0,30140.0,6787902,201.6976,"[28, 21, 19, 13, 14, 15, 11, 10, 9, 8, 17, 7, 6, 30, 5, 4, 3, 2, 26, 24, 22, 23, 12, 16, 18, 29, 27, 31]","[28, 21, 19, 13, 14, 15, 11, 10, 9, 8, 17, 7, 6, 30, 5, 4, 3, 2]","[26, 24, 22, 23, 12, 16, 18, 29, 27, 31]","[25, 21, 19, 10, 8, 7, 5, 3, 2, 1]","[1, 28, 25, 20, 21, 19, 13, 14, 15, 11, 10, 9, 8, 17, 7, 6, 30, 5, 4, 3, 2, 1]","[(1, 26), (26, 25), (25, 24), (24, 21), (21, 22), (22, 19), (19, 23), (23, 10), (10, 12), (12, 8), (8, 16), (16, 7), (7, 18), (18, 5), (5, 29), (29, 3), (3, 27), (27, 2), (2, 31), (31, 1)]","[(1, 0.0), (28, 0.0), (25, 1006.0), (20, 2009.0), (21, 2009.0), (19, 4015.0), (13, 6023.0), (14, 7025.0), (15, 8030.0), (11, 9036.0), (10, 10038.0), (9, 12051.0), (8, 13055.0), (17, 15058.0), (7, 16064.0), (6, 18081.0), (30, 19085.0), (5, 20094.0), (4, 22109.0), (3, 23110.0), (2, 25120.0), (1, 27126.0)]"
VNS,30,4,bench_30_1,ok,-41377.1974,,450.1011,29,19,10,10,25582.0,66959.1974,921.0344,29135.0,68251.0,30140.0,7474515,147.9975,"[22, 20, 21, 19, 13, 14, 15, 11, 10, 8, 16, 17, 7, 6, 5, 30, 3, 31, 2, 26, 24, 12, 9, 23, 18, 4, 29, 28, 27]","[22, 20, 21, 19, 13, 14, 15, 11, 10, 8, 16, 17, 7, 6, 5, 30, 3, 31, 2]","[26, 24, 12, 9, 23, 18, 4, 29, 28, 27]","[21, 11, 10, 8, 17, 5, 30, 3, 2, 1]","[1, 25, 22, 20, 21, 19, 13, 14, 15, 11, 10, 8, 16, 17, 7, 6, 5, 30, 3, 31, 2, 1]","[(1, 26), (26, 21), (21, 24), (24, 11), (11, 12), (12, 10), (10, 9), (9, 8), (8, 23), (23, 17), (17, 18), (18, 5), (5, 4), (4, 30), (30, 29), (29, 3), (3, 28), (28, 2), (2, 27), (27, 1)]","[(1, 0.0), (25, 0.0), (22, 0.0), (20, 1004.0), (21, 2008.0), (19, 4013.0), (13, 5017.0), (14, 6019.0), (15, 7024.0), (11, 8030.0), (10, 10036.0), (8, 12044.0), (16, 14050.0), (17, 15059.0), (7, 17071.0), (6, 18079.0), (5, 19083.0), (30, 21098.0), (3, 23108.0), (31, 25118.0), (2, 26123.0), (1, 28135.0)]"
VNS,30,8,bench_30_1,ok,-42639.1205,,450.0001,27,18,9,10,23893.0,66532.1205,915.1598,27127.0,68251.0,30140.0,6122661,94.3351,"[21, 19, 14, 15, 11, 10, 9, 8, 16, 17, 7, 6, 30, 5, 4, 3, 31, 2, 24, 23, 13, 12, 22, 18, 26, 28, 27]","[21, 19, 14, 15, 11, 10, 9, 8, 16, 17, 7, 6, 30, 5, 4, 3, 31, 2]","[24, 23, 13, 12, 22, 18, 26, 28, 27]","[29, 21, 15, 10, 8, 17, 30, 3, 2, 1]","[1, 29, 20, 21, 19, 14, 15, 11, 10, 9, 8, 16, 17, 7, 6, 30, 5, 4, 3, 31, 2, 1]","[(1, 25), (25, 29), (29, 24), (24, 21), (21, 23), (23, 15), (15, 13), (13, 10), (10, 12), (12, 8), (8, 22), (22, 17), (17, 18), (18, 30), (30, 26), (26, 3), (3, 28), (28, 2), (2, 27), (27, 1)]","[(1, 0.0), (29, 0.0), (20, 0.0), (21, 0.0), (19, 2006.0), (14, 3010.0), (15, 4015.0), (11, 6027.0), (10, 7029.0), (9, 9038.0), (8, 10042.0), (16, 12045.0), (17, 13054.0), (7, 15064.0), (6, 16072.0), (30, 17076.0), (5, 19091.0), (4, 20100.0), (3, 21101.0), (31, 23110.0), (2, 24115.0), (1, 26127.0)]"
VNS,30,0,bench_30_2,ok,-40516.447,,450.217,25,17,8,10,21065.0,61581.447,847.0625,25113.0,68251.0,30134.0,4386783,188.4558,"[19, 20, 12, 10, 8, 9, 13, 14, 5, 15, 4, 2, 3, 30, 29, 28, 31, 25, 24, 11, 7, 6, 16, 27, 26]","[19, 20, 12, 10, 8, 9, 13, 14, 5, 15, 4, 2, 3, 30, 29, 28, 31]","[25, 24, 11, 7, 6, 16, 27, 26]","[23, 19, 18, 12, 9, 14, 15, 2, 28, 1]","[1, 23, 22, 19, 20, 18, 12, 10, 8, 9, 13, 14, 5, 15, 4, 2, 3, 30, 29, 28, 31, 1]","[(1, 25), (25, 23), (23, 24), (24, 19), (19, 21), (21, 18), (18, 17), (17, 12), (12, 11), (11, 9), (9, 7), (7, 14), (14, 6), (6, 15), (15, 16), (16, 2), (2, 27), (27, 28), (28, 26), (26, 1)]","[(1, 0.0), (23, 0.0), (22, 1006.0), (19, 1006.0), (20, 3018.0), (18, 4027.0), (12, 4027.0), (10, 5027.0), (8, 6031.0), (9, 7032.0), (13, 9041.0), (14, 10044.0), (5, 12056.0), (15, 13064.0), (4, 15071.0), (2, 16079.0), (3, 18094.0), (30, 19098.0), (29, 20099.0), (28, 21105.0), (31, 23108.0), (1, 24108.0)]"
VNS,30,4,bench_30_2,ok,-39039.2947,,450.0553,27,18,9,10,22582.0,61621.2947,847.6107,27121.0,68251.0,30134.0,4703949,441.1406,"[23, 22, 19, 20, 12, 10, 8, 9, 13, 14, 15, 4, 2, 3, 30, 29, 28, 31, 25, 24, 11, 6, 7, 5, 26, 16, 27]","[23, 22, 19, 20, 12, 10, 8, 9, 13, 14, 15, 4, 2, 3, 30, 29, 28, 31]","[25, 24, 11, 6, 7, 5, 26, 16, 27]","[23, 21, 18, 12, 9, 14, 15, 30, 28, 1]","[1, 23, 22, 21, 19, 20, 18, 12, 10, 8, 9, 13, 14, 15, 4, 2, 3, 30, 29, 28, 31, 1]","[(1, 25), (25, 23), (23, 24), (24, 21), (21, 17), (17, 18), (18, 11), (11, 12), (12, 6), (6, 9), (9, 7), (7, 14), (14, 5), (5, 15), (15, 26), (26, 30), (30, 16), (16, 28), (28, 27), (27, 1)]","[(1, 0.0), (23, 0.0), (22, 2010.0), (21, 3014.0), (19, 4020.0), (20, 5026.0), (18, 6035.0), (12, 6035.0), (10, 8038.0), (8, 9042.0), (9, 10043.0), (13, 12054.0), (14, 13057.0), (15, 15069.0), (4, 17079.0), (2, 18087.0), (3, 19093.0), (30, 20097.0), (29, 22103.0), (28, 23109.0), (31, 25119.0), (1, 26119.0)]"
VNS,30,8,bench_30_2,ok,-38957.6993,,450.1415,25,18,7,10,20904.0,59861.6993,823.4071,25110.0,68251.0,30134.0,4719453,149.152,"[3, 15, 14, 13, 9, 8, 10, 12, 11, 18, 20, 19, 22, 23, 24, 26, 27, 31, 7, 6, 17, 21, 16, 25, 2]","[3, 15, 14, 13, 9, 8, 10, 12, 11, 18, 20, 19, 22, 23, 24, 26, 27, 31]","[7, 6, 17, 21, 16, 25, 2]","[30, 15, 14, 9, 11, 19, 22, 24, 26, 1]","[1, 30, 3, 4, 15, 14, 13, 9, 8, 10, 12, 11, 18, 20, 19, 22, 23, 24, 26, 27, 31, 1]","[(1, 28), (28, 30), (30, 29), (29, 15), (15, 5), (5, 14), (14, 7), (7, 9), (9, 6), (6, 11), (11, 17), (17, 19), (19, 21), (21, 22), (22, 16), (16, 24), (24, 25), (25, 26), (26, 2), (2, 1)]","[(1, 0.0), (30, 0.0), (3, 0.0), (4, 1004.0), (15, 1004.0), (14, 2006.0), (13, 3009.0), (9, 4012.0), (8, 6027.0), (10, 7028.0), (12, 8032.0), (11, 9032.0), (18, 11040.0), (20, 12042.0), (19, 13051.0), (22, 15064.0), (23, 17072.0), (24, 18076.0), (26, 20091.0), (27, 22102.0), (31, 23104.0), (1, 24104.0)]"
VNS,30,0,bench_30_3,ok,-45017.1279,,450.1359,28,19,9,10,23492.0,68509.1279,942.3539,28137.0,68251.0,30147.0,7856188,381.9522,"[20, 21, 11, 9, 8, 7, 6, 15, 14, 13, 18, 17, 29, 16, 4, 2, 3, 30, 31, 25, 10, 12, 19, 5, 23, 27, 28, 26]","[20, 21, 11, 9, 8, 7, 6, 15, 14, 13, 18, 17, 29, 16, 4, 2, 3, 30, 31]","[25, 10, 12, 19, 5, 23, 27, 28, 26]","[22, 11, 8, 13, 29, 4, 3, 30, 31, 1]","[1, 22, 20, 21, 11, 9, 8, 7, 6, 15, 14, 13, 18, 17, 29, 16, 4, 2, 3, 30, 31, 1]","[(1, 24), (24, 22), (22, 25), (25, 11), (11, 10), (10, 8), (8, 12), (12, 13), (13, 19), (19, 29), (29, 5), (5, 4), (4, 23), (23, 3), (3, 27), (27, 30), (30, 28), (28, 31), (31, 26), (26, 1)]","[(1, 0.0), (22, 0.0), (20, 0.0), (21, 1002.0), (11, 2006.0), (9, 4012.0), (8, 5013.0), (7, 7027.0), (6, 8035.0), (15, 9037.0), (14, 10043.0), (13, 11051.0), (18, 13063.0), (17, 14067.0), (29, 15076.0), (16, 17091.0), (4, 18099.0), (2, 20108.0), (3, 21110.0), (30, 23118.0), (31, 25129.0), (1, 27137.0)]"
VNS,30,4,bench_30_3,ok,-45900.1533,,450.1233,24,17,7,10,20671.0,66571.1533,915.6967,24127.0,68251.0,30147.0,4106852,237.4728,"[20, 21, 11, 9, 8, 7, 6, 15, 14, 13, 18, 17, 29, 16, 4, 2, 3, 12, 10, 25, 23, 5, 27, 28]","[20, 21, 11, 9, 8, 7, 6, 15, 14, 13, 18, 17, 29, 16, 4, 2, 3]","[12, 10, 25, 23, 5, 27, 28]","[30, 22, 19, 11, 9, 18, 29, 4, 3, 1]","[1, 30, 22, 20, 21, 19, 11, 9, 8, 7, 6, 15, 14, 13, 18, 17, 29, 16, 4, 2, 3, 1]","[(1, 26), (26, 30), (30, 31), (31, 22), (22, 24), (24, 19), (19, 12), (12, 11), (11, 10), (10, 9), (9, 25), (25, 18), (18, 23), (23, 29), (29, 5), (5, 4), (4, 27), (27, 3), (3, 28), (28, 1)]","[(1, 0.0), (30, 0.0), (22, 0.0), (20, 0.0), (21, 1002.0), (19, 2006.0), (11, 2006.0), (9, 4016.0), (8, 6022.0), (7, 7031.0), (6, 8039.0), (15, 9041.0), (14, 10047.0), (13, 11055.0), (18, 12058.0), (17, 14067.0), (29, 15076.0), (16, 17087.0), (4, 18095.0), (2, 20104.0), (3, 21106.0), (1, 23119.0)]"
VNS,30,8,bench_30_3,ok,-46182.8606,,450.0403,24,17,7,10,20671.0,66853.8606,919.5854,24127.0,68251.0,30147.0,4639068,64.3117,"[20, 21, 12, 10, 11, 9, 8, 7, 6, 15, 14, 18, 29, 16, 4, 2, 3, 25, 23, 13, 17, 5, 27, 28]","[20, 21, 12, 10, 11, 9, 8, 7, 6, 15, 14, 18, 29, 16, 4, 2, 3]","[25, 23, 13, 17, 5, 27, 28]","[30, 22, 19, 9, 14, 18, 29, 4, 3, 1]","[1, 30, 22, 20, 21, 19, 12, 10, 11, 9, 8, 7, 6, 15, 14, 18, 29, 16, 4, 2, 3, 1]","[(1, 26), (26, 30), (30, 31), (31, 22), (22, 24), (24, 19), (19, 25), (25, 9), (9, 23), (23, 14), (14, 13), (13, 18), (18, 17), (17, 29), (29, 5), (5, 4), (4, 27), (27, 3), (3, 28), (28, 1)]","[(1, 0.0), (30, 0.0), (22, 0.0), (20, 0.0), (21, 1002.0), (19, 2006.0), (12, 2006.0), (10, 3015.0), (11, 4020.0), (9, 5021.0), (8, 7027.0), (7, 8036.0), (6, 9044.0), (15, 10046.0), (14, 11052.0), (18, 13063.0), (29, 15070.0), (16, 17087.0), (4, 18095.0), (2, 20104.0), (3, 21106.0), (1, 23119.0)]"
VNS,30,0,bench_30_4,ok,-40138.3423,,450.0189,27,18,9,10,23232.0,63370.3423,871.6691,27119.0,68251.0,30139.0,7285932,330.0026,"[4, 5, 7, 6, 9, 11, 15, 14, 12, 24, 23, 22, 21, 19, 20, 27, 28, 29, 25, 10, 13, 16, 17, 30, 18, 2, 31]","[4, 5, 7, 6, 9, 11, 15, 14, 12, 24, 23, 22, 21, 19, 20, 27, 28, 29]","[25, 10, 13, 16, 17, 30, 18, 2, 31]","[4, 14, 12, 24, 22, 21, 19, 27, 29, 1]","[1, 3, 4, 5, 7, 8, 6, 9, 11, 15, 14, 12, 24, 23, 22, 21, 19, 20, 27, 28, 29, 1]","[(1, 26), (26, 4), (4, 25), (25, 14), (14, 10), (10, 12), (12, 13), (13, 24), (24, 16), (16, 22), (22, 17), (17, 21), (21, 30), (30, 19), (19, 18), (18, 27), (27, 2), (2, 29), (29, 31), (31, 1)]","[(1, 0.0), (3, 0.0), (4, 0.0), (5, 1003.0), (7, 2003.0), (8, 3012.0), (6, 3012.0), (9, 4014.0), (11, 5014.0), (15, 6020.0), (14, 7026.0), (12, 9038.0), (24, 11043.0), (23, 13055.0), (22, 14059.0), (21, 16063.0), (19, 18072.0), (20, 20076.0), (27, 21082.0), (28, 23096.0), (29, 24100.0), (1, 26112.0)]"
VNS,30,4,bench_30_4,ok,-43819.2942,,450.0742,29,20,9,10,24787.0,68606.2942,943.6904,29132.0,68251.0,30139.0,7602010,123.6652,"[3, 4, 5, 6, 9, 15, 14, 10, 12, 13, 24, 23, 21, 18, 30, 19, 20, 27, 28, 29, 7, 11, 25, 16, 17, 22, 26, 31, 2]","[3, 4, 5, 6, 9, 15, 14, 10, 12, 13, 24, 23, 21, 18, 30, 19, 20, 27, 28, 29]","[7, 11, 25, 16, 17, 22, 26, 31, 2]","[9, 14, 13, 23, 21, 18, 20, 28, 29, 1]","[1, 3, 4, 5, 6, 9, 15, 14, 10, 12, 13, 24, 23, 21, 18, 30, 19, 20, 27, 28, 29, 1]","[(1, 8), (8, 9), (9, 7), (7, 14), (14, 11), (11, 13), (13, 25), (25, 23), (23, 16), (16, 21), (21, 17), (17, 18), (18, 22), (22, 20), (20, 26), (26, 28), (28, 31), (31, 29), (29, 2), (2, 1)]","[(1, 0.0), (3, 0.0), (4, 1009.0), (5, 2012.0), (6, 3012.0), (9, 4014.0), (15, 5014.0), (14, 6020.0), (10, 8035.0), (12, 9035.0), (13, 10040.0), (24, 12050.0), (23, 13058.0), (21, 15068.0), (18, 17078.0), (30, 19087.0), (19, 20089.0), (20, 21091.0), (27, 23098.0), (28, 24105.0), (29, 26113.0), (1, 28127.0)]"
VNS,30,8,bench_30_4,ok,-40676.7291,,450.0359,27,19,8,10,23258.0,63934.7291,879.4323,27129.0,68251.0,30139.0,6669276,93.8057,"[18, 21, 23, 24, 13, 12, 10, 14, 15, 11, 9, 6, 8, 7, 5, 4, 3, 2, 31, 28, 25, 22, 26, 16, 27, 17, 29]","[18, 21, 23, 24, 13, 12, 10, 14, 15, 11, 9, 6, 8, 7, 5, 4, 3, 2, 31]","[28, 25, 22, 26, 16, 27, 17, 29]","[18, 21, 24, 12, 15, 5, 4, 3, 31, 1]","[1, 30, 18, 21, 23, 24, 13, 12, 10, 14, 15, 11, 9, 6, 8, 7, 5, 4, 3, 2, 31, 1]","[(1, 28), (28, 18), (18, 19), (19, 21), (21, 20), (20, 24), (24, 25), (25, 12), (12, 22), (22, 15), (15, 26), (26, 5), (5, 16), (16, 4), (4, 27), (27, 3), (3, 17), (17, 31), (31, 29), (29, 1)]","[(1, 0.0), (30, 0.0), (18, 0.0), (21, 2011.0), (23, 3018.0), (24, 4022.0), (13, 5030.0), (12, 6034.0), (10, 8045.0), (14, 9045.0), (15, 10051.0), (11, 12058.0), (9, 13064.0), (6, 14064.0), (8, 15066.0), (7, 16073.0), (5, 17082.0), (4, 19086.0), (3, 21092.0), (2, 23108.0), (31, 24113.0), (1, 26122.0)]"
VNS,30,0,bench_30_5,ok,-41044.4915,,450.2342,27,19,8,10,22522.0,63566.4915,874.3671,27116.0,68251.0,30126.0,5773094,156.398,"[22, 16, 13, 14, 12, 10, 9, 8, 7, 6, 18, 19, 20, 5, 30, 4, 3, 31, 2, 24, 17, 11, 25, 26, 27, 28, 29]","[22, 16, 13, 14, 12, 10, 9, 8, 7, 6, 18, 19, 20, 5, 30, 4, 3, 31, 2]","[24, 17, 11, 25, 26, 27, 28, 29]","[21, 16, 12, 9, 8, 19, 30, 3, 2, 1]","[1, 21, 22, 16, 13, 14, 12, 10, 9, 8, 7, 6, 18, 19, 20, 5, 30, 4, 3, 31, 2, 1]","[(1, 23), (23, 21), (21, 24), (24, 16), (16, 15), (15, 12), (12, 17), (17, 9), (9, 11), (11, 8), (8, 25), (25, 19), (19, 26), (26, 30), (30, 27), (27, 3), (3, 28), (28, 2), (2, 29), (29, 1)]","[(1, 0.0), (21, 0.0), (22, 0.0), (16, 1004.0), (13, 3010.0), (14, 4019.0), (12, 5020.0), (10, 6027.0), (9, 7031.0), (8, 9041.0), (7, 11052.0), (6, 12059.0), (18, 13068.0), (19, 14077.0), (20, 16088.0), (5, 17094.0), (30, 18098.0), (4, 20105.0), (3, 21107.0), (31, 23114.0), (2, 24114.0), (1, 26116.0)]"
VNS,30,4,bench_30_5,ok,-40736.6617,,450.0742,27,19,8,10,22346.0,63082.6617,867.712,27113.0,68251.0,30126.0,5108018,126.8006,"[22, 16, 17, 13, 14, 10, 11, 9, 8, 7, 6, 18, 19, 20, 5, 30, 3, 31, 2, 24, 15, 12, 25, 26, 4, 28, 29]","[22, 16, 17, 13, 14, 10, 11, 9, 8, 7, 6, 18, 19, 20, 5, 30, 3, 31, 2]","[24, 15, 12, 25, 26, 4, 28, 29]","[21, 22, 13, 11, 8, 19, 30, 3, 2, 1]","[1, 21, 22, 16, 17, 13, 14, 10, 11, 9, 8, 7, 6, 18, 19, 20, 5, 30, 3, 31, 2, 1]","[(1, 27), (27, 21), (21, 23), (23, 22), (22, 24), (24, 13), (13, 15), (15, 11), (11, 12), (12, 8), (8, 25), (25, 19), (19, 26), (26, 30), (30, 4), (4, 3), (3, 28), (28, 2), (2, 29), (29, 1)]","[(1, 0.0), (21, 0.0), (22, 0.0), (16, 1004.0), (17, 2006.0), (13, 3011.0), (14, 5024.0), (10, 6025.0), (11, 7029.0), (9, 9035.0), (8, 10040.0), (7, 12054.0), (6, 13061.0), (18, 14070.0), (19, 15079.0), (20, 17090.0), (5, 18096.0), (30, 19100.0), (3, 21107.0), (31, 23111.0), (2, 24111.0), (1, 26113.0)]"
VNS,30,8,bench_30_5,ok,-42470.6786,,450.0548,26,19,7,10,21700.0,64170.6786,882.6778,26111.0,68251.0,30126.0,5889123,62.3221,"[25, 22, 16, 13, 14, 12, 10, 11, 9, 8, 7, 6, 18, 19, 20, 5, 30, 3, 31, 23, 17, 26, 4, 28, 29, 2]","[25, 22, 16, 13, 14, 12, 10, 11, 9, 8, 7, 6, 18, 19, 20, 5, 30, 3, 31]","[23, 17, 26, 4, 28, 29, 2]","[25, 22, 13, 10, 9, 18, 5, 3, 31, 1]","[1, 25, 24, 22, 16, 13, 14, 12, 10, 11, 9, 8, 7, 6, 18, 19, 20, 5, 30, 3, 31, 1]","[(1, 27), (27, 25), (25, 21), (21, 22), (22, 23), (23, 13), (13, 15), (15, 10), (10, 17), (17, 9), (9, 26), (26, 18), (18, 4), (4, 5), (5, 28), (28, 3), (3, 29), (29, 31), (31, 2), (2, 1)]","[(1, 0.0), (25, 0.0), (24, 1004.0), (22, 1004.0), (16, 2008.0), (13, 3010.0), (14, 5023.0), (12, 6024.0), (10, 7031.0), (11, 8035.0), (9, 9039.0), (8, 11049.0), (7, 12056.0), (6, 13063.0), (18, 14072.0), (19, 16083.0), (20, 17090.0), (5, 18096.0), (30, 20102.0), (3, 21107.0), (31, 23111.0), (1, 25111.0)]"
VNS,40,2,bench_40_1,ok,-42365.6331,,600.2016,39,30,9,10,34665.0,77030.6331,1059.5685,39183.0,91001.0,40189.0,7595451,359.2692,"[41, 23, 24, 26, 19, 20, 21, 8, 9, 10, 11, 13, 12, 18, 17, 16, 15, 25, 28, 27, 29, 31, 30, 33, 36, 35, 34, 38, 37, 2, 4, 7, 14, 5, 6, 32, 39, 40, 3]","[41, 23, 24, 26, 19, 20, 21, 8, 9, 10, 11, 13, 12, 18, 17, 16, 15, 25, 28, 27, 29, 31, 30, 33, 36, 35, 34, 38, 37, 2]","[4, 7, 14, 5, 6, 32, 39, 40, 3]","[23, 9, 12, 15, 29, 33, 35, 38, 2, 1]","[1, 41, 23, 24, 26, 19, 20, 21, 8, 9, 10, 11, 13, 12, 18, 17, 16, 15, 25, 28, 27, 29, 31, 30, 33, 36, 35, 34, 38, 37, 2, 1]","[(1, 22), (22, 23), (23, 4), (4, 9), (9, 7), (7, 12), (12, 14), (14, 15), (15, 5), (5, 29), (29, 6), (6, 33), (33, 32), (32, 35), (35, 39), (39, 38), (38, 40), (40, 2), (2, 3), (3, 1)]","[(1, 0.0), (41, 0.0), (23, 1005.0), (24, 2011.0), (26, 3018.0), (19, 4025.0), (20, 5034.0), (21, 6037.0), (8, 7045.0), (9, 8047.0), (10, 10052.0), (11, 11057.0), (13, 12064.0), (12, 13065.0), (18, 15075.0), (17, 16081.0), (16, 17088.0), (15, 18093.0), (25, 20097.0), (28, 21101.0), (27, 22103.0), (29, 23107.0), (31, 25120.0), (30, 26126.0), (33, 27130.0), (36, 29134.0), (35, 30140.0), (34, 32147.0), (38, 33152.0), (37, 35162.0), (2, 36162.0), (1, 38177.0)]"
VNS,40,6,bench_40_1,ok,-39686.0794,,600.517,38,28,10,10,34052.0,73738.0794,1014.2789,38177.0,91001.0,40189.0,7827378,372.6283,"[40, 6, 7, 26, 19, 20, 21, 8, 9, 10, 11, 12, 18, 17, 16, 15, 25, 28, 27, 29, 31, 30, 33, 36, 35, 34, 38, 37, 4, 23, 13, 14, 24, 5, 32, 39, 41, 2]","[40, 6, 7, 26, 19, 20, 21, 8, 9, 10, 11, 12, 18, 17, 16, 15, 25, 28, 27, 29, 31, 30, 33, 36, 35, 34, 38, 37]","[4, 23, 13, 14, 24, 5, 32, 39, 41, 2]","[8, 12, 15, 25, 28, 33, 35, 38, 37, 1]","[1, 3, 40, 6, 7, 22, 26, 19, 20, 21, 8, 9, 10, 11, 12, 18, 17, 16, 15, 25, 28, 27, 29, 31, 30, 33, 36, 35, 34, 38, 37, 1]","[(1, 4), (4, 8), (8, 23), (23, 12), (12, 13), (13, 15), (15, 14), (14, 25), (25, 24), (24, 28), (28, 5), (5, 33), (33, 32), (32, 35), (35, 39), (39, 38), (38, 41), (41, 37), (37, 2), (2, 1)]","[(1, 0.0), (3, 0.0), (40, 0.0), (6, 1009.0), (7, 2013.0), (22, 3021.0), (26, 3021.0), (19, 4028.0), (20, 5037.0), (21, 6040.0), (8, 7048.0), (9, 9051.0), (10, 10055.0), (11, 11060.0), (12, 12067.0), (18, 14075.0), (17, 15081.0), (16, 16088.0), (15, 17093.0), (25, 19096.0), (28, 21102.0), (27, 23111.0), (29, 24115.0), (31, 25119.0), (30, 26125.0), (33, 27129.0), (36, 29138.0), (35, 30144.0), (34, 32151.0), (38, 33156.0), (37, 35166.0), (1, 37171.0)]"
VNS,40,2,bench_40_2,ok,-60649.7726,,600.2361,34,26,8,10,28647.0,89296.7726,1228.2912,34156.0,91001.0,40172.0,7136677,159.8033,"[24, 25, 22, 13, 12, 11, 9, 10, 8, 6, 7, 17, 16, 20, 19, 38, 39, 18, 4, 2, 3, 40, 37, 36, 35, 41, 34, 31, 5, 29, 33, 28, 32, 30]","[24, 25, 22, 13, 12, 11, 9, 10, 8, 6, 7, 17, 16, 20, 19, 38, 39, 18, 4, 2, 3, 40, 37, 36, 35, 41]","[34, 31, 5, 29, 33, 28, 32, 30]","[27, 24, 10, 17, 20, 38, 4, 40, 35, 1]","[1, 27, 24, 25, 21, 22, 13, 14, 12, 15, 11, 9, 10, 8, 6, 7, 17, 16, 20, 19, 38, 39, 18, 4, 2, 3, 40, 37, 36, 35, 41, 1]","[(1, 23), (23, 27), (27, 26), (26, 24), (24, 34), (34, 10), (10, 31), (31, 17), (17, 5), (5, 20), (20, 29), (29, 38), (38, 33), (33, 4), (4, 28), (28, 40), (40, 32), (32, 35), (35, 30), (30, 1)]","[(1, 0.0), (27, 0.0), (24, 0.0), (25, 1006.0), (21, 2015.0), (22, 2015.0), (13, 3023.0), (14, 4026.0), (12, 4026.0), (15, 5031.0), (11, 5031.0), (9, 6035.0), (10, 7036.0), (8, 9044.0), (6, 10044.0), (7, 11049.0), (17, 12058.0), (16, 14067.0), (20, 15070.0), (19, 17085.0), (38, 18094.0), (39, 20098.0), (18, 21102.0), (4, 22104.0), (2, 24117.0), (3, 25123.0), (40, 26127.0), (37, 28132.0), (36, 29138.0), (35, 30144.0), (41, 32150.0), (1, 33150.0)]"
VNS,40,6,bench_40_2,ok,-52512.5338,,600.3102,33,25,8,10,27708.0,80220.5338,1103.4461,33147.0,91001.0,40172.0,7429282,538.6422,"[24, 25, 22, 13, 12, 15, 11, 9, 10, 8, 6, 7, 5, 17, 16, 18, 4, 3, 40, 39, 38, 37, 36, 35, 41, 31, 30, 20, 29, 2, 19, 32, 34]","[24, 25, 22, 13, 12, 15, 11, 9, 10, 8, 6, 7, 5, 17, 16, 18, 4, 3, 40, 39, 38, 37, 36, 35, 41]","[31, 30, 20, 29, 2, 19, 32, 34]","[28, 24, 10, 5, 16, 3, 39, 38, 35, 1]","[1, 28, 27, 26, 24, 25, 21, 22, 13, 14, 12, 15, 11, 9, 10, 8, 6, 7, 5, 17, 16, 18, 4, 3, 40, 39, 38, 37, 36, 35, 41, 1]","[(1, 33), (33, 28), (28, 23), (23, 24), (24, 31), (31, 10), (10, 30), (30, 5), (5, 20), (20, 16), (16, 29), (29, 3), (3, 2), (2, 39), (39, 19), (19, 38), (38, 32), (32, 35), (35, 34), (34, 1)]","[(1, 0.0), (28, 0.0), (27, 0.0), (26, 0.0), (24, 0.0), (25, 1006.0), (21, 2015.0), (22, 2015.0), (13, 3023.0), (14, 4026.0), (12, 4026.0), (15, 5031.0), (11, 6031.0), (9, 7035.0), (10, 8036.0), (8, 10048.0), (6, 11048.0), (7, 12053.0), (5, 13062.0), (17, 15076.0), (16, 16079.0), (18, 18089.0), (4, 19091.0), (3, 20099.0), (40, 22104.0), (39, 23105.0), (38, 25115.0), (37, 27127.0), (36, 28133.0), (35, 29139.0), (41, 31145.0), (1, 32145.0)]"
VNS,40,2,bench_40_3,ok,-51998.4293,,600.3384,36,27,9,10,30493.0,82491.4293,1134.6827,36177.0,91001.0,40203.0,8501647,292.0069,"[29, 26, 27, 23, 15, 13, 14, 16, 12, 11, 10, 9, 8, 7, 19, 18, 17, 22, 21, 39, 20, 4, 6, 2, 3, 40, 41, 32, 33, 30, 38, 5, 37, 35, 36, 34]","[29, 26, 27, 23, 15, 13, 14, 16, 12, 11, 10, 9, 8, 7, 19, 18, 17, 22, 21, 39, 20, 4, 6, 2, 3, 40, 41]","[32, 33, 30, 38, 5, 37, 35, 36, 34]","[29, 16, 19, 21, 4, 6, 3, 40, 41, 1]","[1, 29, 28, 26, 25, 27, 24, 23, 15, 13, 14, 16, 12, 11, 10, 9, 8, 7, 19, 18, 17, 22, 21, 39, 20, 4, 6, 2, 3, 40, 41, 1]","[(1, 31), (31, 29), (29, 32), (32, 16), (16, 33), (33, 19), (19, 30), (30, 21), (21, 38), (38, 4), (4, 5), (5, 6), (6, 37), (37, 3), (3, 35), (35, 40), (40, 36), (36, 41), (41, 34), (34, 1)]","[(1, 0.0), (29, 0.0), (28, 1003.0), (26, 1003.0), (25, 2005.0), (27, 2005.0), (24, 3009.0), (23, 3009.0), (15, 4018.0), (13, 5027.0), (14, 6032.0), (16, 7033.0), (12, 9044.0), (11, 10044.0), (10, 11045.0), (9, 12054.0), (8, 13063.0), (7, 14071.0), (19, 15073.0), (18, 17084.0), (17, 18092.0), (22, 19095.0), (21, 20099.0), (39, 22113.0), (20, 23121.0), (4, 24129.0), (6, 26138.0), (2, 28147.0), (3, 29149.0), (40, 31158.0), (41, 33169.0), (1, 35177.0)]"
VNS,40,6,bench_40_3,ok,-50486.9464,,600.2664,34,25,9,10,28965.0,79451.9464,1092.8741,34175.0,91001.0,40203.0,7614370,597.0295,"[36, 26, 27, 23, 15, 13, 14, 16, 12, 11, 10, 9, 8, 7, 19, 18, 17, 22, 5, 4, 20, 39, 38, 3, 2, 32, 31, 30, 21, 29, 6, 40, 37, 35]","[36, 26, 27, 23, 15, 13, 14, 16, 12, 11, 10, 9, 8, 7, 19, 18, 17, 22, 5, 4, 20, 39, 38, 3, 2]","[32, 31, 30, 21, 29, 6, 40, 37, 35]","[36, 23, 16, 7, 22, 4, 39, 38, 2, 1]","[1, 41, 36, 33, 28, 26, 25, 27, 24, 23, 15, 13, 14, 16, 12, 11, 10, 9, 8, 7, 19, 18, 17, 22, 5, 4, 20, 39, 38, 3, 2, 1]","[(1, 34), (34, 36), (36, 32), (32, 23), (23, 31), (31, 16), (16, 30), (30, 7), (7, 21), (21, 22), (22, 29), (29, 4), (4, 6), (6, 39), (39, 40), (40, 38), (38, 37), (37, 2), (2, 35), (35, 1)]","[(1, 0.0), (41, 0.0), (36, 0.0), (33, 1008.0), (28, 1008.0), (26, 1008.0), (25, 2010.0), (27, 2010.0), (24, 3014.0), (23, 3014.0), (15, 5026.0), (13, 6035.0), (14, 7040.0), (16, 8041.0), (12, 10052.0), (11, 11052.0), (10, 12053.0), (9, 13062.0), (8, 14071.0), (7, 15079.0), (19, 17086.0), (18, 18092.0), (17, 19100.0), (22, 20103.0), (5, 22116.0), (4, 23124.0), (20, 25135.0), (39, 26143.0), (38, 28152.0), (3, 30156.0), (2, 31161.0), (1, 33167.0)]"
VNS,40,2,bench_40_4,ok,-44176.2593,,600.0515,36,27,9,10,31540.0,75716.2593,1041.4891,36179.0,91001.0,40195.0,7564198,532.6451,"[34, 30, 31, 16, 15, 12, 14, 17, 18, 13, 11, 7, 10, 8, 9, 6, 5, 20, 21, 28, 22, 23, 40, 4, 3, 41, 2, 36, 29, 32, 27, 19, 35, 38, 39, 37]","[34, 30, 31, 16, 15, 12, 14, 17, 18, 13, 11, 7, 10, 8, 9, 6, 5, 20, 21, 28, 22, 23, 40, 4, 3, 41, 2]","[36, 29, 32, 27, 19, 35, 38, 39, 37]","[24, 15, 18, 6, 21, 28, 40, 3, 41, 1]","[1, 24, 25, 34, 26, 30, 31, 16, 15, 12, 14, 17, 18, 13, 11, 7, 10, 8, 9, 6, 5, 20, 21, 28, 22, 23, 40, 4, 3, 41, 2, 1]","[(1, 33), (33, 24), (24, 36), (36, 15), (15, 29), (29, 18), (18, 32), (32, 6), (6, 27), (27, 21), (21, 19), (19, 28), (28, 35), (35, 40), (40, 38), (38, 3), (3, 39), (39, 41), (41, 37), (37, 1)]","[(1, 0.0), (24, 0.0), (25, 0.0), (34, 0.0), (26, 1002.0), (30, 1002.0), (31, 2006.0), (16, 3014.0), (15, 4018.0), (12, 6027.0), (14, 7027.0), (17, 8032.0), (18, 9038.0), (13, 11045.0), (11, 12051.0), (7, 13051.0), (10, 14053.0), (8, 15060.0), (9, 16068.0), (6, 17077.0), (5, 19083.0), (20, 20086.0), (21, 21095.0), (28, 23109.0), (22, 25115.0), (23, 26117.0), (40, 27124.0), (4, 29133.0), (3, 30142.0), (41, 32154.0), (2, 34162.0), (1, 35171.0)]"
VNS,40,6,bench_40_4,ok,-44886.5778,,600.2573,36,26,10,10,31020.0,75906.5778,1044.107,36177.0,91001.0,40195.0,7590988,354.904,"[39, 20, 5, 6, 9, 8, 7, 11, 13, 18, 17, 14, 12, 15, 16, 31, 30, 32, 33, 34, 26, 25, 35, 36, 38, 37, 3, 4, 19, 29, 27, 28, 24, 23, 41, 2]","[39, 20, 5, 6, 9, 8, 7, 11, 13, 18, 17, 14, 12, 15, 16, 31, 30, 32, 33, 34, 26, 25, 35, 36, 38, 37]","[3, 4, 19, 29, 27, 28, 24, 23, 41, 2]","[6, 17, 16, 30, 32, 34, 25, 36, 37, 1]","[1, 39, 40, 22, 21, 20, 5, 6, 9, 10, 8, 7, 11, 13, 18, 17, 14, 12, 15, 16, 31, 30, 32, 33, 34, 26, 25, 35, 36, 38, 37, 1]","[(1, 3), (3, 6), (6, 4), (4, 17), (17, 19), (19, 16), (16, 29), (29, 30), (30, 27), (27, 32), (32, 28), (28, 34), (34, 24), (24, 25), (25, 23), (23, 36), (36, 41), (41, 37), (37, 2), (2, 1)]","[(1, 0.0), (39, 0.0), (40, 1001.0), (22, 1001.0), (21, 1001.0), (20, 1001.0), (5, 2010.0), (6, 3013.0), (9, 5018.0), (10, 6027.0), (8, 6027.0), (7, 7035.0), (11, 8037.0), (13, 9037.0), (18, 10043.0), (17, 11049.0), (14, 13064.0), (12, 14069.0), (15, 15069.0), (16, 16074.0), (31, 18081.0), (30, 19089.0), (32, 21094.0), (33, 23107.0), (34, 24111.0), (26, 26116.0), (25, 27120.0), (35, 29128.0), (36, 30135.0), (38, 32146.0), (37, 33153.0), (1, 35168.0)]"
VNS,40,2,bench_40_5,ok,-46779.8132,,600.0001,34,26,8,10,28718.0,75497.8132,1038.4844,34163.0,91001.0,40183.0,7088370,495.7821,"[34, 33, 30, 20, 19, 18, 13, 14, 21, 22, 16, 15, 10, 12, 11, 9, 8, 7, 28, 24, 23, 25, 5, 39, 3, 41, 37, 31, 6, 27, 35, 36, 38, 2]","[34, 33, 30, 20, 19, 18, 13, 14, 21, 22, 16, 15, 10, 12, 11, 9, 8, 7, 28, 24, 23, 25, 5, 39, 3, 41]","[37, 31, 6, 27, 35, 36, 38, 2]","[26, 34, 13, 11, 7, 28, 5, 3, 41, 1]","[1, 40, 26, 34, 33, 30, 29, 20, 19, 18, 17, 13, 14, 21, 22, 16, 15, 10, 12, 11, 9, 8, 7, 28, 24, 23, 25, 5, 39, 3, 41, 1]","[(1, 4), (4, 26), (26, 32), (32, 34), (34, 37), (37, 13), (13, 31), (31, 11), (11, 6), (6, 7), (7, 27), (27, 28), (28, 35), (35, 5), (5, 36), (36, 3), (3, 38), (38, 41), (41, 2), (2, 1)]","[(1, 0.0), (40, 0.0), (26, 0.0), (34, 0.0), (33, 1004.0), (30, 2008.0), (29, 3012.0), (20, 3012.0), (19, 4018.0), (18, 5027.0), (17, 6034.0), (13, 6034.0), (14, 8045.0), (21, 9046.0), (22, 10048.0), (16, 11053.0), (15, 12054.0), (10, 13060.0), (12, 14064.0), (11, 15071.0), (9, 17079.0), (8, 18084.0), (7, 19091.0), (28, 21107.0), (24, 23123.0), (23, 24130.0), (25, 25139.0), (5, 26145.0), (39, 28151.0), (3, 29156.0), (41, 31163.0), (1, 33163.0)]"
VNS,40,6,bench_40_5,ok,-42644.8874,,600.1611,37,28,9,10,30546.0,73190.8874,1006.7522,37172.0,91001.0,40183.0,7675320,523.0779,"[35, 34, 33, 30, 20, 18, 19, 21, 22, 13, 14, 16, 15, 10, 11, 9, 8, 7, 6, 23, 24, 28, 25, 5, 39, 3, 41, 2, 36, 17, 12, 31, 26, 27, 40, 37, 38]","[35, 34, 33, 30, 20, 18, 19, 21, 22, 13, 14, 16, 15, 10, 11, 9, 8, 7, 6, 23, 24, 28, 25, 5, 39, 3, 41, 2]","[36, 17, 12, 31, 26, 27, 40, 37, 38]","[35, 13, 10, 9, 6, 25, 39, 3, 2, 1]","[1, 35, 32, 34, 33, 30, 29, 20, 18, 19, 21, 22, 13, 14, 16, 15, 10, 11, 9, 8, 7, 6, 23, 24, 28, 25, 5, 39, 3, 41, 2, 1]","[(1, 4), (4, 35), (35, 36), (36, 13), (13, 17), (17, 10), (10, 12), (12, 9), (9, 31), (31, 6), (6, 26), (26, 25), (25, 27), (27, 39), (39, 40), (40, 3), (3, 37), (37, 2), (2, 38), (38, 1)]","[(1, 0.0), (35, 0.0), (32, 1002.0), (34, 1002.0), (33, 2006.0), (30, 3010.0), (29, 4014.0), (20, 4014.0), (18, 5020.0), (19, 6027.0), (21, 7036.0), (22, 8038.0), (13, 9043.0), (14, 11057.0), (16, 12058.0), (15, 13059.0), (10, 14065.0), (11, 16071.0), (9, 17075.0), (8, 19087.0), (7, 20094.0), (6, 21101.0), (23, 23114.0), (24, 24123.0), (28, 25130.0), (25, 26139.0), (5, 28149.0), (39, 29153.0), (3, 31165.0), (41, 33170.0), (2, 34170.0), (1, 36172.0)]"
VNS,50,4,bench_50_1,ok,-43596.2939,,750.0947,50,40,10,10,44197.0,87793.2939,1207.6106,50223.0,113752.0,50223.0,7340891,692.218,"[41, 39, 36, 37, 35, 33, 34, 30, 31, 16, 15, 17, 18, 19, 20, 12, 13, 11, 10, 9, 8, 23, 22, 21, 29, 32, 27, 25, 24, 7, 6, 5, 50, 49, 48, 47, 46, 45, 51, 2, 38, 14, 44, 26, 28, 4, 3, 40, 42, 43]","[41, 39, 36, 37, 35, 33, 34, 30, 31, 16, 15, 17, 18, 19, 20, 12, 13, 11, 10, 9, 8, 23, 22, 21, 29, 32, 27, 25, 24, 7, 6, 5, 50, 49, 48, 47, 46, 45, 51, 2]","[38, 14, 44, 26, 28, 4, 3, 40, 42, 43]","[9, 23, 25, 24, 5, 50, 48, 45, 2, 1]","[1, 41, 39, 36, 37, 35, 33, 34, 30, 31, 16, 15, 17, 18, 19, 20, 12, 13, 11, 10, 9, 8, 23, 22, 21, 29, 32, 27, 25, 24, 7, 6, 5, 50, 49, 48, 47, 46, 45, 51, 2, 1]","[(1, 38), (38, 9), (9, 14), (14, 23), (23, 44), (44, 25), (25, 26), (26, 24), (24, 28), (28, 5), (5, 4), (4, 50), (50, 3), (3, 48), (48, 40), (40, 45), (45, 42), (42, 2), (2, 43), (43, 1)]","[(1, 0.0), (41, 0.0), (39, 1003.0), (36, 2003.0), (37, 3007.0), (35, 4013.0), (33, 5017.0), (34, 6021.0), (30, 7023.0), (31, 8027.0), (16, 9032.0), (15, 10033.0), (17, 11035.0), (18, 12037.0), (19, 13042.0), (20, 14049.0), (12, 15055.0), (13, 16057.0), (11, 17063.0), (10, 18070.0), (9, 19075.0), (8, 21083.0), (23, 22085.0), (22, 24094.0), (21, 25097.0), (29, 26106.0), (32, 27107.0), (27, 28114.0), (25, 29121.0), (24, 31133.0), (7, 33143.0), (6, 34151.0), (5, 35155.0), (50, 37169.0), (49, 39179.0), (48, 40180.0), (47, 42191.0), (46, 43193.0), (45, 44197.0), (51, 46206.0), (2, 47211.0), (1, 49223.0)]"
VNS,50,8,bench_50_1,ok,-46454.5236,,750.7982,49,39,10,10,43437.0,89891.5236,1236.4721,49219.0,113752.0,50223.0,7757748,333.2142,"[40, 35, 33, 34, 30, 31, 16, 15, 17, 18, 19, 20, 12, 13, 14, 11, 10, 9, 8, 23, 22, 21, 29, 32, 27, 25, 24, 7, 6, 4, 5, 50, 49, 48, 47, 46, 45, 51, 2, 38, 39, 37, 26, 28, 3, 41, 44, 42, 43]","[40, 35, 33, 34, 30, 31, 16, 15, 17, 18, 19, 20, 12, 13, 14, 11, 10, 9, 8, 23, 22, 21, 29, 32, 27, 25, 24, 7, 6, 4, 5, 50, 49, 48, 47, 46, 45, 51, 2]","[38, 39, 37, 26, 28, 3, 41, 44, 42, 43]","[20, 8, 27, 25, 7, 5, 47, 45, 2, 1]","[1, 40, 36, 35, 33, 34, 30, 31, 16, 15, 17, 18, 19, 20, 12, 13, 14, 11, 10, 9, 8, 23, 22, 21, 29, 32, 27, 25, 24, 7, 6, 4, 5, 50, 49, 48, 47, 46, 45, 51, 2, 1]","[(1, 38), (38, 20), (20, 39), (39, 8), (8, 37), (37, 27), (27, 26), (26, 25), (25, 28), (28, 7), (7, 3), (3, 5), (5, 41), (41, 47), (47, 44), (44, 45), (45, 42), (42, 2), (2, 43), (43, 1)]","[(1, 0.0), (40, 0.0), (36, 1005.0), (35, 1005.0), (33, 2009.0), (34, 3013.0), (30, 4015.0), (31, 5019.0), (16, 6024.0), (15, 7025.0), (17, 8027.0), (18, 9029.0), (19, 10034.0), (20, 11041.0), (12, 13051.0), (13, 14053.0), (14, 15059.0), (11, 16060.0), (10, 17067.0), (9, 18072.0), (8, 19076.0), (23, 21078.0), (22, 22086.0), (21, 23089.0), (29, 24098.0), (32, 25099.0), (27, 26106.0), (25, 28119.0), (24, 30129.0), (7, 31135.0), (6, 33148.0), (4, 34152.0), (5, 35153.0), (50, 37168.0), (49, 38177.0), (48, 39178.0), (47, 40183.0), (46, 42188.0), (45, 43192.0), (51, 45202.0), (2, 46207.0), (1, 48219.0)]"
VNS,50,4,bench_50_2,ok,-58281.0576,,750.5511,43,34,9,10,36827.0,95108.0576,1308.2264,43191.0,113752.0,50224.0,7389967,623.2365,"[17, 18, 7, 6, 11, 10, 9, 12, 16, 13, 15, 14, 25, 24, 29, 28, 27, 30, 31, 32, 33, 41, 42, 43, 44, 45, 46, 48, 20, 19, 4, 3, 49, 50, 8, 36, 34, 35, 40, 47, 21, 2, 39]","[17, 18, 7, 6, 11, 10, 9, 12, 16, 13, 15, 14, 25, 24, 29, 28, 27, 30, 31, 32, 33, 41, 42, 43, 44, 45, 46, 48, 20, 19, 4, 3, 49, 50]","[8, 36, 34, 35, 40, 47, 21, 2, 39]","[22, 30, 32, 33, 43, 48, 19, 3, 50, 1]","[1, 51, 38, 37, 22, 23, 17, 18, 5, 7, 6, 11, 10, 9, 12, 16, 13, 15, 14, 25, 24, 29, 28, 27, 30, 31, 32, 33, 41, 42, 43, 44, 45, 46, 48, 20, 19, 4, 3, 49, 50, 1]","[(1, 26), (26, 22), (22, 8), (8, 30), (30, 36), (36, 32), (32, 34), (34, 33), (33, 35), (35, 43), (43, 40), (40, 48), (48, 47), (47, 19), (19, 21), (21, 3), (3, 2), (2, 50), (50, 39), (39, 1)]","[(1, 0.0), (51, 0.0), (38, 0.0), (37, 0.0), (22, 0.0), (23, 0.0), (17, 0.0), (18, 1003.0), (5, 2006.0), (7, 2006.0), (6, 3015.0), (11, 4020.0), (10, 5026.0), (9, 6033.0), (12, 7034.0), (16, 8038.0), (13, 9038.0), (15, 10043.0), (14, 11045.0), (25, 12048.0), (24, 13056.0), (29, 14058.0), (28, 15067.0), (27, 16072.0), (30, 17078.0), (31, 19082.0), (32, 20086.0), (33, 22096.0), (41, 24100.0), (42, 25109.0), (43, 26113.0), (44, 28121.0), (45, 29122.0), (46, 30128.0), (48, 31134.0), (20, 33140.0), (19, 34142.0), (4, 36152.0), (3, 37160.0), (49, 39173.0), (50, 40174.0), (1, 42185.0)]"
VNS,50,8,bench_50_2,ok,-61110.2588,,750.1818,42,32,10,10,36053.0,97163.2588,1336.496,42200.0,113752.0,50224.0,7738116,683.8212,"[33, 27, 28, 29, 25, 14, 13, 16, 12, 9, 10, 11, 6, 7, 5, 4, 20, 19, 17, 23, 21, 47, 42, 43, 44, 45, 46, 48, 3, 2, 49, 50, 40, 34, 8, 18, 36, 35, 37, 41, 38, 39]","[33, 27, 28, 29, 25, 14, 13, 16, 12, 9, 10, 11, 6, 7, 5, 4, 20, 19, 17, 23, 21, 47, 42, 43, 44, 45, 46, 48, 3, 2, 49, 50]","[40, 34, 8, 18, 36, 35, 37, 41, 38, 39]","[12, 5, 17, 23, 21, 42, 46, 3, 50, 1]","[1, 51, 33, 32, 22, 31, 30, 27, 28, 29, 24, 25, 14, 15, 13, 16, 12, 9, 10, 11, 6, 7, 5, 4, 20, 19, 17, 23, 26, 21, 47, 42, 43, 44, 45, 46, 48, 3, 2, 49, 50, 1]","[(1, 40), (40, 12), (12, 34), (34, 5), (5, 8), (8, 17), (17, 18), (18, 23), (23, 36), (36, 21), (21, 35), (35, 42), (42, 37), (37, 46), (46, 41), (41, 3), (3, 38), (38, 50), (50, 39), (39, 1)]","[(1, 0.0), (51, 0.0), (33, 0.0), (32, 1003.0), (22, 1003.0), (31, 1003.0), (30, 1003.0), (27, 1003.0), (28, 2009.0), (29, 3014.0), (24, 4023.0), (25, 4023.0), (14, 5031.0), (15, 6034.0), (13, 6034.0), (16, 7039.0), (12, 8039.0), (9, 10045.0), (10, 11046.0), (11, 12053.0), (6, 13059.0), (7, 14064.0), (5, 15073.0), (4, 17082.0), (20, 18090.0), (19, 19092.0), (17, 20099.0), (23, 22102.0), (26, 24112.0), (21, 24112.0), (47, 26127.0), (42, 27130.0), (43, 29140.0), (44, 30142.0), (45, 31143.0), (46, 32149.0), (48, 34160.0), (3, 35164.0), (2, 37177.0), (49, 38183.0), (50, 39184.0), (1, 41194.0)]"
VNS,50,4,bench_50_3,ok,-48522.1126,,750.0001,47,36,11,11,38679.0,87201.1126,1199.4651,47236.0,113752.0,50243.0,7950040,672.8265,"[4, 5, 23, 47, 26, 20, 21, 22, 8, 9, 10, 11, 12, 13, 14, 17, 19, 16, 15, 18, 27, 28, 30, 31, 34, 32, 25, 35, 39, 38, 37, 41, 44, 43, 42, 51, 7, 6, 29, 33, 36, 24, 40, 45, 46, 49, 50]","[4, 5, 23, 47, 26, 20, 21, 22, 8, 9, 10, 11, 12, 13, 14, 17, 19, 16, 15, 18, 27, 28, 30, 31, 34, 32, 25, 35, 39, 38, 37, 41, 44, 43, 42, 51]","[7, 6, 29, 33, 36, 24, 40, 45, 46, 49, 50]","[18, 31, 32, 25, 35, 38, 37, 41, 42, 51, 1]","[1, 2, 3, 48, 4, 5, 23, 47, 26, 20, 21, 22, 8, 9, 10, 11, 12, 13, 14, 17, 19, 16, 15, 18, 27, 28, 30, 31, 34, 32, 25, 35, 39, 38, 37, 41, 44, 43, 42, 51, 1]","[(1, 7), (7, 18), (18, 6), (6, 31), (31, 29), (29, 32), (32, 33), (33, 25), (25, 36), (36, 35), (35, 24), (24, 38), (38, 40), (40, 37), (37, 45), (45, 41), (41, 46), (46, 42), (42, 49), (49, 51), (51, 50), (50, 1)]","[(1, 0.0), (2, 0.0), (3, 0.0), (48, 0.0), (4, 0.0), (5, 1004.0), (23, 2012.0), (47, 3020.0), (26, 4028.0), (20, 5032.0), (21, 6035.0), (22, 7043.0), (8, 8049.0), (9, 9051.0), (10, 10059.0), (11, 11068.0), (12, 12071.0), (13, 13080.0), (14, 14081.0), (17, 15081.0), (19, 16089.0), (16, 17097.0), (15, 18098.0), (18, 19103.0), (27, 21113.0), (28, 22119.0), (30, 23127.0), (31, 24136.0), (34, 26151.0), (32, 27155.0), (25, 29164.0), (35, 31170.0), (39, 33180.0), (38, 34183.0), (37, 36197.0), (41, 38202.0), (44, 40211.0), (43, 41219.0), (42, 42227.0), (51, 44228.0), (1, 46231.0)]"
VNS,50,8,bench_50_3,ok,-54018.1241,,750.0916,46,36,10,10,38223.0,92241.1241,1268.7913,46210.0,113752.0,50243.0,7315321,603.884,"[4, 5, 26, 20, 22, 8, 9, 10, 11, 12, 13, 14, 19, 16, 15, 18, 27, 28, 30, 31, 34, 33, 25, 35, 36, 45, 37, 38, 39, 40, 41, 44, 43, 49, 50, 51, 7, 29, 23, 24, 47, 48, 46, 42, 3, 2]","[4, 5, 26, 20, 22, 8, 9, 10, 11, 12, 13, 14, 19, 16, 15, 18, 27, 28, 30, 31, 34, 33, 25, 35, 36, 45, 37, 38, 39, 40, 41, 44, 43, 49, 50, 51]","[7, 29, 23, 24, 47, 48, 46, 42, 3, 2]","[28, 30, 25, 35, 45, 39, 41, 43, 50, 1]","[1, 4, 5, 6, 26, 20, 21, 22, 8, 9, 10, 11, 12, 13, 14, 17, 19, 16, 15, 18, 27, 28, 30, 31, 34, 33, 32, 25, 35, 36, 45, 37, 38, 39, 40, 41, 44, 43, 49, 50, 51, 1]","[(1, 7), (7, 28), (28, 29), (29, 30), (30, 23), (23, 25), (25, 24), (24, 35), (35, 47), (47, 45), (45, 48), (48, 39), (39, 46), (46, 41), (41, 42), (42, 43), (43, 3), (3, 50), (50, 2), (2, 1)]","[(1, 0.0), (4, 0.0), (5, 1004.0), (6, 2012.0), (26, 2012.0), (20, 3016.0), (21, 4019.0), (22, 4019.0), (8, 5025.0), (9, 6027.0), (10, 7035.0), (11, 8044.0), (12, 9047.0), (13, 10056.0), (14, 11057.0), (17, 12057.0), (19, 12057.0), (16, 13065.0), (15, 14066.0), (18, 15071.0), (27, 16080.0), (28, 17086.0), (30, 19095.0), (31, 21104.0), (34, 22111.0), (33, 23115.0), (32, 24117.0), (25, 24117.0), (35, 26129.0), (36, 28145.0), (45, 29148.0), (37, 31160.0), (38, 32162.0), (39, 33167.0), (40, 35170.0), (41, 36173.0), (44, 38179.0), (43, 39187.0), (49, 41195.0), (50, 42198.0), (51, 44208.0), (1, 45208.0)]"
VNS,50,4,bench_50_4,ok,-47719.1943,,750.865,50,40,10,10,42486.0,90205.1943,1240.7867,50247.0,113752.0,50247.0,7081378,428.9885,"[2, 3, 4, 22, 23, 32, 20, 21, 6, 9, 10, 8, 7, 11, 14, 19, 18, 15, 12, 16, 17, 36, 35, 34, 33, 31, 30, 29, 26, 27, 28, 39, 40, 41, 42, 43, 44, 45, 47, 46, 5, 13, 37, 24, 50, 38, 49, 25, 48, 51]","[2, 3, 4, 22, 23, 32, 20, 21, 6, 9, 10, 8, 7, 11, 14, 19, 18, 15, 12, 16, 17, 36, 35, 34, 33, 31, 30, 29, 26, 27, 28, 39, 40, 41, 42, 43, 44, 45, 47, 46]","[5, 13, 37, 24, 50, 38, 49, 25, 48, 51]","[17, 35, 31, 29, 28, 40, 43, 45, 46, 1]","[1, 2, 3, 4, 22, 23, 32, 20, 21, 6, 9, 10, 8, 7, 11, 14, 19, 18, 15, 12, 16, 17, 36, 35, 34, 33, 31, 30, 29, 26, 27, 28, 39, 40, 41, 42, 43, 44, 45, 47, 46, 1]","[(1, 5), (5, 17), (17, 13), (13, 35), (35, 37), (37, 31), (31, 24), (24, 29), (29, 50), (50, 28), (28, 38), (38, 40), (40, 49), (49, 43), (43, 25), (25, 45), (45, 48), (48, 46), (46, 51), (51, 1)]","[(1, 0.0), (2, 0.0), (3, 1009.0), (4, 2014.0), (22, 3023.0), (23, 4032.0), (32, 5039.0), (20, 6042.0), (21, 7050.0), (6, 8053.0), (9, 9053.0), (10, 10062.0), (8, 11069.0), (7, 12077.0), (11, 13079.0), (14, 14079.0), (19, 15085.0), (18, 16091.0), (15, 17097.0), (12, 18102.0), (16, 19102.0), (17, 20107.0), (36, 22114.0), (35, 23122.0), (34, 25132.0), (33, 26136.0), (31, 27137.0), (30, 29144.0), (29, 30151.0), (26, 32158.0), (27, 33160.0), (28, 34166.0), (39, 36172.0), (40, 37174.0), (41, 39185.0), (42, 40189.0), (43, 41193.0), (44, 43205.0), (45, 44211.0), (47, 46224.0), (46, 47231.0), (1, 49240.0)]"
VNS,50,8,bench_50_4,ok,-51382.5833,,750.0001,46,36,10,10,39938.0,91320.5833,1256.1291,46230.0,113752.0,50247.0,7723793,736.028,"[40, 34, 36, 16, 12, 15, 18, 19, 13, 14, 11, 7, 10, 8, 9, 6, 5, 22, 23, 32, 21, 20, 33, 31, 30, 29, 26, 25, 24, 50, 49, 48, 4, 3, 51, 2, 44, 43, 45, 38, 37, 39, 42, 41, 47, 46]","[40, 34, 36, 16, 12, 15, 18, 19, 13, 14, 11, 7, 10, 8, 9, 6, 5, 22, 23, 32, 21, 20, 33, 31, 30, 29, 26, 25, 24, 50, 49, 48, 4, 3, 51, 2]","[44, 43, 45, 38, 37, 39, 42, 41, 47, 46]","[35, 19, 5, 33, 29, 25, 49, 4, 51, 1]","[1, 40, 27, 28, 34, 35, 36, 17, 16, 12, 15, 18, 19, 13, 14, 11, 7, 10, 8, 9, 6, 5, 22, 23, 32, 21, 20, 33, 31, 30, 29, 26, 25, 24, 50, 49, 48, 4, 3, 51, 2, 1]","[(1, 44), (44, 35), (35, 43), (43, 19), (19, 45), (45, 5), (5, 38), (38, 33), (33, 37), (37, 29), (29, 39), (39, 25), (25, 42), (42, 49), (49, 41), (41, 4), (4, 47), (47, 51), (51, 46), (46, 1)]","[(1, 0.0), (40, 0.0), (27, 1007.0), (28, 1007.0), (34, 1007.0), (35, 2011.0), (36, 3017.0), (17, 4025.0), (16, 4025.0), (12, 5030.0), (15, 6030.0), (18, 7035.0), (19, 8041.0), (13, 10053.0), (14, 11060.0), (11, 12066.0), (7, 13066.0), (10, 14068.0), (8, 15075.0), (9, 16083.0), (6, 17092.0), (5, 18092.0), (22, 20101.0), (23, 21110.0), (32, 22117.0), (21, 23120.0), (20, 24123.0), (33, 25131.0), (31, 27136.0), (30, 28137.0), (29, 29144.0), (26, 31155.0), (25, 32157.0), (24, 34166.0), (50, 35168.0), (49, 36170.0), (48, 38180.0), (4, 39181.0), (3, 41194.0), (51, 42199.0), (2, 44213.0), (1, 45222.0)]"
VNS,50,4,bench_50_5,ok,-48312.0774,,750.0001,49,39,10,10,40503.0,88815.0774,1221.6654,49213.0,113752.0,50218.0,8029502,670.3505,"[44, 45, 41, 43, 42, 39, 38, 37, 24, 36, 22, 23, 25, 26, 20, 19, 18, 17, 16, 15, 13, 14, 12, 11, 10, 9, 8, 27, 28, 33, 34, 32, 30, 7, 49, 4, 3, 51, 2, 47, 21, 40, 29, 31, 5, 6, 46, 50, 48]","[44, 45, 41, 43, 42, 39, 38, 37, 24, 36, 22, 23, 25, 26, 20, 19, 18, 17, 16, 15, 13, 14, 12, 11, 10, 9, 8, 27, 28, 33, 34, 32, 30, 7, 49, 4, 3, 51, 2]","[47, 21, 40, 29, 31, 5, 6, 46, 50, 48]","[13, 11, 28, 34, 30, 7, 49, 3, 2, 1]","[1, 44, 45, 41, 43, 42, 39, 38, 35, 37, 24, 36, 22, 23, 25, 26, 20, 19, 18, 17, 16, 15, 13, 14, 12, 11, 10, 9, 8, 27, 28, 33, 34, 32, 30, 7, 49, 4, 3, 51, 2, 1]","[(1, 47), (47, 13), (13, 21), (21, 11), (11, 40), (40, 28), (28, 29), (29, 34), (34, 31), (31, 30), (30, 5), (5, 7), (7, 6), (6, 49), (49, 46), (46, 3), (3, 50), (50, 2), (2, 48), (48, 1)]","[(1, 0.0), (44, 0.0), (45, 1002.0), (41, 2003.0), (43, 3007.0), (42, 4011.0), (39, 5015.0), (38, 6021.0), (35, 7025.0), (37, 7025.0), (24, 8027.0), (36, 9033.0), (22, 10033.0), (23, 11040.0), (25, 12049.0), (26, 13051.0), (20, 14056.0), (19, 15057.0), (18, 16063.0), (17, 17064.0), (16, 18073.0), (15, 19075.0), (13, 20082.0), (14, 22088.0), (12, 23092.0), (11, 24097.0), (10, 26106.0), (9, 27113.0), (8, 28121.0), (27, 29130.0), (28, 30139.0), (33, 32150.0), (34, 33159.0), (32, 35169.0), (30, 36176.0), (7, 38185.0), (49, 40191.0), (4, 42197.0), (3, 43199.0), (51, 45210.0), (2, 46210.0), (1, 48213.0)]"
VNS,50,8,bench_50_5,ok,-47949.299,,750.9355,46,37,9,10,38681.0,86630.299,1191.6135,46203.0,113752.0,50218.0,7723679,710.0746,"[44, 42, 43, 41, 39, 38, 36, 24, 22, 23, 25, 26, 20, 19, 18, 17, 16, 15, 13, 14, 12, 11, 10, 9, 8, 27, 28, 33, 34, 32, 30, 7, 49, 4, 3, 51, 2, 47, 21, 29, 37, 45, 6, 46, 50, 48]","[44, 42, 43, 41, 39, 38, 36, 24, 22, 23, 25, 26, 20, 19, 18, 17, 16, 15, 13, 14, 12, 11, 10, 9, 8, 27, 28, 33, 34, 32, 30, 7, 49, 4, 3, 51, 2]","[47, 21, 29, 37, 45, 6, 46, 50, 48]","[31, 12, 8, 33, 32, 7, 49, 3, 2, 1]","[1, 44, 31, 42, 43, 41, 40, 39, 38, 35, 36, 24, 22, 23, 25, 26, 20, 19, 18, 17, 16, 15, 13, 14, 12, 11, 10, 9, 8, 27, 28, 33, 34, 32, 30, 7, 49, 4, 3, 51, 2, 1]","[(1, 5), (5, 31), (31, 47), (47, 12), (12, 21), (21, 8), (8, 29), (29, 33), (33, 37), (37, 32), (32, 45), (45, 7), (7, 6), (6, 49), (49, 46), (46, 3), (3, 50), (50, 2), (2, 48), (48, 1)]","[(1, 0.0), (44, 0.0), (31, 1002.0), (42, 1002.0), (43, 2006.0), (41, 3010.0), (40, 4014.0), (39, 4014.0), (38, 5020.0), (35, 6024.0), (36, 6024.0), (24, 7024.0), (22, 8030.0), (23, 9037.0), (25, 10046.0), (26, 11048.0), (20, 12053.0), (19, 13054.0), (18, 14060.0), (17, 15061.0), (16, 16070.0), (15, 17072.0), (13, 18079.0), (14, 19083.0), (12, 20087.0), (11, 22094.0), (10, 23101.0), (9, 24108.0), (8, 25116.0), (27, 27127.0), (28, 28136.0), (33, 29143.0), (34, 31158.0), (32, 32162.0), (30, 34171.0), (7, 35176.0), (49, 37181.0), (4, 39187.0), (3, 40189.0), (51, 42200.0), (2, 43200.0), (1, 45203.0)]"
VNS,100,0,bench_100_1,ok,-59505.1279,,1201.9642,97,87,10,10,82356.0,141861.1279,1951.3223,97396.0,227504.0,100403.0,6320712,844.9813,"[87, 91, 85, 86, 83, 82, 81, 79, 78, 76, 97, 98, 51, 52, 53, 54, 55, 75, 73, 74, 72, 71, 69, 70, 68, 58, 59, 60, 61, 62, 37, 36, 35, 34, 33, 29, 27, 28, 30, 32, 40, 41, 39, 38, 63, 64, 65, 67, 66, 57, 43, 16, 23, 24, 42, 31, 25, 22, 21, 17, 20, 18, 19, 15, 14, 12, 13, 44, 45, 46, 47, 48, 49, 50, 10, 11, 7, 8, 9, 99, 100, 6, 5, 4, 3, 101, 2, 93, 26, 77, 84, 95, 96, 94, 90, 92, 89]","[87, 91, 85, 86, 83, 82, 81, 79, 78, 76, 97, 98, 51, 52, 53, 54, 55, 75, 73, 74, 72, 71, 69, 70, 68, 58, 59, 60, 61, 62, 37, 36, 35, 34, 33, 29, 27, 28, 30, 32, 40, 41, 39, 38, 63, 64, 65, 67, 66, 57, 43, 16, 23, 24, 42, 31, 25, 22, 21, 17, 20, 18, 19, 15, 14, 12, 13, 44, 45, 46, 47, 48, 49, 50, 10, 11, 7, 8, 9, 99, 100, 6, 5, 4, 3, 101, 2]","[93, 26, 77, 84, 95, 96, 94, 90, 92, 89]","[22, 20, 13, 10, 8, 100, 3, 101, 2, 1]","[1, 88, 87, 91, 85, 86, 83, 82, 81, 80, 79, 78, 76, 97, 98, 51, 52, 53, 54, 55, 56, 75, 73, 74, 72, 71, 69, 70, 68, 58, 59, 60, 61, 62, 37, 36, 35, 34, 33, 29, 27, 28, 30, 32, 40, 41, 39, 38, 63, 64, 65, 67, 66, 57, 43, 16, 23, 24, 42, 31, 25, 22, 21, 17, 20, 18, 19, 15, 14, 12, 13, 44, 45, 46, 47, 48, 49, 50, 10, 11, 7, 8, 9, 99, 100, 6, 5, 4, 3, 101, 2, 1]","[(1, 93), (93, 22), (22, 26), (26, 20), (20, 77), (77, 13), (13, 84), (84, 10), (10, 95), (95, 8), (8, 96), (96, 100), (100, 94), (94, 3), (3, 90), (90, 101), (101, 92), (92, 2), (2, 89), (89, 1)]","[(1, 0.0), (88, 0.0), (87, 0.0), (91, 1002.0), (85, 2003.0), (86, 3008.0), (83, 4011.0), (82, 5012.0), (81, 6016.0), (80, 7022.0), (79, 7022.0), (78, 8022.0), (76, 9023.0), (97, 10026.0), (98, 11032.0), (51, 12036.0), (52, 13038.0), (53, 14043.0), (54, 15049.0), (55, 16049.0), (56, 17055.0), (75, 17055.0), (73, 18059.0), (74, 19063.0), (72, 20065.0), (71, 21069.0), (69, 22078.0), (70, 23084.0), (68, 24089.0), (58, 25094.0), (59, 26102.0), (60, 27106.0), (61, 28110.0), (62, 29110.0), (37, 30115.0), (36, 31122.0), (35, 32123.0), (34, 33125.0), (33, 34126.0), (29, 35128.0), (27, 36130.0), (28, 37135.0), (30, 38137.0), (32, 39142.0), (40, 40147.0), (41, 41149.0), (39, 42149.0), (38, 43158.0), (63, 44158.0), (64, 45162.0), (65, 46170.0), (67, 47172.0), (66, 48172.0), (57, 49173.0), (43, 50175.0), (16, 51184.0), (23, 52188.0), (24, 53189.0), (42, 54191.0), (31, 55198.0), (25, 56199.0), (22, 57204.0), (21, 59214.0), (17, 60218.0), (20, 61220.0), (18, 63228.0), (19, 64234.0), (15, 65238.0), (14, 66240.0), (12, 67243.0), (13, 68250.0), (44, 70265.0), (45, 71270.0), (46, 72273.0), (47, 73282.0), (48, 74289.0), (49, 75291.0), (50, 76296.0), (10, 77302.0), (11, 79315.0), (7, 80322.0), (8, 81323.0), (9, 83336.0), (99, 84340.0), (100, 85341.0), (6, 87355.0), (5, 88356.0), (4, 89361.0), (3, 90362.0), (101, 92374.0), (2, 94385.0), (1, 96396.0)]"
VNS,100,4,bench_100_1,ok,-63800.8241,,1200.0001,97,87,10,10,82534.0,146334.8241,2012.8587,97389.0,227504.0,100403.0,6604502,714.8106,"[89, 90, 87, 91, 85, 86, 83, 82, 81, 79, 78, 77, 76, 75, 73, 74, 72, 71, 69, 70, 68, 55, 54, 53, 52, 51, 98, 12, 13, 14, 15, 19, 18, 20, 17, 16, 23, 24, 25, 22, 21, 26, 27, 29, 28, 31, 42, 41, 39, 40, 32, 30, 33, 34, 35, 36, 37, 38, 63, 62, 61, 60, 59, 58, 64, 65, 67, 66, 57, 43, 44, 45, 46, 47, 48, 49, 50, 10, 9, 99, 100, 8, 7, 6, 5, 4, 3, 88, 84, 95, 92, 94, 97, 101, 96, 2, 93]","[89, 90, 87, 91, 85, 86, 83, 82, 81, 79, 78, 77, 76, 75, 73, 74, 72, 71, 69, 70, 68, 55, 54, 53, 52, 51, 98, 12, 13, 14, 15, 19, 18, 20, 17, 16, 23, 24, 25, 22, 21, 26, 27, 29, 28, 31, 42, 41, 39, 40, 32, 30, 33, 34, 35, 36, 37, 38, 63, 62, 61, 60, 59, 58, 64, 65, 67, 66, 57, 43, 44, 45, 46, 47, 48, 49, 50, 10, 9, 99, 100, 8, 7, 6, 5, 4, 3]","[88, 84, 95, 92, 94, 97, 101, 96, 2, 93]","[21, 34, 58, 43, 50, 9, 8, 5, 3, 1]","[1, 89, 90, 87, 91, 85, 86, 83, 82, 81, 80, 79, 78, 77, 76, 75, 73, 74, 72, 71, 69, 70, 68, 56, 55, 54, 53, 52, 51, 98, 11, 12, 13, 14, 15, 19, 18, 20, 17, 16, 23, 24, 25, 22, 21, 26, 27, 29, 28, 31, 42, 41, 39, 40, 32, 30, 33, 34, 35, 36, 37, 38, 63, 62, 61, 60, 59, 58, 64, 65, 67, 66, 57, 43, 44, 45, 46, 47, 48, 49, 50, 10, 9, 99, 100, 8, 7, 6, 5, 4, 3, 1]","[(1, 88), (88, 21), (21, 84), (84, 34), (34, 95), (95, 58), (58, 92), (92, 43), (43, 94), (94, 50), (50, 97), (97, 9), (9, 101), (101, 8), (8, 96), (96, 5), (5, 2), (2, 3), (3, 93), (93, 1)]","[(1, 0.0), (89, 0.0), (90, 1000.0), (87, 2008.0), (91, 3010.0), (85, 4011.0), (86, 5016.0), (83, 6019.0), (82, 7020.0), (81, 8024.0), (80, 9030.0), (79, 9030.0), (78, 10030.0), (77, 11031.0), (76, 12039.0), (75, 13042.0), (73, 14046.0), (74, 15050.0), (72, 16052.0), (71, 17056.0), (69, 18065.0), (70, 19071.0), (68, 20076.0), (56, 21081.0), (55, 21081.0), (54, 22087.0), (53, 23087.0), (52, 24093.0), (51, 25098.0), (98, 26100.0), (11, 27104.0), (12, 27104.0), (13, 28111.0), (14, 29118.0), (15, 30121.0), (19, 31123.0), (18, 32127.0), (20, 33133.0), (17, 34140.0), (16, 35142.0), (23, 36146.0), (24, 37147.0), (25, 38149.0), (22, 39154.0), (21, 40161.0), (26, 42165.0), (27, 43166.0), (29, 44171.0), (28, 45173.0), (31, 46175.0), (42, 47176.0), (41, 48183.0), (39, 49183.0), (40, 50192.0), (32, 51194.0), (30, 52199.0), (33, 53204.0), (34, 54206.0), (35, 56212.0), (36, 57214.0), (37, 58215.0), (38, 59222.0), (63, 60222.0), (62, 61226.0), (61, 62231.0), (60, 63231.0), (59, 64235.0), (58, 65239.0), (64, 67251.0), (65, 68259.0), (67, 69261.0), (66, 70261.0), (57, 71262.0), (43, 72264.0), (44, 74278.0), (45, 75283.0), (46, 76286.0), (47, 77295.0), (48, 78302.0), (49, 79304.0), (50, 80309.0), (10, 82321.0), (9, 83329.0), (99, 85339.0), (100, 86340.0), (8, 87345.0), (7, 89357.0), (6, 90358.0), (5, 91359.0), (4, 93373.0), (3, 94374.0), (1, 96386.0)]"
VNS,100,8,bench_100_1,ok,-60420.7682,,1201.1966,97,87,10,10,82507.0,142927.7682,1965.9941,97392.0,227504.0,100403.0,5757725,971.7046,"[100, 99, 9, 10, 98, 51, 52, 53, 54, 55, 66, 43, 44, 45, 46, 47, 48, 49, 50, 12, 13, 14, 15, 19, 18, 20, 17, 21, 22, 16, 23, 24, 25, 26, 31, 42, 41, 39, 40, 32, 30, 28, 27, 29, 33, 34, 35, 36, 37, 38, 63, 62, 61, 60, 59, 58, 65, 67, 68, 70, 69, 71, 72, 74, 73, 75, 80, 81, 82, 83, 78, 79, 76, 77, 95, 96, 92, 93, 94, 84, 86, 85, 91, 87, 90, 89, 88, 6, 11, 7, 64, 8, 97, 101, 4, 2, 3]","[100, 99, 9, 10, 98, 51, 52, 53, 54, 55, 66, 43, 44, 45, 46, 47, 48, 49, 50, 12, 13, 14, 15, 19, 18, 20, 17, 21, 22, 16, 23, 24, 25, 26, 31, 42, 41, 39, 40, 32, 30, 28, 27, 29, 33, 34, 35, 36, 37, 38, 63, 62, 61, 60, 59, 58, 65, 67, 68, 70, 69, 71, 72, 74, 73, 75, 80, 81, 82, 83, 78, 79, 76, 77, 95, 96, 92, 93, 94, 84, 86, 85, 91, 87, 90, 89, 88]","[6, 11, 7, 64, 8, 97, 101, 4, 2, 3]","[63, 67, 74, 82, 76, 96, 93, 87, 88, 1]","[1, 5, 100, 99, 9, 10, 98, 51, 52, 53, 54, 55, 56, 66, 57, 43, 44, 45, 46, 47, 48, 49, 50, 12, 13, 14, 15, 19, 18, 20, 17, 21, 22, 16, 23, 24, 25, 26, 31, 42, 41, 39, 40, 32, 30, 28, 27, 29, 33, 34, 35, 36, 37, 38, 63, 62, 61, 60, 59, 58, 65, 67, 68, 70, 69, 71, 72, 74, 73, 75, 80, 81, 82, 83, 78, 79, 76, 77, 95, 96, 92, 93, 94, 84, 86, 85, 91, 87, 90, 89, 88, 1]","[(1, 6), (6, 63), (63, 11), (11, 67), (67, 7), (7, 74), (74, 64), (64, 82), (82, 8), (8, 76), (76, 97), (97, 96), (96, 101), (101, 93), (93, 4), (4, 87), (87, 2), (2, 88), (88, 3), (3, 1)]","[(1, 0.0), (5, 0.0), (100, 0.0), (99, 1005.0), (9, 2006.0), (10, 3010.0), (98, 4018.0), (51, 5022.0), (52, 6024.0), (53, 7029.0), (54, 8035.0), (55, 9035.0), (56, 10041.0), (66, 10041.0), (57, 11042.0), (43, 11042.0), (44, 12051.0), (45, 13056.0), (46, 14059.0), (47, 15068.0), (48, 16075.0), (49, 17077.0), (50, 18082.0), (12, 19088.0), (13, 20095.0), (14, 21102.0), (15, 22105.0), (19, 23107.0), (18, 24111.0), (20, 25117.0), (17, 26124.0), (21, 27126.0), (22, 28130.0), (16, 29137.0), (23, 30141.0), (24, 31142.0), (25, 32144.0), (26, 33149.0), (31, 34150.0), (42, 35151.0), (41, 36158.0), (39, 37158.0), (40, 38167.0), (32, 39169.0), (30, 40174.0), (28, 41179.0), (27, 42181.0), (29, 43186.0), (33, 44188.0), (34, 45190.0), (35, 46191.0), (36, 47193.0), (37, 48194.0), (38, 49201.0), (63, 50201.0), (62, 52206.0), (61, 53211.0), (60, 54211.0), (59, 55215.0), (58, 56219.0), (65, 57227.0), (67, 58229.0), (68, 60236.0), (70, 61241.0), (69, 62246.0), (71, 63252.0), (72, 64261.0), (74, 65265.0), (73, 67268.0), (75, 68272.0), (80, 69276.0), (81, 70279.0), (82, 71285.0), (83, 73297.0), (78, 74298.0), (79, 75299.0), (76, 76299.0), (77, 78311.0), (95, 79319.0), (96, 80323.0), (92, 82338.0), (93, 83343.0), (94, 85349.0), (84, 86355.0), (86, 87360.0), (85, 88363.0), (91, 89368.0), (87, 90369.0), (90, 92372.0), (89, 93380.0), (88, 94380.0), (1, 96386.0)]"
VNS,100,0,bench_100_2,ok,-58300.1019,,1204.9861,97,87,10,10,80619.0,138919.1019,1910.8542,97448.0,227504.0,100468.0,5928473,1079.0677,"[101, 94, 93, 92, 73, 91, 90, 82, 81, 80, 79, 78, 77, 75, 74, 72, 71, 70, 57, 58, 56, 33, 49, 39, 40, 41, 4, 38, 37, 36, 35, 34, 5, 6, 12, 11, 10, 9, 13, 8, 7, 14, 32, 15, 31, 22, 16, 17, 18, 27, 26, 19, 20, 21, 23, 30, 29, 28, 24, 25, 53, 52, 54, 55, 51, 62, 61, 59, 60, 63, 64, 65, 66, 68, 67, 69, 46, 48, 45, 44, 43, 42, 3, 98, 99, 100, 2, 87, 88, 86, 84, 83, 89, 95, 97, 96, 85]","[101, 94, 93, 92, 73, 91, 90, 82, 81, 80, 79, 78, 77, 75, 74, 72, 71, 70, 57, 58, 56, 33, 49, 39, 40, 41, 4, 38, 37, 36, 35, 34, 5, 6, 12, 11, 10, 9, 13, 8, 7, 14, 32, 15, 31, 22, 16, 17, 18, 27, 26, 19, 20, 21, 23, 30, 29, 28, 24, 25, 53, 52, 54, 55, 51, 62, 61, 59, 60, 63, 64, 65, 66, 68, 67, 69, 46, 48, 45, 44, 43, 42, 3, 98, 99, 100, 2]","[87, 88, 86, 84, 83, 89, 95, 97, 96, 85]","[5, 16, 25, 63, 46, 42, 98, 100, 2, 1]","[1, 101, 94, 93, 92, 73, 91, 90, 82, 81, 80, 79, 78, 77, 76, 75, 74, 72, 71, 70, 47, 57, 58, 56, 50, 33, 49, 39, 40, 41, 4, 38, 37, 36, 35, 34, 5, 6, 12, 11, 10, 9, 13, 8, 7, 14, 32, 15, 31, 22, 16, 17, 18, 27, 26, 19, 20, 21, 23, 30, 29, 28, 24, 25, 53, 52, 54, 55, 51, 62, 61, 59, 60, 63, 64, 65, 66, 68, 67, 69, 46, 48, 45, 44, 43, 42, 3, 98, 99, 100, 2, 1]","[(1, 87), (87, 5), (5, 88), (88, 16), (16, 86), (86, 25), (25, 84), (84, 63), (63, 83), (83, 46), (46, 89), (89, 42), (42, 95), (95, 98), (98, 97), (97, 100), (100, 96), (96, 2), (2, 85), (85, 1)]","[(1, 0.0), (101, 0.0), (94, 1005.0), (93, 2014.0), (92, 3021.0), (73, 4028.0), (91, 5035.0), (90, 6044.0), (82, 7050.0), (81, 8055.0), (80, 9060.0), (79, 10066.0), (78, 11066.0), (77, 12072.0), (76, 13078.0), (75, 13078.0), (74, 14084.0), (72, 15089.0), (71, 16092.0), (70, 17099.0), (47, 18103.0), (57, 18103.0), (58, 19103.0), (56, 20106.0), (50, 21114.0), (33, 21114.0), (49, 22117.0), (39, 23122.0), (40, 24127.0), (41, 25133.0), (4, 26138.0), (38, 27146.0), (37, 28148.0), (36, 29155.0), (35, 30158.0), (34, 31162.0), (5, 32167.0), (6, 34175.0), (12, 35175.0), (11, 36184.0), (10, 37192.0), (9, 38194.0), (13, 39199.0), (8, 40206.0), (7, 41208.0), (14, 42212.0), (32, 43213.0), (15, 44218.0), (31, 45220.0), (22, 46229.0), (16, 47237.0), (17, 49241.0), (18, 50242.0), (27, 51249.0), (26, 52251.0), (19, 53253.0), (20, 54258.0), (21, 55258.0), (23, 56259.0), (30, 57263.0), (29, 58263.0), (28, 59272.0), (24, 60278.0), (25, 61283.0), (53, 63288.0), (52, 64294.0), (54, 65302.0), (55, 66305.0), (51, 67305.0), (62, 68307.0), (61, 69316.0), (59, 70321.0), (60, 71325.0), (63, 72331.0), (64, 74344.0), (65, 75351.0), (66, 76355.0), (68, 77358.0), (67, 78360.0), (69, 79364.0), (46, 80368.0), (48, 82381.0), (45, 83385.0), (44, 84394.0), (43, 85399.0), (42, 86406.0), (3, 88415.0), (98, 89419.0), (99, 91429.0), (100, 92429.0), (2, 94435.0), (1, 96442.0)]"
VNS,100,4,bench_100_2,ok,-55660.0981,,1202.5296,98,89,9,10,81094.0,136754.0981,1881.0743,98459.0,227504.0,100468.0,6558049,1138.4635,"[99, 98, 3, 4, 49, 33, 57, 58, 59, 61, 60, 65, 64, 63, 62, 51, 56, 55, 54, 52, 53, 25, 24, 26, 27, 19, 20, 29, 30, 23, 21, 18, 17, 16, 22, 31, 15, 32, 14, 7, 13, 8, 9, 10, 11, 12, 6, 5, 34, 35, 36, 37, 38, 39, 40, 41, 42, 43, 44, 45, 48, 46, 47, 68, 66, 67, 69, 70, 71, 72, 74, 77, 78, 76, 75, 79, 84, 83, 80, 81, 82, 91, 73, 92, 93, 94, 95, 96, 101, 28, 89, 85, 90, 88, 97, 100, 87, 86]","[99, 98, 3, 4, 49, 33, 57, 58, 59, 61, 60, 65, 64, 63, 62, 51, 56, 55, 54, 52, 53, 25, 24, 26, 27, 19, 20, 29, 30, 23, 21, 18, 17, 16, 22, 31, 15, 32, 14, 7, 13, 8, 9, 10, 11, 12, 6, 5, 34, 35, 36, 37, 38, 39, 40, 41, 42, 43, 44, 45, 48, 46, 47, 68, 66, 67, 69, 70, 71, 72, 74, 77, 78, 76, 75, 79, 84, 83, 80, 81, 82, 91, 73, 92, 93, 94, 95, 96, 101]","[28, 89, 85, 90, 88, 97, 100, 87, 86]","[99, 79, 83, 81, 82, 73, 94, 96, 101, 1]","[1, 99, 98, 3, 4, 49, 33, 50, 57, 58, 59, 61, 60, 65, 64, 63, 62, 51, 56, 55, 54, 52, 53, 25, 24, 26, 27, 19, 20, 29, 30, 23, 21, 18, 17, 16, 22, 31, 15, 32, 14, 7, 13, 8, 9, 10, 11, 12, 6, 5, 34, 35, 36, 37, 38, 39, 40, 41, 42, 43, 44, 45, 48, 46, 47, 68, 66, 67, 69, 70, 71, 72, 74, 77, 78, 76, 75, 79, 84, 83, 80, 81, 82, 91, 73, 92, 93, 94, 95, 96, 101, 1]","[(1, 2), (2, 99), (99, 28), (28, 79), (79, 89), (89, 83), (83, 85), (85, 81), (81, 90), (90, 82), (82, 88), (88, 73), (73, 97), (97, 94), (94, 100), (100, 96), (96, 87), (87, 101), (101, 86), (86, 1)]","[(1, 0.0), (99, 0.0), (98, 1000.0), (3, 2009.0), (4, 3013.0), (49, 4021.0), (33, 5026.0), (50, 6029.0), (57, 6029.0), (58, 7029.0), (59, 8032.0), (61, 9036.0), (60, 10041.0), (65, 11047.0), (64, 12051.0), (63, 13058.0), (62, 14067.0), (51, 15076.0), (56, 16078.0), (55, 17086.0), (54, 18086.0), (52, 19089.0), (53, 20097.0), (25, 21103.0), (24, 22106.0), (26, 23111.0), (27, 24113.0), (19, 25115.0), (20, 26120.0), (29, 27120.0), (30, 28129.0), (23, 29129.0), (21, 30133.0), (18, 31134.0), (17, 32141.0), (16, 33142.0), (22, 34146.0), (31, 35154.0), (15, 36163.0), (32, 37165.0), (14, 38170.0), (7, 39171.0), (13, 40175.0), (8, 41182.0), (9, 42184.0), (10, 43189.0), (11, 44191.0), (12, 45199.0), (6, 46208.0), (5, 47208.0), (34, 48216.0), (35, 49221.0), (36, 50225.0), (37, 51228.0), (38, 52235.0), (39, 53237.0), (40, 54242.0), (41, 55248.0), (42, 56253.0), (43, 57261.0), (44, 58268.0), (45, 59273.0), (48, 60282.0), (46, 61286.0), (47, 62290.0), (68, 63294.0), (66, 64296.0), (67, 65299.0), (69, 66303.0), (70, 67307.0), (71, 68311.0), (72, 69318.0), (74, 70321.0), (77, 71326.0), (78, 72332.0), (76, 73338.0), (75, 74347.0), (79, 75353.0), (84, 77359.0), (83, 78363.0), (80, 80373.0), (81, 81379.0), (82, 83390.0), (91, 85401.0), (73, 86410.0), (92, 88417.0), (93, 89424.0), (94, 90431.0), (95, 92446.0), (96, 93447.0), (101, 95452.0), (1, 97457.0)]"
VNS,100,8,bench_100_2,ok,-53887.307,,1205.23,96,86,10,10,80349.0,134236.307,1846.4416,96450.0,227504.0,100468.0,6482706,837.8859,"[75, 76, 78, 77, 68, 67, 69, 70, 48, 45, 44, 43, 49, 33, 57, 58, 59, 61, 60, 65, 64, 63, 62, 51, 55, 54, 52, 53, 25, 26, 27, 19, 20, 24, 28, 29, 30, 23, 21, 18, 17, 16, 22, 31, 15, 32, 14, 7, 13, 8, 9, 10, 11, 12, 6, 5, 34, 35, 36, 37, 38, 39, 40, 41, 42, 3, 98, 99, 96, 95, 94, 93, 92, 73, 91, 82, 81, 80, 79, 83, 84, 85, 89, 86, 87, 88, 56, 4, 2, 97, 71, 90, 74, 72, 101, 100]","[75, 76, 78, 77, 68, 67, 69, 70, 48, 45, 44, 43, 49, 33, 57, 58, 59, 61, 60, 65, 64, 63, 62, 51, 55, 54, 52, 53, 25, 26, 27, 19, 20, 24, 28, 29, 30, 23, 21, 18, 17, 16, 22, 31, 15, 32, 14, 7, 13, 8, 9, 10, 11, 12, 6, 5, 34, 35, 36, 37, 38, 39, 40, 41, 42, 3, 98, 99, 96, 95, 94, 93, 92, 73, 91, 82, 81, 80, 79, 83, 84, 85, 89, 86, 87, 88]","[56, 4, 2, 97, 71, 90, 74, 72, 101, 100]","[42, 99, 94, 73, 82, 80, 83, 89, 88, 1]","[1, 75, 76, 78, 77, 66, 68, 67, 69, 70, 46, 47, 48, 45, 44, 43, 49, 33, 50, 57, 58, 59, 61, 60, 65, 64, 63, 62, 51, 55, 54, 52, 53, 25, 26, 27, 19, 20, 24, 28, 29, 30, 23, 21, 18, 17, 16, 22, 31, 15, 32, 14, 7, 13, 8, 9, 10, 11, 12, 6, 5, 34, 35, 36, 37, 38, 39, 40, 41, 42, 3, 98, 99, 96, 95, 94, 93, 92, 73, 91, 82, 81, 80, 79, 83, 84, 85, 89, 86, 87, 88, 1]","[(1, 56), (56, 42), (42, 4), (4, 99), (99, 2), (2, 94), (94, 97), (97, 73), (73, 71), (71, 82), (82, 90), (90, 80), (80, 74), (74, 83), (83, 72), (72, 89), (89, 101), (101, 88), (88, 100), (100, 1)]","[(1, 0.0), (75, 0.0), (76, 1006.0), (78, 2015.0), (77, 3021.0), (66, 4027.0), (68, 4027.0), (67, 5029.0), (69, 6033.0), (70, 7037.0), (46, 8041.0), (47, 8041.0), (48, 8041.0), (45, 9045.0), (44, 10054.0), (43, 11059.0), (49, 12066.0), (33, 13071.0), (50, 14074.0), (57, 14074.0), (58, 15074.0), (59, 16077.0), (61, 17081.0), (60, 18086.0), (65, 19092.0), (64, 20096.0), (63, 21103.0), (62, 22112.0), (51, 23121.0), (55, 24123.0), (54, 25123.0), (52, 26126.0), (53, 27134.0), (25, 28140.0), (26, 29143.0), (27, 30145.0), (19, 31147.0), (20, 32152.0), (24, 33152.0), (28, 34157.0), (29, 35163.0), (30, 36172.0), (23, 37172.0), (21, 38176.0), (18, 39177.0), (17, 40184.0), (16, 41185.0), (22, 42189.0), (31, 43197.0), (15, 44206.0), (32, 45208.0), (14, 46213.0), (7, 47214.0), (13, 48218.0), (8, 49225.0), (9, 50227.0), (10, 51232.0), (11, 52234.0), (12, 53242.0), (6, 54251.0), (5, 55251.0), (34, 56259.0), (35, 57264.0), (36, 58268.0), (37, 59271.0), (38, 60278.0), (39, 61280.0), (40, 62285.0), (41, 63291.0), (42, 64296.0), (3, 66312.0), (98, 67316.0), (99, 68325.0), (96, 70333.0), (95, 71338.0), (94, 72339.0), (93, 74350.0), (92, 75357.0), (73, 76364.0), (91, 78377.0), (82, 79386.0), (81, 81398.0), (80, 82403.0), (79, 84415.0), (83, 85415.0), (84, 87429.0), (85, 88433.0), (89, 89439.0), (86, 91443.0), (87, 92445.0), (88, 93445.0), (1, 95450.0)]"
VNS,100,0,bench_100_3,ok,-69196.8135,,1204.5528,95,85,10,10,80473.0,149669.8135,2058.732,95459.0,227504.0,100475.0,5207116,931.7227,"[88, 77, 78, 80, 72, 71, 69, 70, 61, 68, 60, 65, 64, 37, 63, 34, 35, 36, 32, 31, 39, 40, 42, 41, 29, 28, 30, 27, 33, 26, 25, 24, 23, 22, 20, 19, 21, 18, 15, 16, 14, 13, 46, 45, 44, 43, 59, 66, 67, 56, 58, 57, 47, 12, 11, 9, 10, 8, 48, 7, 6, 49, 97, 93, 94, 95, 96, 50, 52, 51, 55, 54, 53, 73, 74, 75, 76, 92, 91, 89, 99, 4, 5, 3, 2, 85, 98, 82, 81, 90, 87, 84, 83, 100, 86]","[88, 77, 78, 80, 72, 71, 69, 70, 61, 68, 60, 65, 64, 37, 63, 34, 35, 36, 32, 31, 39, 40, 42, 41, 29, 28, 30, 27, 33, 26, 25, 24, 23, 22, 20, 19, 21, 18, 15, 16, 14, 13, 46, 45, 44, 43, 59, 66, 67, 56, 58, 57, 47, 12, 11, 9, 10, 8, 48, 7, 6, 49, 97, 93, 94, 95, 96, 50, 52, 51, 55, 54, 53, 73, 74, 75, 76, 92, 91, 89, 99, 4, 5, 3, 2]","[85, 98, 82, 81, 90, 87, 84, 83, 100, 86]","[93, 50, 73, 75, 91, 89, 99, 4, 2, 1]","[1, 101, 88, 77, 78, 79, 80, 72, 71, 69, 70, 62, 61, 68, 60, 65, 64, 38, 37, 63, 34, 35, 36, 32, 31, 39, 40, 42, 41, 29, 28, 30, 27, 33, 26, 25, 24, 23, 22, 20, 19, 21, 18, 17, 15, 16, 14, 13, 46, 45, 44, 43, 59, 66, 67, 56, 58, 57, 47, 12, 11, 9, 10, 8, 48, 7, 6, 49, 97, 93, 94, 95, 96, 50, 52, 51, 55, 54, 53, 73, 74, 75, 76, 92, 91, 89, 99, 4, 5, 3, 2, 1]","[(1, 85), (85, 93), (93, 98), (98, 50), (50, 82), (82, 73), (73, 81), (81, 75), (75, 90), (90, 91), (91, 87), (87, 89), (89, 84), (84, 99), (99, 83), (83, 4), (4, 100), (100, 2), (2, 86), (86, 1)]","[(1, 0.0), (101, 0.0), (88, 0.0), (77, 1007.0), (78, 2011.0), (79, 3017.0), (80, 3017.0), (72, 4023.0), (71, 5027.0), (69, 6034.0), (70, 7040.0), (62, 8049.0), (61, 8049.0), (68, 9053.0), (60, 10058.0), (65, 11063.0), (64, 12071.0), (38, 13075.0), (37, 13075.0), (63, 14081.0), (34, 15087.0), (35, 16096.0), (36, 17100.0), (32, 18109.0), (31, 19114.0), (39, 20119.0), (40, 21121.0), (42, 22127.0), (41, 23133.0), (29, 24141.0), (28, 25149.0), (30, 26150.0), (27, 27154.0), (33, 28159.0), (26, 29161.0), (25, 30163.0), (24, 31168.0), (23, 32175.0), (22, 33176.0), (20, 34185.0), (19, 35189.0), (21, 36189.0), (18, 37190.0), (17, 38194.0), (15, 38194.0), (16, 39202.0), (14, 40202.0), (13, 41204.0), (46, 42213.0), (45, 43220.0), (44, 44226.0), (43, 45234.0), (59, 46237.0), (66, 47238.0), (67, 48247.0), (56, 49256.0), (58, 50257.0), (57, 51261.0), (47, 52270.0), (12, 53279.0), (11, 54288.0), (9, 55290.0), (10, 56291.0), (8, 57298.0), (48, 58301.0), (7, 59306.0), (6, 60310.0), (49, 61318.0), (97, 62326.0), (93, 63327.0), (94, 65333.0), (95, 66333.0), (96, 67336.0), (50, 68339.0), (52, 70345.0), (51, 71350.0), (55, 72359.0), (54, 73364.0), (53, 74372.0), (73, 75376.0), (74, 77386.0), (75, 78389.0), (76, 80393.0), (92, 81400.0), (91, 82407.0), (89, 84419.0), (99, 86432.0), (4, 88435.0), (5, 90442.0), (3, 91443.0), (2, 92445.0), (1, 94451.0)]"
VNS,100,4,bench_100_3,ok,-52992.6702,,1201.031,97,87,10,10,81946.0,134938.6702,1856.1028,97463.0,227504.0,100475.0,7315433,832.8506,"[2, 3, 97, 9, 11, 12, 46, 13, 14, 16, 15, 18, 21, 19, 20, 22, 23, 24, 25, 26, 27, 33, 34, 35, 63, 36, 32, 31, 39, 30, 28, 29, 41, 42, 40, 38, 37, 64, 65, 60, 61, 62, 70, 69, 68, 67, 66, 56, 58, 59, 43, 44, 45, 57, 47, 48, 8, 7, 6, 49, 93, 94, 95, 96, 50, 52, 51, 55, 54, 53, 73, 80, 79, 78, 77, 81, 82, 83, 84, 86, 87, 88, 90, 89, 99, 100, 101, 98, 72, 71, 74, 75, 92, 85, 91, 76, 4]","[2, 3, 97, 9, 11, 12, 46, 13, 14, 16, 15, 18, 21, 19, 20, 22, 23, 24, 25, 26, 27, 33, 34, 35, 63, 36, 32, 31, 39, 30, 28, 29, 41, 42, 40, 38, 37, 64, 65, 60, 61, 62, 70, 69, 68, 67, 66, 56, 58, 59, 43, 44, 45, 57, 47, 48, 8, 7, 6, 49, 93, 94, 95, 96, 50, 52, 51, 55, 54, 53, 73, 80, 79, 78, 77, 81, 82, 83, 84, 86, 87, 88, 90, 89, 99, 100, 101]","[98, 72, 71, 74, 75, 92, 85, 91, 76, 4]","[53, 73, 78, 81, 82, 86, 88, 89, 100, 1]","[1, 2, 3, 5, 97, 10, 9, 11, 12, 46, 13, 14, 16, 15, 17, 18, 21, 19, 20, 22, 23, 24, 25, 26, 27, 33, 34, 35, 63, 36, 32, 31, 39, 30, 28, 29, 41, 42, 40, 38, 37, 64, 65, 60, 61, 62, 70, 69, 68, 67, 66, 56, 58, 59, 43, 44, 45, 57, 47, 48, 8, 7, 6, 49, 93, 94, 95, 96, 50, 52, 51, 55, 54, 53, 73, 80, 79, 78, 77, 81, 82, 83, 84, 86, 87, 88, 90, 89, 99, 100, 101, 1]","[(1, 98), (98, 53), (53, 72), (72, 73), (73, 71), (71, 78), (78, 74), (74, 81), (81, 75), (75, 82), (82, 92), (92, 86), (86, 85), (85, 88), (88, 91), (91, 89), (89, 76), (76, 100), (100, 4), (4, 1)]","[(1, 0.0), (2, 0.0), (3, 1001.0), (5, 2003.0), (97, 2003.0), (10, 3004.0), (9, 3004.0), (11, 4005.0), (12, 5007.0), (46, 6016.0), (13, 7023.0), (14, 8032.0), (16, 9034.0), (15, 10034.0), (17, 11042.0), (18, 11042.0), (21, 12046.0), (19, 13047.0), (20, 14047.0), (22, 15051.0), (23, 16060.0), (24, 17061.0), (25, 18068.0), (26, 19073.0), (27, 20075.0), (33, 21080.0), (34, 22082.0), (35, 23091.0), (63, 24095.0), (36, 25101.0), (32, 26110.0), (31, 27115.0), (39, 28120.0), (30, 29122.0), (28, 30126.0), (29, 31127.0), (41, 32135.0), (42, 33143.0), (40, 34149.0), (38, 35155.0), (37, 36162.0), (64, 37168.0), (65, 38172.0), (60, 39180.0), (61, 40185.0), (62, 41189.0), (70, 42191.0), (69, 43200.0), (68, 44206.0), (67, 45211.0), (66, 46220.0), (56, 47229.0), (58, 48230.0), (59, 49234.0), (43, 50235.0), (44, 51238.0), (45, 52246.0), (57, 53252.0), (47, 54261.0), (48, 55270.0), (8, 56275.0), (7, 57278.0), (6, 58282.0), (49, 59290.0), (93, 60298.0), (94, 61304.0), (95, 62304.0), (96, 63307.0), (50, 64310.0), (52, 65316.0), (51, 66321.0), (55, 67330.0), (54, 68335.0), (53, 69343.0), (73, 71347.0), (80, 73355.0), (79, 74361.0), (78, 75364.0), (77, 77377.0), (81, 78381.0), (82, 80384.0), (83, 82394.0), (84, 83396.0), (86, 84396.0), (87, 86411.0), (88, 87419.0), (90, 89426.0), (89, 90429.0), (99, 92443.0), (100, 93446.0), (101, 95458.0), (1, 96458.0)]"
VNS,100,8,bench_100_3,ok,-62288.8072,,1204.8346,96,86,10,10,81347.0,143635.8072,1975.7332,96454.0,227504.0,100475.0,6857915,1026.7853,"[9, 11, 7, 8, 48, 47, 46, 14, 16, 15, 19, 20, 22, 23, 24, 25, 26, 27, 33, 34, 35, 63, 64, 65, 38, 37, 36, 32, 31, 39, 30, 28, 29, 41, 40, 42, 21, 18, 45, 44, 43, 59, 58, 56, 66, 67, 68, 60, 61, 62, 70, 69, 71, 72, 73, 53, 54, 55, 51, 52, 50, 96, 95, 94, 93, 92, 91, 76, 75, 74, 79, 80, 78, 77, 81, 82, 83, 84, 85, 86, 87, 88, 89, 99, 100, 101, 12, 57, 6, 4, 97, 49, 2, 90, 98, 3]","[9, 11, 7, 8, 48, 47, 46, 14, 16, 15, 19, 20, 22, 23, 24, 25, 26, 27, 33, 34, 35, 63, 64, 65, 38, 37, 36, 32, 31, 39, 30, 28, 29, 41, 40, 42, 21, 18, 45, 44, 43, 59, 58, 56, 66, 67, 68, 60, 61, 62, 70, 69, 71, 72, 73, 53, 54, 55, 51, 52, 50, 96, 95, 94, 93, 92, 91, 76, 75, 74, 79, 80, 78, 77, 81, 82, 83, 84, 85, 86, 87, 88, 89, 99, 100, 101]","[12, 57, 6, 4, 97, 49, 2, 90, 98, 3]","[54, 96, 93, 76, 80, 82, 88, 89, 100, 1]","[1, 5, 10, 9, 11, 7, 8, 48, 47, 46, 13, 14, 16, 15, 17, 19, 20, 22, 23, 24, 25, 26, 27, 33, 34, 35, 63, 64, 65, 38, 37, 36, 32, 31, 39, 30, 28, 29, 41, 40, 42, 21, 18, 45, 44, 43, 59, 58, 56, 66, 67, 68, 60, 61, 62, 70, 69, 71, 72, 73, 53, 54, 55, 51, 52, 50, 96, 95, 94, 93, 92, 91, 76, 75, 74, 79, 80, 78, 77, 81, 82, 83, 84, 85, 86, 87, 88, 89, 99, 100, 101, 1]","[(1, 12), (12, 54), (54, 57), (57, 96), (96, 6), (6, 93), (93, 4), (4, 76), (76, 97), (97, 80), (80, 49), (49, 82), (82, 2), (2, 88), (88, 90), (90, 89), (89, 98), (98, 100), (100, 3), (3, 1)]","[(1, 0.0), (5, 0.0), (10, 0.0), (9, 0.0), (11, 1001.0), (7, 2003.0), (8, 3007.0), (48, 4010.0), (47, 5015.0), (46, 6024.0), (13, 7031.0), (14, 7031.0), (16, 8033.0), (15, 9033.0), (17, 10041.0), (19, 10041.0), (20, 11041.0), (22, 12045.0), (23, 13054.0), (24, 14055.0), (25, 15062.0), (26, 16067.0), (27, 17069.0), (33, 18074.0), (34, 19076.0), (35, 20085.0), (63, 21089.0), (64, 22095.0), (65, 23099.0), (38, 24107.0), (37, 25114.0), (36, 26120.0), (32, 27129.0), (31, 28134.0), (39, 29139.0), (30, 30141.0), (28, 31145.0), (29, 32146.0), (41, 33154.0), (40, 34162.0), (42, 35168.0), (21, 36174.0), (18, 37175.0), (45, 38179.0), (44, 39185.0), (43, 40193.0), (59, 41196.0), (58, 42197.0), (56, 43201.0), (66, 44202.0), (67, 45211.0), (68, 46220.0), (60, 47225.0), (61, 48230.0), (62, 49234.0), (70, 50236.0), (69, 51245.0), (71, 52251.0), (72, 53258.0), (73, 54262.0), (53, 55266.0), (54, 56270.0), (55, 58287.0), (51, 59292.0), (52, 60301.0), (50, 61306.0), (96, 62312.0), (95, 64324.0), (94, 65327.0), (93, 66327.0), (92, 68341.0), (91, 69348.0), (76, 70357.0), (75, 72369.0), (74, 73373.0), (79, 74376.0), (80, 75379.0), (78, 77386.0), (77, 78392.0), (81, 79396.0), (82, 80396.0), (83, 82410.0), (84, 83412.0), (85, 84412.0), (86, 85412.0), (87, 86420.0), (88, 87428.0), (89, 89436.0), (99, 91444.0), (100, 92447.0), (101, 94452.0), (1, 95452.0)]"
VNS,100,0,bench_100_4,ok,-61900.7705,,1200.0001,96,86,10,10,81903.0,143803.7705,1978.0436,96437.0,227504.0,100464.0,6621868,206.0018,"[82, 81, 75, 72, 74, 73, 66, 65, 64, 71, 70, 69, 68, 40, 30, 29, 35, 38, 36, 37, 28, 27, 26, 25, 24, 23, 22, 32, 31, 33, 42, 41, 43, 44, 45, 46, 21, 12, 20, 13, 19, 18, 17, 16, 15, 14, 11, 10, 9, 49, 48, 62, 47, 63, 61, 60, 55, 59, 56, 57, 58, 76, 77, 78, 80, 79, 94, 95, 96, 97, 54, 53, 52, 51, 50, 6, 7, 8, 5, 4, 3, 98, 99, 100, 2, 101, 67, 85, 86, 89, 93, 87, 91, 88, 92, 90]","[82, 81, 75, 72, 74, 73, 66, 65, 64, 71, 70, 69, 68, 40, 30, 29, 35, 38, 36, 37, 28, 27, 26, 25, 24, 23, 22, 32, 31, 33, 42, 41, 43, 44, 45, 46, 21, 12, 20, 13, 19, 18, 17, 16, 15, 14, 11, 10, 9, 49, 48, 62, 47, 63, 61, 60, 55, 59, 56, 57, 58, 76, 77, 78, 80, 79, 94, 95, 96, 97, 54, 53, 52, 51, 50, 6, 7, 8, 5, 4, 3, 98, 99, 100, 2, 101]","[67, 85, 86, 89, 93, 87, 91, 88, 92, 90]","[55, 76, 80, 95, 97, 52, 8, 99, 100, 1]","[1, 82, 83, 84, 81, 75, 72, 74, 73, 66, 65, 64, 71, 70, 69, 68, 39, 40, 34, 30, 29, 35, 38, 36, 37, 28, 27, 26, 25, 24, 23, 22, 32, 31, 33, 42, 41, 43, 44, 45, 46, 21, 12, 20, 13, 19, 18, 17, 16, 15, 14, 11, 10, 9, 49, 48, 62, 47, 63, 61, 60, 55, 59, 56, 57, 58, 76, 77, 78, 80, 79, 94, 95, 96, 97, 54, 53, 52, 51, 50, 6, 7, 8, 5, 4, 3, 98, 99, 100, 2, 101, 1]","[(1, 67), (67, 55), (55, 85), (85, 76), (76, 86), (86, 80), (80, 89), (89, 95), (95, 93), (93, 97), (97, 87), (87, 52), (52, 91), (91, 8), (8, 88), (88, 99), (99, 92), (92, 100), (100, 90), (90, 1)]","[(1, 0.0), (82, 0.0), (83, 1006.0), (84, 1006.0), (81, 1006.0), (75, 2011.0), (72, 3013.0), (74, 4019.0), (73, 5028.0), (66, 6037.0), (65, 7041.0), (64, 8049.0), (71, 9054.0), (70, 10057.0), (69, 11057.0), (68, 12065.0), (39, 13069.0), (40, 13069.0), (34, 14069.0), (30, 14069.0), (29, 15069.0), (35, 16070.0), (38, 17075.0), (36, 18079.0), (37, 19084.0), (28, 20086.0), (27, 21086.0), (26, 22088.0), (25, 23095.0), (24, 24102.0), (23, 25109.0), (22, 26118.0), (32, 27122.0), (31, 28128.0), (33, 29135.0), (42, 30139.0), (41, 31144.0), (43, 32150.0), (44, 33158.0), (45, 34165.0), (46, 35171.0), (21, 36173.0), (12, 37174.0), (20, 38178.0), (13, 39178.0), (19, 40186.0), (18, 41193.0), (17, 42198.0), (16, 43205.0), (15, 44214.0), (14, 45220.0), (11, 46229.0), (10, 47231.0), (9, 48231.0), (49, 49234.0), (48, 50240.0), (62, 51243.0), (47, 52246.0), (63, 53249.0), (61, 54250.0), (60, 55252.0), (55, 56259.0), (59, 58267.0), (56, 59275.0), (57, 60277.0), (58, 61277.0), (76, 62283.0), (77, 64294.0), (78, 65297.0), (80, 66301.0), (79, 68303.0), (94, 69310.0), (95, 70317.0), (96, 72325.0), (97, 73334.0), (54, 75341.0), (53, 76348.0), (52, 77350.0), (51, 79359.0), (50, 80365.0), (6, 81370.0), (7, 82373.0), (8, 83378.0), (5, 85386.0), (4, 86395.0), (3, 87396.0), (98, 88401.0), (99, 89401.0), (100, 91411.0), (2, 93423.0), (101, 94429.0), (1, 95429.0)]"
VNS,100,4,bench_100_4,ok,-61951.2782,,1200.8152,97,87,10,10,82673.0,144624.2782,1989.3298,97454.0,227504.0,100464.0,7052035,509.9076,"[52, 53, 54, 55, 60, 63, 47, 62, 48, 49, 9, 10, 11, 13, 14, 15, 16, 17, 18, 19, 20, 12, 21, 46, 45, 43, 44, 41, 42, 33, 31, 32, 22, 23, 24, 25, 27, 26, 28, 37, 36, 29, 30, 35, 40, 39, 69, 68, 38, 67, 66, 65, 64, 70, 71, 72, 73, 74, 75, 58, 57, 59, 56, 76, 81, 84, 82, 83, 85, 86, 89, 88, 87, 80, 78, 77, 79, 94, 97, 96, 95, 93, 92, 91, 90, 2, 101, 6, 50, 7, 51, 5, 100, 4, 3, 8, 99]","[52, 53, 54, 55, 60, 63, 47, 62, 48, 49, 9, 10, 11, 13, 14, 15, 16, 17, 18, 19, 20, 12, 21, 46, 45, 43, 44, 41, 42, 33, 31, 32, 22, 23, 24, 25, 27, 26, 28, 37, 36, 29, 30, 35, 40, 39, 69, 68, 38, 67, 66, 65, 64, 70, 71, 72, 73, 74, 75, 58, 57, 59, 56, 76, 81, 84, 82, 83, 85, 86, 89, 88, 87, 80, 78, 77, 79, 94, 97, 96, 95, 93, 92, 91, 90, 2, 101]","[6, 50, 7, 51, 5, 100, 4, 3, 8, 99]","[65, 74, 56, 82, 88, 80, 97, 92, 2, 1]","[1, 98, 52, 53, 54, 55, 60, 61, 63, 47, 62, 48, 49, 9, 10, 11, 13, 14, 15, 16, 17, 18, 19, 20, 12, 21, 46, 45, 43, 44, 41, 42, 33, 31, 32, 22, 23, 24, 25, 27, 26, 28, 37, 36, 29, 30, 34, 35, 40, 39, 69, 68, 38, 67, 66, 65, 64, 70, 71, 72, 73, 74, 75, 58, 57, 59, 56, 76, 81, 84, 82, 83, 85, 86, 89, 88, 87, 80, 78, 77, 79, 94, 97, 96, 95, 93, 92, 91, 90, 2, 101, 1]","[(1, 6), (6, 65), (65, 50), (50, 74), (74, 7), (7, 56), (56, 51), (51, 82), (82, 5), (5, 88), (88, 100), (100, 80), (80, 4), (4, 97), (97, 3), (3, 92), (92, 8), (8, 2), (2, 99), (99, 1)]","[(1, 0.0), (98, 0.0), (52, 0.0), (53, 1008.0), (54, 2010.0), (55, 3017.0), (60, 4023.0), (61, 5030.0), (63, 5030.0), (47, 6031.0), (62, 7034.0), (48, 8037.0), (49, 9040.0), (9, 10046.0), (10, 11049.0), (11, 12049.0), (13, 13051.0), (14, 14059.0), (15, 15068.0), (16, 16074.0), (17, 17083.0), (18, 18090.0), (19, 19095.0), (20, 20102.0), (12, 21102.0), (21, 22106.0), (46, 23107.0), (45, 24109.0), (43, 25115.0), (44, 26123.0), (41, 27130.0), (42, 28136.0), (33, 29141.0), (31, 30145.0), (32, 31152.0), (22, 32158.0), (23, 33162.0), (24, 34171.0), (25, 35178.0), (27, 36185.0), (26, 37187.0), (28, 38194.0), (37, 39194.0), (36, 40196.0), (29, 41201.0), (30, 42202.0), (34, 43202.0), (35, 43202.0), (40, 44207.0), (39, 45207.0), (69, 46214.0), (68, 47222.0), (38, 48226.0), (67, 49230.0), (66, 50232.0), (65, 51236.0), (64, 53247.0), (70, 54252.0), (71, 55252.0), (72, 56255.0), (73, 57261.0), (74, 58270.0), (75, 60284.0), (58, 61286.0), (57, 62292.0), (59, 63292.0), (56, 64300.0), (76, 66307.0), (81, 67314.0), (84, 68319.0), (82, 69322.0), (83, 71334.0), (85, 72343.0), (86, 73347.0), (89, 74347.0), (88, 75351.0), (87, 77363.0), (80, 78364.0), (78, 80371.0), (77, 81375.0), (79, 82378.0), (94, 83385.0), (97, 84392.0), (96, 86395.0), (95, 87404.0), (93, 88408.0), (92, 89413.0), (91, 91425.0), (90, 92426.0), (2, 93434.0), (101, 95447.0), (1, 96447.0)]"
VNS,100,8,bench_100_4,ok,-62350.9177,,1204.1989,97,87,10,10,82488.0,144838.9177,1992.2822,97444.0,227504.0,100464.0,6042102,734.6194,"[87, 86, 81, 75, 74, 73, 72, 71, 70, 64, 65, 66, 67, 38, 68, 69, 39, 40, 41, 42, 33, 35, 30, 29, 36, 37, 28, 27, 26, 25, 24, 23, 22, 32, 31, 43, 44, 45, 46, 21, 12, 20, 13, 19, 18, 17, 16, 15, 14, 11, 10, 9, 49, 48, 47, 63, 61, 60, 55, 59, 56, 57, 58, 76, 77, 78, 80, 79, 94, 95, 96, 97, 54, 53, 52, 51, 50, 6, 7, 8, 5, 4, 3, 98, 99, 100, 2, 91, 85, 89, 93, 88, 62, 82, 101, 92, 90]","[87, 86, 81, 75, 74, 73, 72, 71, 70, 64, 65, 66, 67, 38, 68, 69, 39, 40, 41, 42, 33, 35, 30, 29, 36, 37, 28, 27, 26, 25, 24, 23, 22, 32, 31, 43, 44, 45, 46, 21, 12, 20, 13, 19, 18, 17, 16, 15, 14, 11, 10, 9, 49, 48, 47, 63, 61, 60, 55, 59, 56, 57, 58, 76, 77, 78, 80, 79, 94, 95, 96, 97, 54, 53, 52, 51, 50, 6, 7, 8, 5, 4, 3, 98, 99, 100, 2]","[91, 85, 89, 93, 88, 62, 82, 101, 92, 90]","[76, 80, 95, 97, 52, 6, 3, 99, 100, 1]","[1, 87, 86, 83, 84, 81, 75, 74, 73, 72, 71, 70, 64, 65, 66, 67, 38, 68, 69, 39, 40, 41, 42, 33, 34, 35, 30, 29, 36, 37, 28, 27, 26, 25, 24, 23, 22, 32, 31, 43, 44, 45, 46, 21, 12, 20, 13, 19, 18, 17, 16, 15, 14, 11, 10, 9, 49, 48, 47, 63, 61, 60, 55, 59, 56, 57, 58, 76, 77, 78, 80, 79, 94, 95, 96, 97, 54, 53, 52, 51, 50, 6, 7, 8, 5, 4, 3, 98, 99, 100, 2, 1]","[(1, 91), (91, 76), (76, 85), (85, 80), (80, 89), (89, 95), (95, 93), (93, 97), (97, 88), (88, 52), (52, 62), (62, 6), (6, 82), (82, 3), (3, 101), (101, 99), (99, 92), (92, 100), (100, 90), (90, 1)]","[(1, 0.0), (87, 0.0), (86, 1001.0), (83, 2001.0), (84, 2001.0), (81, 2001.0), (75, 3006.0), (74, 4008.0), (73, 5017.0), (72, 6026.0), (71, 7032.0), (70, 8035.0), (64, 9035.0), (65, 10040.0), (66, 11048.0), (67, 12052.0), (38, 13054.0), (68, 14058.0), (69, 15062.0), (39, 16070.0), (40, 17077.0), (41, 18077.0), (42, 19083.0), (33, 20088.0), (34, 21092.0), (35, 21092.0), (30, 22097.0), (29, 23097.0), (36, 24098.0), (37, 25103.0), (28, 26105.0), (27, 27105.0), (26, 28107.0), (25, 29114.0), (24, 30121.0), (23, 31128.0), (22, 32137.0), (32, 33141.0), (31, 34147.0), (43, 35154.0), (44, 36162.0), (45, 37169.0), (46, 38175.0), (21, 39177.0), (12, 40178.0), (20, 41182.0), (13, 42182.0), (19, 43190.0), (18, 44197.0), (17, 45202.0), (16, 46209.0), (15, 47218.0), (14, 48224.0), (11, 49233.0), (10, 50235.0), (9, 51235.0), (49, 52238.0), (48, 53244.0), (47, 54247.0), (63, 55250.0), (61, 56251.0), (60, 57253.0), (55, 58260.0), (59, 59266.0), (56, 60274.0), (57, 61276.0), (58, 62276.0), (76, 63282.0), (77, 65290.0), (78, 66293.0), (80, 67297.0), (79, 69303.0), (94, 70310.0), (95, 71317.0), (96, 73325.0), (97, 74334.0), (54, 76341.0), (53, 77348.0), (52, 78350.0), (51, 80361.0), (50, 81367.0), (6, 82372.0), (7, 84378.0), (8, 85383.0), (5, 86390.0), (4, 87399.0), (3, 88400.0), (98, 90411.0), (99, 91411.0), (100, 93418.0), (2, 95430.0), (1, 96436.0)]"
VNS,100,0,bench_100_5,ok,-53952.3293,,1200.37,97,87,10,10,81644.0,135596.3293,1865.149,97416.0,227504.0,100427.0,6577633,950.456,"[101, 90, 91, 89, 87, 86, 85, 84, 80, 81, 82, 76, 77, 78, 75, 54, 55, 73, 74, 72, 70, 71, 69, 67, 66, 65, 57, 60, 58, 61, 64, 62, 63, 43, 44, 45, 46, 36, 34, 33, 32, 30, 31, 37, 41, 38, 39, 40, 29, 28, 27, 26, 25, 35, 47, 48, 24, 16, 23, 22, 21, 20, 19, 18, 17, 15, 14, 13, 12, 50, 49, 59, 52, 51, 11, 53, 10, 9, 97, 99, 7, 6, 5, 100, 4, 3, 2, 79, 42, 83, 96, 93, 8, 98, 94, 92, 88]","[101, 90, 91, 89, 87, 86, 85, 84, 80, 81, 82, 76, 77, 78, 75, 54, 55, 73, 74, 72, 70, 71, 69, 67, 66, 65, 57, 60, 58, 61, 64, 62, 63, 43, 44, 45, 46, 36, 34, 33, 32, 30, 31, 37, 41, 38, 39, 40, 29, 28, 27, 26, 25, 35, 47, 48, 24, 16, 23, 22, 21, 20, 19, 18, 17, 15, 14, 13, 12, 50, 49, 59, 52, 51, 11, 53, 10, 9, 97, 99, 7, 6, 5, 100, 4, 3, 2]","[79, 42, 83, 96, 93, 8, 98, 94, 92, 88]","[14, 52, 10, 9, 99, 6, 5, 4, 2, 1]","[1, 101, 90, 91, 89, 87, 86, 85, 84, 80, 81, 82, 76, 77, 78, 75, 95, 54, 55, 56, 73, 74, 72, 70, 71, 69, 68, 67, 66, 65, 57, 60, 58, 61, 64, 62, 63, 43, 44, 45, 46, 36, 34, 33, 32, 30, 31, 37, 41, 38, 39, 40, 29, 28, 27, 26, 25, 35, 47, 48, 24, 16, 23, 22, 21, 20, 19, 18, 17, 15, 14, 13, 12, 50, 49, 59, 52, 51, 11, 53, 10, 9, 97, 99, 7, 6, 5, 100, 4, 3, 2, 1]","[(1, 79), (79, 14), (14, 42), (42, 52), (52, 83), (83, 10), (10, 96), (96, 9), (9, 93), (93, 99), (99, 8), (8, 6), (6, 98), (98, 5), (5, 94), (94, 4), (4, 92), (92, 2), (2, 88), (88, 1)]","[(1, 0.0), (101, 0.0), (90, 1003.0), (91, 2008.0), (89, 3011.0), (87, 4019.0), (86, 5021.0), (85, 6029.0), (84, 7037.0), (80, 8043.0), (81, 9046.0), (82, 10046.0), (76, 11047.0), (77, 12049.0), (78, 13051.0), (75, 14055.0), (95, 15058.0), (54, 15058.0), (55, 16063.0), (56, 17063.0), (73, 17063.0), (74, 18065.0), (72, 19069.0), (70, 20073.0), (71, 21077.0), (69, 22083.0), (68, 23087.0), (67, 23087.0), (66, 24090.0), (65, 25099.0), (57, 26106.0), (60, 27113.0), (58, 28117.0), (61, 29119.0), (64, 30123.0), (62, 31125.0), (63, 32128.0), (43, 33133.0), (44, 34133.0), (45, 35142.0), (46, 36144.0), (36, 37149.0), (34, 38153.0), (33, 39154.0), (32, 40163.0), (30, 41163.0), (31, 42168.0), (37, 43169.0), (41, 44172.0), (38, 45177.0), (39, 46182.0), (40, 47184.0), (29, 48186.0), (28, 49186.0), (27, 50188.0), (26, 51195.0), (25, 52199.0), (35, 53202.0), (47, 54208.0), (48, 55214.0), (24, 56216.0), (16, 57221.0), (23, 58223.0), (22, 59227.0), (21, 60230.0), (20, 61237.0), (19, 62244.0), (18, 63250.0), (17, 64259.0), (15, 65267.0), (14, 66269.0), (13, 68282.0), (12, 69290.0), (50, 70292.0), (49, 71299.0), (59, 72302.0), (52, 73311.0), (51, 75327.0), (11, 76336.0), (53, 77345.0), (10, 78351.0), (9, 80360.0), (97, 82368.0), (99, 83373.0), (7, 85389.0), (6, 86391.0), (5, 88393.0), (100, 90399.0), (4, 91401.0), (3, 93404.0), (2, 94410.0), (1, 96416.0)]"
VNS,100,4,bench_100_5,ok,-58767.0788,,1204.9596,96,86,10,10,80886.0,139653.0788,1920.9502,96418.0,227504.0,100427.0,7080479,992.7269,"[97, 9, 10, 53, 96, 54, 55, 57, 65, 60, 49, 59, 52, 51, 11, 50, 12, 13, 15, 14, 19, 20, 18, 17, 21, 22, 23, 16, 24, 48, 47, 35, 25, 26, 27, 28, 33, 34, 36, 46, 44, 45, 32, 31, 30, 29, 40, 39, 38, 41, 37, 42, 43, 63, 62, 64, 61, 66, 67, 68, 69, 71, 70, 72, 74, 73, 79, 80, 81, 82, 76, 77, 78, 75, 93, 90, 91, 92, 83, 84, 85, 86, 87, 89, 88, 2, 6, 8, 7, 100, 94, 99, 5, 101, 3, 4]","[97, 9, 10, 53, 96, 54, 55, 57, 65, 60, 49, 59, 52, 51, 11, 50, 12, 13, 15, 14, 19, 20, 18, 17, 21, 22, 23, 16, 24, 48, 47, 35, 25, 26, 27, 28, 33, 34, 36, 46, 44, 45, 32, 31, 30, 29, 40, 39, 38, 41, 37, 42, 43, 63, 62, 64, 61, 66, 67, 68, 69, 71, 70, 72, 74, 73, 79, 80, 81, 82, 76, 77, 78, 75, 93, 90, 91, 92, 83, 84, 85, 86, 87, 89, 88, 2]","[6, 8, 7, 100, 94, 99, 5, 101, 3, 4]","[68, 73, 82, 75, 93, 83, 86, 88, 2, 1]","[1, 98, 97, 9, 10, 53, 96, 95, 54, 55, 56, 57, 65, 58, 60, 49, 59, 52, 51, 11, 50, 12, 13, 15, 14, 19, 20, 18, 17, 21, 22, 23, 16, 24, 48, 47, 35, 25, 26, 27, 28, 33, 34, 36, 46, 44, 45, 32, 31, 30, 29, 40, 39, 38, 41, 37, 42, 43, 63, 62, 64, 61, 66, 67, 68, 69, 71, 70, 72, 74, 73, 79, 80, 81, 82, 76, 77, 78, 75, 93, 90, 91, 92, 83, 84, 85, 86, 87, 89, 88, 2, 1]","[(1, 6), (6, 68), (68, 8), (8, 73), (73, 7), (7, 82), (82, 100), (100, 75), (75, 94), (94, 93), (93, 99), (99, 83), (83, 5), (5, 86), (86, 101), (101, 88), (88, 3), (3, 2), (2, 4), (4, 1)]","[(1, 0.0), (98, 0.0), (97, 0.0), (9, 1005.0), (10, 2009.0), (53, 3013.0), (96, 4019.0), (95, 5023.0), (54, 5023.0), (55, 6028.0), (56, 7028.0), (57, 7028.0), (65, 8035.0), (58, 9042.0), (60, 9042.0), (49, 10046.0), (59, 11049.0), (52, 12058.0), (51, 13065.0), (11, 14074.0), (50, 15083.0), (12, 16090.0), (13, 17092.0), (15, 18100.0), (14, 19102.0), (19, 20109.0), (20, 21115.0), (18, 22122.0), (17, 23131.0), (21, 24139.0), (22, 25146.0), (23, 26149.0), (16, 27153.0), (24, 28155.0), (48, 29160.0), (47, 30162.0), (35, 31168.0), (25, 32174.0), (26, 33177.0), (27, 34181.0), (28, 35188.0), (33, 36190.0), (34, 37199.0), (36, 38200.0), (46, 39204.0), (44, 40209.0), (45, 41218.0), (32, 42220.0), (31, 43220.0), (30, 44221.0), (29, 45226.0), (40, 46226.0), (39, 47228.0), (38, 48230.0), (41, 49235.0), (37, 50240.0), (42, 51243.0), (43, 52252.0), (63, 53252.0), (62, 54257.0), (64, 55260.0), (61, 56262.0), (66, 57266.0), (67, 58275.0), (68, 59278.0), (69, 61283.0), (71, 62287.0), (70, 63293.0), (72, 64297.0), (74, 65301.0), (73, 66305.0), (79, 68308.0), (80, 69314.0), (81, 70317.0), (82, 71317.0), (76, 73320.0), (77, 74322.0), (78, 75324.0), (75, 76328.0), (93, 78333.0), (90, 80343.0), (91, 81348.0), (92, 82351.0), (83, 83357.0), (84, 85369.0), (85, 86375.0), (86, 87383.0), (87, 89397.0), (89, 90399.0), (88, 91407.0), (2, 93410.0), (1, 95416.0)]"
VNS,100,8,bench_100_5,ok,-55903.4721,,1200.0001,98,88,10,10,82100.0,138003.4721,1898.2596,98417.0,227504.0,100427.0,6372821,1166.2142,"[100, 97, 9, 10, 53, 52, 51, 11, 50, 12, 13, 15, 14, 20, 18, 17, 21, 22, 16, 24, 23, 26, 25, 27, 28, 33, 32, 31, 30, 29, 40, 39, 38, 41, 37, 42, 43, 44, 45, 46, 36, 34, 35, 47, 48, 49, 59, 60, 58, 65, 57, 66, 67, 61, 64, 62, 63, 69, 71, 70, 72, 74, 73, 56, 55, 54, 75, 78, 76, 77, 80, 81, 82, 84, 85, 86, 87, 89, 92, 91, 90, 93, 94, 98, 99, 5, 4, 3, 8, 79, 95, 83, 96, 6, 7, 101, 2, 88]","[100, 97, 9, 10, 53, 52, 51, 11, 50, 12, 13, 15, 14, 20, 18, 17, 21, 22, 16, 24, 23, 26, 25, 27, 28, 33, 32, 31, 30, 29, 40, 39, 38, 41, 37, 42, 43, 44, 45, 46, 36, 34, 35, 47, 48, 49, 59, 60, 58, 65, 57, 66, 67, 61, 64, 62, 63, 69, 71, 70, 72, 74, 73, 56, 55, 54, 75, 78, 76, 77, 80, 81, 82, 84, 85, 86, 87, 89, 92, 91, 90, 93, 94, 98, 99, 5, 4, 3]","[8, 79, 95, 83, 96, 6, 7, 101, 2, 88]","[80, 85, 92, 90, 94, 99, 5, 4, 3, 1]","[1, 100, 97, 9, 10, 53, 52, 51, 11, 50, 12, 13, 15, 14, 19, 20, 18, 17, 21, 22, 16, 24, 23, 26, 25, 27, 28, 33, 32, 31, 30, 29, 40, 39, 38, 41, 37, 42, 43, 44, 45, 46, 36, 34, 35, 47, 48, 49, 59, 60, 58, 65, 57, 66, 67, 68, 61, 64, 62, 63, 69, 71, 70, 72, 74, 73, 56, 55, 54, 75, 78, 76, 77, 80, 81, 82, 84, 85, 86, 87, 89, 92, 91, 90, 93, 94, 98, 99, 5, 4, 3, 1]","[(1, 8), (8, 80), (80, 79), (79, 85), (85, 95), (95, 92), (92, 83), (83, 90), (90, 96), (96, 94), (94, 6), (6, 99), (99, 7), (7, 5), (5, 101), (101, 4), (4, 2), (2, 3), (3, 88), (88, 1)]","[(1, 0.0), (100, 0.0), (97, 1002.0), (9, 2007.0), (10, 3011.0), (53, 4015.0), (52, 5021.0), (51, 6028.0), (11, 7037.0), (50, 8046.0), (12, 9053.0), (13, 10055.0), (15, 11063.0), (14, 12065.0), (19, 13072.0), (20, 13072.0), (18, 14079.0), (17, 15088.0), (21, 16096.0), (22, 17103.0), (16, 18106.0), (24, 19108.0), (23, 20113.0), (26, 21117.0), (25, 22121.0), (27, 23124.0), (28, 24131.0), (33, 25133.0), (32, 26142.0), (31, 27142.0), (30, 28143.0), (29, 29148.0), (40, 30148.0), (39, 31150.0), (38, 32152.0), (41, 33157.0), (37, 34162.0), (42, 35165.0), (43, 36174.0), (44, 37174.0), (45, 38183.0), (46, 39185.0), (36, 40190.0), (34, 41194.0), (35, 42195.0), (47, 43201.0), (48, 44207.0), (49, 45209.0), (59, 46212.0), (60, 47221.0), (58, 48225.0), (65, 49227.0), (57, 50234.0), (66, 51241.0), (67, 52250.0), (68, 53253.0), (61, 53253.0), (64, 54257.0), (62, 55259.0), (63, 56262.0), (69, 57267.0), (71, 58271.0), (70, 59277.0), (72, 60281.0), (74, 61285.0), (73, 62289.0), (56, 63291.0), (55, 64295.0), (54, 65295.0), (75, 66300.0), (78, 67303.0), (76, 68307.0), (77, 69309.0), (80, 70311.0), (81, 72315.0), (82, 73315.0), (84, 74316.0), (85, 75322.0), (86, 77336.0), (87, 78344.0), (89, 79346.0), (92, 80354.0), (91, 82363.0), (90, 83366.0), (93, 85376.0), (94, 86385.0), (98, 88390.0), (99, 89390.0), (5, 91398.0), (4, 93406.0), (3, 95411.0), (1, 97417.0)]"
VNS,5,7,bench_5_1,ok,-30367.6626,81.5667,10.0001,2,1,1,3,1944.0,32311.6626,444.452,2006.0,11375.0,5015.0,2284156,0.0039,"[2, 6]",[2],[6],"[2, 5, 1]","[1, 2, 5, 1]","[(1, 4), (4, 2), (2, 3), (3, 5), (5, 6), (6, 1)]","[(1, 0.0), (2, 0.0), (5, 1002.0), (1, 1002.0)]"
VNS,5,7,bench_5_2,ok,-35349.6,111.3534,10.0,1,0,1,3,855.0,36204.6,498.0,1006.0,11375.0,5032.0,2376639,0.004,[6],[],[6],"[4, 2, 1]","[1, 4, 2, 1]","[(1, 5), (5, 4), (4, 3), (3, 2), (2, 6), (6, 1)]","[(1, 0.0), (4, 0.0), (2, 0.0), (1, 0.0)]"
VNS,5,7,bench_5_3,ok,-27075.2,61.8812,10.0,3,1,2,3,2441.0,29516.2,406.0,3017.0,11375.0,5030.0,2195511,0.0141,"[6, 2, 5]",[6],"[2, 5]","[3, 6, 1]","[1, 3, 6, 1]","[(1, 4), (4, 3), (3, 2), (2, 6), (6, 5), (5, 1)]","[(1, 0.0), (3, 0.0), (6, 0.0), (1, 2009.0)]"
VNS,5,7,bench_5_4,ok,-29738.1319,77.8027,10.0001,2,0,2,3,1870.0,31608.1319,434.7749,2010.0,11375.0,5025.0,2245140,0.0708,"[3, 6]",[],"[3, 6]","[4, 5, 1]","[1, 4, 5, 1]","[(1, 2), (2, 4), (4, 3), (3, 5), (5, 6), (6, 1)]","[(1, 0.0), (4, 0.0), (5, 0.0), (1, 1003.0)]"
VNS,5,7,bench_5_5,ok,-16725.35,0.0,10.0001,5,2,3,3,4394.0,21119.35,290.5,5021.0,11375.0,5021.0,2124295,0.0418,"[6, 2, 5, 3, 4]","[6, 2]","[5, 3, 4]","[6, 2, 1]","[1, 6, 2, 1]","[(1, 5), (5, 6), (6, 3), (3, 2), (2, 4), (4, 1)]","[(1, 0.0), (6, 0.0), (2, 2007.0), (1, 4017.0)]"
VNS,10,9,bench_10_1,ok,-37643.0869,36.918,30.0019,5,3,2,5,4841.0,42484.0869,584.3753,5011.0,22750.0,10028.0,4637068,0.6723,"[4, 11, 10, 6, 9]","[4, 11, 10]","[6, 9]","[7, 2, 4, 11, 1]","[1, 7, 2, 4, 11, 10, 1]","[(1, 8), (8, 7), (7, 3), (3, 2), (2, 5), (5, 4), (4, 6), (6, 11), (11, 9), (9, 1)]","[(1, 0.0), (7, 0.0), (2, 0.0), (4, 0.0), (11, 1002.0), (10, 3008.0), (1, 4008.0)]"
VNS,10,9,bench_10_2,ok,-38915.5372,41.5462,30.0001,5,2,3,5,4211.0,43126.5372,593.2123,5026.0,22750.0,10050.0,4680031,2.6294,"[5, 2, 6, 9, 11]","[5, 2]","[6, 9, 11]","[10, 4, 3, 2, 1]","[1, 10, 4, 5, 3, 2, 1]","[(1, 8), (8, 10), (10, 7), (7, 4), (4, 6), (6, 3), (3, 9), (9, 2), (2, 11), (11, 1)]","[(1, 0.0), (10, 0.0), (4, 0.0), (5, 0.0), (3, 1009.0), (2, 2010.0), (1, 4020.0)]"
VNS,10,9,bench_10_3,ok,-28382.9589,3.2364,30.0,10,5,5,5,7897.0,36279.9589,499.0366,10056.0,22750.0,10056.0,4914341,2.5374,"[2, 6, 5, 7, 11, 10, 4, 3, 8, 9]","[2, 6, 5, 7, 11]","[10, 4, 3, 8, 9]","[2, 5, 7, 11, 1]","[1, 2, 6, 5, 7, 11, 1]","[(1, 10), (10, 2), (2, 4), (4, 5), (5, 3), (3, 7), (7, 8), (8, 11), (11, 9), (9, 1)]","[(1, 0.0), (2, 0.0), (6, 2010.0), (5, 3016.0), (7, 5033.0), (11, 7049.0), (1, 9056.0)]"
VNS,10,9,bench_10_4,ok,-36395.6646,32.3808,30.0002,7,4,3,4,6408.0,42803.6646,588.7712,7031.0,22750.0,10043.0,5153853,10.7101,"[7, 9, 10, 11, 6, 4, 8]","[7, 9, 10, 11]","[6, 4, 8]","[3, 7, 9, 1]","[1, 2, 3, 7, 9, 10, 11, 1]","[(1, 6), (6, 3), (3, 5), (5, 7), (7, 4), (4, 9), (9, 8), (8, 1)]","[(1, 0.0), (2, 0.0), (3, 0.0), (7, 1000.0), (9, 2003.0), (10, 4019.0), (11, 5023.0), (1, 6030.0)]"
VNS,10,9,bench_10_5,ok,-32684.6289,18.8827,30.0,7,4,3,4,6155.0,38839.6289,534.2452,7038.0,22750.0,10055.0,5143492,2.9474,"[6, 7, 2, 11, 4, 3, 10]","[6, 7, 2, 11]","[4, 3, 10]","[8, 6, 11, 1]","[1, 9, 8, 6, 7, 2, 11, 1]","[(1, 5), (5, 8), (8, 4), (4, 6), (6, 3), (3, 11), (11, 10), (10, 1)]","[(1, 0.0), (9, 0.0), (8, 0.0), (6, 0.0), (7, 2012.0), (2, 3018.0), (11, 4022.0), (1, 6036.0)]"
VNS,15,1,bench_15_1,ok,-36385.6115,-0.0002,120.0017,11,6,5,7,9094.0,45479.6115,625.5793,11051.0,34126.0,15068.0,6646528,3.4154,"[9, 6, 10, 4, 3, 2, 8, 7, 13, 5, 15]","[9, 6, 10, 4, 3, 2]","[8, 7, 13, 5, 15]","[16, 12, 9, 6, 4, 2, 1]","[1, 16, 12, 9, 6, 10, 4, 3, 2, 1]","[(1, 11), (11, 16), (16, 14), (14, 12), (12, 8), (8, 9), (9, 7), (7, 6), (6, 13), (13, 4), (4, 5), (5, 2), (2, 15), (15, 1)]","[(1, 0.0), (16, 0.0), (12, 0.0), (9, 0.0), (6, 2018.0), (10, 4021.0), (4, 5026.0), (3, 7039.0), (2, 8040.0), (1, 10049.0)]"
VNS,15,5,bench_15_1,ok,-36385.6115,-0.0002,120.0017,11,6,5,7,9094.0,45479.6115,625.5793,11051.0,34126.0,15068.0,6636244,3.6455,"[9, 6, 10, 4, 3, 2, 8, 7, 13, 5, 15]","[9, 6, 10, 4, 3, 2]","[8, 7, 13, 5, 15]","[16, 12, 9, 6, 4, 2, 1]","[1, 16, 12, 9, 6, 10, 4, 3, 2, 1]","[(1, 11), (11, 16), (16, 14), (14, 12), (12, 8), (8, 9), (9, 7), (7, 6), (6, 13), (13, 4), (4, 5), (5, 2), (2, 15), (15, 1)]","[(1, 0.0), (16, 0.0), (12, 0.0), (9, 0.0), (6, 2018.0), (10, 4021.0), (4, 5026.0), (3, 7039.0), (2, 8040.0), (1, 10049.0)]"
VNS,15,9,bench_15_1,ok,-36385.6115,-0.0002,120.0037,11,6,5,7,9094.0,45479.6115,625.5793,11051.0,34126.0,15068.0,6811519,6.322,"[9, 6, 10, 4, 3, 2, 8, 7, 13, 5, 15]","[9, 6, 10, 4, 3, 2]","[8, 7, 13, 5, 15]","[16, 12, 9, 6, 4, 2, 1]","[1, 16, 12, 9, 6, 10, 4, 3, 2, 1]","[(1, 11), (11, 16), (16, 14), (14, 12), (12, 8), (8, 9), (9, 7), (7, 6), (6, 13), (13, 4), (4, 5), (5, 2), (2, 15), (15, 1)]","[(1, 0.0), (16, 0.0), (12, 0.0), (9, 0.0), (6, 2018.0), (10, 4021.0), (4, 5026.0), (3, 7039.0), (2, 8040.0), (1, 10049.0)]"
VNS,15,1,bench_15_2,ok,-39847.1294,9.5132,120.003,9,5,4,6,7691.0,47538.1294,653.8945,9041.0,34126.0,15070.0,8564143,76.3267,"[4, 6, 7, 15, 16, 5, 11, 14, 13]","[4, 6, 7, 15, 16]","[5, 11, 14, 13]","[3, 4, 6, 10, 15, 1]","[1, 2, 3, 4, 6, 7, 8, 10, 15, 16, 1]","[(1, 12), (12, 3), (3, 9), (9, 4), (4, 5), (5, 6), (6, 11), (11, 10), (10, 14), (14, 15), (15, 13), (13, 1)]","[(1, 0.0), (2, 0.0), (3, 0.0), (4, 0.0), (6, 1005.0), (7, 3015.0), (8, 4019.0), (10, 4019.0), (15, 5025.0), (16, 7037.0), (1, 8037.0)]"
VNS,15,5,bench_15_2,ok,-39799.1853,9.3815,120.0015,12,6,6,7,9566.0,49365.1853,679.0259,12050.0,34126.0,15070.0,7449334,22.4667,"[4, 7, 8, 10, 15, 16, 9, 5, 6, 11, 12, 14]","[4, 7, 8, 10, 15, 16]","[9, 5, 6, 11, 12, 14]","[2, 3, 4, 7, 10, 15, 1]","[1, 2, 3, 4, 7, 8, 10, 15, 16, 1]","[(1, 13), (13, 2), (2, 9), (9, 3), (3, 5), (5, 4), (4, 6), (6, 7), (7, 11), (11, 10), (10, 12), (12, 15), (15, 14), (14, 1)]","[(1, 0.0), (2, 0.0), (3, 0.0), (4, 1002.0), (7, 3016.0), (8, 5021.0), (10, 6021.0), (15, 8034.0), (16, 10044.0), (1, 11044.0)]"
VNS,15,9,bench_15_2,ok,-40177.5021,10.4212,120.0,12,7,5,6,9688.0,49865.5021,685.9079,12059.0,34126.0,15070.0,8603529,5.5159,"[7, 4, 3, 9, 2, 15, 16, 6, 5, 11, 13, 14]","[7, 4, 3, 9, 2, 15, 16]","[6, 5, 11, 13, 14]","[10, 7, 4, 2, 15, 1]","[1, 10, 8, 7, 4, 3, 9, 2, 15, 16, 1]","[(1, 12), (12, 10), (10, 6), (6, 7), (7, 5), (5, 4), (4, 11), (11, 2), (2, 13), (13, 15), (15, 14), (14, 1)]","[(1, 0.0), (10, 0.0), (8, 0.0), (7, 0.0), (4, 2005.0), (3, 4019.0), (9, 5027.0), (2, 6029.0), (15, 8043.0), (16, 10053.0), (1, 11053.0)]"
VNS,15,1,bench_15_3,ok,-36689.4522,0.8349,120.0016,11,7,4,5,9182.0,45871.4522,630.9691,11056.0,34126.0,15084.0,9075349,60.3606,"[8, 10, 11, 14, 13, 12, 16, 3, 5, 6, 2]","[8, 10, 11, 14, 13, 12, 16]","[3, 5, 6, 2]","[8, 7, 10, 13, 1]","[1, 15, 9, 8, 7, 10, 11, 14, 13, 12, 16, 1]","[(1, 4), (4, 8), (8, 3), (3, 7), (7, 5), (5, 10), (10, 6), (6, 13), (13, 2), (2, 1)]","[(1, 0.0), (15, 0.0), (9, 0.0), (8, 0.0), (7, 1006.0), (10, 2014.0), (11, 4026.0), (14, 5029.0), (13, 6037.0), (12, 8054.0), (16, 9054.0), (1, 10054.0)]"
VNS,15,5,bench_15_3,ok,-36689.4522,0.8349,120.001,11,7,4,5,9182.0,45871.4522,630.9691,11056.0,34126.0,15084.0,8991356,48.948,"[8, 10, 11, 14, 13, 12, 16, 3, 5, 6, 2]","[8, 10, 11, 14, 13, 12, 16]","[3, 5, 6, 2]","[8, 7, 10, 13, 1]","[1, 15, 9, 8, 7, 10, 11, 14, 13, 12, 16, 1]","[(1, 4), (4, 8), (8, 3), (3, 7), (7, 5), (5, 10), (10, 6), (6, 13), (13, 2), (2, 1)]","[(1, 0.0), (15, 0.0), (9, 0.0), (8, 0.0), (7, 1006.0), (10, 2014.0), (11, 4026.0), (14, 5029.0), (13, 6037.0), (12, 8054.0), (16, 9054.0), (1, 10054.0)]"
VNS,15,9,bench_15_3,ok,-36689.4522,0.8349,120.0001,11,7,4,5,9182.0,45871.4522,630.9691,11056.0,34126.0,15084.0,9743045,19.0284,"[8, 10, 11, 14, 13, 12, 16, 3, 5, 6, 2]","[8, 10, 11, 14, 13, 12, 16]","[3, 5, 6, 2]","[8, 7, 10, 13, 1]","[1, 15, 9, 8, 7, 10, 11, 14, 13, 12, 16, 1]","[(1, 4), (4, 8), (8, 3), (3, 7), (7, 5), (5, 10), (10, 6), (6, 13), (13, 2), (2, 1)]","[(1, 0.0), (15, 0.0), (9, 0.0), (8, 0.0), (7, 1006.0), (10, 2014.0), (11, 4026.0), (14, 5029.0), (13, 6037.0), (12, 8054.0), (16, 9054.0), (1, 10054.0)]"
VNS,15,1,bench_15_4,ok,-35495.4306,-2.4467,120.0015,12,7,5,6,10833.0,46328.4306,637.2549,12056.0,34126.0,15068.0,8489042,7.6021,"[3, 9, 11, 10, 12, 13, 14, 5, 8, 7, 15, 16]","[3, 9, 11, 10, 12, 13, 14]","[5, 8, 7, 15, 16]","[3, 4, 11, 12, 14, 1]","[1, 2, 3, 4, 9, 11, 10, 12, 13, 14, 1]","[(1, 6), (6, 3), (3, 5), (5, 4), (4, 8), (8, 11), (11, 7), (7, 12), (12, 15), (15, 14), (14, 16), (16, 1)]","[(1, 0.0), (2, 0.0), (3, 0.0), (4, 1003.0), (9, 2012.0), (11, 3015.0), (10, 5022.0), (12, 6029.0), (13, 8036.0), (14, 9040.0), (1, 11049.0)]"
VNS,15,5,bench_15_4,ok,-34558.1341,-5.0227,120.0005,14,8,6,7,12484.0,47042.1341,647.072,14061.0,34126.0,15068.0,6886648,21.0368,"[2, 3, 4, 9, 11, 10, 15, 16, 5, 7, 8, 12, 13, 14]","[2, 3, 4, 9, 11, 10, 15, 16]","[5, 7, 8, 12, 13, 14]","[3, 4, 11, 10, 15, 16, 1]","[1, 2, 3, 4, 9, 11, 10, 15, 16, 1]","[(1, 6), (6, 3), (3, 5), (5, 4), (4, 7), (7, 11), (11, 8), (8, 10), (10, 12), (12, 15), (15, 13), (13, 16), (16, 14), (14, 1)]","[(1, 0.0), (2, 0.0), (3, 1005.0), (4, 2008.0), (9, 4017.0), (11, 5020.0), (10, 7021.0), (15, 9034.0), (16, 11043.0), (1, 13054.0)]"
VNS,15,9,bench_15_4,ok,-35495.4306,-2.4467,120.0001,12,7,5,6,10833.0,46328.4306,637.2549,12056.0,34126.0,15068.0,8487460,4.6396,"[3, 9, 11, 10, 12, 13, 14, 5, 8, 7, 15, 16]","[3, 9, 11, 10, 12, 13, 14]","[5, 8, 7, 15, 16]","[3, 4, 11, 12, 14, 1]","[1, 2, 3, 4, 9, 11, 10, 12, 13, 14, 1]","[(1, 6), (6, 3), (3, 5), (5, 4), (4, 8), (8, 11), (11, 7), (7, 12), (12, 15), (15, 14), (14, 16), (16, 1)]","[(1, 0.0), (2, 0.0), (3, 0.0), (4, 1003.0), (9, 2012.0), (11, 3015.0), (10, 5022.0), (12, 6029.0), (13, 8036.0), (14, 9040.0), (1, 11049.0)]"
VNS,15,1,bench_15_5,ok,-33375.6962,-8.2724,120.0001,11,7,4,5,9306.0,42681.6962,587.0935,11065.0,34126.0,15075.0,9964921,10.2495,"[10, 8, 7, 9, 2, 15, 16, 4, 6, 3, 5]","[10, 8, 7, 9, 2, 15, 16]","[4, 6, 3, 5]","[14, 10, 8, 9, 1]","[1, 14, 12, 11, 10, 8, 7, 9, 2, 15, 16, 1]","[(1, 13), (13, 14), (14, 4), (4, 10), (10, 6), (6, 8), (8, 3), (3, 9), (9, 5), (5, 1)]","[(1, 0.0), (14, 0.0), (12, 0.0), (11, 0.0), (10, 0.0), (8, 2011.0), (7, 4027.0), (9, 5036.0), (2, 7051.0), (15, 8055.0), (16, 9060.0), (1, 10060.0)]"
VNS,15,5,bench_15_5,ok,-33375.6962,-8.2724,120.0011,11,7,4,5,9306.0,42681.6962,587.0935,11065.0,34126.0,15075.0,9895052,3.6669,"[10, 8, 7, 9, 2, 15, 16, 4, 6, 3, 5]","[10, 8, 7, 9, 2, 15, 16]","[4, 6, 3, 5]","[14, 10, 8, 9, 1]","[1, 14, 12, 11, 10, 8, 7, 9, 2, 15, 16, 1]","[(1, 13), (13, 14), (14, 4), (4, 10), (10, 6), (6, 8), (8, 3), (3, 9), (9, 5), (5, 1)]","[(1, 0.0), (14, 0.0), (12, 0.0), (11, 0.0), (10, 0.0), (8, 2011.0), (7, 4027.0), (9, 5036.0), (2, 7051.0), (15, 8055.0), (16, 9060.0), (1, 10060.0)]"
VNS,15,9,bench_15_5,ok,-35483.4733,-2.4796,120.0019,12,8,4,5,10191.0,45674.4733,628.2596,12060.0,34126.0,15075.0,9858303,74.7472,"[10, 8, 7, 3, 9, 2, 15, 16, 6, 5, 13, 14]","[10, 8, 7, 3, 9, 2, 15, 16]","[6, 5, 13, 14]","[10, 7, 15, 16, 1]","[1, 12, 11, 10, 8, 7, 3, 9, 2, 15, 16, 1]","[(1, 4), (4, 10), (10, 6), (6, 7), (7, 5), (5, 15), (15, 13), (13, 16), (16, 14), (14, 1)]","[(1, 0.0), (12, 0.0), (11, 0.0), (10, 0.0), (8, 1004.0), (7, 2011.0), (3, 4029.0), (9, 5038.0), (2, 6044.0), (15, 7048.0), (16, 9058.0), (1, 11060.0)]"
VNS,20,3,bench_20_1,ok,-40143.3247,0.1311,300.0411,16,9,7,9,13732.0,53875.3247,741.0636,16072.0,45501.0,20094.0,3240516,126.8729,"[8, 10, 9, 14, 15, 12, 18, 17, 21, 4, 7, 16, 13, 6, 19, 20]","[8, 10, 9, 14, 15, 12, 18, 17, 21]","[4, 7, 16, 13, 6, 19, 20]","[2, 3, 8, 9, 15, 12, 17, 21, 1]","[1, 2, 3, 8, 10, 9, 14, 15, 12, 18, 17, 21, 1]","[(1, 11), (11, 2), (2, 5), (5, 3), (3, 4), (4, 8), (8, 7), (7, 9), (9, 16), (16, 15), (15, 13), (13, 12), (12, 6), (6, 17), (17, 19), (19, 21), (21, 20), (20, 1)]","[(1, 0.0), (2, 0.0), (3, 0.0), (8, 0.0), (10, 2009.0), (9, 3018.0), (14, 5029.0), (15, 6035.0), (12, 8042.0), (18, 10048.0), (17, 11052.0), (21, 13058.0), (1, 15069.0)]"
VNS,20,7,bench_20_1,ok,-40090.7023,-0.0001,300.0121,16,8,8,10,13732.0,53822.7023,740.3398,16072.0,45501.0,20094.0,4372551,32.983,"[6, 8, 10, 16, 12, 18, 17, 21, 4, 7, 9, 15, 13, 14, 19, 20]","[6, 8, 10, 16, 12, 18, 17, 21]","[4, 7, 9, 15, 13, 14, 19, 20]","[2, 3, 6, 8, 10, 16, 12, 17, 21, 1]","[1, 2, 3, 6, 8, 10, 16, 12, 18, 17, 21, 1]","[(1, 11), (11, 2), (2, 5), (5, 3), (3, 4), (4, 6), (6, 7), (7, 8), (8, 9), (9, 10), (10, 15), (15, 16), (16, 13), (13, 12), (12, 14), (14, 17), (17, 19), (19, 21), (21, 20), (20, 1)]","[(1, 0.0), (2, 0.0), (3, 0.0), (6, 0.0), (8, 2009.0), (10, 4018.0), (16, 6033.0), (12, 8040.0), (18, 10046.0), (17, 11050.0), (21, 13058.0), (1, 15069.0)]"
VNS,20,3,bench_20_2,ok,-40558.27,1.1661,300.021,14,8,6,8,11843.0,52401.27,720.7878,14066.0,45501.0,20098.0,4602332,89.6253,"[2, 8, 9, 14, 13, 16, 18, 21, 6, 7, 5, 15, 17, 11]","[2, 8, 9, 14, 13, 16, 18, 21]","[6, 7, 5, 15, 17, 11]","[19, 3, 8, 9, 13, 16, 18, 1]","[1, 19, 2, 3, 10, 12, 8, 9, 14, 13, 16, 18, 21, 1]","[(1, 20), (20, 19), (19, 4), (4, 3), (3, 6), (6, 8), (8, 7), (7, 9), (9, 5), (5, 13), (13, 15), (15, 16), (16, 17), (17, 18), (18, 11), (11, 1)]","[(1, 0.0), (19, 0.0), (2, 0.0), (3, 1004.0), (10, 1004.0), (12, 1004.0), (8, 1004.0), (9, 3017.0), (14, 5018.0), (13, 6027.0), (16, 8038.0), (18, 10046.0), (21, 12057.0), (1, 13057.0)]"
VNS,20,7,bench_20_2,ok,-39293.4951,-1.9886,300.01,15,10,5,8,12540.0,51833.4951,712.9779,15068.0,45501.0,20098.0,4824413,52.1094,"[2, 7, 8, 9, 14, 13, 11, 20, 19, 21, 6, 5, 15, 16, 17]","[2, 7, 8, 9, 14, 13, 11, 20, 19, 21]","[6, 5, 15, 16, 17]","[2, 10, 12, 9, 13, 11, 20, 1]","[1, 2, 10, 12, 7, 8, 9, 14, 13, 11, 20, 19, 21, 1]","[(1, 18), (18, 2), (2, 3), (3, 10), (10, 4), (4, 12), (12, 6), (6, 9), (9, 5), (5, 13), (13, 15), (15, 11), (11, 16), (16, 20), (20, 17), (17, 1)]","[(1, 0.0), (2, 0.0), (10, 1004.0), (12, 1004.0), (7, 1004.0), (8, 2005.0), (9, 3009.0), (14, 5018.0), (13, 6027.0), (11, 8038.0), (20, 10051.0), (19, 12061.0), (21, 13062.0), (1, 14062.0)]"
VNS,20,3,bench_20_3,ok,-35024.6826,-12.6365,300.0232,17,10,7,8,14648.0,49672.6826,683.2556,17091.0,45501.0,20106.0,4597058,87.7228,"[4, 5, 11, 10, 9, 14, 15, 17, 16, 21, 7, 6, 8, 13, 19, 18, 20]","[4, 5, 11, 10, 9, 14, 15, 17, 16, 21]","[7, 6, 8, 13, 19, 18, 20]","[3, 5, 9, 14, 15, 17, 16, 1]","[1, 3, 12, 4, 5, 11, 10, 9, 14, 15, 17, 16, 21, 1]","[(1, 2), (2, 3), (3, 7), (7, 5), (5, 6), (6, 9), (9, 8), (8, 14), (14, 13), (13, 15), (15, 19), (19, 17), (17, 18), (18, 16), (16, 20), (20, 1)]","[(1, 0.0), (3, 0.0), (12, 0.0), (4, 0.0), (5, 1002.0), (11, 3015.0), (10, 4021.0), (9, 5029.0), (14, 7041.0), (15, 9054.0), (17, 11064.0), (16, 13080.0), (21, 15088.0), (1, 16088.0)]"
VNS,20,7,bench_20_3,ok,-38607.2996,-3.7002,300.0436,16,8,8,9,13925.0,52532.2996,722.5901,16083.0,45501.0,20106.0,3380824,142.7024,"[9, 8, 13, 14, 15, 17, 16, 21, 19, 4, 11, 6, 7, 5, 18, 20]","[9, 8, 13, 14, 15, 17, 16, 21]","[19, 4, 11, 6, 7, 5, 18, 20]","[3, 12, 10, 9, 8, 13, 17, 16, 1]","[1, 3, 12, 10, 9, 8, 13, 14, 15, 17, 16, 21, 1]","[(1, 2), (2, 3), (3, 19), (19, 12), (12, 4), (4, 10), (10, 11), (11, 9), (9, 6), (6, 8), (8, 7), (7, 13), (13, 5), (5, 17), (17, 18), (18, 16), (16, 20), (20, 1)]","[(1, 0.0), (3, 0.0), (12, 0.0), (10, 1008.0), (9, 2010.0), (8, 4019.0), (13, 6037.0), (14, 8049.0), (15, 9053.0), (17, 10056.0), (16, 12072.0), (21, 14080.0), (1, 15080.0)]"
VNS,20,3,bench_20_4,ok,-37003.0543,-7.7018,300.0381,18,9,9,10,15946.0,52949.0543,728.3226,18080.0,45501.0,20092.0,6213072,15.6007,"[3, 5, 7, 10, 15, 14, 13, 18, 19, 16, 4, 8, 9, 11, 20, 12, 17, 21]","[3, 5, 7, 10, 15, 14, 13, 18, 19]","[16, 4, 8, 9, 11, 20, 12, 17, 21]","[3, 5, 7, 10, 15, 14, 13, 18, 19, 1]","[1, 2, 3, 5, 7, 10, 15, 14, 13, 18, 19, 1]","[(1, 16), (16, 3), (3, 4), (4, 5), (5, 6), (6, 7), (7, 8), (8, 10), (10, 9), (9, 15), (15, 11), (11, 14), (14, 20), (20, 13), (13, 12), (12, 18), (18, 17), (17, 19), (19, 21), (21, 1)]","[(1, 0.0), (2, 0.0), (3, 0.0), (5, 2009.0), (7, 4018.0), (10, 5018.0), (15, 7024.0), (14, 9030.0), (13, 11040.0), (18, 13048.0), (19, 15059.0), (1, 17073.0)]"
VNS,20,7,bench_20_4,ok,-37003.0543,-7.7018,300.0213,18,9,9,10,15946.0,52949.0543,728.3226,18080.0,45501.0,20092.0,6282427,21.7525,"[3, 5, 7, 10, 15, 14, 13, 18, 19, 16, 4, 8, 9, 11, 20, 12, 17, 21]","[3, 5, 7, 10, 15, 14, 13, 18, 19]","[16, 4, 8, 9, 11, 20, 12, 17, 21]","[3, 5, 7, 10, 15, 14, 13, 18, 19, 1]","[1, 2, 3, 5, 7, 10, 15, 14, 13, 18, 19, 1]","[(1, 16), (16, 3), (3, 4), (4, 5), (5, 6), (6, 7), (7, 8), (8, 10), (10, 9), (9, 15), (15, 11), (11, 14), (14, 20), (20, 13), (13, 12), (12, 18), (18, 17), (17, 19), (19, 21), (21, 1)]","[(1, 0.0), (2, 0.0), (3, 0.0), (5, 2009.0), (7, 4018.0), (10, 5018.0), (15, 7024.0), (14, 9030.0), (13, 11040.0), (18, 13048.0), (19, 15059.0), (1, 17073.0)]"
VNS,20,3,bench_20_5,ok,-38061.0954,-5.0627,300.0276,13,8,5,9,10981.0,49042.0954,674.5818,13074.0,45501.0,20090.0,3243360,33.1441,"[14, 9, 6, 10, 11, 12, 3, 20, 7, 5, 4, 2, 18]","[14, 9, 6, 10, 11, 12, 3, 20]","[7, 5, 4, 2, 18]","[17, 16, 14, 9, 6, 10, 12, 20, 1]","[1, 21, 17, 16, 14, 9, 6, 10, 11, 12, 3, 20, 1]","[(1, 19), (19, 17), (17, 15), (15, 16), (16, 13), (13, 14), (14, 8), (8, 9), (9, 7), (7, 6), (6, 5), (5, 10), (10, 4), (4, 12), (12, 2), (2, 20), (20, 18), (18, 1)]","[(1, 0.0), (21, 0.0), (17, 0.0), (16, 0.0), (14, 0.0), (9, 1004.0), (6, 2009.0), (10, 4023.0), (11, 6039.0), (12, 7046.0), (3, 9061.0), (20, 10065.0), (1, 12072.0)]"
VNS,20,7,bench_20_5,ok,-37879.2381,-5.5163,300.022,15,8,7,10,12322.0,50201.2381,690.526,15074.0,45501.0,20090.0,4638045,2.5851,"[14, 9, 6, 11, 12, 3, 20, 21, 8, 7, 5, 10, 4, 18, 19]","[14, 9, 6, 11, 12, 3, 20, 21]","[8, 7, 5, 10, 4, 18, 19]","[17, 16, 14, 9, 6, 11, 12, 20, 21, 1]","[1, 17, 16, 14, 9, 6, 11, 12, 3, 20, 21, 1]","[(1, 2), (2, 17), (17, 15), (15, 16), (16, 13), (13, 14), (14, 8), (8, 9), (9, 7), (7, 6), (6, 5), (5, 11), (11, 10), (10, 12), (12, 4), (4, 20), (20, 18), (18, 21), (21, 19), (19, 1)]","[(1, 0.0), (17, 0.0), (16, 0.0), (14, 0.0), (9, 1004.0), (6, 3011.0), (11, 5025.0), (12, 7039.0), (3, 9054.0), (20, 10058.0), (21, 12072.0), (1, 14074.0)]"
VNS,30,1,bench_30_1,ok,-42010.4011,,450.187,29,20,9,10,25661.0,67671.4011,930.8308,29136.0,68251.0,30140.0,6619078,376.5571,"[29, 22, 21, 19, 13, 14, 15, 11, 10, 9, 8, 16, 17, 7, 6, 5, 4, 3, 31, 2, 26, 23, 12, 24, 25, 30, 18, 28, 27]","[29, 22, 21, 19, 13, 14, 15, 11, 10, 9, 8, 16, 17, 7, 6, 5, 4, 3, 31, 2]","[26, 23, 12, 24, 25, 30, 18, 28, 27]","[22, 21, 13, 11, 16, 6, 5, 3, 2, 1]","[1, 29, 22, 21, 19, 13, 14, 15, 11, 10, 9, 8, 16, 17, 7, 6, 5, 4, 3, 31, 2, 1]","[(1, 26), (26, 22), (22, 20), (20, 21), (21, 23), (23, 13), (13, 12), (12, 11), (11, 24), (24, 16), (16, 25), (25, 6), (6, 30), (30, 5), (5, 18), (18, 3), (3, 28), (28, 2), (2, 27), (27, 1)]","[(1, 0.0), (29, 0.0), (22, 1004.0), (21, 3011.0), (19, 4013.0), (13, 5017.0), (14, 7025.0), (15, 8030.0), (11, 9036.0), (10, 11039.0), (9, 12046.0), (8, 13050.0), (16, 14052.0), (17, 16065.0), (7, 17071.0), (6, 18079.0), (5, 20088.0), (4, 22106.0), (3, 23107.0), (31, 25119.0), (2, 26124.0), (1, 28136.0)]"
VNS,30,5,bench_30_1,ok,-39126.7932,,450.1683,28,18,10,10,25082.0,64208.7932,883.2021,28127.0,68251.0,30140.0,6512161,409.6331,"[6, 7, 8, 11, 15, 14, 13, 19, 21, 20, 22, 23, 24, 26, 25, 28, 31, 2, 4, 5, 9, 12, 16, 18, 27, 29, 30, 3]","[6, 7, 8, 11, 15, 14, 13, 19, 21, 20, 22, 23, 24, 26, 25, 28, 31, 2]","[4, 5, 9, 12, 16, 18, 27, 29, 30, 3]","[17, 10, 15, 19, 22, 24, 26, 28, 2, 1]","[1, 6, 7, 17, 8, 10, 11, 15, 14, 13, 19, 21, 20, 22, 23, 24, 26, 25, 28, 31, 2, 1]","[(1, 4), (4, 17), (17, 5), (5, 10), (10, 9), (9, 15), (15, 12), (12, 19), (19, 16), (16, 22), (22, 18), (18, 24), (24, 27), (27, 26), (26, 29), (29, 28), (28, 30), (30, 2), (2, 3), (3, 1)]","[(1, 0.0), (6, 0.0), (7, 1004.0), (17, 2012.0), (8, 3013.0), (10, 4015.0), (11, 5024.0), (15, 6026.0), (14, 8036.0), (13, 9041.0), (19, 10043.0), (21, 12048.0), (20, 13050.0), (22, 14054.0), (23, 16067.0), (24, 17073.0), (26, 19083.0), (25, 21086.0), (28, 22091.0), (31, 24101.0), (2, 25106.0), (1, 27121.0)]"
VNS,30,9,bench_30_1,ok,-39241.5834,,450.0125,28,18,10,10,24851.0,64092.5834,881.6036,28131.0,68251.0,30140.0,6245126,423.8495,"[23, 22, 21, 19, 13, 14, 15, 11, 10, 9, 8, 17, 7, 5, 4, 3, 31, 2, 26, 24, 12, 16, 18, 6, 30, 29, 28, 27]","[23, 22, 21, 19, 13, 14, 15, 11, 10, 9, 8, 17, 7, 5, 4, 3, 31, 2]","[26, 24, 12, 16, 18, 6, 30, 29, 28, 27]","[21, 11, 10, 8, 17, 7, 5, 3, 2, 1]","[1, 25, 23, 22, 20, 21, 19, 13, 14, 15, 11, 10, 9, 8, 17, 7, 5, 4, 3, 31, 2, 1]","[(1, 26), (26, 21), (21, 24), (24, 11), (11, 12), (12, 10), (10, 16), (16, 8), (8, 18), (18, 17), (17, 6), (6, 7), (7, 30), (30, 5), (5, 29), (29, 3), (3, 28), (28, 2), (2, 27), (27, 1)]","[(1, 0.0), (25, 0.0), (23, 0.0), (22, 1006.0), (20, 2010.0), (21, 2010.0), (19, 4015.0), (13, 5019.0), (14, 6021.0), (15, 7026.0), (11, 8032.0), (10, 10038.0), (9, 12046.0), (8, 13050.0), (17, 15061.0), (7, 17073.0), (5, 19085.0), (4, 21103.0), (3, 22104.0), (31, 24114.0), (2, 25119.0), (1, 27131.0)]"
VNS,30,1,bench_30_2,ok,-42739.7677,,450.1087,27,17,10,10,22249.0,64988.7677,893.9308,27124.0,68251.0,30134.0,5468547,24.7845,"[19, 12, 10, 8, 9, 6, 7, 5, 14, 13, 15, 4, 3, 30, 29, 28, 31, 27, 25, 20, 11, 21, 17, 16, 2, 26, 24]","[19, 12, 10, 8, 9, 6, 7, 5, 14, 13, 15, 4, 3, 30, 29, 28, 31]","[27, 25, 20, 11, 21, 17, 16, 2, 26, 24]","[23, 18, 12, 9, 5, 13, 4, 3, 28, 1]","[1, 23, 22, 19, 18, 12, 10, 8, 9, 6, 7, 5, 14, 13, 15, 4, 3, 30, 29, 28, 31, 1]","[(1, 27), (27, 23), (23, 25), (25, 18), (18, 20), (20, 12), (12, 11), (11, 9), (9, 21), (21, 5), (5, 17), (17, 13), (13, 16), (16, 4), (4, 2), (2, 3), (3, 26), (26, 28), (28, 24), (24, 1)]","[(1, 0.0), (23, 0.0), (22, 1002.0), (19, 1002.0), (18, 2008.0), (12, 3014.0), (10, 5023.0), (8, 6027.0), (9, 7028.0), (6, 9037.0), (7, 10042.0), (5, 11051.0), (14, 13063.0), (13, 14066.0), (15, 16076.0), (4, 17078.0), (3, 19095.0), (30, 21105.0), (29, 22106.0), (28, 23112.0), (31, 25118.0), (1, 26118.0)]"
VNS,30,5,bench_30_2,ok,-38558.5202,,450.0807,25,17,8,10,21090.0,59648.5202,820.4748,25109.0,68251.0,30134.0,5657276,197.2546,"[3, 15, 14, 13, 9, 8, 10, 12, 18, 20, 19, 22, 23, 24, 26, 27, 31, 2, 7, 11, 6, 21, 25, 16, 29]","[3, 15, 14, 13, 9, 8, 10, 12, 18, 20, 19, 22, 23, 24, 26, 27, 31]","[2, 7, 11, 6, 21, 25, 16, 29]","[30, 15, 14, 9, 12, 19, 23, 24, 27, 1]","[1, 30, 3, 4, 15, 14, 13, 17, 9, 8, 10, 12, 18, 20, 19, 22, 23, 24, 26, 27, 31, 1]","[(1, 28), (28, 30), (30, 2), (2, 15), (15, 5), (5, 14), (14, 7), (7, 9), (9, 11), (11, 12), (12, 6), (6, 19), (19, 21), (21, 23), (23, 25), (25, 24), (24, 16), (16, 27), (27, 29), (29, 1)]","[(1, 0.0), (30, 0.0), (3, 0.0), (4, 1004.0), (15, 1004.0), (14, 3012.0), (13, 4015.0), (17, 5018.0), (9, 5018.0), (8, 7033.0), (10, 8034.0), (12, 9038.0), (18, 11041.0), (20, 12043.0), (19, 13052.0), (22, 15063.0), (23, 16067.0), (24, 18075.0), (26, 20087.0), (27, 21092.0), (31, 23103.0), (1, 24103.0)]"
VNS,30,9,bench_30_2,ok,-41970.3056,,450.1526,25,16,9,10,20814.0,62784.3056,863.6081,25115.0,68251.0,30134.0,4902003,161.2734,"[20, 12, 10, 9, 17, 13, 14, 5, 15, 4, 2, 3, 30, 29, 28, 31, 25, 19, 11, 8, 7, 6, 16, 27, 24]","[20, 12, 10, 9, 17, 13, 14, 5, 15, 4, 2, 3, 30, 29, 28, 31]","[25, 19, 11, 8, 7, 6, 16, 27, 24]","[23, 20, 18, 10, 9, 14, 15, 2, 28, 1]","[1, 23, 22, 21, 20, 18, 12, 10, 9, 17, 13, 14, 5, 15, 4, 2, 3, 30, 29, 28, 31, 1]","[(1, 26), (26, 23), (23, 25), (25, 20), (20, 19), (19, 18), (18, 11), (11, 10), (10, 8), (8, 9), (9, 7), (7, 14), (14, 6), (6, 15), (15, 16), (16, 2), (2, 27), (27, 28), (28, 24), (24, 1)]","[(1, 0.0), (23, 0.0), (22, 0.0), (21, 0.0), (20, 0.0), (18, 2015.0), (12, 3021.0), (10, 4021.0), (9, 6028.0), (17, 8035.0), (13, 9042.0), (14, 10045.0), (5, 12057.0), (15, 13065.0), (4, 15072.0), (2, 16080.0), (3, 18095.0), (30, 19099.0), (29, 20100.0), (28, 21106.0), (31, 23109.0), (1, 24109.0)]"
VNS,30,1,bench_30_3,ok,-42998.7956,,450.1642,25,18,7,10,21402.0,64400.7956,885.8431,25136.0,68251.0,30147.0,4895625,355.7604,"[23, 22, 20, 21, 11, 9, 8, 7, 6, 15, 14, 13, 18, 29, 16, 4, 2, 3, 19, 12, 10, 17, 5, 27, 28]","[23, 22, 20, 21, 11, 9, 8, 7, 6, 15, 14, 13, 18, 29, 16, 4, 2, 3]","[19, 12, 10, 17, 5, 27, 28]","[30, 23, 21, 11, 7, 18, 29, 4, 3, 1]","[1, 31, 30, 23, 22, 20, 21, 11, 9, 8, 7, 6, 15, 14, 13, 18, 29, 16, 4, 2, 3, 1]","[(1, 26), (26, 30), (30, 25), (25, 23), (23, 24), (24, 21), (21, 19), (19, 11), (11, 12), (12, 7), (7, 10), (10, 18), (18, 17), (17, 29), (29, 5), (5, 4), (4, 27), (27, 3), (3, 28), (28, 1)]","[(1, 0.0), (31, 0.0), (30, 0.0), (23, 0.0), (22, 1003.0), (20, 2010.0), (21, 3012.0), (11, 4016.0), (9, 6024.0), (8, 7025.0), (7, 8034.0), (6, 10051.0), (15, 11053.0), (14, 12059.0), (13, 13067.0), (18, 14070.0), (29, 16079.0), (16, 18096.0), (4, 19104.0), (2, 21113.0), (3, 22115.0), (1, 24128.0)]"
VNS,30,5,bench_30_3,ok,-43481.2018,,450.0348,27,19,8,10,22729.0,66210.2018,910.7318,27132.0,68251.0,30147.0,5144415,434.1138,"[23, 20, 21, 11, 9, 8, 7, 6, 15, 14, 13, 18, 29, 16, 4, 2, 3, 30, 31, 10, 12, 19, 5, 17, 27, 28, 26]","[23, 20, 21, 11, 9, 8, 7, 6, 15, 14, 13, 18, 29, 16, 4, 2, 3, 30, 31]","[10, 12, 19, 5, 17, 27, 28, 26]","[23, 21, 8, 15, 29, 4, 3, 30, 31, 1]","[1, 23, 22, 20, 21, 11, 9, 8, 7, 6, 15, 14, 13, 18, 29, 16, 4, 2, 3, 30, 31, 1]","[(1, 25), (25, 23), (23, 24), (24, 21), (21, 10), (10, 8), (8, 12), (12, 15), (15, 19), (19, 29), (29, 5), (5, 4), (4, 17), (17, 3), (3, 27), (27, 30), (30, 28), (28, 31), (31, 26), (26, 1)]","[(1, 0.0), (23, 0.0), (22, 1003.0), (20, 1003.0), (21, 2005.0), (11, 3009.0), (9, 4010.0), (8, 5011.0), (7, 7025.0), (6, 8033.0), (15, 9035.0), (14, 11050.0), (13, 12058.0), (18, 13061.0), (29, 14065.0), (16, 16080.0), (4, 17088.0), (2, 19097.0), (3, 20099.0), (30, 22113.0), (31, 24124.0), (1, 26132.0)]"
VNS,30,9,bench_30_3,ok,-45017.1279,,450.2174,28,19,9,10,23492.0,68509.1279,942.3539,28137.0,68251.0,30147.0,5786006,416.0013,"[20, 21, 11, 9, 8, 7, 6, 15, 14, 13, 18, 17, 29, 16, 4, 2, 3, 30, 31, 25, 10, 12, 19, 5, 23, 27, 28, 26]","[20, 21, 11, 9, 8, 7, 6, 15, 14, 13, 18, 17, 29, 16, 4, 2, 3, 30, 31]","[25, 10, 12, 19, 5, 23, 27, 28, 26]","[22, 11, 8, 13, 29, 4, 3, 30, 31, 1]","[1, 22, 20, 21, 11, 9, 8, 7, 6, 15, 14, 13, 18, 17, 29, 16, 4, 2, 3, 30, 31, 1]","[(1, 24), (24, 22), (22, 25), (25, 11), (11, 10), (10, 8), (8, 12), (12, 13), (13, 19), (19, 29), (29, 5), (5, 4), (4, 23), (23, 3), (3, 27), (27, 30), (30, 28), (28, 31), (31, 26), (26, 1)]","[(1, 0.0), (22, 0.0), (20, 0.0), (21, 1002.0), (11, 2006.0), (9, 4012.0), (8, 5013.0), (7, 7027.0), (6, 8035.0), (15, 9037.0), (14, 10043.0), (13, 11051.0), (18, 13063.0), (17, 14067.0), (29, 15076.0), (16, 17091.0), (4, 18099.0), (2, 20108.0), (3, 21110.0), (30, 23118.0), (31, 25129.0), (1, 27137.0)]"
VNS,30,1,bench_30_4,ok,-46498.4244,,450.0001,26,17,9,10,22336.0,68834.4244,946.8284,26121.0,68251.0,30139.0,7052978,48.1216,"[7, 6, 9, 11, 15, 14, 10, 12, 13, 24, 23, 25, 26, 20, 27, 28, 29, 2, 4, 16, 22, 30, 21, 18, 19, 31]","[7, 6, 9, 11, 15, 14, 10, 12, 13, 24, 23, 25, 26, 20, 27, 28, 29]","[2, 4, 16, 22, 30, 21, 18, 19, 31]","[3, 8, 15, 13, 23, 26, 20, 28, 29, 1]","[1, 3, 5, 7, 8, 6, 9, 11, 15, 14, 10, 12, 13, 24, 23, 25, 26, 20, 27, 28, 29, 1]","[(1, 17), (17, 3), (3, 2), (2, 8), (8, 4), (4, 15), (15, 16), (16, 13), (13, 22), (22, 23), (23, 30), (30, 26), (26, 21), (21, 20), (20, 18), (18, 28), (28, 19), (19, 29), (29, 31), (31, 1)]","[(1, 0.0), (3, 0.0), (5, 0.0), (7, 0.0), (8, 1009.0), (6, 2014.0), (9, 3016.0), (11, 4016.0), (15, 5022.0), (14, 7031.0), (10, 8037.0), (12, 9037.0), (13, 10042.0), (24, 12049.0), (23, 13057.0), (25, 15062.0), (26, 16068.0), (20, 18074.0), (27, 20087.0), (28, 21094.0), (29, 23105.0), (1, 25114.0)]"
VNS,30,5,bench_30_4,ok,-40676.7291,,450.0001,27,19,8,10,23258.0,63934.7291,879.4323,27129.0,68251.0,30139.0,6772336,97.3828,"[18, 21, 23, 24, 13, 12, 10, 14, 15, 11, 9, 6, 8, 7, 5, 4, 3, 2, 31, 28, 25, 22, 26, 16, 27, 17, 29]","[18, 21, 23, 24, 13, 12, 10, 14, 15, 11, 9, 6, 8, 7, 5, 4, 3, 2, 31]","[28, 25, 22, 26, 16, 27, 17, 29]","[18, 21, 24, 12, 15, 5, 4, 3, 31, 1]","[1, 30, 18, 21, 23, 24, 13, 12, 10, 14, 15, 11, 9, 6, 8, 7, 5, 4, 3, 2, 31, 1]","[(1, 28), (28, 18), (18, 19), (19, 21), (21, 20), (20, 24), (24, 25), (25, 12), (12, 22), (22, 15), (15, 26), (26, 5), (5, 16), (16, 4), (4, 27), (27, 3), (3, 17), (17, 31), (31, 29), (29, 1)]","[(1, 0.0), (30, 0.0), (18, 0.0), (21, 2011.0), (23, 3018.0), (24, 4022.0), (13, 5030.0), (12, 6034.0), (10, 8045.0), (14, 9045.0), (15, 10051.0), (11, 12058.0), (9, 13064.0), (6, 14064.0), (8, 15066.0), (7, 16073.0), (5, 17082.0), (4, 19086.0), (3, 21092.0), (2, 23108.0), (31, 24113.0), (1, 26122.0)]"
VNS,30,9,bench_30_4,ok,-40676.7291,,450.2253,27,19,8,10,23258.0,63934.7291,879.4323,27129.0,68251.0,30139.0,6416877,27.3841,"[18, 21, 23, 24, 13, 12, 10, 14, 15, 11, 9, 6, 8, 7, 5, 4, 3, 2, 31, 28, 25, 22, 26, 16, 27, 17, 29]","[18, 21, 23, 24, 13, 12, 10, 14, 15, 11, 9, 6, 8, 7, 5, 4, 3, 2, 31]","[28, 25, 22, 26, 16, 27, 17, 29]","[18, 21, 24, 12, 15, 5, 4, 3, 31, 1]","[1, 30, 18, 21, 23, 24, 13, 12, 10, 14, 15, 11, 9, 6, 8, 7, 5, 4, 3, 2, 31, 1]","[(1, 28), (28, 18), (18, 19), (19, 21), (21, 20), (20, 24), (24, 25), (25, 12), (12, 22), (22, 15), (15, 26), (26, 5), (5, 16), (16, 4), (4, 27), (27, 3), (3, 17), (17, 31), (31, 29), (29, 1)]","[(1, 0.0), (30, 0.0), (18, 0.0), (21, 2011.0), (23, 3018.0), (24, 4022.0), (13, 5030.0), (12, 6034.0), (10, 8045.0), (14, 9045.0), (15, 10051.0), (11, 12058.0), (9, 13064.0), (6, 14064.0), (8, 15066.0), (7, 16073.0), (5, 17082.0), (4, 19086.0), (3, 21092.0), (2, 23108.0), (31, 24113.0), (1, 26122.0)]"
VNS,30,1,bench_30_5,ok,-40991.677,,450.0906,27,19,8,10,22287.0,63278.677,870.4082,27113.0,68251.0,30126.0,6238147,331.6921,"[25, 22, 16, 17, 13, 14, 12, 10, 9, 8, 7, 6, 18, 19, 20, 5, 30, 3, 31, 23, 15, 11, 28, 26, 4, 29, 2]","[25, 22, 16, 17, 13, 14, 12, 10, 9, 8, 7, 6, 18, 19, 20, 5, 30, 3, 31]","[23, 15, 11, 28, 26, 4, 29, 2]","[25, 22, 14, 10, 9, 19, 30, 3, 31, 1]","[1, 25, 24, 22, 16, 17, 13, 14, 12, 10, 9, 8, 7, 6, 18, 19, 20, 5, 30, 3, 31, 1]","[(1, 27), (27, 25), (25, 21), (21, 22), (22, 23), (23, 14), (14, 15), (15, 10), (10, 11), (11, 9), (9, 28), (28, 19), (19, 26), (26, 30), (30, 4), (4, 3), (3, 29), (29, 31), (31, 2), (2, 1)]","[(1, 0.0), (25, 0.0), (24, 1004.0), (22, 1004.0), (16, 2008.0), (17, 3010.0), (13, 4015.0), (14, 5024.0), (12, 7029.0), (10, 8036.0), (9, 10042.0), (8, 12051.0), (7, 13058.0), (6, 14065.0), (18, 15074.0), (19, 16083.0), (20, 18092.0), (5, 19098.0), (30, 20102.0), (3, 22109.0), (31, 24113.0), (1, 26113.0)]"
VNS,30,5,bench_30_5,ok,-40795.1458,,450.2029,27,19,8,10,22287.0,63082.1458,867.7049,27113.0,68251.0,30126.0,6669069,364.0227,"[25, 22, 16, 17, 13, 14, 10, 11, 9, 8, 7, 18, 19, 20, 5, 30, 3, 31, 2, 23, 15, 12, 6, 26, 4, 28, 29]","[25, 22, 16, 17, 13, 14, 10, 11, 9, 8, 7, 18, 19, 20, 5, 30, 3, 31, 2]","[23, 15, 12, 6, 26, 4, 28, 29]","[24, 22, 13, 11, 7, 19, 30, 3, 2, 1]","[1, 25, 24, 22, 16, 17, 13, 14, 10, 11, 9, 8, 7, 18, 19, 20, 5, 30, 3, 31, 2, 1]","[(1, 27), (27, 24), (24, 21), (21, 22), (22, 23), (23, 13), (13, 15), (15, 11), (11, 12), (12, 7), (7, 6), (6, 19), (19, 26), (26, 30), (30, 4), (4, 3), (3, 28), (28, 2), (2, 29), (29, 1)]","[(1, 0.0), (25, 0.0), (24, 1004.0), (22, 1004.0), (16, 2008.0), (17, 3010.0), (13, 4015.0), (14, 6028.0), (10, 7029.0), (11, 8033.0), (9, 10039.0), (8, 11044.0), (7, 12051.0), (18, 14065.0), (19, 15074.0), (20, 17090.0), (5, 18096.0), (30, 19100.0), (3, 21107.0), (31, 23111.0), (2, 24111.0), (1, 26113.0)]"
VNS,30,9,bench_30_5,ok,-39787.7656,,450.0001,26,18,8,10,21524.0,61311.7656,843.353,26099.0,68251.0,30126.0,5662597,78.6808,"[9, 10, 12, 14, 13, 17, 16, 22, 23, 24, 25, 21, 26, 27, 28, 29, 2, 31, 6, 18, 11, 15, 5, 30, 4, 3]","[9, 10, 12, 14, 13, 17, 16, 22, 23, 24, 25, 21, 26, 27, 28, 29, 2, 31]","[6, 18, 11, 15, 5, 30, 4, 3]","[20, 19, 9, 12, 16, 22, 21, 27, 2, 1]","[1, 20, 19, 9, 10, 12, 14, 13, 17, 16, 22, 23, 24, 25, 21, 26, 27, 28, 29, 2, 31, 1]","[(1, 6), (6, 20), (20, 18), (18, 19), (19, 7), (7, 9), (9, 8), (8, 12), (12, 11), (11, 16), (16, 15), (15, 22), (22, 5), (5, 21), (21, 30), (30, 27), (27, 4), (4, 2), (2, 3), (3, 1)]","[(1, 0.0), (20, 0.0), (19, 1009.0), (9, 2018.0), (10, 3023.0), (12, 4027.0), (14, 5034.0), (13, 6035.0), (17, 7044.0), (16, 8049.0), (22, 10055.0), (23, 12061.0), (24, 13065.0), (25, 14069.0), (21, 15073.0), (26, 17081.0), (27, 18083.0), (28, 20093.0), (29, 21095.0), (2, 22095.0), (31, 24097.0), (1, 25097.0)]"
VNS,40,3,bench_40_1,ok,-46068.7662,,600.1492,37,27,10,10,33022.0,79090.7662,1087.906,37176.0,91001.0,40189.0,8517000,395.8445,"[31, 29, 28, 25, 15, 16, 17, 18, 12, 13, 11, 10, 9, 8, 21, 20, 19, 26, 24, 23, 22, 7, 6, 40, 5, 4, 3, 33, 35, 32, 36, 14, 38, 39, 41, 2, 37]","[31, 29, 28, 25, 15, 16, 17, 18, 12, 13, 11, 10, 9, 8, 21, 20, 19, 26, 24, 23, 22, 7, 6, 40, 5, 4, 3]","[33, 35, 32, 36, 14, 38, 39, 41, 2, 37]","[34, 31, 28, 13, 8, 23, 7, 4, 3, 1]","[1, 34, 30, 31, 29, 27, 28, 25, 15, 16, 17, 18, 12, 13, 11, 10, 9, 8, 21, 20, 19, 26, 24, 23, 22, 7, 6, 40, 5, 4, 3, 1]","[(1, 33), (33, 34), (34, 35), (35, 31), (31, 32), (32, 28), (28, 36), (36, 13), (13, 14), (14, 8), (8, 38), (38, 23), (23, 39), (39, 7), (7, 41), (41, 4), (4, 2), (2, 3), (3, 37), (37, 1)]","[(1, 0.0), (34, 0.0), (30, 1000.0), (31, 1000.0), (29, 3009.0), (27, 4013.0), (28, 4013.0), (25, 6019.0), (15, 7023.0), (16, 8025.0), (17, 9030.0), (18, 10037.0), (12, 11043.0), (13, 12045.0), (11, 14052.0), (10, 15059.0), (9, 16064.0), (8, 17068.0), (21, 19072.0), (20, 20080.0), (19, 21083.0), (26, 22092.0), (24, 23099.0), (23, 24106.0), (22, 26118.0), (7, 27124.0), (6, 29136.0), (40, 30140.0), (5, 31149.0), (4, 32158.0), (3, 34164.0), (1, 36176.0)]"
VNS,40,7,bench_40_1,ok,-48717.5002,,600.494,37,28,9,10,33022.0,81739.5002,1124.3398,37176.0,91001.0,40189.0,7674367,34.5481,"[38, 28, 25, 14, 15, 16, 17, 18, 12, 13, 11, 10, 9, 8, 21, 20, 19, 26, 24, 22, 7, 6, 40, 5, 4, 3, 41, 2, 33, 32, 31, 23, 29, 35, 36, 39, 37]","[38, 28, 25, 14, 15, 16, 17, 18, 12, 13, 11, 10, 9, 8, 21, 20, 19, 26, 24, 22, 7, 6, 40, 5, 4, 3, 41, 2]","[33, 32, 31, 23, 29, 35, 36, 39, 37]","[34, 28, 14, 9, 21, 24, 40, 3, 2, 1]","[1, 38, 34, 27, 28, 25, 14, 15, 16, 17, 18, 12, 13, 11, 10, 9, 8, 21, 20, 19, 26, 24, 22, 7, 6, 40, 5, 4, 3, 41, 2, 1]","[(1, 30), (30, 34), (34, 33), (33, 28), (28, 32), (32, 14), (14, 31), (31, 9), (9, 23), (23, 21), (21, 29), (29, 24), (24, 35), (35, 40), (40, 36), (36, 3), (3, 39), (39, 2), (2, 37), (37, 1)]","[(1, 0.0), (38, 0.0), (34, 1006.0), (27, 1006.0), (28, 1006.0), (25, 3008.0), (14, 4012.0), (15, 6018.0), (16, 7020.0), (17, 8025.0), (18, 9032.0), (12, 10038.0), (13, 11040.0), (11, 12041.0), (10, 13048.0), (9, 14053.0), (8, 16063.0), (21, 17065.0), (20, 19079.0), (19, 20082.0), (26, 21091.0), (24, 22098.0), (22, 24109.0), (7, 25115.0), (6, 26123.0), (40, 27127.0), (5, 29139.0), (4, 30148.0), (3, 31149.0), (41, 33161.0), (2, 34166.0), (1, 36176.0)]"
VNS,40,3,bench_40_2,ok,-53241.5678,,600.0001,33,26,7,10,28135.0,81376.5678,1119.3476,33149.0,91001.0,40172.0,7521877,530.5586,"[24, 25, 22, 13, 12, 11, 9, 10, 8, 6, 7, 5, 17, 16, 18, 4, 2, 40, 3, 39, 19, 38, 37, 36, 35, 41, 31, 30, 28, 34, 29, 33, 32]","[24, 25, 22, 13, 12, 11, 9, 10, 8, 6, 7, 5, 17, 16, 18, 4, 2, 40, 3, 39, 19, 38, 37, 36, 35, 41]","[31, 30, 28, 34, 29, 33, 32]","[27, 22, 12, 10, 5, 4, 39, 38, 35, 1]","[1, 27, 26, 24, 25, 21, 22, 13, 12, 15, 11, 9, 10, 8, 6, 7, 5, 17, 16, 18, 4, 2, 40, 3, 39, 19, 38, 37, 36, 35, 41, 1]","[(1, 23), (23, 27), (27, 31), (31, 22), (22, 14), (14, 12), (12, 20), (20, 10), (10, 30), (30, 5), (5, 28), (28, 4), (4, 34), (34, 39), (39, 29), (29, 38), (38, 33), (33, 35), (35, 32), (32, 1)]","[(1, 0.0), (27, 0.0), (26, 0.0), (24, 0.0), (25, 1006.0), (21, 2015.0), (22, 2015.0), (13, 4029.0), (12, 5032.0), (15, 6037.0), (11, 6037.0), (9, 7041.0), (10, 8042.0), (8, 9048.0), (6, 10048.0), (7, 11053.0), (5, 12062.0), (17, 14076.0), (16, 15079.0), (18, 16082.0), (4, 17084.0), (2, 19096.0), (40, 20102.0), (3, 21103.0), (39, 22107.0), (19, 24113.0), (38, 25122.0), (37, 27126.0), (36, 28132.0), (35, 29138.0), (41, 31144.0), (1, 32144.0)]"
VNS,40,7,bench_40_2,ok,-56640.0699,,600.2685,34,26,8,10,28772.0,85412.0699,1174.8565,34148.0,91001.0,40172.0,7618994,271.0752,"[24, 25, 22, 13, 12, 11, 9, 10, 8, 6, 7, 17, 16, 20, 18, 4, 2, 40, 3, 39, 19, 38, 37, 36, 35, 41, 31, 30, 15, 28, 34, 29, 32, 33]","[24, 25, 22, 13, 12, 11, 9, 10, 8, 6, 7, 17, 16, 20, 18, 4, 2, 40, 3, 39, 19, 38, 37, 36, 35, 41]","[31, 30, 15, 28, 34, 29, 32, 33]","[27, 12, 10, 5, 20, 4, 39, 38, 35, 1]","[1, 27, 26, 24, 25, 21, 22, 13, 12, 11, 9, 10, 8, 6, 7, 5, 17, 16, 20, 18, 4, 2, 40, 3, 39, 19, 38, 37, 36, 35, 41, 1]","[(1, 23), (23, 27), (27, 31), (31, 12), (12, 14), (14, 10), (10, 30), (30, 5), (5, 15), (15, 20), (20, 28), (28, 4), (4, 34), (34, 39), (39, 29), (29, 38), (38, 32), (32, 35), (35, 33), (33, 1)]","[(1, 0.0), (27, 0.0), (26, 0.0), (24, 0.0), (25, 1006.0), (21, 2015.0), (22, 2015.0), (13, 3023.0), (12, 4026.0), (11, 6037.0), (9, 7041.0), (10, 8042.0), (8, 9048.0), (6, 10048.0), (7, 11053.0), (5, 12062.0), (17, 13068.0), (16, 14071.0), (20, 15074.0), (18, 17081.0), (4, 18083.0), (2, 20095.0), (40, 21101.0), (3, 22102.0), (39, 23106.0), (19, 25112.0), (38, 26121.0), (37, 28125.0), (36, 29131.0), (35, 30137.0), (41, 32143.0), (1, 33143.0)]"
VNS,40,3,bench_40_3,ok,-51508.3811,,600.3068,34,26,8,10,29166.0,80674.3811,1109.6889,34181.0,91001.0,40203.0,7951021,317.2409,"[29, 28, 26, 27, 23, 15, 13, 14, 16, 12, 11, 10, 8, 7, 19, 18, 17, 22, 21, 39, 20, 4, 5, 6, 2, 3, 32, 33, 9, 30, 37, 38, 35, 36]","[29, 28, 26, 27, 23, 15, 13, 14, 16, 12, 11, 10, 8, 7, 19, 18, 17, 22, 21, 39, 20, 4, 5, 6, 2, 3]","[32, 33, 9, 30, 37, 38, 35, 36]","[40, 29, 15, 8, 19, 21, 4, 6, 3, 1]","[1, 41, 40, 29, 28, 26, 25, 27, 24, 23, 15, 13, 14, 16, 12, 11, 10, 8, 7, 19, 18, 17, 22, 21, 39, 20, 4, 5, 6, 2, 3, 1]","[(1, 34), (34, 40), (40, 31), (31, 29), (29, 32), (32, 15), (15, 33), (33, 8), (8, 9), (9, 19), (19, 30), (30, 21), (21, 37), (37, 4), (4, 38), (38, 6), (6, 35), (35, 3), (3, 36), (36, 1)]","[(1, 0.0), (41, 0.0), (40, 0.0), (29, 0.0), (28, 1003.0), (26, 2010.0), (25, 3012.0), (27, 3012.0), (24, 4016.0), (23, 4016.0), (15, 5025.0), (13, 7037.0), (14, 8042.0), (16, 9043.0), (12, 10051.0), (11, 11051.0), (10, 12052.0), (8, 13061.0), (7, 15074.0), (19, 16076.0), (18, 18091.0), (17, 19099.0), (22, 20102.0), (21, 21106.0), (39, 23120.0), (20, 24128.0), (4, 25136.0), (5, 27148.0), (6, 28156.0), (2, 30158.0), (3, 31160.0), (1, 33173.0)]"
VNS,40,7,bench_40_3,ok,-50959.758,,600.0178,36,27,9,10,30493.0,81452.758,1120.3956,36177.0,91001.0,40203.0,7864792,199.1325,"[29, 26, 27, 23, 15, 13, 14, 12, 11, 10, 9, 8, 7, 19, 18, 17, 22, 5, 6, 4, 20, 39, 38, 3, 2, 40, 41, 32, 30, 16, 21, 33, 37, 35, 36, 34]","[29, 26, 27, 23, 15, 13, 14, 12, 11, 10, 9, 8, 7, 19, 18, 17, 22, 5, 6, 4, 20, 39, 38, 3, 2, 40, 41]","[32, 30, 16, 21, 33, 37, 35, 36, 34]","[29, 10, 18, 5, 4, 38, 2, 40, 41, 1]","[1, 29, 28, 26, 25, 27, 24, 23, 15, 13, 14, 12, 11, 10, 9, 8, 7, 19, 18, 17, 22, 5, 6, 4, 20, 39, 38, 3, 2, 40, 41, 1]","[(1, 31), (31, 29), (29, 32), (32, 10), (10, 30), (30, 18), (18, 16), (16, 5), (5, 21), (21, 4), (4, 33), (33, 38), (38, 37), (37, 2), (2, 35), (35, 40), (40, 36), (36, 41), (41, 34), (34, 1)]","[(1, 0.0), (29, 0.0), (28, 1003.0), (26, 1003.0), (25, 2005.0), (27, 2005.0), (24, 3009.0), (23, 3009.0), (15, 4018.0), (13, 5027.0), (14, 6032.0), (12, 7033.0), (11, 8033.0), (10, 9034.0), (9, 11046.0), (8, 12055.0), (7, 13063.0), (19, 14065.0), (18, 15071.0), (17, 17084.0), (22, 18087.0), (5, 19091.0), (6, 21107.0), (4, 22108.0), (20, 24125.0), (39, 25133.0), (38, 26141.0), (3, 28147.0), (2, 29152.0), (40, 31158.0), (41, 33169.0), (1, 35177.0)]"
VNS,40,3,bench_40_4,ok,-45445.8412,,600.0001,39,29,10,10,33578.0,79023.8412,1086.9854,39191.0,91001.0,40195.0,8125496,509.0387,"[24, 25, 30, 31, 16, 15, 12, 14, 17, 18, 13, 11, 7, 10, 8, 9, 6, 5, 19, 28, 21, 20, 22, 23, 40, 4, 3, 41, 2, 34, 32, 33, 29, 27, 35, 36, 38, 39, 37]","[24, 25, 30, 31, 16, 15, 12, 14, 17, 18, 13, 11, 7, 10, 8, 9, 6, 5, 19, 28, 21, 20, 22, 23, 40, 4, 3, 41, 2]","[34, 32, 33, 29, 27, 35, 36, 38, 39, 37]","[15, 13, 5, 19, 21, 23, 4, 41, 2, 1]","[1, 24, 25, 26, 30, 31, 16, 15, 12, 14, 17, 18, 13, 11, 7, 10, 8, 9, 6, 5, 19, 28, 21, 20, 22, 23, 40, 4, 3, 41, 2, 1]","[(1, 34), (34, 15), (15, 32), (32, 13), (13, 33), (33, 5), (5, 29), (29, 19), (19, 27), (27, 21), (21, 35), (35, 23), (23, 36), (36, 4), (4, 38), (38, 41), (41, 39), (39, 2), (2, 37), (37, 1)]","[(1, 0.0), (24, 0.0), (25, 1002.0), (26, 2008.0), (30, 2008.0), (31, 3012.0), (16, 4020.0), (15, 5024.0), (12, 7031.0), (14, 8031.0), (17, 9036.0), (18, 10042.0), (13, 11048.0), (11, 13060.0), (7, 14060.0), (10, 15062.0), (8, 16069.0), (9, 17077.0), (6, 18086.0), (5, 19086.0), (19, 21093.0), (28, 23097.0), (21, 24100.0), (20, 26114.0), (22, 27123.0), (23, 28125.0), (40, 30139.0), (4, 31141.0), (3, 33154.0), (41, 34159.0), (2, 36173.0), (1, 38183.0)]"
VNS,40,7,bench_40_4,ok,-47923.5612,,600.1368,37,27,10,10,31752.0,79675.5612,1095.9499,37172.0,91001.0,40195.0,8025004,485.8251,"[2, 20, 5, 6, 9, 8, 7, 11, 13, 12, 15, 14, 17, 18, 29, 30, 31, 32, 33, 34, 26, 25, 24, 35, 36, 38, 37, 3, 28, 19, 27, 16, 22, 40, 23, 39, 41]","[2, 20, 5, 6, 9, 8, 7, 11, 13, 12, 15, 14, 17, 18, 29, 30, 31, 32, 33, 34, 26, 25, 24, 35, 36, 38, 37]","[3, 28, 19, 27, 16, 22, 40, 23, 39, 41]","[12, 18, 29, 31, 32, 34, 24, 36, 37, 1]","[1, 2, 4, 21, 20, 5, 6, 9, 10, 8, 7, 11, 13, 12, 15, 14, 17, 18, 29, 30, 31, 32, 33, 34, 26, 25, 24, 35, 36, 38, 37, 1]","[(1, 3), (3, 12), (12, 28), (28, 18), (18, 19), (19, 29), (29, 27), (27, 31), (31, 16), (16, 32), (32, 22), (22, 34), (34, 40), (40, 24), (24, 23), (23, 36), (36, 39), (39, 37), (37, 41), (41, 1)]","[(1, 0.0), (2, 0.0), (4, 1009.0), (21, 1009.0), (20, 1009.0), (5, 2018.0), (6, 3021.0), (9, 4021.0), (10, 5030.0), (8, 5030.0), (7, 6038.0), (11, 7040.0), (13, 8040.0), (12, 9046.0), (15, 11051.0), (14, 12056.0), (17, 13061.0), (18, 14067.0), (29, 16076.0), (30, 18080.0), (31, 19084.0), (32, 21099.0), (33, 23109.0), (34, 24113.0), (26, 26117.0), (25, 27121.0), (24, 28127.0), (35, 30131.0), (36, 31138.0), (38, 33149.0), (37, 34156.0), (1, 36165.0)]"
VNS,40,3,bench_40_5,ok,-38835.4675,,600.0284,39,29,10,10,31885.0,70720.4675,972.7712,39177.0,91001.0,40183.0,7798537,303.0479,"[5, 24, 23, 7, 8, 9, 10, 15, 16, 14, 13, 22, 21, 19, 18, 20, 29, 30, 31, 32, 34, 33, 26, 35, 36, 37, 38, 2, 41, 6, 11, 17, 12, 28, 27, 39, 4, 40, 3]","[5, 24, 23, 7, 8, 9, 10, 15, 16, 14, 13, 22, 21, 19, 18, 20, 29, 30, 31, 32, 34, 33, 26, 35, 36, 37, 38, 2, 41]","[6, 11, 17, 12, 28, 27, 39, 4, 40, 3]","[10, 14, 21, 20, 31, 26, 35, 38, 41, 1]","[1, 5, 25, 24, 23, 7, 8, 9, 10, 15, 16, 14, 13, 22, 21, 19, 18, 20, 29, 30, 31, 32, 34, 33, 26, 35, 36, 37, 38, 2, 41, 1]","[(1, 6), (6, 10), (10, 11), (11, 14), (14, 17), (17, 21), (21, 12), (12, 20), (20, 28), (28, 31), (31, 27), (27, 26), (26, 39), (39, 35), (35, 4), (4, 38), (38, 40), (40, 41), (41, 3), (3, 1)]","[(1, 0.0), (5, 0.0), (25, 1004.0), (24, 1004.0), (23, 2011.0), (7, 3020.0), (8, 4027.0), (9, 5034.0), (10, 6039.0), (15, 8052.0), (16, 9058.0), (14, 10059.0), (13, 12064.0), (22, 13073.0), (21, 14078.0), (19, 16082.0), (18, 17091.0), (20, 18098.0), (29, 20111.0), (30, 21116.0), (31, 22120.0), (32, 24133.0), (34, 25137.0), (33, 26141.0), (26, 27145.0), (35, 29156.0), (36, 31163.0), (37, 32168.0), (38, 33170.0), (2, 35172.0), (41, 36172.0), (1, 38175.0)]"
VNS,40,7,bench_40_5,ok,-44704.2422,,600.1144,37,28,9,10,30692.0,75396.2422,1037.0872,37170.0,91001.0,40183.0,8672826,56.378,"[34, 33, 30, 20, 18, 19, 21, 22, 13, 14, 16, 15, 10, 12, 11, 9, 8, 7, 6, 23, 24, 28, 25, 5, 39, 3, 41, 2, 35, 31, 17, 36, 27, 4, 40, 37, 38]","[34, 33, 30, 20, 18, 19, 21, 22, 13, 14, 16, 15, 10, 12, 11, 9, 8, 7, 6, 23, 24, 28, 25, 5, 39, 3, 41, 2]","[35, 31, 17, 36, 27, 4, 40, 37, 38]","[32, 18, 12, 9, 24, 25, 39, 3, 2, 1]","[1, 34, 32, 33, 30, 29, 20, 18, 19, 21, 22, 13, 14, 16, 15, 10, 12, 11, 9, 8, 7, 6, 23, 24, 28, 25, 5, 39, 3, 41, 2, 1]","[(1, 26), (26, 32), (32, 35), (35, 18), (18, 31), (31, 12), (12, 17), (17, 9), (9, 36), (36, 24), (24, 27), (27, 25), (25, 4), (4, 39), (39, 40), (40, 3), (3, 37), (37, 2), (2, 38), (38, 1)]","[(1, 0.0), (34, 0.0), (32, 1004.0), (33, 1004.0), (30, 2008.0), (29, 3012.0), (20, 3012.0), (18, 4018.0), (19, 6027.0), (21, 7036.0), (22, 8038.0), (13, 9043.0), (14, 10052.0), (16, 11053.0), (15, 12054.0), (10, 13060.0), (12, 14064.0), (11, 16075.0), (9, 17079.0), (8, 19086.0), (7, 20093.0), (6, 21100.0), (23, 22109.0), (24, 23118.0), (28, 25130.0), (25, 26139.0), (5, 28152.0), (39, 29156.0), (3, 31163.0), (41, 33168.0), (2, 34168.0), (1, 36170.0)]"
VNS,50,5,bench_50_1,ok,-48674.2288,,750.2491,49,39,10,10,43466.0,92140.2288,1267.4034,49219.0,113752.0,50223.0,7898507,654.73,"[44, 35, 34, 26, 25, 27, 32, 30, 31, 16, 15, 17, 18, 19, 20, 12, 13, 14, 11, 10, 9, 8, 23, 22, 21, 29, 28, 24, 7, 6, 5, 50, 49, 48, 47, 46, 45, 51, 2, 41, 38, 37, 39, 36, 4, 3, 40, 42, 43]","[44, 35, 34, 26, 25, 27, 32, 30, 31, 16, 15, 17, 18, 19, 20, 12, 13, 14, 11, 10, 9, 8, 23, 22, 21, 29, 28, 24, 7, 6, 5, 50, 49, 48, 47, 46, 45, 51, 2]","[41, 38, 37, 39, 36, 4, 3, 40, 42, 43]","[27, 15, 10, 28, 5, 50, 48, 45, 2, 1]","[1, 44, 35, 33, 34, 26, 25, 27, 32, 30, 31, 16, 15, 17, 18, 19, 20, 12, 13, 14, 11, 10, 9, 8, 23, 22, 21, 29, 28, 24, 7, 6, 5, 50, 49, 48, 47, 46, 45, 51, 2, 1]","[(1, 41), (41, 27), (27, 38), (38, 15), (15, 37), (37, 10), (10, 39), (39, 28), (28, 36), (36, 5), (5, 4), (4, 50), (50, 3), (3, 48), (48, 40), (40, 45), (45, 42), (42, 2), (2, 43), (43, 1)]","[(1, 0.0), (44, 0.0), (35, 1006.0), (33, 2010.0), (34, 2010.0), (26, 3012.0), (25, 4016.0), (27, 5022.0), (32, 7032.0), (30, 8039.0), (31, 9043.0), (16, 10048.0), (15, 11049.0), (17, 13055.0), (18, 14057.0), (19, 15062.0), (20, 16069.0), (12, 17075.0), (13, 18077.0), (14, 19083.0), (11, 20084.0), (10, 21091.0), (9, 23102.0), (8, 24106.0), (23, 25108.0), (22, 26116.0), (21, 27119.0), (29, 28128.0), (28, 29129.0), (24, 31134.0), (7, 32140.0), (6, 33148.0), (5, 34152.0), (50, 36165.0), (49, 38175.0), (48, 39176.0), (47, 41187.0), (46, 42189.0), (45, 43193.0), (51, 45202.0), (2, 46207.0), (1, 48219.0)]"
VNS,50,9,bench_50_1,ok,-46776.356,,750.1075,49,40,9,10,43466.0,90242.356,1241.2979,49219.0,113752.0,50223.0,8012676,711.5064,"[26, 27, 32, 30, 31, 16, 15, 17, 18, 19, 20, 12, 13, 14, 11, 10, 9, 8, 23, 22, 21, 29, 28, 24, 7, 6, 4, 5, 50, 49, 48, 47, 46, 45, 44, 40, 41, 42, 43, 2, 34, 35, 25, 37, 36, 39, 38, 51, 3]","[26, 27, 32, 30, 31, 16, 15, 17, 18, 19, 20, 12, 13, 14, 11, 10, 9, 8, 23, 22, 21, 29, 28, 24, 7, 6, 4, 5, 50, 49, 48, 47, 46, 45, 44, 40, 41, 42, 43, 2]","[34, 35, 25, 37, 36, 39, 38, 51, 3]","[26, 29, 7, 5, 46, 44, 41, 43, 2, 1]","[1, 26, 27, 32, 30, 31, 16, 15, 17, 18, 19, 20, 12, 13, 14, 11, 10, 9, 8, 23, 22, 21, 29, 28, 24, 7, 6, 4, 5, 50, 49, 48, 47, 46, 45, 44, 40, 41, 42, 43, 2, 1]","[(1, 33), (33, 26), (26, 34), (34, 29), (29, 35), (35, 7), (7, 25), (25, 5), (5, 37), (37, 46), (46, 36), (36, 44), (44, 39), (39, 41), (41, 38), (38, 43), (43, 51), (51, 2), (2, 3), (3, 1)]","[(1, 0.0), (26, 0.0), (27, 1004.0), (32, 2011.0), (30, 3018.0), (31, 4022.0), (16, 5027.0), (15, 6028.0), (17, 7030.0), (18, 8032.0), (19, 9037.0), (20, 10044.0), (12, 11050.0), (13, 12052.0), (14, 13058.0), (11, 14059.0), (10, 15066.0), (9, 16071.0), (8, 17075.0), (23, 18077.0), (22, 19085.0), (21, 20088.0), (29, 21097.0), (28, 23100.0), (24, 24105.0), (7, 25111.0), (6, 27123.0), (4, 28127.0), (5, 29128.0), (50, 31143.0), (49, 32152.0), (48, 33153.0), (47, 34158.0), (46, 35160.0), (45, 37170.0), (44, 38174.0), (40, 40184.0), (41, 41189.0), (42, 43192.0), (43, 44198.0), (2, 46202.0), (1, 48213.0)]"
VNS,50,5,bench_50_2,ok,-52297.2154,,750.3616,45,35,10,10,38115.0,90412.2154,1243.6343,45205.0,113752.0,50224.0,8389360,524.231,"[38, 34, 32, 31, 27, 28, 29, 25, 14, 15, 13, 16, 12, 9, 10, 11, 8, 6, 7, 5, 18, 17, 19, 20, 4, 48, 3, 49, 50, 45, 46, 42, 43, 44, 51, 40, 36, 35, 23, 21, 2, 47, 33, 41, 39]","[38, 34, 32, 31, 27, 28, 29, 25, 14, 15, 13, 16, 12, 9, 10, 11, 8, 6, 7, 5, 18, 17, 19, 20, 4, 48, 3, 49, 50, 45, 46, 42, 43, 44, 51]","[40, 36, 35, 23, 21, 2, 47, 33, 41, 39]","[25, 8, 17, 4, 3, 50, 46, 42, 44, 1]","[1, 38, 37, 34, 32, 22, 31, 30, 27, 26, 28, 29, 24, 25, 14, 15, 13, 16, 12, 9, 10, 11, 8, 6, 7, 5, 18, 17, 19, 20, 4, 48, 3, 49, 50, 45, 46, 42, 43, 44, 51, 1]","[(1, 40), (40, 25), (25, 36), (36, 8), (8, 35), (35, 17), (17, 23), (23, 4), (4, 21), (21, 3), (3, 2), (2, 50), (50, 47), (47, 46), (46, 33), (33, 42), (42, 41), (41, 44), (44, 39), (39, 1)]","[(1, 0.0), (38, 0.0), (37, 1005.0), (34, 1005.0), (32, 2006.0), (22, 3010.0), (31, 3010.0), (30, 4014.0), (27, 4014.0), (26, 5020.0), (28, 5020.0), (29, 6025.0), (24, 7034.0), (25, 7034.0), (14, 9044.0), (15, 10047.0), (13, 11049.0), (16, 12054.0), (12, 13054.0), (9, 14058.0), (10, 15059.0), (11, 16066.0), (8, 17072.0), (6, 19078.0), (7, 20083.0), (5, 21092.0), (18, 22100.0), (17, 23103.0), (19, 25112.0), (20, 26119.0), (4, 27121.0), (48, 29136.0), (3, 30140.0), (49, 32153.0), (50, 33154.0), (45, 35165.0), (46, 36171.0), (42, 38180.0), (43, 40187.0), (44, 41189.0), (51, 43199.0), (1, 44199.0)]"
VNS,50,9,bench_50_2,ok,-55611.9728,,750.6892,45,36,9,10,38476.0,94087.9728,1294.1949,45193.0,113752.0,50224.0,8395843,512.2003,"[20, 19, 17, 18, 7, 6, 8, 11, 10, 9, 12, 16, 13, 14, 25, 24, 29, 28, 27, 30, 31, 32, 36, 35, 34, 41, 42, 43, 44, 45, 46, 48, 3, 49, 50, 51, 15, 40, 33, 37, 38, 47, 21, 2, 39]","[20, 19, 17, 18, 7, 6, 8, 11, 10, 9, 12, 16, 13, 14, 25, 24, 29, 28, 27, 30, 31, 32, 36, 35, 34, 41, 42, 43, 44, 45, 46, 48, 3, 49, 50, 51]","[15, 40, 33, 37, 38, 47, 21, 2, 39]","[20, 31, 36, 34, 41, 44, 46, 3, 50, 1]","[1, 4, 20, 19, 23, 17, 18, 5, 7, 6, 8, 11, 10, 9, 12, 16, 13, 14, 25, 24, 29, 28, 27, 30, 31, 22, 32, 36, 35, 34, 41, 42, 43, 44, 45, 46, 48, 3, 49, 50, 51, 1]","[(1, 26), (26, 20), (20, 15), (15, 31), (31, 40), (40, 36), (36, 33), (33, 34), (34, 37), (37, 41), (41, 38), (38, 44), (44, 47), (47, 46), (46, 21), (21, 3), (3, 2), (2, 50), (50, 39), (39, 1)]","[(1, 0.0), (4, 0.0), (20, 0.0), (19, 1002.0), (23, 2009.0), (17, 2009.0), (18, 3012.0), (5, 4015.0), (7, 4015.0), (6, 5024.0), (8, 6029.0), (11, 7029.0), (10, 8035.0), (9, 9042.0), (12, 10043.0), (16, 11047.0), (13, 12047.0), (14, 13052.0), (25, 14055.0), (24, 15063.0), (29, 16065.0), (28, 17074.0), (27, 18079.0), (30, 19085.0), (31, 20089.0), (22, 22095.0), (32, 22095.0), (36, 23099.0), (35, 25107.0), (34, 26113.0), (41, 28117.0), (42, 30131.0), (43, 31135.0), (44, 32137.0), (45, 34143.0), (46, 35149.0), (48, 37158.0), (3, 38162.0), (49, 40175.0), (50, 41176.0), (51, 43187.0), (1, 44187.0)]"
VNS,50,5,bench_50_3,ok,-53017.4374,,750.0883,46,37,9,10,38034.0,91051.4374,1252.4269,46228.0,113752.0,50243.0,8060219,660.1394,"[4, 5, 26, 20, 21, 22, 8, 9, 10, 11, 12, 13, 14, 17, 19, 16, 15, 18, 27, 28, 29, 30, 31, 34, 32, 33, 35, 36, 39, 38, 37, 45, 41, 44, 43, 42, 51, 7, 23, 25, 24, 47, 40, 46, 49, 50]","[4, 5, 26, 20, 21, 22, 8, 9, 10, 11, 12, 13, 14, 17, 19, 16, 15, 18, 27, 28, 29, 30, 31, 34, 32, 33, 35, 36, 39, 38, 37, 45, 41, 44, 43, 42, 51]","[7, 23, 25, 24, 47, 40, 46, 49, 50]","[3, 30, 33, 36, 38, 45, 41, 42, 51, 1]","[1, 2, 3, 4, 5, 6, 26, 20, 21, 22, 8, 9, 10, 11, 12, 13, 14, 17, 19, 16, 15, 18, 27, 28, 29, 30, 31, 34, 32, 33, 35, 36, 39, 38, 37, 45, 41, 44, 43, 42, 51, 1]","[(1, 48), (48, 3), (3, 7), (7, 30), (30, 23), (23, 33), (33, 25), (25, 36), (36, 24), (24, 38), (38, 47), (47, 45), (45, 40), (40, 41), (41, 46), (46, 42), (42, 49), (49, 51), (51, 50), (50, 1)]","[(1, 0.0), (2, 0.0), (3, 0.0), (4, 0.0), (5, 1004.0), (6, 2012.0), (26, 2012.0), (20, 3016.0), (21, 4019.0), (22, 5027.0), (8, 6033.0), (9, 7035.0), (10, 8043.0), (11, 9052.0), (12, 10055.0), (13, 11064.0), (14, 12065.0), (17, 13065.0), (19, 14073.0), (16, 15081.0), (15, 16082.0), (18, 17087.0), (27, 18096.0), (28, 19102.0), (29, 20110.0), (30, 21110.0), (31, 23120.0), (34, 24127.0), (32, 25131.0), (33, 26140.0), (35, 28150.0), (36, 29157.0), (39, 31164.0), (38, 32167.0), (37, 34181.0), (45, 35183.0), (41, 37195.0), (44, 39203.0), (43, 40211.0), (42, 41219.0), (51, 43220.0), (1, 45223.0)]"
VNS,50,9,bench_50_3,ok,-51960.9124,,750.8901,46,37,9,10,37860.0,89820.9124,1235.5009,46220.0,113752.0,50243.0,7610305,536.0624,"[4, 5, 26, 20, 22, 8, 9, 10, 11, 12, 13, 14, 17, 19, 16, 15, 18, 27, 28, 29, 30, 31, 34, 33, 32, 25, 35, 36, 39, 38, 37, 41, 44, 43, 49, 50, 51, 7, 23, 24, 47, 40, 45, 42, 48, 46]","[4, 5, 26, 20, 22, 8, 9, 10, 11, 12, 13, 14, 17, 19, 16, 15, 18, 27, 28, 29, 30, 31, 34, 33, 32, 25, 35, 36, 39, 38, 37, 41, 44, 43, 49, 50, 51]","[7, 23, 24, 47, 40, 45, 42, 48, 46]","[3, 30, 25, 35, 38, 37, 41, 43, 50, 1]","[1, 3, 4, 5, 6, 26, 20, 21, 22, 8, 9, 10, 11, 12, 13, 14, 17, 19, 16, 15, 18, 27, 28, 29, 30, 31, 34, 33, 32, 25, 35, 36, 39, 38, 37, 41, 44, 43, 49, 50, 51, 1]","[(1, 2), (2, 3), (3, 7), (7, 30), (30, 23), (23, 25), (25, 24), (24, 35), (35, 47), (47, 38), (38, 40), (40, 37), (37, 45), (45, 41), (41, 42), (42, 43), (43, 48), (48, 50), (50, 46), (46, 1)]","[(1, 0.0), (3, 0.0), (4, 0.0), (5, 1004.0), (6, 2012.0), (26, 2012.0), (20, 3016.0), (21, 4019.0), (22, 4019.0), (8, 5025.0), (9, 6027.0), (10, 7035.0), (11, 8044.0), (12, 9047.0), (13, 10056.0), (14, 11057.0), (17, 12057.0), (19, 13065.0), (16, 14073.0), (15, 15074.0), (18, 16079.0), (27, 17088.0), (28, 18094.0), (29, 19102.0), (30, 20102.0), (31, 22112.0), (34, 23119.0), (33, 24123.0), (32, 25125.0), (25, 26134.0), (35, 28146.0), (36, 30162.0), (39, 31165.0), (38, 32168.0), (37, 34181.0), (41, 36186.0), (44, 38195.0), (43, 39203.0), (49, 41211.0), (50, 42214.0), (51, 44219.0), (1, 45219.0)]"
VNS,50,5,bench_50_4,ok,-50803.9332,,750.8403,46,36,10,10,39913.0,90716.9332,1247.8258,46232.0,113752.0,50247.0,8002546,568.3451,"[39, 34, 36, 17, 16, 12, 15, 18, 19, 13, 14, 11, 7, 10, 8, 9, 6, 5, 22, 23, 32, 21, 20, 33, 31, 30, 29, 25, 24, 50, 49, 48, 4, 3, 51, 2, 45, 44, 38, 37, 43, 40, 42, 41, 47, 46]","[39, 34, 36, 17, 16, 12, 15, 18, 19, 13, 14, 11, 7, 10, 8, 9, 6, 5, 22, 23, 32, 21, 20, 33, 31, 30, 29, 25, 24, 50, 49, 48, 4, 3, 51, 2]","[45, 44, 38, 37, 43, 40, 42, 41, 47, 46]","[35, 19, 6, 32, 30, 25, 49, 4, 51, 1]","[1, 26, 27, 39, 28, 34, 35, 36, 17, 16, 12, 15, 18, 19, 13, 14, 11, 7, 10, 8, 9, 6, 5, 22, 23, 32, 21, 20, 33, 31, 30, 29, 25, 24, 50, 49, 48, 4, 3, 51, 2, 1]","[(1, 45), (45, 35), (35, 44), (44, 19), (19, 38), (38, 6), (6, 37), (37, 32), (32, 43), (43, 30), (30, 40), (40, 25), (25, 42), (42, 49), (49, 41), (41, 4), (4, 47), (47, 51), (51, 46), (46, 1)]","[(1, 0.0), (26, 0.0), (27, 0.0), (39, 0.0), (28, 1002.0), (34, 1002.0), (35, 2006.0), (36, 3012.0), (17, 4020.0), (16, 5024.0), (12, 6029.0), (15, 7029.0), (18, 8034.0), (19, 9040.0), (13, 11052.0), (14, 12059.0), (11, 13065.0), (7, 14065.0), (10, 15067.0), (8, 16074.0), (9, 17082.0), (6, 18091.0), (5, 20095.0), (22, 21098.0), (23, 22107.0), (32, 23114.0), (21, 25123.0), (20, 26126.0), (33, 27134.0), (31, 28135.0), (30, 29136.0), (29, 31149.0), (25, 32154.0), (24, 34168.0), (50, 35170.0), (49, 36172.0), (48, 38182.0), (4, 39183.0), (3, 41196.0), (51, 42201.0), (2, 44215.0), (1, 45224.0)]"
VNS,50,9,bench_50_4,ok,-53333.571,,750.3119,47,37,10,10,40612.0,93945.571,1292.2362,47234.0,113752.0,50247.0,8298726,165.2285,"[37, 34, 36, 17, 16, 12, 15, 18, 19, 13, 14, 11, 7, 10, 8, 9, 6, 5, 22, 23, 32, 21, 20, 33, 31, 30, 29, 26, 50, 25, 24, 4, 3, 49, 48, 51, 2, 45, 38, 44, 43, 39, 40, 42, 41, 47, 46]","[37, 34, 36, 17, 16, 12, 15, 18, 19, 13, 14, 11, 7, 10, 8, 9, 6, 5, 22, 23, 32, 21, 20, 33, 31, 30, 29, 26, 50, 25, 24, 4, 3, 49, 48, 51, 2]","[45, 38, 44, 43, 39, 40, 42, 41, 47, 46]","[15, 7, 32, 30, 26, 25, 3, 49, 51, 1]","[1, 27, 28, 37, 35, 34, 36, 17, 16, 12, 15, 18, 19, 13, 14, 11, 7, 10, 8, 9, 6, 5, 22, 23, 32, 21, 20, 33, 31, 30, 29, 26, 50, 25, 24, 4, 3, 49, 48, 51, 2, 1]","[(1, 45), (45, 15), (15, 38), (38, 7), (7, 44), (44, 32), (32, 43), (43, 30), (30, 39), (39, 26), (26, 40), (40, 25), (25, 42), (42, 3), (3, 41), (41, 49), (49, 47), (47, 51), (51, 46), (46, 1)]","[(1, 0.0), (27, 0.0), (28, 0.0), (37, 0.0), (35, 1006.0), (34, 1006.0), (36, 2010.0), (17, 3018.0), (16, 4022.0), (12, 5027.0), (15, 6027.0), (18, 8038.0), (19, 9044.0), (13, 10050.0), (14, 11057.0), (11, 12063.0), (7, 13063.0), (10, 15069.0), (8, 16076.0), (9, 17084.0), (6, 18093.0), (5, 19093.0), (22, 20096.0), (23, 21105.0), (32, 22112.0), (21, 24121.0), (20, 25124.0), (33, 26132.0), (31, 27133.0), (30, 28134.0), (29, 30147.0), (26, 31152.0), (50, 33156.0), (25, 34158.0), (24, 36172.0), (4, 37174.0), (3, 38183.0), (49, 40192.0), (48, 42202.0), (51, 43203.0), (2, 45217.0), (1, 46226.0)]"
VNS,50,5,bench_50_5,ok,-47586.3965,,750.0605,46,36,10,10,38566.0,86152.3965,1185.0398,46200.0,113752.0,50218.0,7947713,665.4655,"[44, 42, 43, 41, 39, 38, 36, 24, 23, 22, 21, 16, 15, 18, 17, 25, 26, 20, 19, 13, 14, 12, 11, 10, 9, 8, 27, 28, 33, 29, 7, 49, 4, 3, 51, 2, 45, 37, 32, 5, 34, 30, 6, 47, 50, 48]","[44, 42, 43, 41, 39, 38, 36, 24, 23, 22, 21, 16, 15, 18, 17, 25, 26, 20, 19, 13, 14, 12, 11, 10, 9, 8, 27, 28, 33, 29, 7, 49, 4, 3, 51, 2]","[45, 37, 32, 5, 34, 30, 6, 47, 50, 48]","[25, 14, 9, 33, 29, 7, 49, 3, 2, 1]","[1, 46, 44, 31, 42, 43, 41, 40, 39, 38, 35, 36, 24, 23, 22, 21, 16, 15, 18, 17, 25, 26, 20, 19, 13, 14, 12, 11, 10, 9, 8, 27, 28, 33, 29, 7, 49, 4, 3, 51, 2, 1]","[(1, 45), (45, 25), (25, 37), (37, 14), (14, 32), (32, 9), (9, 5), (5, 33), (33, 34), (34, 29), (29, 30), (30, 7), (7, 6), (6, 49), (49, 47), (47, 3), (3, 50), (50, 2), (2, 48), (48, 1)]","[(1, 0.0), (46, 0.0), (44, 0.0), (31, 1002.0), (42, 1002.0), (43, 2006.0), (41, 3010.0), (40, 4014.0), (39, 4014.0), (38, 5020.0), (35, 6024.0), (36, 6024.0), (24, 7024.0), (23, 8030.0), (22, 9039.0), (21, 10046.0), (16, 11048.0), (15, 12050.0), (18, 13057.0), (17, 14058.0), (25, 15067.0), (26, 17070.0), (20, 18075.0), (19, 19076.0), (13, 20082.0), (14, 21086.0), (12, 23092.0), (11, 24097.0), (10, 25104.0), (9, 26111.0), (8, 28126.0), (27, 29135.0), (28, 30144.0), (33, 31151.0), (29, 33162.0), (7, 35172.0), (49, 37181.0), (4, 39187.0), (3, 40189.0), (51, 42197.0), (2, 43197.0), (1, 45200.0)]"
VNS,50,9,bench_50_5,ok,-48969.7849,,750.089,46,37,9,10,38681.0,87650.7849,1205.6504,46203.0,113752.0,50218.0,7887820,441.7209,"[44, 42, 43, 41, 39, 38, 37, 24, 36, 22, 23, 25, 26, 20, 19, 18, 17, 21, 16, 15, 13, 14, 12, 11, 10, 9, 8, 27, 28, 33, 29, 7, 49, 4, 3, 51, 2, 47, 32, 45, 34, 30, 6, 46, 50, 48]","[44, 42, 43, 41, 39, 38, 37, 24, 36, 22, 23, 25, 26, 20, 19, 18, 17, 21, 16, 15, 13, 14, 12, 11, 10, 9, 8, 27, 28, 33, 29, 7, 49, 4, 3, 51, 2]","[47, 32, 45, 34, 30, 6, 46, 50, 48]","[44, 15, 11, 33, 29, 7, 49, 3, 2, 1]","[1, 44, 31, 42, 43, 41, 40, 39, 38, 35, 37, 24, 36, 22, 23, 25, 26, 20, 19, 18, 17, 21, 16, 15, 13, 14, 12, 11, 10, 9, 8, 27, 28, 33, 29, 7, 49, 4, 3, 51, 2, 1]","[(1, 5), (5, 44), (44, 47), (47, 15), (15, 32), (32, 11), (11, 45), (45, 33), (33, 34), (34, 29), (29, 30), (30, 7), (7, 6), (6, 49), (49, 46), (46, 3), (3, 50), (50, 2), (2, 48), (48, 1)]","[(1, 0.0), (44, 0.0), (31, 1002.0), (42, 1002.0), (43, 2006.0), (41, 3010.0), (40, 4014.0), (39, 4014.0), (38, 5020.0), (35, 6024.0), (37, 6024.0), (24, 7026.0), (36, 8032.0), (22, 9032.0), (23, 10039.0), (25, 11048.0), (26, 12050.0), (20, 13055.0), (19, 14056.0), (18, 15062.0), (17, 16063.0), (21, 17072.0), (16, 18074.0), (15, 19076.0), (13, 21085.0), (14, 22089.0), (12, 23093.0), (11, 24098.0), (10, 26112.0), (9, 27119.0), (8, 28127.0), (27, 29136.0), (28, 30145.0), (33, 31152.0), (29, 33162.0), (7, 35172.0), (49, 37181.0), (4, 39187.0), (3, 40189.0), (51, 42200.0), (2, 43200.0), (1, 45203.0)]"
VNS,100,1,bench_100_1,ok,-63151.9055,,1200.0708,98,88,10,10,82857.0,146008.9055,2008.3756,98393.0,227504.0,100403.0,6777523,533.3301,"[90, 91, 85, 94, 84, 83, 82, 81, 79, 78, 77, 95, 97, 53, 52, 51, 98, 12, 13, 14, 15, 19, 18, 20, 17, 21, 22, 16, 23, 24, 25, 31, 42, 41, 39, 40, 32, 30, 28, 27, 29, 33, 34, 35, 36, 37, 38, 63, 61, 62, 60, 59, 58, 64, 65, 68, 70, 69, 71, 72, 74, 73, 75, 56, 55, 54, 67, 66, 57, 43, 44, 45, 46, 47, 48, 49, 50, 10, 9, 99, 100, 8, 7, 6, 5, 4, 3, 2, 87, 86, 93, 26, 76, 92, 96, 101, 88, 89]","[90, 91, 85, 94, 84, 83, 82, 81, 79, 78, 77, 95, 97, 53, 52, 51, 98, 12, 13, 14, 15, 19, 18, 20, 17, 21, 22, 16, 23, 24, 25, 31, 42, 41, 39, 40, 32, 30, 28, 27, 29, 33, 34, 35, 36, 37, 38, 63, 61, 62, 60, 59, 58, 64, 65, 68, 70, 69, 71, 72, 74, 73, 75, 56, 55, 54, 67, 66, 57, 43, 44, 45, 46, 47, 48, 49, 50, 10, 9, 99, 100, 8, 7, 6, 5, 4, 3, 2]","[87, 86, 93, 26, 76, 92, 96, 101, 88, 89]","[68, 75, 67, 44, 10, 8, 5, 3, 2, 1]","[1, 90, 91, 85, 94, 84, 83, 82, 81, 80, 79, 78, 77, 95, 97, 53, 52, 51, 98, 11, 12, 13, 14, 15, 19, 18, 20, 17, 21, 22, 16, 23, 24, 25, 31, 42, 41, 39, 40, 32, 30, 28, 27, 29, 33, 34, 35, 36, 37, 38, 63, 61, 62, 60, 59, 58, 64, 65, 68, 70, 69, 71, 72, 74, 73, 75, 56, 55, 54, 67, 66, 57, 43, 44, 45, 46, 47, 48, 49, 50, 10, 9, 99, 100, 8, 7, 6, 5, 4, 3, 2, 1]","[(1, 87), (87, 68), (68, 86), (86, 75), (75, 93), (93, 67), (67, 26), (26, 44), (44, 76), (76, 10), (10, 92), (92, 8), (8, 96), (96, 5), (5, 101), (101, 3), (3, 88), (88, 2), (2, 89), (89, 1)]","[(1, 0.0), (90, 0.0), (91, 1008.0), (85, 2009.0), (94, 3014.0), (84, 4020.0), (83, 5025.0), (82, 6026.0), (81, 7030.0), (80, 8036.0), (79, 8036.0), (78, 9036.0), (77, 10037.0), (95, 11045.0), (97, 12049.0), (53, 13055.0), (52, 14061.0), (51, 15066.0), (98, 16068.0), (11, 17072.0), (12, 17072.0), (13, 18079.0), (14, 19086.0), (15, 20089.0), (19, 21091.0), (18, 22095.0), (20, 23101.0), (17, 24108.0), (21, 25110.0), (22, 26114.0), (16, 27121.0), (23, 28125.0), (24, 29126.0), (25, 30128.0), (31, 31133.0), (42, 32134.0), (41, 33141.0), (39, 34141.0), (40, 35150.0), (32, 36152.0), (30, 37157.0), (28, 38162.0), (27, 39164.0), (29, 40169.0), (33, 41171.0), (34, 42173.0), (35, 43174.0), (36, 44176.0), (37, 45177.0), (38, 46184.0), (63, 47184.0), (61, 48188.0), (62, 49188.0), (60, 50193.0), (59, 51197.0), (58, 52201.0), (64, 53209.0), (65, 54217.0), (68, 55219.0), (70, 57226.0), (69, 58231.0), (71, 59237.0), (72, 60246.0), (74, 61250.0), (73, 62252.0), (75, 63256.0), (56, 65263.0), (55, 66267.0), (54, 67273.0), (67, 68273.0), (66, 70276.0), (57, 71277.0), (43, 72279.0), (44, 73288.0), (45, 75294.0), (46, 76297.0), (47, 77306.0), (48, 78313.0), (49, 79315.0), (50, 80320.0), (10, 81326.0), (9, 83337.0), (99, 84341.0), (100, 85342.0), (8, 86347.0), (7, 88361.0), (6, 89362.0), (5, 90363.0), (4, 92377.0), (3, 93378.0), (2, 95387.0), (1, 97393.0)]"
VNS,100,5,bench_100_1,ok,-61262.327,,1205.5497,98,88,10,10,82857.0,144119.327,1982.3841,98393.0,227504.0,100403.0,6402735,657.619,"[89, 91, 85, 86, 83, 82, 81, 79, 78, 76, 77, 95, 96, 100, 10, 50, 49, 48, 47, 46, 45, 12, 13, 14, 44, 15, 19, 18, 20, 17, 21, 22, 25, 26, 27, 28, 29, 30, 33, 34, 35, 36, 37, 38, 39, 32, 40, 41, 42, 31, 24, 23, 16, 43, 57, 66, 67, 65, 64, 63, 61, 62, 60, 59, 58, 68, 70, 69, 71, 74, 73, 75, 56, 55, 54, 53, 52, 51, 98, 9, 99, 8, 7, 6, 5, 4, 3, 2, 87, 92, 84, 72, 93, 97, 94, 101, 90, 88]","[89, 91, 85, 86, 83, 82, 81, 79, 78, 76, 77, 95, 96, 100, 10, 50, 49, 48, 47, 46, 45, 12, 13, 14, 44, 15, 19, 18, 20, 17, 21, 22, 25, 26, 27, 28, 29, 30, 33, 34, 35, 36, 37, 38, 39, 32, 40, 41, 42, 31, 24, 23, 16, 43, 57, 66, 67, 65, 64, 63, 61, 62, 60, 59, 58, 68, 70, 69, 71, 74, 73, 75, 56, 55, 54, 53, 52, 51, 98, 9, 99, 8, 7, 6, 5, 4, 3, 2]","[87, 92, 84, 72, 93, 97, 94, 101, 90, 88]","[65, 68, 73, 54, 98, 99, 5, 3, 2, 1]","[1, 89, 91, 85, 86, 83, 82, 81, 80, 79, 78, 76, 77, 95, 96, 100, 11, 10, 50, 49, 48, 47, 46, 45, 12, 13, 14, 44, 15, 19, 18, 20, 17, 21, 22, 25, 26, 27, 28, 29, 30, 33, 34, 35, 36, 37, 38, 39, 32, 40, 41, 42, 31, 24, 23, 16, 43, 57, 66, 67, 65, 64, 63, 61, 62, 60, 59, 58, 68, 70, 69, 71, 74, 73, 75, 56, 55, 54, 53, 52, 51, 98, 9, 99, 8, 7, 6, 5, 4, 3, 2, 1]","[(1, 87), (87, 65), (65, 92), (92, 68), (68, 84), (84, 73), (73, 72), (72, 54), (54, 93), (93, 98), (98, 97), (97, 99), (99, 94), (94, 5), (5, 101), (101, 3), (3, 90), (90, 2), (2, 88), (88, 1)]","[(1, 0.0), (89, 0.0), (91, 1000.0), (85, 2001.0), (86, 3006.0), (83, 4009.0), (82, 5010.0), (81, 6014.0), (80, 7020.0), (79, 7020.0), (78, 8020.0), (76, 9021.0), (77, 10024.0), (95, 11032.0), (96, 12036.0), (100, 13045.0), (11, 14050.0), (10, 14050.0), (50, 15058.0), (49, 16064.0), (48, 17069.0), (47, 18071.0), (46, 19078.0), (45, 20087.0), (12, 21090.0), (13, 22097.0), (14, 23104.0), (44, 24107.0), (15, 25112.0), (19, 26114.0), (18, 27118.0), (20, 28124.0), (17, 29131.0), (21, 30133.0), (22, 31137.0), (25, 32144.0), (26, 33149.0), (27, 34150.0), (28, 35155.0), (29, 36157.0), (30, 37159.0), (33, 38164.0), (34, 39166.0), (35, 40167.0), (36, 41169.0), (37, 42170.0), (38, 43177.0), (39, 44177.0), (32, 45186.0), (40, 46191.0), (41, 47193.0), (42, 48193.0), (31, 49200.0), (24, 50201.0), (23, 51203.0), (16, 52204.0), (43, 53208.0), (57, 54217.0), (66, 55219.0), (67, 56220.0), (65, 57220.0), (64, 59224.0), (63, 60232.0), (61, 61236.0), (62, 62236.0), (60, 63241.0), (59, 64245.0), (58, 65249.0), (68, 66257.0), (70, 68267.0), (69, 69272.0), (71, 70278.0), (74, 71287.0), (73, 72289.0), (75, 74298.0), (56, 75302.0), (55, 76306.0), (54, 77312.0), (53, 79316.0), (52, 80322.0), (51, 81327.0), (98, 82329.0), (9, 84336.0), (99, 85340.0), (8, 87347.0), (7, 88356.0), (6, 89357.0), (5, 90358.0), (4, 92369.0), (3, 93370.0), (2, 95379.0), (1, 97393.0)]"
VNS,100,9,bench_100_1,ok,-63098.102,,1200.9124,96,86,10,10,81652.0,144750.102,1991.0606,96391.0,227504.0,100403.0,6030615,819.8434,"[87, 91, 94, 84, 85, 86, 83, 82, 81, 79, 78, 76, 66, 43, 44, 45, 46, 47, 48, 49, 50, 10, 12, 13, 14, 15, 19, 18, 20, 17, 16, 23, 24, 22, 21, 26, 25, 31, 42, 41, 39, 40, 32, 30, 28, 27, 29, 33, 34, 35, 36, 37, 38, 63, 61, 62, 60, 59, 58, 64, 65, 67, 68, 70, 69, 71, 72, 74, 73, 75, 56, 55, 54, 53, 52, 51, 98, 9, 99, 8, 7, 6, 5, 3, 101, 2, 93, 95, 77, 97, 100, 96, 4, 90, 92, 89]","[87, 91, 94, 84, 85, 86, 83, 82, 81, 79, 78, 76, 66, 43, 44, 45, 46, 47, 48, 49, 50, 10, 12, 13, 14, 15, 19, 18, 20, 17, 16, 23, 24, 22, 21, 26, 25, 31, 42, 41, 39, 40, 32, 30, 28, 27, 29, 33, 34, 35, 36, 37, 38, 63, 61, 62, 60, 59, 58, 64, 65, 67, 68, 70, 69, 71, 72, 74, 73, 75, 56, 55, 54, 53, 52, 51, 98, 9, 99, 8, 7, 6, 5, 3, 101, 2]","[93, 95, 77, 97, 100, 96, 4, 90, 92, 89]","[72, 54, 98, 99, 8, 5, 3, 101, 2, 1]","[1, 88, 87, 91, 94, 84, 85, 86, 83, 82, 81, 80, 79, 78, 76, 66, 57, 43, 44, 45, 46, 47, 48, 49, 50, 10, 11, 12, 13, 14, 15, 19, 18, 20, 17, 16, 23, 24, 22, 21, 26, 25, 31, 42, 41, 39, 40, 32, 30, 28, 27, 29, 33, 34, 35, 36, 37, 38, 63, 61, 62, 60, 59, 58, 64, 65, 67, 68, 70, 69, 71, 72, 74, 73, 75, 56, 55, 54, 53, 52, 51, 98, 9, 99, 8, 7, 6, 5, 3, 101, 2, 1]","[(1, 93), (93, 72), (72, 95), (95, 54), (54, 77), (77, 98), (98, 97), (97, 99), (99, 100), (100, 8), (8, 96), (96, 5), (5, 4), (4, 3), (3, 90), (90, 101), (101, 92), (92, 2), (2, 89), (89, 1)]","[(1, 0.0), (88, 0.0), (87, 0.0), (91, 1002.0), (94, 2003.0), (84, 3009.0), (85, 4014.0), (86, 5019.0), (83, 6022.0), (82, 7023.0), (81, 8027.0), (80, 9033.0), (79, 9033.0), (78, 10033.0), (76, 11034.0), (66, 12037.0), (57, 13038.0), (43, 13038.0), (44, 14047.0), (45, 15052.0), (46, 16055.0), (47, 17064.0), (48, 18071.0), (49, 19073.0), (50, 20078.0), (10, 21084.0), (11, 22092.0), (12, 22092.0), (13, 23099.0), (14, 24106.0), (15, 25109.0), (19, 26111.0), (18, 27115.0), (20, 28121.0), (17, 29128.0), (16, 30130.0), (23, 31134.0), (24, 32135.0), (22, 33137.0), (21, 34144.0), (26, 35148.0), (25, 36149.0), (31, 37154.0), (42, 38155.0), (41, 39162.0), (39, 40162.0), (40, 41171.0), (32, 42173.0), (30, 43178.0), (28, 44183.0), (27, 45185.0), (29, 46190.0), (33, 47192.0), (34, 48194.0), (35, 49195.0), (36, 50197.0), (37, 51198.0), (38, 52205.0), (63, 53205.0), (61, 54209.0), (62, 55209.0), (60, 56214.0), (59, 57218.0), (58, 58222.0), (64, 59230.0), (65, 60238.0), (67, 61240.0), (68, 62240.0), (70, 63245.0), (69, 64250.0), (71, 65256.0), (72, 66265.0), (74, 68272.0), (73, 69274.0), (75, 70278.0), (56, 71282.0), (55, 72286.0), (54, 73292.0), (53, 75296.0), (52, 76302.0), (51, 77307.0), (98, 78309.0), (9, 80321.0), (99, 81325.0), (8, 83332.0), (7, 85346.0), (6, 86347.0), (5, 87348.0), (3, 89362.0), (101, 91369.0), (2, 93380.0), (1, 95391.0)]"
VNS,100,1,bench_100_2,ok,-53092.0254,,1203.0218,97,87,10,10,80917.0,134009.0254,1843.3153,97453.0,227504.0,100468.0,6789217,1112.839,"[73, 72, 71, 70, 48, 45, 44, 43, 49, 33, 57, 58, 68, 69, 67, 66, 65, 64, 63, 60, 59, 61, 62, 51, 56, 55, 54, 52, 53, 28, 29, 30, 24, 25, 26, 27, 19, 20, 23, 21, 18, 17, 16, 22, 31, 15, 32, 14, 7, 13, 8, 9, 10, 11, 12, 6, 5, 34, 35, 36, 37, 38, 4, 39, 40, 41, 42, 3, 98, 99, 100, 96, 95, 93, 92, 91, 90, 82, 81, 80, 79, 83, 84, 85, 86, 87, 88, 77, 74, 2, 97, 76, 78, 75, 101, 89, 94]","[73, 72, 71, 70, 48, 45, 44, 43, 49, 33, 57, 58, 68, 69, 67, 66, 65, 64, 63, 60, 59, 61, 62, 51, 56, 55, 54, 52, 53, 28, 29, 30, 24, 25, 26, 27, 19, 20, 23, 21, 18, 17, 16, 22, 31, 15, 32, 14, 7, 13, 8, 9, 10, 11, 12, 6, 5, 34, 35, 36, 37, 38, 4, 39, 40, 41, 42, 3, 98, 99, 100, 96, 95, 93, 92, 91, 90, 82, 81, 80, 79, 83, 84, 85, 86, 87, 88]","[77, 74, 2, 97, 76, 78, 75, 101, 89, 94]","[40, 100, 95, 92, 82, 79, 84, 86, 88, 1]","[1, 73, 72, 71, 70, 46, 47, 48, 45, 44, 43, 49, 33, 50, 57, 58, 68, 69, 67, 66, 65, 64, 63, 60, 59, 61, 62, 51, 56, 55, 54, 52, 53, 28, 29, 30, 24, 25, 26, 27, 19, 20, 23, 21, 18, 17, 16, 22, 31, 15, 32, 14, 7, 13, 8, 9, 10, 11, 12, 6, 5, 34, 35, 36, 37, 38, 4, 39, 40, 41, 42, 3, 98, 99, 100, 96, 95, 93, 92, 91, 90, 82, 81, 80, 79, 83, 84, 85, 86, 87, 88, 1]","[(1, 77), (77, 40), (40, 74), (74, 100), (100, 2), (2, 95), (95, 97), (97, 92), (92, 76), (76, 82), (82, 78), (78, 79), (79, 75), (75, 84), (84, 101), (101, 86), (86, 89), (89, 88), (88, 94), (94, 1)]","[(1, 0.0), (73, 0.0), (72, 1007.0), (71, 2010.0), (70, 3017.0), (46, 4021.0), (47, 4021.0), (48, 4021.0), (45, 5025.0), (44, 6034.0), (43, 7039.0), (49, 8046.0), (33, 9051.0), (50, 10054.0), (57, 10054.0), (58, 11054.0), (68, 12057.0), (69, 13059.0), (67, 14063.0), (66, 15067.0), (65, 16070.0), (64, 17074.0), (63, 18081.0), (60, 19090.0), (59, 20096.0), (61, 21100.0), (62, 22105.0), (51, 23114.0), (56, 24116.0), (55, 25124.0), (54, 26124.0), (52, 27127.0), (53, 28135.0), (28, 29141.0), (29, 30147.0), (30, 31156.0), (24, 32156.0), (25, 33161.0), (26, 34164.0), (27, 35166.0), (19, 36168.0), (20, 37173.0), (23, 38173.0), (21, 39177.0), (18, 40178.0), (17, 41185.0), (16, 42186.0), (22, 43190.0), (31, 44198.0), (15, 45207.0), (32, 46209.0), (14, 47214.0), (7, 48215.0), (13, 49219.0), (8, 50226.0), (9, 51228.0), (10, 52233.0), (11, 53235.0), (12, 54243.0), (6, 55252.0), (5, 56252.0), (34, 57260.0), (35, 58265.0), (36, 59269.0), (37, 60272.0), (38, 61279.0), (4, 62281.0), (39, 63289.0), (40, 64294.0), (41, 66306.0), (42, 67311.0), (3, 68319.0), (98, 69323.0), (99, 70332.0), (100, 71332.0), (96, 73337.0), (95, 74342.0), (93, 76345.0), (92, 77352.0), (91, 79365.0), (90, 80374.0), (82, 81380.0), (81, 83394.0), (80, 84399.0), (79, 85405.0), (83, 87411.0), (84, 88420.0), (85, 90430.0), (86, 91436.0), (87, 93443.0), (88, 94443.0), (1, 96444.0)]"
VNS,100,5,bench_100_2,ok,-57972.5661,,1200.5207,96,86,10,10,80296.0,138268.5661,1901.906,96444.0,227504.0,100468.0,6121560,741.4252,"[88, 90, 82, 81, 80, 79, 75, 78, 77, 74, 91, 94, 93, 92, 73, 72, 71, 70, 48, 45, 44, 43, 49, 33, 57, 58, 68, 69, 67, 66, 65, 64, 63, 60, 59, 61, 62, 51, 56, 30, 29, 28, 54, 55, 52, 53, 25, 24, 26, 27, 19, 20, 23, 21, 18, 17, 16, 22, 31, 15, 32, 14, 7, 13, 8, 9, 10, 11, 12, 6, 5, 34, 35, 36, 37, 38, 4, 39, 40, 41, 42, 3, 98, 99, 100, 2, 87, 83, 89, 84, 86, 95, 97, 101, 96, 85]","[88, 90, 82, 81, 80, 79, 75, 78, 77, 74, 91, 94, 93, 92, 73, 72, 71, 70, 48, 45, 44, 43, 49, 33, 57, 58, 68, 69, 67, 66, 65, 64, 63, 60, 59, 61, 62, 51, 56, 30, 29, 28, 54, 55, 52, 53, 25, 24, 26, 27, 19, 20, 23, 21, 18, 17, 16, 22, 31, 15, 32, 14, 7, 13, 8, 9, 10, 11, 12, 6, 5, 34, 35, 36, 37, 38, 4, 39, 40, 41, 42, 3, 98, 99, 100, 2]","[87, 83, 89, 84, 86, 95, 97, 101, 96, 85]","[64, 29, 21, 10, 38, 42, 3, 100, 2, 1]","[1, 88, 90, 82, 81, 80, 79, 75, 76, 78, 77, 74, 91, 94, 93, 92, 73, 72, 71, 70, 46, 47, 48, 45, 44, 43, 49, 33, 50, 57, 58, 68, 69, 67, 66, 65, 64, 63, 60, 59, 61, 62, 51, 56, 30, 29, 28, 54, 55, 52, 53, 25, 24, 26, 27, 19, 20, 23, 21, 18, 17, 16, 22, 31, 15, 32, 14, 7, 13, 8, 9, 10, 11, 12, 6, 5, 34, 35, 36, 37, 38, 4, 39, 40, 41, 42, 3, 98, 99, 100, 2, 1]","[(1, 87), (87, 64), (64, 83), (83, 29), (29, 89), (89, 21), (21, 84), (84, 10), (10, 86), (86, 38), (38, 95), (95, 42), (42, 97), (97, 3), (3, 101), (101, 100), (100, 96), (96, 2), (2, 85), (85, 1)]","[(1, 0.0), (88, 0.0), (90, 1000.0), (82, 2006.0), (81, 3011.0), (80, 4016.0), (79, 5022.0), (75, 6022.0), (76, 7028.0), (78, 7028.0), (77, 8034.0), (74, 9040.0), (91, 10045.0), (94, 11054.0), (93, 12063.0), (92, 13070.0), (73, 14077.0), (72, 15084.0), (71, 16087.0), (70, 17094.0), (46, 18098.0), (47, 18098.0), (48, 18098.0), (45, 19102.0), (44, 20111.0), (43, 21116.0), (49, 22123.0), (33, 23128.0), (50, 24131.0), (57, 24131.0), (58, 25131.0), (68, 26134.0), (69, 27136.0), (67, 28140.0), (66, 29144.0), (65, 30147.0), (64, 31151.0), (63, 33158.0), (60, 34167.0), (59, 35173.0), (61, 36177.0), (62, 37182.0), (51, 38191.0), (56, 39193.0), (30, 40201.0), (29, 41201.0), (28, 43219.0), (54, 44225.0), (55, 45228.0), (52, 46228.0), (53, 47236.0), (25, 48242.0), (24, 49245.0), (26, 50250.0), (27, 51252.0), (19, 52254.0), (20, 53259.0), (23, 54259.0), (21, 55263.0), (18, 57265.0), (17, 58272.0), (16, 59273.0), (22, 60277.0), (31, 61285.0), (15, 62294.0), (32, 63296.0), (14, 64301.0), (7, 65302.0), (13, 66306.0), (8, 67313.0), (9, 68315.0), (10, 69320.0), (11, 71326.0), (12, 72334.0), (6, 73343.0), (5, 74343.0), (34, 75351.0), (35, 76356.0), (36, 77360.0), (37, 78363.0), (38, 79370.0), (4, 81374.0), (39, 82382.0), (40, 83387.0), (41, 84393.0), (42, 85398.0), (3, 87407.0), (98, 89417.0), (99, 90426.0), (100, 91426.0), (2, 93431.0), (1, 95438.0)]"
VNS,100,9,bench_100_2,ok,-54061.4154,,1200.0001,97,87,10,10,80917.0,134978.4154,1856.6495,97453.0,227504.0,100468.0,6383233,1039.841,"[71, 70, 48, 45, 44, 43, 49, 33, 57, 58, 59, 61, 60, 68, 69, 67, 66, 65, 64, 63, 62, 51, 52, 53, 54, 55, 56, 30, 29, 28, 24, 25, 26, 27, 19, 20, 18, 17, 16, 22, 21, 23, 31, 15, 32, 14, 7, 13, 8, 9, 10, 11, 12, 6, 5, 34, 35, 36, 37, 38, 4, 39, 40, 41, 42, 3, 98, 99, 100, 96, 95, 94, 93, 92, 73, 91, 82, 81, 80, 79, 83, 84, 85, 89, 86, 87, 88, 74, 77, 97, 72, 76, 78, 75, 90, 101, 2]","[71, 70, 48, 45, 44, 43, 49, 33, 57, 58, 59, 61, 60, 68, 69, 67, 66, 65, 64, 63, 62, 51, 52, 53, 54, 55, 56, 30, 29, 28, 24, 25, 26, 27, 19, 20, 18, 17, 16, 22, 21, 23, 31, 15, 32, 14, 7, 13, 8, 9, 10, 11, 12, 6, 5, 34, 35, 36, 37, 38, 4, 39, 40, 41, 42, 3, 98, 99, 100, 96, 95, 94, 93, 92, 73, 91, 82, 81, 80, 79, 83, 84, 85, 89, 86, 87, 88]","[74, 77, 97, 72, 76, 78, 75, 90, 101, 2]","[42, 95, 94, 73, 82, 79, 84, 85, 87, 1]","[1, 71, 70, 46, 47, 48, 45, 44, 43, 49, 33, 50, 57, 58, 59, 61, 60, 68, 69, 67, 66, 65, 64, 63, 62, 51, 52, 53, 54, 55, 56, 30, 29, 28, 24, 25, 26, 27, 19, 20, 18, 17, 16, 22, 21, 23, 31, 15, 32, 14, 7, 13, 8, 9, 10, 11, 12, 6, 5, 34, 35, 36, 37, 38, 4, 39, 40, 41, 42, 3, 98, 99, 100, 96, 95, 94, 93, 92, 73, 91, 82, 81, 80, 79, 83, 84, 85, 89, 86, 87, 88, 1]","[(1, 74), (74, 42), (42, 77), (77, 95), (95, 97), (97, 94), (94, 72), (72, 73), (73, 76), (76, 82), (82, 78), (78, 79), (79, 75), (75, 84), (84, 90), (90, 85), (85, 101), (101, 87), (87, 2), (2, 1)]","[(1, 0.0), (71, 0.0), (70, 1007.0), (46, 2011.0), (47, 2011.0), (48, 2011.0), (45, 3015.0), (44, 4024.0), (43, 5029.0), (49, 6036.0), (33, 7041.0), (50, 8044.0), (57, 8044.0), (58, 9044.0), (59, 10047.0), (61, 11051.0), (60, 12056.0), (68, 13062.0), (69, 14064.0), (67, 15068.0), (66, 16072.0), (65, 17075.0), (64, 18079.0), (63, 19086.0), (62, 20095.0), (51, 21104.0), (52, 22106.0), (53, 23114.0), (54, 24120.0), (55, 25123.0), (56, 26123.0), (30, 27131.0), (29, 28131.0), (28, 29140.0), (24, 30146.0), (25, 31151.0), (26, 32154.0), (27, 33156.0), (19, 34158.0), (20, 35163.0), (18, 36163.0), (17, 37170.0), (16, 38171.0), (22, 39175.0), (21, 40183.0), (23, 41184.0), (31, 42188.0), (15, 43197.0), (32, 44199.0), (14, 45204.0), (7, 46205.0), (13, 47209.0), (8, 48216.0), (9, 49218.0), (10, 50223.0), (11, 51225.0), (12, 52233.0), (6, 53242.0), (5, 54242.0), (34, 55250.0), (35, 56255.0), (36, 57259.0), (37, 58262.0), (38, 59269.0), (4, 60271.0), (39, 61279.0), (40, 62284.0), (41, 63290.0), (42, 64295.0), (3, 66308.0), (98, 67312.0), (99, 68321.0), (100, 69321.0), (96, 70321.0), (95, 71326.0), (94, 73333.0), (93, 75348.0), (92, 76355.0), (73, 77362.0), (91, 79372.0), (82, 80381.0), (81, 82395.0), (80, 83400.0), (79, 84406.0), (83, 86412.0), (84, 87421.0), (85, 89431.0), (89, 91443.0), (86, 92444.0), (87, 93446.0), (88, 95451.0), (1, 96451.0)]"
VNS,100,1,bench_100_3,ok,-56895.7529,,1202.0266,96,86,10,10,81347.0,138242.7529,1901.5509,96454.0,227504.0,100475.0,7346487,1105.9301,"[9, 11, 12, 46, 14, 16, 15, 18, 21, 19, 20, 22, 23, 24, 25, 26, 33, 27, 30, 28, 29, 41, 42, 40, 39, 31, 32, 36, 35, 34, 63, 37, 38, 64, 65, 60, 61, 62, 70, 71, 69, 68, 67, 66, 56, 59, 43, 44, 45, 57, 47, 48, 8, 7, 6, 49, 96, 50, 51, 55, 53, 54, 52, 95, 94, 93, 92, 91, 76, 75, 74, 73, 72, 80, 79, 78, 77, 81, 82, 83, 87, 88, 86, 84, 85, 101, 2, 58, 4, 97, 3, 98, 89, 90, 99, 100]","[9, 11, 12, 46, 14, 16, 15, 18, 21, 19, 20, 22, 23, 24, 25, 26, 33, 27, 30, 28, 29, 41, 42, 40, 39, 31, 32, 36, 35, 34, 63, 37, 38, 64, 65, 60, 61, 62, 70, 71, 69, 68, 67, 66, 56, 59, 43, 44, 45, 57, 47, 48, 8, 7, 6, 49, 96, 50, 51, 55, 53, 54, 52, 95, 94, 93, 92, 91, 76, 75, 74, 73, 72, 80, 79, 78, 77, 81, 82, 83, 87, 88, 86, 84, 85, 101]","[2, 58, 4, 97, 3, 98, 89, 90, 99, 100]","[53, 93, 76, 72, 81, 87, 86, 85, 101, 1]","[1, 5, 10, 9, 11, 12, 46, 13, 14, 16, 15, 17, 18, 21, 19, 20, 22, 23, 24, 25, 26, 33, 27, 30, 28, 29, 41, 42, 40, 39, 31, 32, 36, 35, 34, 63, 37, 38, 64, 65, 60, 61, 62, 70, 71, 69, 68, 67, 66, 56, 59, 43, 44, 45, 57, 47, 48, 8, 7, 6, 49, 96, 50, 51, 55, 53, 54, 52, 95, 94, 93, 92, 91, 76, 75, 74, 73, 72, 80, 79, 78, 77, 81, 82, 83, 87, 88, 86, 84, 85, 101, 1]","[(1, 2), (2, 53), (53, 58), (58, 93), (93, 4), (4, 76), (76, 97), (97, 72), (72, 3), (3, 81), (81, 98), (98, 87), (87, 89), (89, 86), (86, 90), (90, 85), (85, 99), (99, 101), (101, 100), (100, 1)]","[(1, 0.0), (5, 0.0), (10, 0.0), (9, 0.0), (11, 1001.0), (12, 2003.0), (46, 3012.0), (13, 4019.0), (14, 4019.0), (16, 5021.0), (15, 6021.0), (17, 7029.0), (18, 7029.0), (21, 8033.0), (19, 9034.0), (20, 10034.0), (22, 11038.0), (23, 12047.0), (24, 13048.0), (25, 14055.0), (26, 15060.0), (33, 16062.0), (27, 17064.0), (30, 18069.0), (28, 19073.0), (29, 20074.0), (41, 21082.0), (42, 22090.0), (40, 23096.0), (39, 24102.0), (31, 25104.0), (32, 26109.0), (36, 27114.0), (35, 28123.0), (34, 29127.0), (63, 30136.0), (37, 31142.0), (38, 32148.0), (64, 33155.0), (65, 34159.0), (60, 35167.0), (61, 36172.0), (62, 37176.0), (70, 38178.0), (71, 39187.0), (69, 40194.0), (68, 41200.0), (67, 42205.0), (66, 43214.0), (56, 44223.0), (59, 45224.0), (43, 46225.0), (44, 47228.0), (45, 48236.0), (57, 49242.0), (47, 50251.0), (48, 51260.0), (8, 52265.0), (7, 53268.0), (6, 54272.0), (49, 55280.0), (96, 56288.0), (50, 57291.0), (51, 58297.0), (55, 59306.0), (53, 60311.0), (54, 62316.0), (52, 63324.0), (95, 64329.0), (94, 65332.0), (93, 66332.0), (92, 68342.0), (91, 69349.0), (76, 70358.0), (75, 72370.0), (74, 73374.0), (73, 74377.0), (72, 75381.0), (80, 77386.0), (79, 78392.0), (78, 79395.0), (77, 80401.0), (81, 81405.0), (82, 83407.0), (83, 84413.0), (87, 85415.0), (88, 87423.0), (86, 88430.0), (84, 90443.0), (85, 91443.0), (101, 93446.0), (1, 95449.0)]"
VNS,100,5,bench_100_3,ok,-59430.403,,1206.0874,98,88,10,10,82432.0,141862.403,1951.3398,98462.0,227504.0,100475.0,6055307,765.0768,"[97, 6, 7, 8, 48, 47, 12, 46, 14, 16, 15, 18, 21, 19, 20, 22, 23, 24, 25, 26, 27, 33, 34, 35, 63, 36, 32, 31, 39, 30, 28, 29, 41, 42, 40, 38, 37, 64, 65, 59, 43, 44, 45, 57, 58, 56, 66, 67, 68, 60, 61, 62, 70, 69, 71, 72, 73, 53, 54, 55, 51, 52, 50, 96, 95, 94, 93, 92, 91, 76, 75, 74, 79, 80, 78, 77, 81, 82, 83, 84, 86, 87, 88, 90, 89, 99, 100, 101, 11, 9, 10, 49, 4, 5, 85, 2, 98, 3]","[97, 6, 7, 8, 48, 47, 12, 46, 14, 16, 15, 18, 21, 19, 20, 22, 23, 24, 25, 26, 27, 33, 34, 35, 63, 36, 32, 31, 39, 30, 28, 29, 41, 42, 40, 38, 37, 64, 65, 59, 43, 44, 45, 57, 58, 56, 66, 67, 68, 60, 61, 62, 70, 69, 71, 72, 73, 53, 54, 55, 51, 52, 50, 96, 95, 94, 93, 92, 91, 76, 75, 74, 79, 80, 78, 77, 81, 82, 83, 84, 86, 87, 88, 90, 89, 99, 100, 101]","[11, 9, 10, 49, 4, 5, 85, 2, 98, 3]","[72, 52, 93, 91, 79, 82, 83, 89, 100, 1]","[1, 97, 6, 7, 8, 48, 47, 12, 46, 13, 14, 16, 15, 17, 18, 21, 19, 20, 22, 23, 24, 25, 26, 27, 33, 34, 35, 63, 36, 32, 31, 39, 30, 28, 29, 41, 42, 40, 38, 37, 64, 65, 59, 43, 44, 45, 57, 58, 56, 66, 67, 68, 60, 61, 62, 70, 69, 71, 72, 73, 53, 54, 55, 51, 52, 50, 96, 95, 94, 93, 92, 91, 76, 75, 74, 79, 80, 78, 77, 81, 82, 83, 84, 86, 87, 88, 90, 89, 99, 100, 101, 1]","[(1, 11), (11, 72), (72, 9), (9, 52), (52, 10), (10, 93), (93, 49), (49, 91), (91, 4), (4, 79), (79, 5), (5, 82), (82, 85), (85, 83), (83, 2), (2, 89), (89, 98), (98, 100), (100, 3), (3, 1)]","[(1, 0.0), (97, 0.0), (6, 1001.0), (7, 2009.0), (8, 3013.0), (48, 4016.0), (47, 5021.0), (12, 6030.0), (46, 7039.0), (13, 8046.0), (14, 8046.0), (16, 9048.0), (15, 10048.0), (17, 11056.0), (18, 11056.0), (21, 12060.0), (19, 13061.0), (20, 14061.0), (22, 15065.0), (23, 16074.0), (24, 17075.0), (25, 18082.0), (26, 19087.0), (27, 20089.0), (33, 21094.0), (34, 22096.0), (35, 23105.0), (63, 24109.0), (36, 25115.0), (32, 26124.0), (31, 27129.0), (39, 28134.0), (30, 29136.0), (28, 30140.0), (29, 31141.0), (41, 32149.0), (42, 33157.0), (40, 34163.0), (38, 35169.0), (37, 36176.0), (64, 37182.0), (65, 38186.0), (59, 39194.0), (43, 40195.0), (44, 41198.0), (45, 42206.0), (57, 43212.0), (58, 44221.0), (56, 45225.0), (66, 46226.0), (67, 47235.0), (68, 48244.0), (60, 49249.0), (61, 50254.0), (62, 51258.0), (70, 52260.0), (69, 53269.0), (71, 54275.0), (72, 55282.0), (73, 57288.0), (53, 58292.0), (54, 59296.0), (55, 60304.0), (51, 61309.0), (52, 62318.0), (50, 64324.0), (96, 65330.0), (95, 66333.0), (94, 67336.0), (93, 68336.0), (92, 70349.0), (91, 71356.0), (76, 73373.0), (75, 74380.0), (74, 75384.0), (79, 76387.0), (80, 78395.0), (78, 79401.0), (77, 80407.0), (81, 81411.0), (82, 82411.0), (83, 84418.0), (84, 86420.0), (86, 87420.0), (87, 88428.0), (88, 89436.0), (90, 90443.0), (89, 91446.0), (99, 93452.0), (100, 94455.0), (101, 96460.0), (1, 97460.0)]"
VNS,100,9,bench_100_3,ok,-63205.1836,,1203.4518,96,87,9,10,81247.0,144452.1836,1986.9626,96466.0,227504.0,100475.0,6735768,601.8459,"[92, 76, 75, 74, 72, 71, 69, 70, 61, 63, 35, 34, 27, 26, 25, 24, 23, 22, 20, 19, 15, 16, 13, 14, 18, 21, 42, 40, 41, 29, 28, 30, 39, 31, 32, 36, 37, 38, 64, 65, 60, 68, 67, 66, 56, 58, 59, 43, 44, 45, 46, 57, 47, 11, 9, 10, 6, 7, 8, 48, 49, 96, 95, 52, 50, 51, 55, 54, 53, 73, 80, 79, 78, 77, 81, 82, 83, 84, 85, 86, 87, 88, 90, 89, 99, 100, 101, 2, 97, 94, 12, 93, 3, 91, 98, 4]","[92, 76, 75, 74, 72, 71, 69, 70, 61, 63, 35, 34, 27, 26, 25, 24, 23, 22, 20, 19, 15, 16, 13, 14, 18, 21, 42, 40, 41, 29, 28, 30, 39, 31, 32, 36, 37, 38, 64, 65, 60, 68, 67, 66, 56, 58, 59, 43, 44, 45, 46, 57, 47, 11, 9, 10, 6, 7, 8, 48, 49, 96, 95, 52, 50, 51, 55, 54, 53, 73, 80, 79, 78, 77, 81, 82, 83, 84, 85, 86, 87, 88, 90, 89, 99, 100, 101]","[2, 97, 94, 12, 93, 3, 91, 98, 4]","[92, 96, 51, 53, 77, 82, 88, 89, 100, 1]","[1, 92, 76, 75, 74, 72, 71, 69, 70, 62, 61, 63, 35, 34, 33, 27, 26, 25, 24, 23, 22, 20, 19, 17, 15, 16, 13, 14, 18, 21, 42, 40, 41, 29, 28, 30, 39, 31, 32, 36, 37, 38, 64, 65, 60, 68, 67, 66, 56, 58, 59, 43, 44, 45, 46, 57, 47, 11, 9, 10, 6, 7, 8, 48, 49, 96, 95, 52, 50, 51, 55, 54, 53, 73, 80, 79, 78, 77, 81, 82, 83, 84, 85, 86, 87, 88, 90, 89, 99, 100, 101, 1]","[(1, 5), (5, 92), (92, 2), (2, 96), (96, 97), (97, 51), (51, 94), (94, 53), (53, 12), (12, 77), (77, 93), (93, 82), (82, 3), (3, 88), (88, 91), (91, 89), (89, 98), (98, 100), (100, 4), (4, 1)]","[(1, 0.0), (92, 0.0), (76, 1007.0), (75, 2014.0), (74, 3018.0), (72, 4021.0), (71, 5025.0), (69, 6032.0), (70, 7038.0), (62, 8047.0), (61, 8047.0), (63, 9051.0), (35, 10057.0), (34, 11061.0), (33, 12070.0), (27, 12070.0), (26, 13075.0), (25, 14077.0), (24, 15082.0), (23, 16089.0), (22, 17090.0), (20, 18099.0), (19, 19103.0), (17, 20103.0), (15, 20103.0), (16, 21111.0), (13, 22111.0), (14, 23120.0), (18, 24122.0), (21, 25126.0), (42, 26127.0), (40, 27133.0), (41, 28139.0), (29, 29147.0), (28, 30155.0), (30, 31156.0), (39, 32160.0), (31, 33162.0), (32, 34167.0), (36, 35172.0), (37, 36181.0), (38, 37187.0), (64, 38194.0), (65, 39198.0), (60, 40206.0), (68, 41211.0), (67, 42216.0), (66, 43225.0), (56, 44234.0), (58, 45235.0), (59, 46239.0), (43, 47240.0), (44, 48243.0), (45, 49251.0), (46, 50257.0), (57, 51264.0), (47, 52273.0), (11, 53282.0), (9, 54284.0), (10, 55285.0), (6, 56292.0), (7, 57300.0), (8, 58304.0), (48, 59307.0), (49, 60312.0), (96, 61320.0), (95, 63324.0), (52, 64327.0), (50, 65332.0), (51, 66338.0), (55, 68348.0), (54, 69353.0), (53, 70361.0), (73, 72365.0), (80, 73369.0), (79, 74375.0), (78, 75378.0), (77, 76384.0), (81, 78397.0), (82, 79397.0), (83, 81409.0), (84, 82411.0), (85, 83411.0), (86, 84411.0), (87, 85419.0), (88, 86427.0), (90, 88436.0), (89, 89439.0), (99, 91453.0), (100, 92456.0), (101, 94461.0), (1, 95461.0)]"
VNS,100,1,bench_100_4,ok,-63983.172,,1201.5644,97,87,10,10,82491.0,146474.172,2014.7754,97444.0,227504.0,100464.0,6416551,976.8615,"[50, 48, 49, 9, 10, 11, 16, 17, 18, 14, 13, 19, 20, 12, 21, 46, 45, 32, 31, 22, 23, 24, 25, 27, 26, 28, 37, 36, 29, 30, 35, 33, 42, 43, 44, 41, 40, 39, 69, 68, 38, 67, 73, 74, 72, 66, 65, 64, 71, 70, 75, 84, 81, 82, 83, 85, 86, 87, 89, 88, 90, 91, 92, 93, 96, 95, 94, 79, 80, 78, 77, 76, 58, 57, 56, 59, 55, 54, 53, 52, 4, 3, 98, 99, 100, 2, 101, 63, 47, 61, 62, 60, 6, 7, 8, 5, 97]","[50, 48, 49, 9, 10, 11, 16, 17, 18, 14, 13, 19, 20, 12, 21, 46, 45, 32, 31, 22, 23, 24, 25, 27, 26, 28, 37, 36, 29, 30, 35, 33, 42, 43, 44, 41, 40, 39, 69, 68, 38, 67, 73, 74, 72, 66, 65, 64, 71, 70, 75, 84, 81, 82, 83, 85, 86, 87, 89, 88, 90, 91, 92, 93, 96, 95, 94, 79, 80, 78, 77, 76, 58, 57, 56, 59, 55, 54, 53, 52, 4, 3, 98, 99, 100, 2, 101]","[63, 47, 61, 62, 60, 6, 7, 8, 5, 97]","[86, 93, 77, 56, 55, 52, 3, 98, 100, 1]","[1, 51, 50, 48, 49, 9, 10, 11, 15, 16, 17, 18, 14, 13, 19, 20, 12, 21, 46, 45, 32, 31, 22, 23, 24, 25, 27, 26, 28, 37, 36, 29, 30, 35, 34, 33, 42, 43, 44, 41, 40, 39, 69, 68, 38, 67, 73, 74, 72, 66, 65, 64, 71, 70, 75, 84, 81, 82, 83, 85, 86, 87, 89, 88, 90, 91, 92, 93, 96, 95, 94, 79, 80, 78, 77, 76, 58, 57, 56, 59, 55, 54, 53, 52, 4, 3, 98, 99, 100, 2, 101, 1]","[(1, 63), (63, 86), (86, 47), (47, 93), (93, 61), (61, 77), (77, 62), (62, 56), (56, 60), (60, 55), (55, 6), (6, 52), (52, 7), (7, 3), (3, 8), (8, 98), (98, 5), (5, 100), (100, 97), (97, 1)]","[(1, 0.0), (51, 0.0), (50, 0.0), (48, 1005.0), (49, 2008.0), (9, 3014.0), (10, 4017.0), (11, 5017.0), (15, 6019.0), (16, 6019.0), (17, 7028.0), (18, 8035.0), (14, 9040.0), (13, 10049.0), (19, 11057.0), (20, 12064.0), (12, 13064.0), (21, 14068.0), (46, 15069.0), (45, 16071.0), (32, 17077.0), (31, 18083.0), (22, 19090.0), (23, 20094.0), (24, 21103.0), (25, 22110.0), (27, 23117.0), (26, 24119.0), (28, 25126.0), (37, 26126.0), (36, 27128.0), (29, 28133.0), (30, 29134.0), (35, 30134.0), (34, 31139.0), (33, 31139.0), (42, 32143.0), (43, 33148.0), (44, 34156.0), (41, 35163.0), (40, 36169.0), (39, 37169.0), (69, 38176.0), (68, 39184.0), (38, 40188.0), (67, 41192.0), (73, 42194.0), (74, 43203.0), (72, 44212.0), (66, 45218.0), (65, 46222.0), (64, 47230.0), (71, 48235.0), (70, 49238.0), (75, 50238.0), (84, 51240.0), (81, 52243.0), (82, 53248.0), (83, 54254.0), (85, 55263.0), (86, 56267.0), (87, 58268.0), (89, 59269.0), (88, 60273.0), (90, 61276.0), (91, 62284.0), (92, 63285.0), (93, 64292.0), (96, 66300.0), (95, 67309.0), (94, 68313.0), (79, 69320.0), (80, 70327.0), (78, 71329.0), (77, 72333.0), (76, 74338.0), (58, 75345.0), (57, 76351.0), (56, 77351.0), (59, 79356.0), (55, 80364.0), (54, 82377.0), (53, 83384.0), (52, 84386.0), (4, 86397.0), (3, 87398.0), (98, 89408.0), (99, 91415.0), (100, 92422.0), (2, 94436.0), (101, 95442.0), (1, 96442.0)]"
VNS,100,5,bench_100_4,ok,-57109.7451,,1204.2274,97,87,10,10,82488.0,139597.7451,1920.1891,97444.0,227504.0,100464.0,5923828,1004.0998,"[92, 87, 86, 85, 81, 82, 80, 78, 79, 77, 76, 75, 74, 73, 72, 71, 70, 64, 65, 66, 67, 38, 37, 36, 35, 30, 29, 28, 27, 26, 25, 24, 23, 22, 32, 31, 33, 42, 40, 39, 68, 69, 41, 43, 44, 45, 46, 21, 12, 20, 13, 19, 18, 17, 16, 15, 14, 11, 10, 9, 49, 48, 47, 63, 61, 60, 59, 58, 57, 56, 55, 54, 53, 52, 51, 50, 6, 7, 8, 5, 4, 3, 98, 99, 100, 2, 101, 89, 91, 88, 97, 95, 62, 94, 96, 93, 90]","[92, 87, 86, 85, 81, 82, 80, 78, 79, 77, 76, 75, 74, 73, 72, 71, 70, 64, 65, 66, 67, 38, 37, 36, 35, 30, 29, 28, 27, 26, 25, 24, 23, 22, 32, 31, 33, 42, 40, 39, 68, 69, 41, 43, 44, 45, 46, 21, 12, 20, 13, 19, 18, 17, 16, 15, 14, 11, 10, 9, 49, 48, 47, 63, 61, 60, 59, 58, 57, 56, 55, 54, 53, 52, 51, 50, 6, 7, 8, 5, 4, 3, 98, 99, 100, 2, 101]","[89, 91, 88, 97, 95, 62, 94, 96, 93, 90]","[19, 48, 59, 55, 50, 7, 3, 99, 100, 1]","[1, 92, 87, 86, 85, 83, 84, 81, 82, 80, 78, 79, 77, 76, 75, 74, 73, 72, 71, 70, 64, 65, 66, 67, 38, 37, 36, 35, 34, 30, 29, 28, 27, 26, 25, 24, 23, 22, 32, 31, 33, 42, 40, 39, 68, 69, 41, 43, 44, 45, 46, 21, 12, 20, 13, 19, 18, 17, 16, 15, 14, 11, 10, 9, 49, 48, 47, 63, 61, 60, 59, 58, 57, 56, 55, 54, 53, 52, 51, 50, 6, 7, 8, 5, 4, 3, 98, 99, 100, 2, 101, 1]","[(1, 89), (89, 19), (19, 91), (91, 48), (48, 88), (88, 59), (59, 97), (97, 55), (55, 95), (95, 50), (50, 62), (62, 7), (7, 94), (94, 3), (3, 96), (96, 99), (99, 93), (93, 100), (100, 90), (90, 1)]","[(1, 0.0), (92, 0.0), (87, 1007.0), (86, 2008.0), (85, 3008.0), (83, 4012.0), (84, 4012.0), (81, 4012.0), (82, 5017.0), (80, 6023.0), (78, 7025.0), (79, 8029.0), (77, 9036.0), (76, 10039.0), (75, 11046.0), (74, 12048.0), (73, 13057.0), (72, 14066.0), (71, 15072.0), (70, 16075.0), (64, 17075.0), (65, 18080.0), (66, 19088.0), (67, 20092.0), (38, 21094.0), (37, 22098.0), (36, 23100.0), (35, 24105.0), (34, 25110.0), (30, 25110.0), (29, 26110.0), (28, 27111.0), (27, 28111.0), (26, 29113.0), (25, 30120.0), (24, 31127.0), (23, 32134.0), (22, 33143.0), (32, 34147.0), (31, 35153.0), (33, 36160.0), (42, 37164.0), (40, 38169.0), (39, 39169.0), (68, 40176.0), (69, 41180.0), (41, 42188.0), (43, 43194.0), (44, 44202.0), (45, 45209.0), (46, 46215.0), (21, 47217.0), (12, 48218.0), (20, 49222.0), (13, 50222.0), (19, 51230.0), (18, 53241.0), (17, 54246.0), (16, 55253.0), (15, 56262.0), (14, 57268.0), (11, 58277.0), (10, 59279.0), (9, 60279.0), (49, 61282.0), (48, 62288.0), (47, 64292.0), (63, 65295.0), (61, 66296.0), (60, 67298.0), (59, 68305.0), (58, 70316.0), (57, 71322.0), (56, 72322.0), (55, 73324.0), (54, 75332.0), (53, 76339.0), (52, 77341.0), (51, 78349.0), (50, 79355.0), (6, 81364.0), (7, 82367.0), (8, 84375.0), (5, 85382.0), (4, 86391.0), (3, 87392.0), (98, 89404.0), (99, 90404.0), (100, 92420.0), (2, 94430.0), (101, 95436.0), (1, 96436.0)]"
VNS,100,9,bench_100_4,ok,-62510.33,,1205.3314,98,88,10,10,82935.0,145445.33,2000.6235,98452.0,227504.0,100464.0,6279883,953.1657,"[101, 92, 91, 88, 89, 87, 86, 85, 81, 82, 80, 78, 79, 95, 96, 94, 77, 76, 75, 72, 74, 73, 66, 65, 64, 71, 70, 58, 57, 56, 59, 60, 61, 63, 69, 39, 68, 67, 38, 36, 37, 28, 27, 26, 25, 24, 23, 22, 32, 31, 33, 34, 30, 29, 35, 40, 41, 42, 43, 44, 45, 46, 21, 12, 20, 13, 19, 18, 17, 16, 15, 14, 11, 10, 49, 48, 47, 62, 50, 51, 6, 7, 8, 5, 4, 3, 98, 99, 93, 97, 9, 55, 53, 54, 52, 100, 2, 90]","[101, 92, 91, 88, 89, 87, 86, 85, 81, 82, 80, 78, 79, 95, 96, 94, 77, 76, 75, 72, 74, 73, 66, 65, 64, 71, 70, 58, 57, 56, 59, 60, 61, 63, 69, 39, 68, 67, 38, 36, 37, 28, 27, 26, 25, 24, 23, 22, 32, 31, 33, 34, 30, 29, 35, 40, 41, 42, 43, 44, 45, 46, 21, 12, 20, 13, 19, 18, 17, 16, 15, 14, 11, 10, 49, 48, 47, 62, 50, 51, 6, 7, 8, 5, 4, 3, 98, 99]","[93, 97, 9, 55, 53, 54, 52, 100, 2, 90]","[41, 17, 11, 48, 62, 6, 7, 3, 99, 1]","[1, 101, 92, 91, 88, 89, 87, 86, 85, 83, 84, 81, 82, 80, 78, 79, 95, 96, 94, 77, 76, 75, 72, 74, 73, 66, 65, 64, 71, 70, 58, 57, 56, 59, 60, 61, 63, 69, 39, 68, 67, 38, 36, 37, 28, 27, 26, 25, 24, 23, 22, 32, 31, 33, 34, 30, 29, 35, 40, 41, 42, 43, 44, 45, 46, 21, 12, 20, 13, 19, 18, 17, 16, 15, 14, 11, 10, 49, 48, 47, 62, 50, 51, 6, 7, 8, 5, 4, 3, 98, 99, 1]","[(1, 93), (93, 41), (41, 97), (97, 17), (17, 9), (9, 11), (11, 55), (55, 48), (48, 53), (53, 62), (62, 54), (54, 6), (6, 52), (52, 7), (7, 100), (100, 3), (3, 2), (2, 99), (99, 90), (90, 1)]","[(1, 0.0), (101, 0.0), (92, 1000.0), (91, 2007.0), (88, 3008.0), (89, 4011.0), (87, 5015.0), (86, 6016.0), (85, 7016.0), (83, 8020.0), (84, 8020.0), (81, 8020.0), (82, 9025.0), (80, 10031.0), (78, 11033.0), (79, 12037.0), (95, 13044.0), (96, 14048.0), (94, 15057.0), (77, 16064.0), (76, 17067.0), (75, 18074.0), (72, 19076.0), (74, 20082.0), (73, 21091.0), (66, 22100.0), (65, 23104.0), (64, 24112.0), (71, 25117.0), (70, 26120.0), (58, 27120.0), (57, 28126.0), (56, 29126.0), (59, 30128.0), (60, 31136.0), (61, 32143.0), (63, 33145.0), (69, 34146.0), (39, 35154.0), (68, 36161.0), (67, 37165.0), (38, 38167.0), (36, 39171.0), (37, 40176.0), (28, 41178.0), (27, 42178.0), (26, 43180.0), (25, 44187.0), (24, 45194.0), (23, 46201.0), (22, 47210.0), (32, 48214.0), (31, 49220.0), (33, 50227.0), (34, 51231.0), (30, 52239.0), (29, 53239.0), (35, 54240.0), (40, 55245.0), (41, 56245.0), (42, 58256.0), (43, 59261.0), (44, 60269.0), (45, 61276.0), (46, 62282.0), (21, 63284.0), (12, 64285.0), (20, 65289.0), (13, 66289.0), (19, 67297.0), (18, 68304.0), (17, 69309.0), (16, 71318.0), (15, 72327.0), (14, 73333.0), (11, 74342.0), (10, 76347.0), (49, 77347.0), (48, 78353.0), (47, 80362.0), (62, 81365.0), (50, 83370.0), (51, 84375.0), (6, 85381.0), (7, 87391.0), (8, 89404.0), (5, 90411.0), (4, 91420.0), (3, 92421.0), (98, 94431.0), (99, 95431.0), (1, 97444.0)]"
VNS,100,1,bench_100_5,ok,-59435.1579,,1200.0001,97,87,10,10,81644.0,141079.1579,1940.5661,97416.0,227504.0,100427.0,5675290,771.5732,"[87, 86, 82, 81, 80, 77, 78, 75, 76, 83, 92, 90, 93, 54, 55, 73, 74, 72, 71, 69, 63, 62, 64, 61, 67, 66, 57, 65, 58, 60, 59, 49, 48, 47, 35, 46, 36, 34, 33, 32, 30, 31, 45, 44, 43, 42, 37, 41, 38, 39, 40, 29, 28, 27, 25, 26, 24, 16, 23, 22, 21, 17, 18, 20, 19, 14, 15, 13, 12, 50, 11, 51, 52, 53, 10, 96, 9, 8, 97, 98, 7, 6, 5, 99, 100, 4, 3, 85, 79, 70, 89, 91, 94, 84, 101, 2, 88]","[87, 86, 82, 81, 80, 77, 78, 75, 76, 83, 92, 90, 93, 54, 55, 73, 74, 72, 71, 69, 63, 62, 64, 61, 67, 66, 57, 65, 58, 60, 59, 49, 48, 47, 35, 46, 36, 34, 33, 32, 30, 31, 45, 44, 43, 42, 37, 41, 38, 39, 40, 29, 28, 27, 25, 26, 24, 16, 23, 22, 21, 17, 18, 20, 19, 14, 15, 13, 12, 50, 11, 51, 52, 53, 10, 96, 9, 8, 97, 98, 7, 6, 5, 99, 100, 4, 3]","[85, 79, 70, 89, 91, 94, 84, 101, 2, 88]","[28, 14, 51, 9, 97, 98, 99, 4, 3, 1]","[1, 87, 86, 82, 81, 80, 77, 78, 75, 76, 83, 92, 90, 93, 95, 54, 55, 56, 73, 74, 72, 71, 69, 68, 63, 62, 64, 61, 67, 66, 57, 65, 58, 60, 59, 49, 48, 47, 35, 46, 36, 34, 33, 32, 30, 31, 45, 44, 43, 42, 37, 41, 38, 39, 40, 29, 28, 27, 25, 26, 24, 16, 23, 22, 21, 17, 18, 20, 19, 14, 15, 13, 12, 50, 11, 51, 52, 53, 10, 96, 9, 8, 97, 98, 7, 6, 5, 99, 100, 4, 3, 1]","[(1, 85), (85, 28), (28, 79), (79, 14), (14, 70), (70, 51), (51, 89), (89, 9), (9, 91), (91, 97), (97, 94), (94, 98), (98, 84), (84, 99), (99, 101), (101, 4), (4, 2), (2, 3), (3, 88), (88, 1)]","[(1, 0.0), (87, 0.0), (86, 1002.0), (82, 2010.0), (81, 3011.0), (80, 4011.0), (77, 5014.0), (78, 6016.0), (75, 7020.0), (76, 8023.0), (83, 9025.0), (92, 10030.0), (90, 11036.0), (93, 12041.0), (95, 13050.0), (54, 13050.0), (55, 14055.0), (56, 15055.0), (73, 15055.0), (74, 16057.0), (72, 17061.0), (71, 18065.0), (69, 19071.0), (68, 20075.0), (63, 20075.0), (62, 21080.0), (64, 22083.0), (61, 23085.0), (67, 24089.0), (66, 25092.0), (57, 26101.0), (65, 27108.0), (58, 28115.0), (60, 29117.0), (59, 30121.0), (49, 31130.0), (48, 32133.0), (47, 33135.0), (35, 34141.0), (46, 35147.0), (36, 36152.0), (34, 37156.0), (33, 38157.0), (32, 39166.0), (30, 40166.0), (31, 41171.0), (45, 42172.0), (44, 43174.0), (43, 44183.0), (42, 45183.0), (37, 46192.0), (41, 47195.0), (38, 48200.0), (39, 49205.0), (40, 50207.0), (29, 51209.0), (28, 52209.0), (27, 54219.0), (25, 55226.0), (26, 56229.0), (24, 57233.0), (16, 58238.0), (23, 59240.0), (22, 60244.0), (21, 61247.0), (17, 62254.0), (18, 63262.0), (20, 64271.0), (19, 65278.0), (14, 66284.0), (15, 68297.0), (13, 69299.0), (12, 70307.0), (50, 71309.0), (11, 72316.0), (51, 73325.0), (52, 75338.0), (53, 76345.0), (10, 77351.0), (96, 78355.0), (9, 79359.0), (8, 81371.0), (97, 82372.0), (98, 84380.0), (7, 86381.0), (6, 87383.0), (5, 88384.0), (99, 89390.0), (100, 91403.0), (4, 92405.0), (3, 94410.0), (1, 96416.0)]"
VNS,100,5,bench_100_5,ok,-66511.388,,1200.572,96,86,10,10,81022.0,147533.388,2029.3451,96410.0,227504.0,100427.0,6941571,73.0064,"[2, 90, 93, 75, 78, 77, 76, 82, 81, 80, 79, 70, 72, 74, 73, 55, 54, 96, 94, 97, 9, 10, 53, 51, 52, 59, 49, 60, 58, 65, 57, 66, 67, 69, 63, 62, 64, 61, 43, 42, 41, 40, 39, 38, 37, 44, 45, 46, 36, 34, 33, 32, 31, 30, 29, 28, 27, 26, 25, 35, 47, 48, 24, 16, 23, 22, 21, 17, 18, 20, 19, 14, 15, 13, 12, 50, 11, 8, 7, 6, 5, 99, 100, 4, 101, 3, 87, 85, 84, 83, 92, 86, 98, 91, 89, 88]","[2, 90, 93, 75, 78, 77, 76, 82, 81, 80, 79, 70, 72, 74, 73, 55, 54, 96, 94, 97, 9, 10, 53, 51, 52, 59, 49, 60, 58, 65, 57, 66, 67, 69, 63, 62, 64, 61, 43, 42, 41, 40, 39, 38, 37, 44, 45, 46, 36, 34, 33, 32, 31, 30, 29, 28, 27, 26, 25, 35, 47, 48, 24, 16, 23, 22, 21, 17, 18, 20, 19, 14, 15, 13, 12, 50, 11, 8, 7, 6, 5, 99, 100, 4, 101, 3]","[87, 85, 84, 83, 92, 86, 98, 91, 89, 88]","[43, 30, 16, 50, 8, 99, 100, 101, 3, 1]","[1, 2, 90, 93, 75, 78, 77, 76, 82, 81, 80, 79, 70, 71, 72, 74, 73, 56, 55, 54, 95, 96, 94, 97, 9, 10, 53, 51, 52, 59, 49, 60, 58, 65, 57, 66, 67, 68, 69, 63, 62, 64, 61, 43, 42, 41, 40, 39, 38, 37, 44, 45, 46, 36, 34, 33, 32, 31, 30, 29, 28, 27, 26, 25, 35, 47, 48, 24, 16, 23, 22, 21, 17, 18, 20, 19, 14, 15, 13, 12, 50, 11, 8, 7, 6, 5, 99, 100, 4, 101, 3, 1]","[(1, 87), (87, 43), (43, 85), (85, 30), (30, 84), (84, 16), (16, 83), (83, 50), (50, 92), (92, 8), (8, 86), (86, 99), (99, 98), (98, 100), (100, 91), (91, 101), (101, 89), (89, 3), (3, 88), (88, 1)]","[(1, 0.0), (2, 0.0), (90, 1000.0), (93, 2005.0), (75, 3014.0), (78, 4017.0), (77, 5021.0), (76, 6023.0), (82, 7025.0), (81, 8026.0), (80, 9026.0), (79, 10029.0), (70, 11035.0), (71, 12039.0), (72, 12039.0), (74, 13043.0), (73, 14047.0), (56, 15049.0), (55, 15049.0), (54, 16049.0), (95, 17054.0), (96, 17054.0), (94, 18058.0), (97, 19059.0), (9, 20064.0), (10, 21068.0), (53, 22072.0), (51, 23078.0), (52, 24087.0), (59, 25094.0), (49, 26103.0), (60, 27106.0), (58, 28110.0), (65, 29112.0), (57, 30119.0), (66, 31126.0), (67, 32135.0), (68, 33138.0), (69, 33138.0), (63, 34142.0), (62, 35147.0), (64, 36150.0), (61, 37152.0), (43, 38156.0), (42, 40158.0), (41, 41167.0), (40, 42172.0), (39, 43174.0), (38, 44176.0), (37, 45181.0), (44, 46184.0), (45, 47193.0), (46, 48195.0), (36, 49200.0), (34, 50204.0), (33, 51205.0), (32, 52214.0), (31, 53214.0), (30, 54215.0), (29, 56228.0), (28, 57228.0), (27, 58230.0), (26, 59237.0), (25, 60241.0), (35, 61244.0), (47, 62250.0), (48, 63256.0), (24, 64258.0), (16, 65263.0), (23, 67271.0), (22, 68275.0), (21, 69278.0), (17, 70285.0), (18, 71293.0), (20, 72302.0), (19, 73309.0), (14, 74315.0), (15, 75322.0), (13, 76324.0), (12, 77332.0), (50, 78334.0), (11, 80346.0), (8, 81355.0), (7, 83362.0), (6, 84364.0), (5, 85365.0), (99, 86371.0), (100, 88386.0), (4, 90388.0), (101, 91390.0), (3, 93396.0), (1, 95410.0)]"
VNS,100,9,bench_100_5,ok,-58909.1958,,1201.7542,96,86,10,10,81073.0,139982.1958,1925.4772,96418.0,227504.0,100427.0,6914979,1134.3321,"[9, 10, 53, 96, 54, 57, 65, 60, 49, 59, 52, 51, 11, 50, 12, 13, 15, 14, 19, 20, 18, 17, 21, 22, 16, 24, 23, 26, 25, 27, 28, 29, 40, 39, 38, 41, 42, 37, 31, 30, 32, 33, 34, 36, 35, 48, 47, 46, 45, 44, 43, 63, 62, 64, 61, 66, 67, 69, 71, 70, 72, 74, 73, 56, 55, 75, 78, 76, 77, 80, 81, 82, 83, 92, 91, 89, 90, 93, 94, 97, 7, 6, 5, 100, 101, 3, 79, 84, 87, 85, 86, 8, 4, 99, 2, 88]","[9, 10, 53, 96, 54, 57, 65, 60, 49, 59, 52, 51, 11, 50, 12, 13, 15, 14, 19, 20, 18, 17, 21, 22, 16, 24, 23, 26, 25, 27, 28, 29, 40, 39, 38, 41, 42, 37, 31, 30, 32, 33, 34, 36, 35, 48, 47, 46, 45, 44, 43, 63, 62, 64, 61, 66, 67, 69, 71, 70, 72, 74, 73, 56, 55, 75, 78, 76, 77, 80, 81, 82, 83, 92, 91, 89, 90, 93, 94, 97, 7, 6, 5, 100, 101, 3]","[79, 84, 87, 85, 86, 8, 4, 99, 2, 88]","[82, 91, 89, 93, 97, 5, 100, 101, 3, 1]","[1, 98, 9, 10, 53, 96, 95, 54, 57, 65, 58, 60, 49, 59, 52, 51, 11, 50, 12, 13, 15, 14, 19, 20, 18, 17, 21, 22, 16, 24, 23, 26, 25, 27, 28, 29, 40, 39, 38, 41, 42, 37, 31, 30, 32, 33, 34, 36, 35, 48, 47, 46, 45, 44, 43, 63, 62, 64, 61, 66, 67, 68, 69, 71, 70, 72, 74, 73, 56, 55, 75, 78, 76, 77, 80, 81, 82, 83, 92, 91, 89, 90, 93, 94, 97, 7, 6, 5, 100, 101, 3, 1]","[(1, 79), (79, 82), (82, 84), (84, 91), (91, 87), (87, 89), (89, 85), (85, 93), (93, 86), (86, 97), (97, 8), (8, 5), (5, 4), (4, 100), (100, 99), (99, 101), (101, 2), (2, 3), (3, 88), (88, 1)]","[(1, 0.0), (98, 0.0), (9, 0.0), (10, 1004.0), (53, 2008.0), (96, 3014.0), (95, 4018.0), (54, 4018.0), (57, 5023.0), (65, 6030.0), (58, 7037.0), (60, 7037.0), (49, 8041.0), (59, 9044.0), (52, 10053.0), (51, 11060.0), (11, 12069.0), (50, 13078.0), (12, 14085.0), (13, 15087.0), (15, 16095.0), (14, 17097.0), (19, 18104.0), (20, 19110.0), (18, 20117.0), (17, 21126.0), (21, 22134.0), (22, 23141.0), (16, 24144.0), (24, 25146.0), (23, 26151.0), (26, 27155.0), (25, 28159.0), (27, 29162.0), (28, 30169.0), (29, 31171.0), (40, 32171.0), (39, 33173.0), (38, 34175.0), (41, 35180.0), (42, 36185.0), (37, 37194.0), (31, 38197.0), (30, 39198.0), (32, 40203.0), (33, 41203.0), (34, 42212.0), (36, 43213.0), (35, 44217.0), (48, 45223.0), (47, 46225.0), (46, 47231.0), (45, 48236.0), (44, 49238.0), (43, 50247.0), (63, 51247.0), (62, 52252.0), (64, 53255.0), (61, 54257.0), (66, 55261.0), (67, 56270.0), (68, 57273.0), (69, 57273.0), (71, 58277.0), (70, 59283.0), (72, 60287.0), (74, 61291.0), (73, 62295.0), (56, 63297.0), (55, 64301.0), (75, 65301.0), (78, 66304.0), (76, 67308.0), (77, 68310.0), (80, 69312.0), (81, 70315.0), (82, 71315.0), (83, 73322.0), (92, 74327.0), (91, 75333.0), (89, 77342.0), (90, 79352.0), (93, 80357.0), (94, 82374.0), (97, 83375.0), (7, 85388.0), (6, 86390.0), (5, 87391.0), (100, 89398.0), (101, 91402.0), (3, 93412.0), (1, 95418.0)]"
VNS,5,0,bench_5_1,ok,-30367.6626,81.5667,10.0001,2,1,1,3,1944.0,32311.6626,444.452,2006.0,11375.0,5015.0,2355011,0.0036,"[2, 6]",[2],[6],"[2, 5, 1]","[1, 2, 5, 1]","[(1, 4), (4, 2), (2, 3), (3, 5), (5, 6), (6, 1)]","[(1, 0.0), (2, 0.0), (5, 1002.0), (1, 1002.0)]"
VNS,5,2,bench_5_1,ok,-30367.6626,81.5667,10.0001,2,1,1,3,1944.0,32311.6626,444.452,2006.0,11375.0,5015.0,2342873,0.0036,"[2, 6]",[2],[6],"[2, 5, 1]","[1, 2, 5, 1]","[(1, 4), (4, 2), (2, 3), (3, 5), (5, 6), (6, 1)]","[(1, 0.0), (2, 0.0), (5, 1002.0), (1, 1002.0)]"
VNS,5,4,bench_5_1,ok,-30367.6626,81.5667,10.0001,2,1,1,3,1944.0,32311.6626,444.452,2006.0,11375.0,5015.0,2298632,0.0039,"[2, 6]",[2],[6],"[2, 5, 1]","[1, 2, 5, 1]","[(1, 4), (4, 2), (2, 3), (3, 5), (5, 6), (6, 1)]","[(1, 0.0), (2, 0.0), (5, 1002.0), (1, 1002.0)]"
VNS,5,8,bench_5_1,ok,-30367.6626,81.5667,10.0001,2,1,1,3,1944.0,32311.6626,444.452,2006.0,11375.0,5015.0,2318558,0.0039,"[2, 6]",[2],[6],"[2, 5, 1]","[1, 2, 5, 1]","[(1, 4), (4, 2), (2, 3), (3, 5), (5, 6), (6, 1)]","[(1, 0.0), (2, 0.0), (5, 1002.0), (1, 1002.0)]"
VNS,5,0,bench_5_2,ok,-35349.6,111.3534,10.0,1,0,1,3,855.0,36204.6,498.0,1006.0,11375.0,5032.0,2414365,0.0063,[6],[],[6],"[4, 2, 1]","[1, 4, 2, 1]","[(1, 5), (5, 4), (4, 3), (3, 2), (2, 6), (6, 1)]","[(1, 0.0), (4, 0.0), (2, 0.0), (1, 0.0)]"
VNS,5,2,bench_5_2,ok,-35349.6,111.3534,10.0,1,0,1,3,855.0,36204.6,498.0,1006.0,11375.0,5032.0,2394783,0.0044,[6],[],[6],"[4, 2, 1]","[1, 4, 2, 1]","[(1, 5), (5, 4), (4, 3), (3, 2), (2, 6), (6, 1)]","[(1, 0.0), (4, 0.0), (2, 0.0), (1, 0.0)]"
VNS,5,4,bench_5_2,ok,-35349.6,111.3534,10.0001,1,0,1,3,855.0,36204.6,498.0,1006.0,11375.0,5032.0,2414838,0.0057,[6],[],[6],"[4, 2, 1]","[1, 4, 2, 1]","[(1, 5), (5, 4), (4, 3), (3, 2), (2, 6), (6, 1)]","[(1, 0.0), (4, 0.0), (2, 0.0), (1, 0.0)]"
VNS,5,8,bench_5_2,ok,-35349.6,111.3534,10.0001,1,0,1,3,855.0,36204.6,498.0,1006.0,11375.0,5032.0,2406851,0.0041,[6],[],[6],"[4, 2, 1]","[1, 4, 2, 1]","[(1, 5), (5, 4), (4, 3), (3, 2), (2, 6), (6, 1)]","[(1, 0.0), (4, 0.0), (2, 0.0), (1, 0.0)]"
VNS,5,0,bench_5_3,ok,-27075.2,61.8812,10.0,3,1,2,3,2441.0,29516.2,406.0,3017.0,11375.0,5030.0,2234072,0.0149,"[6, 2, 5]",[6],"[2, 5]","[3, 6, 1]","[1, 3, 6, 1]","[(1, 4), (4, 3), (3, 2), (2, 6), (6, 5), (5, 1)]","[(1, 0.0), (3, 0.0), (6, 0.0), (1, 2009.0)]"
VNS,5,2,bench_5_3,ok,-27075.2,61.8812,10.0001,3,1,2,3,2441.0,29516.2,406.0,3017.0,11375.0,5030.0,2239606,0.0969,"[6, 2, 5]",[6],"[2, 5]","[3, 6, 1]","[1, 3, 6, 1]","[(1, 4), (4, 3), (3, 2), (2, 6), (6, 5), (5, 1)]","[(1, 0.0), (3, 0.0), (6, 0.0), (1, 2009.0)]"
VNS,5,4,bench_5_3,ok,-27075.2,61.8812,10.0001,3,1,2,3,2441.0,29516.2,406.0,3017.0,11375.0,5030.0,2260624,0.0667,"[6, 2, 5]",[6],"[2, 5]","[3, 6, 1]","[1, 3, 6, 1]","[(1, 4), (4, 3), (3, 2), (2, 6), (6, 5), (5, 1)]","[(1, 0.0), (3, 0.0), (6, 0.0), (1, 2009.0)]"
VNS,5,8,bench_5_3,ok,-27075.2,61.8812,10.0001,3,1,2,3,2441.0,29516.2,406.0,3017.0,11375.0,5030.0,2263609,0.0804,"[6, 2, 5]",[6],"[2, 5]","[3, 6, 1]","[1, 3, 6, 1]","[(1, 4), (4, 3), (3, 2), (2, 6), (6, 5), (5, 1)]","[(1, 0.0), (3, 0.0), (6, 0.0), (1, 2009.0)]"
VNS,5,0,bench_5_4,ok,-29738.1319,77.8027,10.0001,2,0,2,3,1870.0,31608.1319,434.7749,2010.0,11375.0,5025.0,2307259,0.021,"[3, 6]",[],"[3, 6]","[4, 5, 1]","[1, 4, 5, 1]","[(1, 2), (2, 4), (4, 3), (3, 5), (5, 6), (6, 1)]","[(1, 0.0), (4, 0.0), (5, 0.0), (1, 1003.0)]"
VNS,5,2,bench_5_4,ok,-29738.1319,77.8027,10.0,2,0,2,3,1870.0,31608.1319,434.7749,2010.0,11375.0,5025.0,2284782,0.0123,"[3, 6]",[],"[3, 6]","[4, 5, 1]","[1, 4, 5, 1]","[(1, 2), (2, 4), (4, 3), (3, 5), (5, 6), (6, 1)]","[(1, 0.0), (4, 0.0), (5, 0.0), (1, 1003.0)]"
VNS,5,4,bench_5_4,ok,-29738.1319,77.8027,10.0,2,0,2,3,1870.0,31608.1319,434.7749,2010.0,11375.0,5025.0,2292174,0.0555,"[3, 6]",[],"[3, 6]","[4, 5, 1]","[1, 4, 5, 1]","[(1, 2), (2, 4), (4, 3), (3, 5), (5, 6), (6, 1)]","[(1, 0.0), (4, 0.0), (5, 0.0), (1, 1003.0)]"
VNS,5,8,bench_5_4,ok,-29738.1319,77.8027,10.0001,2,0,2,3,1870.0,31608.1319,434.7749,2010.0,11375.0,5025.0,2277861,0.1,"[3, 6]",[],"[3, 6]","[4, 5, 1]","[1, 4, 5, 1]","[(1, 2), (2, 4), (4, 3), (3, 5), (5, 6), (6, 1)]","[(1, 0.0), (4, 0.0), (5, 0.0), (1, 1003.0)]"
VNS,5,0,bench_5_5,ok,-16725.35,0.0,10.0,5,2,3,3,4394.0,21119.35,290.5,5021.0,11375.0,5021.0,2170110,0.1019,"[6, 2, 5, 3, 4]","[6, 2]","[5, 3, 4]","[6, 2, 1]","[1, 6, 2, 1]","[(1, 5), (5, 6), (6, 3), (3, 2), (2, 4), (4, 1)]","[(1, 0.0), (6, 0.0), (2, 2007.0), (1, 4017.0)]"
VNS,5,2,bench_5_5,ok,-16725.35,0.0,10.0,5,2,3,3,4394.0,21119.35,290.5,5021.0,11375.0,5021.0,2199585,0.041,"[6, 2, 5, 3, 4]","[6, 2]","[5, 3, 4]","[6, 2, 1]","[1, 6, 2, 1]","[(1, 5), (5, 6), (6, 3), (3, 2), (2, 4), (4, 1)]","[(1, 0.0), (6, 0.0), (2, 2007.0), (1, 4017.0)]"
VNS,5,4,bench_5_5,ok,-16725.35,0.0,10.0,5,2,3,3,4394.0,21119.35,290.5,5021.0,11375.0,5021.0,2176844,0.0627,"[6, 2, 5, 3, 4]","[6, 2]","[5, 3, 4]","[6, 2, 1]","[1, 6, 2, 1]","[(1, 5), (5, 6), (6, 3), (3, 2), (2, 4), (4, 1)]","[(1, 0.0), (6, 0.0), (2, 2007.0), (1, 4017.0)]"
VNS,5,8,bench_5_5,ok,-16725.35,0.0,10.0001,5,2,3,3,4394.0,21119.35,290.5,5021.0,11375.0,5021.0,2162540,0.028,"[6, 2, 5, 3, 4]","[6, 2]","[5, 3, 4]","[6, 2, 1]","[1, 6, 2, 1]","[(1, 5), (5, 6), (6, 3), (3, 2), (2, 4), (4, 1)]","[(1, 0.0), (6, 0.0), (2, 2007.0), (1, 4017.0)]"
VNS,10,0,bench_10_1,ok,-37643.0869,36.918,30.0034,5,3,2,5,4841.0,42484.0869,584.3753,5011.0,22750.0,10028.0,4624475,0.844,"[4, 11, 10, 6, 9]","[4, 11, 10]","[6, 9]","[7, 2, 4, 11, 1]","[1, 7, 2, 4, 11, 10, 1]","[(1, 8), (8, 7), (7, 3), (3, 2), (2, 5), (5, 4), (4, 6), (6, 11), (11, 9), (9, 1)]","[(1, 0.0), (7, 0.0), (2, 0.0), (4, 0.0), (11, 1002.0), (10, 3008.0), (1, 4008.0)]"
VNS,10,2,bench_10_1,ok,-37643.0869,36.918,30.0001,5,3,2,5,4841.0,42484.0869,584.3753,5011.0,22750.0,10028.0,4575211,0.2319,"[4, 11, 10, 6, 9]","[4, 11, 10]","[6, 9]","[7, 2, 4, 11, 1]","[1, 7, 2, 4, 11, 10, 1]","[(1, 8), (8, 7), (7, 3), (3, 2), (2, 5), (5, 4), (4, 6), (6, 11), (11, 9), (9, 1)]","[(1, 0.0), (7, 0.0), (2, 0.0), (4, 0.0), (11, 1002.0), (10, 3008.0), (1, 4008.0)]"
VNS,10,4,bench_10_1,ok,-37643.0869,36.918,30.0001,5,3,2,5,4841.0,42484.0869,584.3753,5011.0,22750.0,10028.0,4529364,0.6374,"[4, 11, 10, 6, 9]","[4, 11, 10]","[6, 9]","[7, 2, 4, 11, 1]","[1, 7, 2, 4, 11, 10, 1]","[(1, 8), (8, 7), (7, 3), (3, 2), (2, 5), (5, 4), (4, 6), (6, 11), (11, 9), (9, 1)]","[(1, 0.0), (7, 0.0), (2, 0.0), (4, 0.0), (11, 1002.0), (10, 3008.0), (1, 4008.0)]"
VNS,10,6,bench_10_1,ok,-37643.0869,36.918,30.0004,5,3,2,5,4841.0,42484.0869,584.3753,5011.0,22750.0,10028.0,4575832,1.2772,"[4, 11, 10, 6, 9]","[4, 11, 10]","[6, 9]","[7, 2, 4, 11, 1]","[1, 7, 2, 4, 11, 10, 1]","[(1, 8), (8, 7), (7, 3), (3, 2), (2, 5), (5, 4), (4, 6), (6, 11), (11, 9), (9, 1)]","[(1, 0.0), (7, 0.0), (2, 0.0), (4, 0.0), (11, 1002.0), (10, 3008.0), (1, 4008.0)]"
VNS,10,0,bench_10_2,ok,-38915.5372,41.5462,30.0007,5,2,3,5,4211.0,43126.5372,593.2123,5026.0,22750.0,10050.0,4619586,7.359,"[5, 2, 6, 9, 11]","[5, 2]","[6, 9, 11]","[10, 4, 3, 2, 1]","[1, 10, 4, 5, 3, 2, 1]","[(1, 8), (8, 10), (10, 7), (7, 4), (4, 6), (6, 3), (3, 9), (9, 2), (2, 11), (11, 1)]","[(1, 0.0), (10, 0.0), (4, 0.0), (5, 0.0), (3, 1009.0), (2, 2010.0), (1, 4020.0)]"
VNS,10,2,bench_10_2,ok,-38915.5372,41.5462,30.0001,5,2,3,5,4211.0,43126.5372,593.2123,5026.0,22750.0,10050.0,4615116,0.1057,"[5, 2, 6, 9, 11]","[5, 2]","[6, 9, 11]","[10, 4, 3, 2, 1]","[1, 10, 4, 5, 3, 2, 1]","[(1, 7), (7, 10), (10, 8), (8, 4), (4, 6), (6, 3), (3, 9), (9, 2), (2, 11), (11, 1)]","[(1, 0.0), (10, 0.0), (4, 0.0), (5, 0.0), (3, 1009.0), (2, 2010.0), (1, 4020.0)]"
VNS,10,4,bench_10_2,ok,-38915.5372,41.5462,30.0001,5,2,3,5,4211.0,43126.5372,593.2123,5026.0,22750.0,10050.0,4593295,1.4155,"[5, 2, 6, 9, 11]","[5, 2]","[6, 9, 11]","[10, 4, 3, 2, 1]","[1, 10, 4, 5, 3, 2, 1]","[(1, 8), (8, 10), (10, 7), (7, 4), (4, 6), (6, 3), (3, 9), (9, 2), (2, 11), (11, 1)]","[(1, 0.0), (10, 0.0), (4, 0.0), (5, 0.0), (3, 1009.0), (2, 2010.0), (1, 4020.0)]"
VNS,10,6,bench_10_2,ok,-38915.5372,41.5462,30.0001,5,2,3,5,4211.0,43126.5372,593.2123,5026.0,22750.0,10050.0,4640966,18.0784,"[5, 2, 6, 9, 11]","[5, 2]","[6, 9, 11]","[10, 4, 3, 2, 1]","[1, 10, 4, 5, 3, 2, 1]","[(1, 8), (8, 10), (10, 7), (7, 4), (4, 6), (6, 3), (3, 9), (9, 2), (2, 11), (11, 1)]","[(1, 0.0), (10, 0.0), (4, 0.0), (5, 0.0), (3, 1009.0), (2, 2010.0), (1, 4020.0)]"
VNS,10,0,bench_10_3,ok,-28382.9589,3.2364,30.0001,10,5,5,5,7897.0,36279.9589,499.0366,10056.0,22750.0,10056.0,4783784,1.6164,"[2, 6, 5, 7, 11, 10, 4, 3, 8, 9]","[2, 6, 5, 7, 11]","[10, 4, 3, 8, 9]","[2, 5, 7, 11, 1]","[1, 2, 6, 5, 7, 11, 1]","[(1, 10), (10, 2), (2, 4), (4, 5), (5, 3), (3, 7), (7, 8), (8, 11), (11, 9), (9, 1)]","[(1, 0.0), (2, 0.0), (6, 2010.0), (5, 3016.0), (7, 5033.0), (11, 7049.0), (1, 9056.0)]"
VNS,10,2,bench_10_3,ok,-28382.9589,3.2364,30.0001,10,5,5,5,7897.0,36279.9589,499.0366,10056.0,22750.0,10056.0,4797850,0.0994,"[2, 6, 5, 7, 11, 10, 4, 3, 8, 9]","[2, 6, 5, 7, 11]","[10, 4, 3, 8, 9]","[2, 5, 7, 11, 1]","[1, 2, 6, 5, 7, 11, 1]","[(1, 10), (10, 2), (2, 4), (4, 5), (5, 3), (3, 7), (7, 8), (8, 11), (11, 9), (9, 1)]","[(1, 0.0), (2, 0.0), (6, 2010.0), (5, 3016.0), (7, 5033.0), (11, 7049.0), (1, 9056.0)]"
VNS,10,4,bench_10_3,ok,-28382.9589,3.2364,30.0014,10,5,5,5,7897.0,36279.9589,499.0366,10056.0,22750.0,10056.0,4770460,0.2017,"[2, 6, 5, 7, 11, 10, 4, 3, 8, 9]","[2, 6, 5, 7, 11]","[10, 4, 3, 8, 9]","[2, 5, 7, 11, 1]","[1, 2, 6, 5, 7, 11, 1]","[(1, 10), (10, 2), (2, 4), (4, 5), (5, 3), (3, 7), (7, 8), (8, 11), (11, 9), (9, 1)]","[(1, 0.0), (2, 0.0), (6, 2010.0), (5, 3016.0), (7, 5033.0), (11, 7049.0), (1, 9056.0)]"
VNS,10,6,bench_10_3,ok,-28382.9589,3.2364,30.0037,10,5,5,5,7897.0,36279.9589,499.0366,10056.0,22750.0,10056.0,4765890,0.3703,"[2, 6, 5, 7, 11, 10, 4, 3, 8, 9]","[2, 6, 5, 7, 11]","[10, 4, 3, 8, 9]","[2, 5, 7, 11, 1]","[1, 2, 6, 5, 7, 11, 1]","[(1, 10), (10, 2), (2, 4), (4, 5), (5, 3), (3, 7), (7, 8), (8, 11), (11, 9), (9, 1)]","[(1, 0.0), (2, 0.0), (6, 2010.0), (5, 3016.0), (7, 5033.0), (11, 7049.0), (1, 9056.0)]"
VNS,10,0,bench_10_4,ok,-36395.6646,32.3808,30.0026,7,4,3,4,6408.0,42803.6646,588.7712,7031.0,22750.0,10043.0,4985077,0.519,"[7, 9, 10, 11, 6, 4, 8]","[7, 9, 10, 11]","[6, 4, 8]","[3, 7, 9, 1]","[1, 2, 3, 7, 9, 10, 11, 1]","[(1, 6), (6, 3), (3, 5), (5, 7), (7, 4), (4, 9), (9, 8), (8, 1)]","[(1, 0.0), (2, 0.0), (3, 0.0), (7, 1000.0), (9, 2003.0), (10, 4019.0), (11, 5023.0), (1, 6030.0)]"
VNS,10,2,bench_10_4,ok,-36395.6646,32.3808,30.0001,7,4,3,4,6408.0,42803.6646,588.7712,7031.0,22750.0,10043.0,5006692,0.4598,"[7, 9, 10, 11, 6, 4, 8]","[7, 9, 10, 11]","[6, 4, 8]","[3, 7, 9, 1]","[1, 2, 3, 7, 9, 10, 11, 1]","[(1, 6), (6, 3), (3, 5), (5, 7), (7, 4), (4, 9), (9, 8), (8, 1)]","[(1, 0.0), (2, 0.0), (3, 0.0), (7, 1000.0), (9, 2003.0), (10, 4019.0), (11, 5023.0), (1, 6030.0)]"
VNS,10,4,bench_10_4,ok,-36395.6646,32.3808,30.0001,7,4,3,4,6408.0,42803.6646,588.7712,7031.0,22750.0,10043.0,5047701,7.784,"[7, 9, 10, 11, 6, 4, 8]","[7, 9, 10, 11]","[6, 4, 8]","[3, 7, 9, 1]","[1, 2, 3, 7, 9, 10, 11, 1]","[(1, 6), (6, 3), (3, 5), (5, 7), (7, 4), (4, 9), (9, 8), (8, 1)]","[(1, 0.0), (2, 0.0), (3, 0.0), (7, 1000.0), (9, 2003.0), (10, 4019.0), (11, 5023.0), (1, 6030.0)]"
VNS,10,6,bench_10_4,ok,-36395.6646,32.3808,30.0028,7,4,3,4,6408.0,42803.6646,588.7712,7031.0,22750.0,10043.0,5015345,4.732,"[7, 9, 10, 11, 6, 4, 8]","[7, 9, 10, 11]","[6, 4, 8]","[3, 7, 9, 1]","[1, 2, 3, 7, 9, 10, 11, 1]","[(1, 6), (6, 3), (3, 5), (5, 7), (7, 4), (4, 9), (9, 8), (8, 1)]","[(1, 0.0), (2, 0.0), (3, 0.0), (7, 1000.0), (9, 2003.0), (10, 4019.0), (11, 5023.0), (1, 6030.0)]"
VNS,10,0,bench_10_5,ok,-32684.6289,18.8827,30.0002,7,4,3,4,6155.0,38839.6289,534.2452,7038.0,22750.0,10055.0,5036005,1.5889,"[6, 7, 2, 11, 4, 3, 10]","[6, 7, 2, 11]","[4, 3, 10]","[8, 6, 11, 1]","[1, 9, 8, 6, 7, 2, 11, 1]","[(1, 5), (5, 8), (8, 4), (4, 6), (6, 3), (3, 11), (11, 10), (10, 1)]","[(1, 0.0), (9, 0.0), (8, 0.0), (6, 0.0), (7, 2012.0), (2, 3018.0), (11, 4022.0), (1, 6036.0)]"
VNS,10,2,bench_10_5,ok,-32684.6289,18.8827,30.0001,7,4,3,4,6155.0,38839.6289,534.2452,7038.0,22750.0,10055.0,5046259,0.8123,"[6, 7, 2, 11, 4, 3, 10]","[6, 7, 2, 11]","[4, 3, 10]","[8, 6, 11, 1]","[1, 9, 8, 6, 7, 2, 11, 1]","[(1, 5), (5, 8), (8, 4), (4, 6), (6, 3), (3, 11), (11, 10), (10, 1)]","[(1, 0.0), (9, 0.0), (8, 0.0), (6, 0.0), (7, 2012.0), (2, 3018.0), (11, 4022.0), (1, 6036.0)]"
VNS,10,4,bench_10_5,ok,-32684.6289,18.8827,30.0,7,4,3,4,6155.0,38839.6289,534.2452,7038.0,22750.0,10055.0,5069525,0.2996,"[6, 7, 2, 11, 4, 3, 10]","[6, 7, 2, 11]","[4, 3, 10]","[8, 6, 11, 1]","[1, 9, 8, 6, 7, 2, 11, 1]","[(1, 5), (5, 8), (8, 4), (4, 6), (6, 3), (3, 11), (11, 10), (10, 1)]","[(1, 0.0), (9, 0.0), (8, 0.0), (6, 0.0), (7, 2012.0), (2, 3018.0), (11, 4022.0), (1, 6036.0)]"
VNS,10,6,bench_10_5,ok,-32684.6289,18.8827,30.0,7,4,3,4,6155.0,38839.6289,534.2452,7038.0,22750.0,10055.0,5074816,0.1322,"[6, 7, 2, 11, 4, 3, 10]","[6, 7, 2, 11]","[4, 3, 10]","[8, 6, 11, 1]","[1, 9, 8, 6, 7, 2, 11, 1]","[(1, 5), (5, 8), (8, 4), (4, 6), (6, 3), (3, 11), (11, 10), (10, 1)]","[(1, 0.0), (9, 0.0), (8, 0.0), (6, 0.0), (7, 2012.0), (2, 3018.0), (11, 4022.0), (1, 6036.0)]"
VNS,15,2,bench_15_1,ok,-36385.6115,-0.0002,120.0018,11,6,5,7,9094.0,45479.6115,625.5793,11051.0,34126.0,15068.0,6787025,3.6531,"[9, 6, 10, 4, 3, 2, 8, 7, 13, 5, 15]","[9, 6, 10, 4, 3, 2]","[8, 7, 13, 5, 15]","[16, 12, 9, 6, 4, 2, 1]","[1, 16, 12, 9, 6, 10, 4, 3, 2, 1]","[(1, 11), (11, 16), (16, 14), (14, 12), (12, 8), (8, 9), (9, 7), (7, 6), (6, 13), (13, 4), (4, 5), (5, 2), (2, 15), (15, 1)]","[(1, 0.0), (16, 0.0), (12, 0.0), (9, 0.0), (6, 2018.0), (10, 4021.0), (4, 5026.0), (3, 7039.0), (2, 8040.0), (1, 10049.0)]"
VNS,15,6,bench_15_1,ok,-36385.6115,-0.0002,120.0011,11,6,5,7,9094.0,45479.6115,625.5793,11051.0,34126.0,15068.0,6783268,3.3668,"[9, 6, 10, 4, 3, 2, 8, 7, 13, 5, 15]","[9, 6, 10, 4, 3, 2]","[8, 7, 13, 5, 15]","[16, 12, 9, 6, 4, 2, 1]","[1, 16, 12, 9, 6, 10, 4, 3, 2, 1]","[(1, 11), (11, 16), (16, 14), (14, 12), (12, 8), (8, 9), (9, 7), (7, 6), (6, 13), (13, 4), (4, 5), (5, 2), (2, 15), (15, 1)]","[(1, 0.0), (16, 0.0), (12, 0.0), (9, 0.0), (6, 2018.0), (10, 4021.0), (4, 5026.0), (3, 7039.0), (2, 8040.0), (1, 10049.0)]"
VNS,15,2,bench_15_2,ok,-39847.1294,9.5132,120.0026,9,5,4,6,7691.0,47538.1294,653.8945,9041.0,34126.0,15070.0,8576222,18.2722,"[4, 6, 7, 15, 16, 5, 11, 14, 13]","[4, 6, 7, 15, 16]","[5, 11, 14, 13]","[3, 4, 6, 10, 15, 1]","[1, 2, 3, 4, 6, 7, 8, 10, 15, 16, 1]","[(1, 12), (12, 3), (3, 9), (9, 4), (4, 5), (5, 6), (6, 11), (11, 10), (10, 14), (14, 15), (15, 13), (13, 1)]","[(1, 0.0), (2, 0.0), (3, 0.0), (4, 0.0), (6, 1005.0), (7, 3015.0), (8, 4019.0), (10, 4019.0), (15, 5025.0), (16, 7037.0), (1, 8037.0)]"
VNS,15,6,bench_15_2,ok,-39951.7395,9.8007,120.0001,10,5,5,7,8049.0,48000.7395,660.2578,10039.0,34126.0,15070.0,8525781,98.1925,"[4, 7, 8, 15, 16, 5, 6, 11, 12, 13]","[4, 7, 8, 15, 16]","[5, 6, 11, 12, 13]","[9, 3, 4, 7, 10, 15, 1]","[1, 9, 3, 4, 7, 8, 10, 15, 16, 1]","[(1, 14), (14, 9), (9, 2), (2, 3), (3, 5), (5, 4), (4, 6), (6, 7), (7, 11), (11, 10), (10, 12), (12, 15), (15, 13), (13, 1)]","[(1, 0.0), (9, 0.0), (3, 0.0), (4, 0.0), (7, 2014.0), (8, 4019.0), (10, 5019.0), (15, 6025.0), (16, 8035.0), (1, 9035.0)]"
VNS,15,2,bench_15_3,ok,-36689.4522,0.8349,120.0004,11,7,4,5,9182.0,45871.4522,630.9691,11056.0,34126.0,15084.0,9816439,10.2847,"[8, 10, 11, 14, 13, 12, 16, 3, 5, 6, 2]","[8, 10, 11, 14, 13, 12, 16]","[3, 5, 6, 2]","[8, 7, 10, 13, 1]","[1, 15, 9, 8, 7, 10, 11, 14, 13, 12, 16, 1]","[(1, 4), (4, 8), (8, 3), (3, 7), (7, 5), (5, 10), (10, 6), (6, 13), (13, 2), (2, 1)]","[(1, 0.0), (15, 0.0), (9, 0.0), (8, 0.0), (7, 1006.0), (10, 2014.0), (11, 4026.0), (14, 5029.0), (13, 6037.0), (12, 8054.0), (16, 9054.0), (1, 10054.0)]"
VNS,15,6,bench_15_3,ok,-36689.4522,0.8349,120.0001,11,7,4,5,9182.0,45871.4522,630.9691,11056.0,34126.0,15084.0,10100229,1.3254,"[8, 10, 11, 14, 13, 12, 16, 3, 5, 6, 2]","[8, 10, 11, 14, 13, 12, 16]","[3, 5, 6, 2]","[8, 7, 10, 13, 1]","[1, 15, 9, 8, 7, 10, 11, 14, 13, 12, 16, 1]","[(1, 4), (4, 8), (8, 3), (3, 7), (7, 5), (5, 10), (10, 6), (6, 13), (13, 2), (2, 1)]","[(1, 0.0), (15, 0.0), (9, 0.0), (8, 0.0), (7, 1006.0), (10, 2014.0), (11, 4026.0), (14, 5029.0), (13, 6037.0), (12, 8054.0), (16, 9054.0), (1, 10054.0)]"
VNS,15,2,bench_15_4,ok,-35495.4306,-2.4467,120.0014,12,7,5,6,10833.0,46328.4306,637.2549,12056.0,34126.0,15068.0,8433387,19.9356,"[3, 9, 11, 10, 12, 13, 14, 5, 8, 7, 15, 16]","[3, 9, 11, 10, 12, 13, 14]","[5, 8, 7, 15, 16]","[3, 4, 11, 12, 14, 1]","[1, 2, 3, 4, 9, 11, 10, 12, 13, 14, 1]","[(1, 6), (6, 3), (3, 5), (5, 4), (4, 8), (8, 11), (11, 7), (7, 12), (12, 15), (15, 14), (14, 16), (16, 1)]","[(1, 0.0), (2, 0.0), (3, 0.0), (4, 1003.0), (9, 2012.0), (11, 3015.0), (10, 5022.0), (12, 6029.0), (13, 8036.0), (14, 9040.0), (1, 11049.0)]"
VNS,15,6,bench_15_4,ok,-35495.4306,-2.4467,120.053,12,7,5,6,10833.0,46328.4306,637.2549,12056.0,34126.0,15068.0,8463755,5.3241,"[3, 9, 11, 10, 12, 13, 14, 5, 8, 7, 15, 16]","[3, 9, 11, 10, 12, 13, 14]","[5, 8, 7, 15, 16]","[3, 4, 11, 12, 14, 1]","[1, 2, 3, 4, 9, 11, 10, 12, 13, 14, 1]","[(1, 6), (6, 3), (3, 5), (5, 4), (4, 8), (8, 11), (11, 7), (7, 12), (12, 15), (15, 14), (14, 16), (16, 1)]","[(1, 0.0), (2, 0.0), (3, 0.0), (4, 1003.0), (9, 2012.0), (11, 3015.0), (10, 5022.0), (12, 6029.0), (13, 8036.0), (14, 9040.0), (1, 11049.0)]"
VNS,15,2,bench_15_5,ok,-33375.6962,-8.2724,120.0007,11,7,4,5,9306.0,42681.6962,587.0935,11065.0,34126.0,15075.0,10374538,63.6915,"[10, 8, 7, 9, 2, 15, 16, 4, 6, 3, 5]","[10, 8, 7, 9, 2, 15, 16]","[4, 6, 3, 5]","[14, 10, 8, 9, 1]","[1, 14, 12, 11, 10, 8, 7, 9, 2, 15, 16, 1]","[(1, 13), (13, 14), (14, 4), (4, 10), (10, 6), (6, 8), (8, 3), (3, 9), (9, 5), (5, 1)]","[(1, 0.0), (14, 0.0), (12, 0.0), (11, 0.0), (10, 0.0), (8, 2011.0), (7, 4027.0), (9, 5036.0), (2, 7051.0), (15, 8055.0), (16, 9060.0), (1, 10060.0)]"
VNS,15,6,bench_15_5,ok,-35958.302,-1.1746,120.0142,11,6,5,5,8988.0,44946.302,618.2435,11049.0,34126.0,15075.0,10010547,78.0299,"[15, 10, 12, 13, 14, 16, 5, 3, 6, 11, 4]","[15, 10, 12, 13, 14, 16]","[5, 3, 6, 11, 4]","[7, 8, 10, 12, 1]","[1, 15, 2, 9, 7, 8, 10, 12, 13, 14, 16, 1]","[(1, 5), (5, 7), (7, 3), (3, 8), (8, 6), (6, 10), (10, 11), (11, 12), (12, 4), (4, 1)]","[(1, 0.0), (15, 0.0), (2, 1005.0), (9, 1005.0), (7, 1005.0), (8, 2010.0), (10, 3019.0), (12, 5032.0), (13, 7040.0), (14, 8042.0), (16, 9042.0), (1, 10042.0)]"
VNS,20,0,bench_20_1,ok,-40117.5335,0.0668,300.0433,16,9,7,9,13732.0,53849.5335,740.7089,16072.0,45501.0,20094.0,3491786,78.2396,"[8, 10, 9, 16, 12, 13, 18, 17, 21, 4, 7, 15, 14, 6, 19, 20]","[8, 10, 9, 16, 12, 13, 18, 17, 21]","[4, 7, 15, 14, 6, 19, 20]","[2, 3, 8, 9, 16, 13, 17, 21, 1]","[1, 2, 3, 8, 10, 9, 16, 12, 13, 18, 17, 21, 1]","[(1, 11), (11, 2), (2, 5), (5, 3), (3, 4), (4, 8), (8, 7), (7, 9), (9, 15), (15, 16), (16, 14), (14, 13), (13, 6), (6, 17), (17, 19), (19, 21), (21, 20), (20, 1)]","[(1, 0.0), (2, 0.0), (3, 0.0), (8, 0.0), (10, 2009.0), (9, 3018.0), (16, 5029.0), (12, 7036.0), (13, 8040.0), (18, 10048.0), (17, 11052.0), (21, 13058.0), (1, 15069.0)]"
VNS,20,4,bench_20_1,ok,-40193.1184,0.2553,300.0297,16,9,7,9,13732.0,53925.1184,741.7485,16072.0,45501.0,20094.0,3729511,143.2673,"[8, 10, 9, 15, 13, 12, 18, 17, 21, 4, 7, 16, 14, 6, 19, 20]","[8, 10, 9, 15, 13, 12, 18, 17, 21]","[4, 7, 16, 14, 6, 19, 20]","[2, 3, 8, 9, 15, 12, 17, 21, 1]","[1, 2, 3, 8, 10, 9, 15, 13, 12, 18, 17, 21, 1]","[(1, 11), (11, 2), (2, 5), (5, 3), (3, 4), (4, 8), (8, 7), (7, 9), (9, 16), (16, 15), (15, 14), (14, 12), (12, 6), (6, 17), (17, 19), (19, 21), (21, 20), (20, 1)]","[(1, 0.0), (2, 0.0), (3, 0.0), (8, 0.0), (10, 2009.0), (9, 3018.0), (15, 5029.0), (13, 7036.0), (12, 8038.0), (18, 10048.0), (17, 11052.0), (21, 13058.0), (1, 15069.0)]"
VNS,20,8,bench_20_1,ok,-40193.1184,0.2553,300.0276,16,9,7,9,13732.0,53925.1184,741.7485,16072.0,45501.0,20094.0,3437457,112.2927,"[8, 10, 9, 15, 13, 12, 18, 17, 21, 4, 7, 16, 14, 6, 19, 20]","[8, 10, 9, 15, 13, 12, 18, 17, 21]","[4, 7, 16, 14, 6, 19, 20]","[2, 3, 8, 9, 15, 12, 17, 21, 1]","[1, 2, 3, 8, 10, 9, 15, 13, 12, 18, 17, 21, 1]","[(1, 11), (11, 2), (2, 5), (5, 3), (3, 4), (4, 8), (8, 7), (7, 9), (9, 16), (16, 15), (15, 14), (14, 12), (12, 6), (6, 17), (17, 19), (19, 21), (21, 20), (20, 1)]","[(1, 0.0), (2, 0.0), (3, 0.0), (8, 0.0), (10, 2009.0), (9, 3018.0), (15, 5029.0), (13, 7036.0), (12, 8038.0), (18, 10048.0), (17, 11052.0), (21, 13058.0), (1, 15069.0)]"
VNS,20,0,bench_20_2,ok,-40558.27,1.1661,300.0128,14,8,6,8,11843.0,52401.27,720.7878,14066.0,45501.0,20098.0,4783862,54.4928,"[2, 8, 9, 14, 13, 16, 18, 21, 6, 7, 5, 15, 17, 11]","[2, 8, 9, 14, 13, 16, 18, 21]","[6, 7, 5, 15, 17, 11]","[19, 3, 8, 9, 13, 16, 18, 1]","[1, 19, 2, 3, 10, 12, 8, 9, 14, 13, 16, 18, 21, 1]","[(1, 20), (20, 19), (19, 4), (4, 3), (3, 6), (6, 8), (8, 7), (7, 9), (9, 5), (5, 13), (13, 15), (15, 16), (16, 17), (17, 18), (18, 11), (11, 1)]","[(1, 0.0), (19, 0.0), (2, 0.0), (3, 1004.0), (10, 1004.0), (12, 1004.0), (8, 1004.0), (9, 3017.0), (14, 5018.0), (13, 6027.0), (16, 8038.0), (18, 10046.0), (21, 12057.0), (1, 13057.0)]"
VNS,20,4,bench_20_2,ok,-40558.27,1.1661,300.0001,14,8,6,8,11843.0,52401.27,720.7878,14066.0,45501.0,20098.0,4574650,111.7486,"[2, 8, 9, 14, 13, 16, 18, 21, 6, 7, 5, 15, 17, 11]","[2, 8, 9, 14, 13, 16, 18, 21]","[6, 7, 5, 15, 17, 11]","[19, 3, 8, 9, 13, 16, 18, 1]","[1, 19, 2, 3, 10, 12, 8, 9, 14, 13, 16, 18, 21, 1]","[(1, 20), (20, 19), (19, 4), (4, 3), (3, 6), (6, 8), (8, 7), (7, 9), (9, 5), (5, 13), (13, 15), (15, 16), (16, 17), (17, 18), (18, 11), (11, 1)]","[(1, 0.0), (19, 0.0), (2, 0.0), (3, 1004.0), (10, 1004.0), (12, 1004.0), (8, 1004.0), (9, 3017.0), (14, 5018.0), (13, 6027.0), (16, 8038.0), (18, 10046.0), (21, 12057.0), (1, 13057.0)]"
VNS,20,8,bench_20_2,ok,-40940.8824,2.1205,300.0066,14,8,6,9,11884.0,52824.8824,726.6146,14072.0,45501.0,20098.0,3324089,111.2726,"[2, 8, 14, 13, 15, 16, 18, 21, 5, 7, 6, 17, 20, 11]","[2, 8, 14, 13, 15, 16, 18, 21]","[5, 7, 6, 17, 20, 11]","[2, 10, 12, 8, 9, 15, 16, 18, 1]","[1, 2, 10, 12, 8, 9, 14, 13, 15, 16, 18, 21, 1]","[(1, 19), (19, 2), (2, 3), (3, 10), (10, 4), (4, 12), (12, 5), (5, 8), (8, 7), (7, 9), (9, 6), (6, 15), (15, 17), (17, 16), (16, 20), (20, 18), (18, 11), (11, 1)]","[(1, 0.0), (2, 0.0), (10, 1004.0), (12, 1004.0), (8, 1004.0), (9, 3013.0), (14, 4014.0), (13, 5023.0), (15, 6029.0), (16, 8042.0), (18, 10052.0), (21, 12063.0), (1, 13063.0)]"
VNS,20,0,bench_20_3,ok,-35024.6826,-12.6365,300.0079,17,10,7,8,14648.0,49672.6826,683.2556,17091.0,45501.0,20106.0,4619720,161.7564,"[4, 5, 11, 10, 9, 14, 15, 17, 16, 21, 7, 6, 8, 13, 19, 18, 20]","[4, 5, 11, 10, 9, 14, 15, 17, 16, 21]","[7, 6, 8, 13, 19, 18, 20]","[3, 5, 9, 14, 15, 17, 16, 1]","[1, 3, 12, 4, 5, 11, 10, 9, 14, 15, 17, 16, 21, 1]","[(1, 2), (2, 3), (3, 7), (7, 5), (5, 6), (6, 9), (9, 8), (8, 14), (14, 13), (13, 15), (15, 19), (19, 17), (17, 18), (18, 16), (16, 20), (20, 1)]","[(1, 0.0), (3, 0.0), (12, 0.0), (4, 0.0), (5, 1002.0), (11, 3015.0), (10, 4021.0), (9, 5029.0), (14, 7041.0), (15, 9054.0), (17, 11064.0), (16, 13080.0), (21, 15088.0), (1, 16088.0)]"
VNS,20,4,bench_20_3,ok,-40442.7012,0.8779,300.0101,16,8,8,9,13640.0,54082.7012,743.9161,16082.0,45501.0,20106.0,3140393,23.8645,"[7, 8, 13, 14, 15, 17, 16, 21, 4, 9, 5, 6, 19, 3, 18, 20]","[7, 8, 13, 14, 15, 17, 16, 21]","[4, 9, 5, 6, 19, 3, 18, 20]","[12, 11, 10, 7, 13, 15, 17, 16, 1]","[1, 12, 11, 10, 7, 8, 13, 14, 15, 17, 16, 21, 1]","[(1, 2), (2, 12), (12, 4), (4, 11), (11, 9), (9, 10), (10, 5), (5, 7), (7, 6), (6, 13), (13, 19), (19, 15), (15, 3), (3, 17), (17, 18), (18, 16), (16, 20), (20, 1)]","[(1, 0.0), (12, 0.0), (11, 0.0), (10, 1002.0), (7, 2005.0), (8, 4018.0), (13, 5027.0), (14, 7043.0), (15, 8047.0), (17, 10058.0), (16, 12071.0), (21, 14079.0), (1, 15079.0)]"
VNS,20,8,bench_20_3,ok,-35024.6826,-12.6365,300.0192,17,10,7,8,14648.0,49672.6826,683.2556,17091.0,45501.0,20106.0,4546518,99.0276,"[4, 5, 11, 10, 9, 14, 15, 17, 16, 21, 7, 6, 8, 13, 19, 18, 20]","[4, 5, 11, 10, 9, 14, 15, 17, 16, 21]","[7, 6, 8, 13, 19, 18, 20]","[3, 5, 9, 14, 15, 17, 16, 1]","[1, 3, 12, 4, 5, 11, 10, 9, 14, 15, 17, 16, 21, 1]","[(1, 2), (2, 3), (3, 7), (7, 5), (5, 6), (6, 9), (9, 8), (8, 14), (14, 13), (13, 15), (15, 19), (19, 17), (17, 18), (18, 16), (16, 20), (20, 1)]","[(1, 0.0), (3, 0.0), (12, 0.0), (4, 0.0), (5, 1002.0), (11, 3015.0), (10, 4021.0), (9, 5029.0), (14, 7041.0), (15, 9054.0), (17, 11064.0), (16, 13080.0), (21, 15088.0), (1, 16088.0)]"
VNS,20,0,bench_20_4,ok,-37061.8107,-7.5552,300.0209,18,9,9,10,15743.0,52804.8107,726.3385,18081.0,45501.0,20092.0,5670225,70.5274,"[3, 5, 7, 10, 15, 14, 13, 18, 19, 4, 6, 8, 9, 11, 20, 12, 17, 21]","[3, 5, 7, 10, 15, 14, 13, 18, 19]","[4, 6, 8, 9, 11, 20, 12, 17, 21]","[3, 5, 7, 10, 15, 14, 13, 18, 19, 1]","[1, 2, 3, 5, 7, 10, 15, 14, 13, 18, 19, 1]","[(1, 16), (16, 3), (3, 4), (4, 5), (5, 6), (6, 7), (7, 8), (8, 10), (10, 9), (9, 15), (15, 11), (11, 14), (14, 20), (20, 13), (13, 12), (12, 18), (18, 17), (17, 19), (19, 21), (21, 1)]","[(1, 0.0), (2, 0.0), (3, 0.0), (5, 1003.0), (7, 3012.0), (10, 5019.0), (15, 7025.0), (14, 9031.0), (13, 11041.0), (18, 13049.0), (19, 15060.0), (1, 17074.0)]"
VNS,20,4,bench_20_4,ok,-37003.0543,-7.7018,300.0042,18,9,9,10,15946.0,52949.0543,728.3226,18080.0,45501.0,20092.0,6051593,80.1604,"[3, 5, 7, 10, 15, 14, 13, 18, 19, 16, 4, 8, 9, 11, 20, 12, 17, 21]","[3, 5, 7, 10, 15, 14, 13, 18, 19]","[16, 4, 8, 9, 11, 20, 12, 17, 21]","[3, 5, 7, 10, 15, 14, 13, 18, 19, 1]","[1, 2, 3, 5, 7, 10, 15, 14, 13, 18, 19, 1]","[(1, 16), (16, 3), (3, 4), (4, 5), (5, 6), (6, 7), (7, 8), (8, 10), (10, 9), (9, 15), (15, 11), (11, 14), (14, 20), (20, 13), (13, 12), (12, 18), (18, 17), (17, 19), (19, 21), (21, 1)]","[(1, 0.0), (2, 0.0), (3, 0.0), (5, 2009.0), (7, 4018.0), (10, 5018.0), (15, 7024.0), (14, 9030.0), (13, 11040.0), (18, 13048.0), (19, 15059.0), (1, 17073.0)]"
VNS,20,8,bench_20_4,ok,-37003.0543,-7.7018,300.0154,18,9,9,10,15946.0,52949.0543,728.3226,18080.0,45501.0,20092.0,6158245,58.6468,"[3, 5, 7, 10, 15, 14, 13, 18, 19, 16, 4, 8, 9, 11, 20, 12, 17, 21]","[3, 5, 7, 10, 15, 14, 13, 18, 19]","[16, 4, 8, 9, 11, 20, 12, 17, 21]","[3, 5, 7, 10, 15, 14, 13, 18, 19, 1]","[1, 2, 3, 5, 7, 10, 15, 14, 13, 18, 19, 1]","[(1, 16), (16, 3), (3, 4), (4, 5), (5, 6), (6, 7), (7, 8), (8, 10), (10, 9), (9, 15), (15, 11), (11, 14), (14, 20), (20, 13), (13, 12), (12, 18), (18, 17), (17, 19), (19, 21), (21, 1)]","[(1, 0.0), (2, 0.0), (3, 0.0), (5, 2009.0), (7, 4018.0), (10, 5018.0), (15, 7024.0), (14, 9030.0), (13, 11040.0), (18, 13048.0), (19, 15059.0), (1, 17073.0)]"
VNS,20,0,bench_20_5,ok,-38101.3651,-4.9622,300.0385,13,8,5,9,10981.0,49082.3651,675.1357,13074.0,45501.0,20090.0,3306496,149.7659,"[14, 9, 6, 11, 12, 3, 20, 2, 7, 5, 10, 4, 18]","[14, 9, 6, 11, 12, 3, 20, 2]","[7, 5, 10, 4, 18]","[17, 13, 14, 9, 6, 11, 12, 2, 1]","[1, 21, 17, 13, 14, 9, 6, 11, 12, 3, 20, 2, 1]","[(1, 19), (19, 17), (17, 16), (16, 13), (13, 15), (15, 14), (14, 8), (8, 9), (9, 7), (7, 6), (6, 5), (5, 11), (11, 10), (10, 12), (12, 4), (4, 2), (2, 18), (18, 1)]","[(1, 0.0), (21, 0.0), (17, 0.0), (13, 0.0), (14, 0.0), (9, 1004.0), (6, 2009.0), (11, 4023.0), (12, 6037.0), (3, 8052.0), (20, 9056.0), (2, 10061.0), (1, 12072.0)]"
VNS,20,4,bench_20_5,ok,-38061.0954,-5.0627,300.0366,13,8,5,9,10981.0,49042.0954,674.5818,13074.0,45501.0,20090.0,3046660,4.3154,"[14, 9, 6, 10, 11, 12, 3, 20, 7, 5, 4, 2, 18]","[14, 9, 6, 10, 11, 12, 3, 20]","[7, 5, 4, 2, 18]","[17, 16, 14, 9, 6, 10, 12, 20, 1]","[1, 21, 17, 16, 14, 9, 6, 10, 11, 12, 3, 20, 1]","[(1, 19), (19, 17), (17, 15), (15, 16), (16, 13), (13, 14), (14, 8), (8, 9), (9, 7), (7, 6), (6, 5), (5, 10), (10, 4), (4, 12), (12, 2), (2, 20), (20, 18), (18, 1)]","[(1, 0.0), (21, 0.0), (17, 0.0), (16, 0.0), (14, 0.0), (9, 1004.0), (6, 2009.0), (10, 4023.0), (11, 6039.0), (12, 7046.0), (3, 9061.0), (20, 10065.0), (1, 12072.0)]"
VNS,20,8,bench_20_5,ok,-37697.5954,-5.9694,300.0125,13,8,5,9,10981.0,48678.5954,669.5818,13074.0,45501.0,20090.0,3238947,109.2899,"[14, 9, 6, 10, 11, 12, 3, 20, 7, 5, 4, 2, 18]","[14, 9, 6, 10, 11, 12, 3, 20]","[7, 5, 4, 2, 18]","[17, 13, 14, 9, 6, 10, 12, 20, 1]","[1, 21, 17, 13, 14, 9, 6, 10, 11, 12, 3, 20, 1]","[(1, 19), (19, 17), (17, 16), (16, 13), (13, 15), (15, 14), (14, 8), (8, 9), (9, 7), (7, 6), (6, 5), (5, 10), (10, 4), (4, 12), (12, 2), (2, 20), (20, 18), (18, 1)]","[(1, 0.0), (21, 0.0), (17, 0.0), (13, 0.0), (14, 0.0), (9, 1004.0), (6, 2009.0), (10, 4023.0), (11, 6039.0), (12, 7046.0), (3, 9061.0), (20, 10065.0), (1, 12072.0)]"
VNS,30,2,bench_30_1,ok,-42805.3602,,450.0001,28,18,10,10,24703.0,67508.3602,928.5882,28132.0,68251.0,30140.0,6250175,392.626,"[21, 19, 14, 15, 11, 10, 9, 8, 16, 17, 7, 6, 30, 5, 4, 3, 31, 2, 26, 24, 23, 13, 12, 22, 18, 25, 28, 27]","[21, 19, 14, 15, 11, 10, 9, 8, 16, 17, 7, 6, 30, 5, 4, 3, 31, 2]","[26, 24, 23, 13, 12, 22, 18, 25, 28, 27]","[29, 21, 15, 10, 8, 17, 30, 3, 2, 1]","[1, 29, 20, 21, 19, 14, 15, 11, 10, 9, 8, 16, 17, 7, 6, 30, 5, 4, 3, 31, 2, 1]","[(1, 26), (26, 29), (29, 24), (24, 21), (21, 23), (23, 15), (15, 13), (13, 10), (10, 12), (12, 8), (8, 22), (22, 17), (17, 18), (18, 30), (30, 25), (25, 3), (3, 28), (28, 2), (2, 27), (27, 1)]","[(1, 0.0), (29, 0.0), (20, 1003.0), (21, 1003.0), (19, 3009.0), (14, 4013.0), (15, 5018.0), (11, 7030.0), (10, 8032.0), (9, 10041.0), (8, 11045.0), (16, 13048.0), (17, 14057.0), (7, 16067.0), (6, 17075.0), (30, 18079.0), (5, 20094.0), (4, 21103.0), (3, 22104.0), (31, 24115.0), (2, 25120.0), (1, 27132.0)]"
VNS,30,6,bench_30_1,ok,-37353.6767,,450.0887,28,18,10,10,25082.0,62435.6767,858.8126,28127.0,68251.0,30140.0,7319228,438.1096,"[30, 6, 7, 8, 11, 15, 14, 13, 19, 21, 20, 22, 23, 26, 25, 28, 31, 2, 4, 5, 9, 12, 16, 18, 24, 27, 29, 3]","[30, 6, 7, 8, 11, 15, 14, 13, 19, 21, 20, 22, 23, 26, 25, 28, 31, 2]","[4, 5, 9, 12, 16, 18, 24, 27, 29, 3]","[17, 10, 14, 19, 22, 23, 26, 28, 2, 1]","[1, 30, 6, 7, 17, 8, 10, 11, 15, 14, 13, 19, 21, 20, 22, 23, 26, 25, 28, 31, 2, 1]","[(1, 4), (4, 17), (17, 5), (5, 10), (10, 9), (9, 14), (14, 12), (12, 19), (19, 16), (16, 22), (22, 18), (18, 23), (23, 24), (24, 26), (26, 27), (27, 28), (28, 29), (29, 2), (2, 3), (3, 1)]","[(1, 0.0), (30, 0.0), (6, 1009.0), (7, 2013.0), (17, 3021.0), (8, 4022.0), (10, 5024.0), (11, 6033.0), (15, 7035.0), (14, 8041.0), (13, 10050.0), (19, 11052.0), (21, 13057.0), (20, 14059.0), (22, 15063.0), (23, 17076.0), (26, 19088.0), (25, 21095.0), (28, 22100.0), (31, 24106.0), (2, 25111.0), (1, 27121.0)]"
VNS,30,2,bench_30_2,ok,-37221.7533,,450.1196,26,19,7,10,21744.0,58965.7533,811.0833,26111.0,68251.0,30134.0,5239488,358.9686,"[30, 3, 15, 14, 13, 9, 8, 10, 12, 18, 20, 19, 21, 22, 23, 24, 26, 27, 31, 7, 11, 6, 17, 16, 25, 2]","[30, 3, 15, 14, 13, 9, 8, 10, 12, 18, 20, 19, 21, 22, 23, 24, 26, 27, 31]","[7, 11, 6, 17, 16, 25, 2]","[30, 15, 14, 9, 12, 19, 22, 24, 26, 1]","[1, 30, 3, 4, 15, 14, 13, 9, 8, 10, 12, 18, 20, 19, 21, 22, 23, 24, 26, 27, 31, 1]","[(1, 28), (28, 30), (30, 29), (29, 15), (15, 5), (5, 14), (14, 7), (7, 9), (9, 11), (11, 12), (12, 6), (6, 19), (19, 17), (17, 22), (22, 16), (16, 24), (24, 25), (25, 26), (26, 2), (2, 1)]","[(1, 0.0), (30, 0.0), (3, 1001.0), (4, 2005.0), (15, 2005.0), (14, 3007.0), (13, 4010.0), (9, 5013.0), (8, 7028.0), (10, 8029.0), (12, 9033.0), (18, 11036.0), (20, 12038.0), (19, 13047.0), (21, 15058.0), (22, 16062.0), (23, 18073.0), (24, 19077.0), (26, 21092.0), (27, 23103.0), (31, 24105.0), (1, 25105.0)]"
VNS,30,6,bench_30_2,ok,-41970.3056,,450.1257,25,16,9,10,20814.0,62784.3056,863.6081,25115.0,68251.0,30134.0,4650344,157.9932,"[20, 12, 10, 9, 17, 13, 14, 5, 15, 4, 2, 3, 30, 29, 28, 31, 25, 19, 11, 8, 7, 6, 16, 27, 24]","[20, 12, 10, 9, 17, 13, 14, 5, 15, 4, 2, 3, 30, 29, 28, 31]","[25, 19, 11, 8, 7, 6, 16, 27, 24]","[23, 20, 18, 10, 9, 14, 15, 2, 28, 1]","[1, 23, 22, 21, 20, 18, 12, 10, 9, 17, 13, 14, 5, 15, 4, 2, 3, 30, 29, 28, 31, 1]","[(1, 26), (26, 23), (23, 25), (25, 20), (20, 19), (19, 18), (18, 11), (11, 10), (10, 8), (8, 9), (9, 7), (7, 14), (14, 6), (6, 15), (15, 16), (16, 2), (2, 27), (27, 28), (28, 24), (24, 1)]","[(1, 0.0), (23, 0.0), (22, 0.0), (21, 0.0), (20, 0.0), (18, 2015.0), (12, 3021.0), (10, 4021.0), (9, 6028.0), (17, 8035.0), (13, 9042.0), (14, 10045.0), (5, 12057.0), (15, 13065.0), (4, 15072.0), (2, 16080.0), (3, 18095.0), (30, 19099.0), (29, 20100.0), (28, 21106.0), (31, 23109.0), (1, 24109.0)]"
VNS,30,2,bench_30_3,ok,-41881.48,,450.0944,26,18,8,10,21811.0,63692.48,876.1001,26125.0,68251.0,30147.0,6641136,45.042,"[15, 6, 7, 8, 9, 11, 10, 12, 19, 21, 20, 22, 23, 25, 28, 27, 26, 31, 13, 14, 18, 29, 17, 24, 30, 2]","[15, 6, 7, 8, 9, 11, 10, 12, 19, 21, 20, 22, 23, 25, 28, 27, 26, 31]","[13, 14, 18, 29, 17, 24, 30, 2]","[4, 15, 7, 9, 12, 20, 23, 25, 27, 1]","[1, 3, 4, 15, 6, 7, 8, 9, 11, 10, 12, 19, 21, 20, 22, 23, 25, 28, 27, 26, 31, 1]","[(1, 5), (5, 4), (4, 16), (16, 15), (15, 13), (13, 7), (7, 14), (14, 9), (9, 18), (18, 12), (12, 29), (29, 20), (20, 17), (17, 23), (23, 24), (24, 25), (25, 30), (30, 27), (27, 2), (2, 1)]","[(1, 0.0), (3, 0.0), (4, 0.0), (15, 0.0), (6, 1006.0), (7, 2008.0), (8, 4019.0), (9, 5028.0), (11, 7037.0), (10, 8038.0), (12, 9043.0), (19, 11056.0), (21, 12063.0), (20, 13067.0), (22, 15077.0), (23, 16084.0), (25, 18096.0), (28, 20104.0), (27, 21112.0), (26, 23123.0), (31, 24123.0), (1, 25123.0)]"
VNS,30,6,bench_30_3,ok,-45140.8774,,450.1103,26,18,8,10,22169.0,67309.8774,925.858,26125.0,68251.0,30147.0,6945163,199.0695,"[23, 20, 21, 12, 10, 11, 8, 7, 6, 15, 14, 13, 18, 4, 16, 29, 30, 31, 25, 17, 9, 2, 5, 27, 28, 26]","[23, 20, 21, 12, 10, 11, 8, 7, 6, 15, 14, 13, 18, 4, 16, 29, 30, 31]","[25, 17, 9, 2, 5, 27, 28, 26]","[23, 21, 10, 7, 13, 4, 29, 30, 31, 1]","[1, 23, 22, 20, 21, 19, 12, 10, 11, 8, 7, 6, 15, 14, 13, 18, 4, 16, 29, 30, 31, 1]","[(1, 3), (3, 23), (23, 24), (24, 21), (21, 25), (25, 10), (10, 17), (17, 7), (7, 9), (9, 13), (13, 2), (2, 4), (4, 5), (5, 29), (29, 27), (27, 30), (30, 28), (28, 31), (31, 26), (26, 1)]","[(1, 0.0), (23, 0.0), (22, 1003.0), (20, 1003.0), (21, 2005.0), (19, 3009.0), (12, 3009.0), (10, 4018.0), (11, 6028.0), (8, 7029.0), (7, 8038.0), (6, 10055.0), (15, 11057.0), (14, 12063.0), (13, 13071.0), (18, 15075.0), (4, 16079.0), (16, 18089.0), (29, 19097.0), (30, 21106.0), (31, 23117.0), (1, 25125.0)]"
VNS,30,2,bench_30_4,ok,-46498.4244,,450.0516,26,17,9,10,22336.0,68834.4244,946.8284,26121.0,68251.0,30139.0,6845965,3.2623,"[7, 6, 9, 11, 15, 14, 10, 12, 13, 24, 23, 25, 26, 20, 27, 28, 29, 2, 4, 16, 22, 30, 21, 18, 19, 31]","[7, 6, 9, 11, 15, 14, 10, 12, 13, 24, 23, 25, 26, 20, 27, 28, 29]","[2, 4, 16, 22, 30, 21, 18, 19, 31]","[3, 8, 15, 13, 23, 26, 20, 28, 29, 1]","[1, 3, 5, 7, 8, 6, 9, 11, 15, 14, 10, 12, 13, 24, 23, 25, 26, 20, 27, 28, 29, 1]","[(1, 17), (17, 3), (3, 2), (2, 8), (8, 4), (4, 15), (15, 16), (16, 13), (13, 22), (22, 23), (23, 30), (30, 26), (26, 21), (21, 20), (20, 18), (18, 28), (28, 19), (19, 29), (29, 31), (31, 1)]","[(1, 0.0), (3, 0.0), (5, 0.0), (7, 0.0), (8, 1009.0), (6, 2014.0), (9, 3016.0), (11, 4016.0), (15, 5022.0), (14, 7031.0), (10, 8037.0), (12, 9037.0), (13, 10042.0), (24, 12049.0), (23, 13057.0), (25, 15062.0), (26, 16068.0), (20, 18074.0), (27, 20087.0), (28, 21094.0), (29, 23105.0), (1, 25114.0)]"
VNS,30,6,bench_30_4,ok,-47651.1903,,450.025,25,17,8,10,21547.0,69198.1903,951.8321,25119.0,68251.0,30139.0,7212221,18.9703,"[7, 9, 11, 15, 14, 10, 12, 13, 24, 23, 25, 26, 20, 19, 27, 28, 29, 4, 16, 22, 30, 21, 18, 2, 31]","[7, 9, 11, 15, 14, 10, 12, 13, 24, 23, 25, 26, 20, 19, 27, 28, 29]","[4, 16, 22, 30, 21, 18, 2, 31]","[5, 7, 15, 13, 23, 26, 20, 27, 29, 1]","[1, 3, 5, 7, 6, 9, 11, 15, 14, 10, 12, 13, 24, 23, 25, 26, 20, 19, 27, 28, 29, 1]","[(1, 17), (17, 5), (5, 8), (8, 7), (7, 4), (4, 15), (15, 16), (16, 13), (13, 22), (22, 23), (23, 30), (30, 26), (26, 21), (21, 20), (20, 18), (18, 27), (27, 2), (2, 29), (29, 31), (31, 1)]","[(1, 0.0), (3, 0.0), (5, 0.0), (7, 0.0), (6, 1009.0), (9, 1009.0), (11, 2009.0), (15, 3015.0), (14, 5024.0), (10, 6030.0), (12, 7030.0), (13, 8035.0), (24, 10042.0), (23, 11050.0), (25, 13055.0), (26, 14061.0), (20, 16067.0), (19, 18080.0), (27, 19082.0), (28, 21096.0), (29, 22100.0), (1, 24112.0)]"
VNS,30,2,bench_30_5,ok,-39606.0637,,450.1459,26,19,7,10,21791.0,61397.0637,844.5263,26112.0,68251.0,30126.0,6968864,175.4642,"[25, 22, 16, 17, 13, 14, 10, 9, 8, 7, 6, 18, 19, 20, 5, 30, 3, 31, 2, 12, 11, 27, 26, 4, 28, 29]","[25, 22, 16, 17, 13, 14, 10, 9, 8, 7, 6, 18, 19, 20, 5, 30, 3, 31, 2]","[12, 11, 27, 26, 4, 28, 29]","[25, 22, 16, 10, 9, 19, 30, 3, 2, 1]","[1, 25, 24, 22, 16, 17, 13, 14, 10, 9, 8, 7, 6, 18, 19, 20, 5, 30, 3, 31, 2, 1]","[(1, 23), (23, 25), (25, 21), (21, 22), (22, 15), (15, 16), (16, 12), (12, 10), (10, 11), (11, 9), (9, 27), (27, 19), (19, 26), (26, 30), (30, 4), (4, 3), (3, 28), (28, 2), (2, 29), (29, 1)]","[(1, 0.0), (25, 0.0), (24, 1004.0), (22, 1004.0), (16, 2008.0), (17, 3010.0), (13, 4015.0), (14, 5024.0), (10, 6025.0), (9, 8036.0), (8, 10045.0), (7, 11052.0), (6, 12059.0), (18, 13068.0), (19, 14077.0), (20, 16089.0), (5, 17095.0), (30, 18099.0), (3, 20106.0), (31, 22110.0), (2, 23110.0), (1, 25112.0)]"
VNS,30,6,bench_30_5,ok,-39610.8654,,450.0512,27,19,8,10,22287.0,61897.8654,851.4149,27113.0,68251.0,30126.0,6090829,448.0879,"[25, 22, 16, 17, 13, 14, 10, 9, 8, 7, 6, 18, 19, 20, 5, 30, 3, 31, 2, 23, 15, 11, 12, 26, 4, 28, 29]","[25, 22, 16, 17, 13, 14, 10, 9, 8, 7, 6, 18, 19, 20, 5, 30, 3, 31, 2]","[23, 15, 11, 12, 26, 4, 28, 29]","[24, 22, 13, 9, 7, 19, 30, 3, 2, 1]","[1, 25, 24, 22, 16, 17, 13, 14, 10, 9, 8, 7, 6, 18, 19, 20, 5, 30, 3, 31, 2, 1]","[(1, 27), (27, 24), (24, 21), (21, 22), (22, 23), (23, 13), (13, 15), (15, 9), (9, 11), (11, 7), (7, 12), (12, 19), (19, 26), (26, 30), (30, 4), (4, 3), (3, 28), (28, 2), (2, 29), (29, 1)]","[(1, 0.0), (25, 0.0), (24, 1004.0), (22, 1004.0), (16, 2008.0), (17, 3010.0), (13, 4015.0), (14, 6028.0), (10, 7029.0), (9, 8033.0), (8, 10040.0), (7, 11047.0), (6, 13058.0), (18, 14067.0), (19, 15076.0), (20, 17090.0), (5, 18096.0), (30, 19100.0), (3, 21107.0), (31, 23111.0), (2, 24111.0), (1, 26113.0)]"
VNS,40,0,bench_40_1,ok,-47578.0104,,600.0517,36,26,10,10,32444.0,80022.0104,1100.7154,36160.0,91001.0,40189.0,6838253,526.5029,"[6, 19, 20, 8, 10, 13, 12, 18, 17, 16, 15, 14, 25, 28, 27, 29, 30, 31, 32, 33, 36, 35, 34, 38, 37, 2, 4, 9, 24, 26, 23, 40, 5, 39, 41, 3]","[6, 19, 20, 8, 10, 13, 12, 18, 17, 16, 15, 14, 25, 28, 27, 29, 30, 31, 32, 33, 36, 35, 34, 38, 37, 2]","[4, 9, 24, 26, 23, 40, 5, 39, 41, 3]","[11, 13, 14, 25, 28, 32, 38, 37, 2, 1]","[1, 6, 7, 22, 19, 20, 21, 8, 10, 11, 13, 12, 18, 17, 16, 15, 14, 25, 28, 27, 29, 30, 31, 32, 33, 36, 35, 34, 38, 37, 2, 1]","[(1, 4), (4, 11), (11, 9), (9, 13), (13, 24), (24, 14), (14, 26), (26, 25), (25, 23), (23, 28), (28, 40), (40, 32), (32, 5), (5, 38), (38, 39), (39, 37), (37, 41), (41, 2), (2, 3), (3, 1)]","[(1, 0.0), (6, 0.0), (7, 1004.0), (22, 1004.0), (19, 1004.0), (20, 2013.0), (21, 3016.0), (8, 3016.0), (10, 4018.0), (11, 5023.0), (13, 6024.0), (12, 8029.0), (18, 9031.0), (17, 10037.0), (16, 11044.0), (15, 12049.0), (14, 13051.0), (25, 15060.0), (28, 17071.0), (27, 19079.0), (29, 20083.0), (30, 21087.0), (31, 22091.0), (32, 23097.0), (33, 25110.0), (36, 26110.0), (35, 27116.0), (34, 28119.0), (38, 29124.0), (37, 31139.0), (2, 33143.0), (1, 35154.0)]"
VNS,40,4,bench_40_1,ok,-49506.9346,,600.1197,36,27,9,10,32139.0,81645.9346,1123.0527,36176.0,91001.0,40189.0,8386792,153.889,"[31, 29, 28, 25, 14, 15, 16, 17, 18, 12, 13, 11, 10, 9, 8, 21, 20, 19, 26, 24, 23, 22, 7, 6, 5, 4, 3, 35, 37, 36, 32, 39, 38, 40, 41, 2]","[31, 29, 28, 25, 14, 15, 16, 17, 18, 12, 13, 11, 10, 9, 8, 21, 20, 19, 26, 24, 23, 22, 7, 6, 5, 4, 3]","[35, 37, 36, 32, 39, 38, 40, 41, 2]","[34, 31, 25, 13, 19, 23, 6, 4, 3, 1]","[1, 34, 30, 31, 29, 27, 28, 25, 14, 15, 16, 17, 18, 12, 13, 11, 10, 9, 8, 21, 20, 19, 26, 24, 23, 22, 7, 6, 5, 4, 3, 1]","[(1, 33), (33, 34), (34, 35), (35, 31), (31, 37), (37, 25), (25, 36), (36, 13), (13, 32), (32, 19), (19, 39), (39, 23), (23, 38), (38, 6), (6, 40), (40, 4), (4, 41), (41, 3), (3, 2), (2, 1)]","[(1, 0.0), (34, 0.0), (30, 0.0), (31, 0.0), (29, 2009.0), (27, 3013.0), (28, 3013.0), (25, 4015.0), (14, 6019.0), (15, 7021.0), (16, 8023.0), (17, 9028.0), (18, 10035.0), (12, 11041.0), (13, 12043.0), (11, 14050.0), (10, 15057.0), (9, 16062.0), (8, 17066.0), (21, 18068.0), (20, 19076.0), (19, 20079.0), (26, 22092.0), (24, 23099.0), (23, 24106.0), (22, 26116.0), (7, 27122.0), (6, 28130.0), (5, 30140.0), (4, 31149.0), (3, 33159.0), (1, 35170.0)]"
VNS,40,8,bench_40_1,ok,-45702.0959,,600.1866,37,27,10,10,33290.0,78992.0959,1086.5488,37168.0,91001.0,40189.0,7706525,282.7192,"[6, 7, 19, 20, 8, 9, 10, 13, 12, 18, 17, 16, 15, 14, 25, 28, 27, 29, 31, 30, 33, 36, 35, 34, 38, 41, 2, 4, 5, 26, 23, 24, 32, 37, 39, 40, 3]","[6, 7, 19, 20, 8, 9, 10, 13, 12, 18, 17, 16, 15, 14, 25, 28, 27, 29, 31, 30, 33, 36, 35, 34, 38, 41, 2]","[4, 5, 26, 23, 24, 32, 37, 39, 40, 3]","[11, 14, 25, 29, 30, 33, 35, 38, 2, 1]","[1, 6, 7, 22, 19, 20, 21, 8, 9, 10, 11, 13, 12, 18, 17, 16, 15, 14, 25, 28, 27, 29, 31, 30, 33, 36, 35, 34, 38, 41, 2, 1]","[(1, 4), (4, 11), (11, 5), (5, 14), (14, 26), (26, 25), (25, 23), (23, 29), (29, 24), (24, 30), (30, 32), (32, 33), (33, 37), (37, 35), (35, 39), (39, 38), (38, 40), (40, 2), (2, 3), (3, 1)]","[(1, 0.0), (6, 0.0), (7, 1004.0), (22, 2012.0), (19, 2012.0), (20, 3021.0), (21, 4024.0), (8, 4024.0), (9, 5026.0), (10, 6030.0), (11, 7035.0), (13, 8036.0), (12, 9037.0), (18, 10039.0), (17, 11045.0), (16, 12052.0), (15, 13057.0), (14, 14059.0), (25, 16070.0), (28, 18081.0), (27, 19083.0), (29, 20087.0), (31, 22097.0), (30, 23103.0), (33, 25114.0), (36, 27118.0), (35, 28124.0), (34, 30127.0), (38, 31132.0), (41, 33142.0), (2, 34147.0), (1, 36162.0)]"
VNS,40,0,bench_40_2,ok,-52593.3827,,600.0219,33,26,7,10,27861.0,80454.3827,1106.6628,33152.0,91001.0,40172.0,7606575,576.3544,"[24, 25, 22, 13, 12, 11, 9, 10, 8, 6, 7, 5, 17, 16, 18, 4, 2, 40, 3, 39, 19, 38, 37, 36, 35, 41, 31, 33, 20, 34, 29, 32, 30]","[24, 25, 22, 13, 12, 11, 9, 10, 8, 6, 7, 5, 17, 16, 18, 4, 2, 40, 3, 39, 19, 38, 37, 36, 35, 41]","[31, 33, 20, 34, 29, 32, 30]","[28, 24, 9, 8, 16, 4, 39, 38, 35, 1]","[1, 28, 27, 24, 25, 21, 22, 13, 12, 15, 11, 9, 10, 8, 6, 7, 5, 17, 16, 18, 4, 2, 40, 3, 39, 19, 38, 37, 36, 35, 41, 1]","[(1, 23), (23, 28), (28, 26), (26, 24), (24, 31), (31, 9), (9, 14), (14, 8), (8, 33), (33, 16), (16, 20), (20, 4), (4, 34), (34, 39), (39, 29), (29, 38), (38, 32), (32, 35), (35, 30), (30, 1)]","[(1, 0.0), (28, 0.0), (27, 0.0), (24, 0.0), (25, 1006.0), (21, 2015.0), (22, 2015.0), (13, 3023.0), (12, 4026.0), (15, 5031.0), (11, 5031.0), (9, 6035.0), (10, 8042.0), (8, 9048.0), (6, 10048.0), (7, 11053.0), (5, 12062.0), (17, 13070.0), (16, 14073.0), (18, 16081.0), (4, 17083.0), (2, 19098.0), (40, 20104.0), (3, 21105.0), (39, 22109.0), (19, 24115.0), (38, 25124.0), (37, 27128.0), (36, 28134.0), (35, 29140.0), (41, 31146.0), (1, 32146.0)]"
VNS,40,4,bench_40_2,ok,-57262.2804,,600.0171,32,24,8,10,27191.0,84453.2804,1161.6682,32143.0,91001.0,40172.0,7578820,339.214,"[24, 25, 22, 13, 12, 11, 9, 10, 6, 7, 17, 16, 20, 19, 38, 39, 18, 4, 2, 3, 40, 36, 35, 41, 29, 8, 26, 30, 32, 31, 37, 34]","[24, 25, 22, 13, 12, 11, 9, 10, 6, 7, 17, 16, 20, 19, 38, 39, 18, 4, 2, 3, 40, 36, 35, 41]","[29, 8, 26, 30, 32, 31, 37, 34]","[28, 22, 7, 17, 23, 38, 4, 36, 35, 1]","[1, 28, 27, 24, 25, 21, 22, 13, 12, 15, 11, 9, 10, 6, 7, 5, 17, 16, 20, 23, 19, 38, 39, 18, 4, 2, 3, 40, 36, 35, 41, 1]","[(1, 33), (33, 28), (28, 14), (14, 22), (22, 29), (29, 7), (7, 8), (8, 17), (17, 26), (26, 23), (23, 30), (30, 38), (38, 32), (32, 4), (4, 31), (31, 36), (36, 37), (37, 35), (35, 34), (34, 1)]","[(1, 0.0), (28, 0.0), (27, 0.0), (24, 0.0), (25, 1006.0), (21, 2015.0), (22, 2015.0), (13, 3023.0), (12, 4026.0), (15, 5031.0), (11, 5031.0), (9, 6035.0), (10, 7036.0), (6, 8042.0), (7, 9047.0), (5, 11057.0), (17, 11057.0), (16, 13060.0), (20, 14063.0), (23, 15070.0), (19, 16074.0), (38, 17083.0), (39, 19092.0), (18, 20096.0), (4, 21098.0), (2, 23111.0), (3, 24117.0), (40, 25121.0), (36, 26122.0), (35, 28134.0), (41, 30141.0), (1, 31141.0)]"
VNS,40,8,bench_40_2,ok,-46490.9116,,600.0075,35,26,9,10,29128.0,75618.9116,1040.1501,35153.0,91001.0,40172.0,6754543,503.8684,"[33, 29, 28, 24, 25, 22, 13, 12, 15, 11, 9, 10, 8, 6, 7, 16, 17, 18, 4, 3, 40, 39, 37, 36, 35, 41, 31, 30, 14, 20, 5, 2, 19, 38, 34]","[33, 29, 28, 24, 25, 22, 13, 12, 15, 11, 9, 10, 8, 6, 7, 16, 17, 18, 4, 3, 40, 39, 37, 36, 35, 41]","[31, 30, 14, 20, 5, 2, 19, 38, 34]","[28, 22, 6, 16, 18, 3, 39, 37, 35, 1]","[1, 33, 32, 29, 28, 27, 26, 24, 25, 21, 22, 13, 12, 15, 11, 9, 10, 8, 6, 7, 16, 17, 18, 4, 3, 40, 39, 37, 36, 35, 41, 1]","[(1, 23), (23, 28), (28, 31), (31, 22), (22, 30), (30, 6), (6, 14), (14, 16), (16, 20), (20, 18), (18, 5), (5, 3), (3, 2), (2, 39), (39, 19), (19, 37), (37, 38), (38, 35), (35, 34), (34, 1)]","[(1, 0.0), (33, 0.0), (32, 1005.0), (29, 1005.0), (28, 2006.0), (27, 3010.0), (26, 3010.0), (24, 3010.0), (25, 4016.0), (21, 5025.0), (22, 5025.0), (13, 7039.0), (12, 8042.0), (15, 9047.0), (11, 10047.0), (9, 11051.0), (10, 12052.0), (8, 13058.0), (6, 14058.0), (7, 16069.0), (16, 17078.0), (17, 19083.0), (18, 20086.0), (4, 22095.0), (3, 23103.0), (40, 25115.0), (39, 26116.0), (37, 28126.0), (36, 30141.0), (35, 31147.0), (41, 33151.0), (1, 34151.0)]"
VNS,40,0,bench_40_3,ok,-53892.195,,600.087,37,27,10,10,31130.0,85022.195,1169.4937,37180.0,91001.0,40203.0,8214411,152.0126,"[26, 27, 23, 15, 13, 14, 16, 12, 11, 10, 9, 8, 7, 19, 18, 17, 22, 39, 20, 4, 5, 6, 2, 3, 38, 40, 41, 32, 31, 30, 29, 21, 33, 37, 35, 36, 34]","[26, 27, 23, 15, 13, 14, 16, 12, 11, 10, 9, 8, 7, 19, 18, 17, 22, 39, 20, 4, 5, 6, 2, 3, 38, 40, 41]","[32, 31, 30, 29, 21, 33, 37, 35, 36, 34]","[23, 10, 22, 20, 5, 3, 38, 40, 41, 1]","[1, 28, 26, 25, 27, 24, 23, 15, 13, 14, 16, 12, 11, 10, 9, 8, 7, 19, 18, 17, 22, 39, 20, 4, 5, 6, 2, 3, 38, 40, 41, 1]","[(1, 32), (32, 23), (23, 31), (31, 10), (10, 30), (30, 22), (22, 29), (29, 20), (20, 21), (21, 5), (5, 33), (33, 3), (3, 37), (37, 38), (38, 35), (35, 40), (40, 36), (36, 41), (41, 34), (34, 1)]","[(1, 0.0), (28, 0.0), (26, 0.0), (25, 1002.0), (27, 1002.0), (24, 2006.0), (23, 2006.0), (15, 4018.0), (13, 5027.0), (14, 6032.0), (16, 7033.0), (12, 8041.0), (11, 9041.0), (10, 10042.0), (9, 12054.0), (8, 13063.0), (7, 14071.0), (19, 15073.0), (18, 16079.0), (17, 17087.0), (22, 18090.0), (39, 20099.0), (20, 21107.0), (4, 23118.0), (5, 24126.0), (6, 26143.0), (2, 27144.0), (3, 28146.0), (38, 30156.0), (40, 32161.0), (41, 34172.0), (1, 36180.0)]"
VNS,40,4,bench_40_3,ok,-51758.6309,,600.0001,34,27,7,10,29049.0,80807.6309,1111.5217,34172.0,91001.0,40203.0,7881043,205.0944,"[37, 29, 26, 27, 23, 15, 13, 14, 16, 12, 11, 10, 9, 8, 7, 19, 18, 17, 22, 5, 6, 4, 20, 39, 38, 3, 2, 32, 35, 21, 30, 40, 41, 36]","[37, 29, 26, 27, 23, 15, 13, 14, 16, 12, 11, 10, 9, 8, 7, 19, 18, 17, 22, 5, 6, 4, 20, 39, 38, 3, 2]","[32, 35, 21, 30, 40, 41, 36]","[37, 28, 27, 10, 22, 5, 39, 38, 2, 1]","[1, 37, 29, 28, 26, 25, 27, 24, 23, 15, 13, 14, 16, 12, 11, 10, 9, 8, 7, 19, 18, 17, 22, 5, 6, 4, 20, 39, 38, 3, 2, 1]","[(1, 34), (34, 37), (37, 33), (33, 28), (28, 31), (31, 27), (27, 32), (32, 10), (10, 35), (35, 22), (22, 21), (21, 5), (5, 30), (30, 39), (39, 40), (40, 38), (38, 41), (41, 2), (2, 36), (36, 1)]","[(1, 0.0), (37, 0.0), (29, 1004.0), (28, 2007.0), (26, 2007.0), (25, 3009.0), (27, 3009.0), (24, 4013.0), (23, 4013.0), (15, 5022.0), (13, 6031.0), (14, 7036.0), (16, 8037.0), (12, 9045.0), (11, 10045.0), (10, 11046.0), (9, 13058.0), (8, 14067.0), (7, 15075.0), (19, 16077.0), (18, 17083.0), (17, 18091.0), (22, 19094.0), (5, 21106.0), (6, 23123.0), (4, 24124.0), (20, 25132.0), (39, 26140.0), (38, 28153.0), (3, 30157.0), (2, 31162.0), (1, 33164.0)]"
VNS,40,8,bench_40_3,ok,-49669.9041,,600.0001,34,26,8,10,29046.0,78715.9041,1082.7497,34176.0,91001.0,40203.0,8106128,590.9506,"[37, 29, 28, 26, 27, 23, 15, 13, 14, 16, 12, 11, 10, 9, 8, 7, 19, 18, 17, 22, 21, 39, 20, 4, 2, 3, 32, 33, 6, 30, 38, 5, 40, 36]","[37, 29, 28, 26, 27, 23, 15, 13, 14, 16, 12, 11, 10, 9, 8, 7, 19, 18, 17, 22, 21, 39, 20, 4, 2, 3]","[32, 33, 6, 30, 38, 5, 40, 36]","[37, 26, 15, 9, 19, 21, 20, 4, 3, 1]","[1, 41, 34, 35, 37, 29, 28, 26, 27, 24, 23, 15, 13, 14, 16, 12, 11, 10, 9, 8, 7, 19, 18, 17, 22, 21, 39, 20, 4, 2, 3, 1]","[(1, 31), (31, 37), (37, 25), (25, 26), (26, 32), (32, 15), (15, 33), (33, 9), (9, 6), (6, 19), (19, 30), (30, 21), (21, 38), (38, 20), (20, 5), (5, 4), (4, 40), (40, 3), (3, 36), (36, 1)]","[(1, 0.0), (41, 0.0), (34, 0.0), (35, 0.0), (37, 0.0), (29, 1004.0), (28, 2007.0), (26, 3014.0), (27, 4016.0), (24, 5020.0), (23, 5020.0), (15, 6029.0), (13, 8041.0), (14, 9046.0), (16, 10047.0), (12, 11055.0), (11, 12055.0), (10, 13056.0), (9, 14065.0), (8, 16079.0), (7, 17087.0), (19, 18089.0), (18, 20096.0), (17, 21104.0), (22, 22107.0), (21, 23111.0), (39, 25125.0), (20, 26133.0), (4, 28142.0), (2, 30158.0), (3, 31160.0), (1, 33168.0)]"
VNS,40,0,bench_40_4,ok,-45914.3835,,600.5145,37,27,10,10,31752.0,77666.3835,1068.3134,37172.0,91001.0,40195.0,7850030,203.8634,"[2, 20, 5, 6, 9, 8, 7, 11, 13, 18, 17, 14, 12, 15, 16, 31, 30, 32, 33, 34, 26, 25, 24, 35, 36, 38, 37, 3, 19, 28, 29, 27, 22, 40, 23, 39, 41]","[2, 20, 5, 6, 9, 8, 7, 11, 13, 18, 17, 14, 12, 15, 16, 31, 30, 32, 33, 34, 26, 25, 24, 35, 36, 38, 37]","[3, 19, 28, 29, 27, 22, 40, 23, 39, 41]","[11, 17, 16, 30, 32, 34, 24, 36, 37, 1]","[1, 2, 4, 21, 20, 5, 6, 9, 10, 8, 7, 11, 13, 18, 17, 14, 12, 15, 16, 31, 30, 32, 33, 34, 26, 25, 24, 35, 36, 38, 37, 1]","[(1, 3), (3, 11), (11, 19), (19, 17), (17, 28), (28, 16), (16, 29), (29, 30), (30, 27), (27, 32), (32, 22), (22, 34), (34, 40), (40, 24), (24, 23), (23, 36), (36, 39), (39, 37), (37, 41), (41, 1)]","[(1, 0.0), (2, 0.0), (4, 1009.0), (21, 1009.0), (20, 1009.0), (5, 2018.0), (6, 3021.0), (9, 4021.0), (10, 5030.0), (8, 5030.0), (7, 6038.0), (11, 7040.0), (13, 9045.0), (18, 10051.0), (17, 11057.0), (14, 13066.0), (12, 14071.0), (15, 15071.0), (16, 16076.0), (31, 18083.0), (30, 19091.0), (32, 21096.0), (33, 23109.0), (34, 24113.0), (26, 26117.0), (25, 27121.0), (24, 28127.0), (35, 30131.0), (36, 31138.0), (38, 33149.0), (37, 34156.0), (1, 36165.0)]"
VNS,40,4,bench_40_4,ok,-44084.4858,,600.0976,39,29,10,10,33578.0,77662.4858,1068.2598,39191.0,91001.0,40195.0,7778666,512.9921,"[36, 35, 34, 27, 29, 30, 31, 16, 14, 12, 17, 18, 13, 11, 7, 10, 8, 9, 6, 5, 20, 21, 28, 23, 22, 4, 3, 41, 2, 33, 15, 32, 19, 25, 40, 24, 38, 39, 37]","[36, 35, 34, 27, 29, 30, 31, 16, 14, 12, 17, 18, 13, 11, 7, 10, 8, 9, 6, 5, 20, 21, 28, 23, 22, 4, 3, 41, 2]","[33, 15, 32, 19, 25, 40, 24, 38, 39, 37]","[13, 9, 21, 28, 23, 22, 4, 41, 2, 1]","[1, 36, 35, 34, 26, 27, 29, 30, 31, 16, 14, 12, 17, 18, 13, 11, 7, 10, 8, 9, 6, 5, 20, 21, 28, 23, 22, 4, 3, 41, 2, 1]","[(1, 33), (33, 13), (13, 15), (15, 9), (9, 32), (32, 21), (21, 19), (19, 28), (28, 25), (25, 23), (23, 40), (40, 22), (22, 24), (24, 4), (4, 38), (38, 41), (41, 39), (39, 2), (2, 37), (37, 1)]","[(1, 0.0), (36, 0.0), (35, 1004.0), (34, 2011.0), (26, 3013.0), (27, 3013.0), (29, 4020.0), (30, 5021.0), (31, 6025.0), (16, 7033.0), (14, 8037.0), (12, 9042.0), (17, 10042.0), (18, 11048.0), (13, 12054.0), (11, 14064.0), (7, 15064.0), (10, 16066.0), (8, 17073.0), (9, 18081.0), (6, 20095.0), (5, 21095.0), (20, 22098.0), (21, 23107.0), (28, 25120.0), (23, 27126.0), (22, 29139.0), (4, 31143.0), (3, 33154.0), (41, 34159.0), (2, 36173.0), (1, 38183.0)]"
VNS,40,8,bench_40_4,ok,-45640.7984,,600.4367,39,29,10,10,33428.0,79068.7984,1087.6038,39188.0,91001.0,40195.0,8218299,488.6954,"[21, 20, 5, 6, 9, 8, 7, 11, 13, 18, 17, 12, 14, 16, 31, 30, 29, 28, 27, 26, 25, 24, 40, 23, 22, 4, 3, 41, 2, 33, 15, 32, 35, 34, 36, 19, 38, 39, 37]","[21, 20, 5, 6, 9, 8, 7, 11, 13, 18, 17, 12, 14, 16, 31, 30, 29, 28, 27, 26, 25, 24, 40, 23, 22, 4, 3, 41, 2]","[33, 15, 32, 35, 34, 36, 19, 38, 39, 37]","[16, 29, 27, 26, 25, 40, 4, 41, 2, 1]","[1, 21, 20, 5, 6, 9, 10, 8, 7, 11, 13, 18, 17, 12, 14, 16, 31, 30, 29, 28, 27, 26, 25, 24, 40, 23, 22, 4, 3, 41, 2, 1]","[(1, 33), (33, 16), (16, 15), (15, 29), (29, 32), (32, 27), (27, 35), (35, 26), (26, 34), (34, 25), (25, 36), (36, 40), (40, 19), (19, 4), (4, 38), (38, 41), (41, 39), (39, 2), (2, 37), (37, 1)]","[(1, 0.0), (21, 0.0), (20, 1007.0), (5, 2016.0), (6, 3019.0), (9, 4019.0), (10, 5028.0), (8, 5028.0), (7, 6036.0), (11, 7038.0), (13, 8038.0), (18, 9044.0), (17, 10050.0), (12, 11056.0), (14, 12056.0), (16, 13061.0), (31, 15069.0), (30, 16077.0), (29, 17081.0), (28, 19087.0), (27, 20090.0), (26, 22103.0), (25, 24114.0), (24, 26122.0), (40, 27124.0), (23, 29130.0), (22, 30137.0), (4, 31139.0), (3, 33151.0), (41, 34156.0), (2, 36170.0), (1, 38180.0)]"
VNS,40,0,bench_40_5,ok,-42455.2767,,600.001,38,29,9,10,31237.0,73692.2767,1013.6489,38175.0,91001.0,40183.0,8178702,589.1735,"[23, 24, 28, 7, 8, 9, 11, 10, 12, 13, 14, 15, 16, 22, 21, 19, 18, 20, 29, 30, 33, 32, 34, 35, 36, 37, 38, 2, 41, 5, 17, 6, 31, 26, 27, 39, 40, 3]","[23, 24, 28, 7, 8, 9, 11, 10, 12, 13, 14, 15, 16, 22, 21, 19, 18, 20, 29, 30, 33, 32, 34, 35, 36, 37, 38, 2, 41]","[5, 17, 6, 31, 26, 27, 39, 40, 3]","[25, 14, 22, 30, 33, 34, 35, 38, 41, 1]","[1, 25, 23, 24, 28, 7, 8, 9, 11, 10, 12, 13, 14, 15, 16, 22, 21, 19, 18, 20, 29, 30, 33, 32, 34, 35, 36, 37, 38, 2, 41, 1]","[(1, 4), (4, 25), (25, 5), (5, 14), (14, 17), (17, 22), (22, 6), (6, 30), (30, 31), (31, 33), (33, 26), (26, 34), (34, 27), (27, 35), (35, 39), (39, 38), (38, 40), (40, 41), (41, 3), (3, 1)]","[(1, 0.0), (25, 0.0), (23, 0.0), (24, 1009.0), (28, 2016.0), (7, 3025.0), (8, 4032.0), (9, 5039.0), (11, 6044.0), (10, 7048.0), (12, 8052.0), (13, 9059.0), (14, 10068.0), (15, 12073.0), (16, 13079.0), (22, 14080.0), (21, 16087.0), (19, 17089.0), (18, 18098.0), (20, 19105.0), (29, 20111.0), (30, 21116.0), (33, 23129.0), (32, 25137.0), (34, 26141.0), (35, 28149.0), (36, 30158.0), (37, 31163.0), (38, 32165.0), (2, 34170.0), (41, 35170.0), (1, 37173.0)]"
VNS,40,4,bench_40_5,ok,-42261.4794,,600.0975,36,27,9,10,29894.0,72155.4794,992.51,36171.0,91001.0,40183.0,7078890,565.43,"[37, 35, 34, 33, 30, 20, 19, 21, 22, 16, 15, 14, 13, 12, 10, 9, 8, 7, 6, 23, 24, 28, 25, 5, 39, 3, 41, 31, 18, 11, 32, 26, 27, 4, 40, 2]","[37, 35, 34, 33, 30, 20, 19, 21, 22, 16, 15, 14, 13, 12, 10, 9, 8, 7, 6, 23, 24, 28, 25, 5, 39, 3, 41]","[31, 18, 11, 32, 26, 27, 4, 40, 2]","[30, 13, 10, 9, 6, 25, 39, 3, 41, 1]","[1, 38, 37, 36, 35, 34, 33, 30, 29, 20, 19, 21, 22, 16, 15, 14, 13, 12, 10, 9, 8, 7, 6, 23, 24, 28, 25, 5, 39, 3, 41, 1]","[(1, 17), (17, 30), (30, 31), (31, 13), (13, 18), (18, 10), (10, 11), (11, 9), (9, 32), (32, 6), (6, 26), (26, 25), (25, 27), (27, 39), (39, 4), (4, 3), (3, 40), (40, 41), (41, 2), (2, 1)]","[(1, 0.0), (38, 0.0), (37, 0.0), (36, 1002.0), (35, 1002.0), (34, 2004.0), (33, 3008.0), (30, 4012.0), (29, 5016.0), (20, 5016.0), (19, 6022.0), (21, 7031.0), (22, 8033.0), (16, 9038.0), (15, 10039.0), (14, 11045.0), (13, 12046.0), (12, 14059.0), (10, 15066.0), (9, 17077.0), (8, 19086.0), (7, 20093.0), (6, 21100.0), (23, 23113.0), (24, 24122.0), (28, 25129.0), (25, 26138.0), (5, 28148.0), (39, 29152.0), (3, 31164.0), (41, 33168.0), (1, 35171.0)]"
VNS,40,8,bench_40_5,ok,-41913.3893,,600.2373,37,27,10,10,30692.0,72605.3893,998.6986,37170.0,91001.0,40183.0,7621958,536.6559,"[35, 34, 33, 30, 20, 18, 19, 21, 22, 13, 14, 16, 15, 10, 11, 8, 7, 6, 23, 24, 28, 25, 5, 39, 3, 41, 2, 36, 17, 12, 9, 31, 27, 4, 40, 37, 38]","[35, 34, 33, 30, 20, 18, 19, 21, 22, 13, 14, 16, 15, 10, 11, 8, 7, 6, 23, 24, 28, 25, 5, 39, 3, 41, 2]","[36, 17, 12, 9, 31, 27, 4, 40, 37, 38]","[13, 10, 11, 8, 24, 25, 39, 3, 2, 1]","[1, 35, 26, 34, 32, 33, 30, 29, 20, 18, 19, 21, 22, 13, 14, 16, 15, 10, 11, 8, 7, 6, 23, 24, 28, 25, 5, 39, 3, 41, 2, 1]","[(1, 36), (36, 13), (13, 17), (17, 10), (10, 12), (12, 11), (11, 9), (9, 8), (8, 31), (31, 24), (24, 27), (27, 25), (25, 4), (4, 39), (39, 40), (40, 3), (3, 37), (37, 2), (2, 38), (38, 1)]","[(1, 0.0), (35, 0.0), (26, 1002.0), (34, 1002.0), (32, 2006.0), (33, 2006.0), (30, 3010.0), (29, 4014.0), (20, 4014.0), (18, 5020.0), (19, 6027.0), (21, 7036.0), (22, 8038.0), (13, 9043.0), (14, 11057.0), (16, 12058.0), (15, 13059.0), (10, 14065.0), (11, 16071.0), (8, 18082.0), (7, 20094.0), (6, 21101.0), (23, 22110.0), (24, 23119.0), (28, 25130.0), (25, 26139.0), (5, 28152.0), (39, 29156.0), (3, 31163.0), (41, 33168.0), (2, 34168.0), (1, 36170.0)]"
VNS,50,0,bench_50_1,ok,-47953.9322,,750.0001,49,39,10,10,43466.0,91419.9322,1257.4956,49219.0,113752.0,50223.0,8470559,139.6538,"[44, 35, 34, 30, 31, 16, 15, 17, 18, 19, 20, 12, 13, 14, 11, 10, 9, 8, 23, 22, 21, 29, 28, 32, 27, 25, 24, 7, 6, 4, 5, 50, 49, 48, 47, 46, 45, 51, 2, 41, 37, 39, 38, 26, 36, 3, 40, 42, 43]","[44, 35, 34, 30, 31, 16, 15, 17, 18, 19, 20, 12, 13, 14, 11, 10, 9, 8, 23, 22, 21, 29, 28, 32, 27, 25, 24, 7, 6, 4, 5, 50, 49, 48, 47, 46, 45, 51, 2]","[41, 37, 39, 38, 26, 36, 3, 40, 42, 43]","[31, 14, 21, 25, 24, 50, 48, 45, 2, 1]","[1, 44, 35, 33, 34, 30, 31, 16, 15, 17, 18, 19, 20, 12, 13, 14, 11, 10, 9, 8, 23, 22, 21, 29, 28, 32, 27, 25, 24, 7, 6, 4, 5, 50, 49, 48, 47, 46, 45, 51, 2, 1]","[(1, 41), (41, 31), (31, 37), (37, 14), (14, 39), (39, 21), (21, 38), (38, 25), (25, 26), (26, 24), (24, 36), (36, 50), (50, 3), (3, 48), (48, 40), (40, 45), (45, 42), (42, 2), (2, 43), (43, 1)]","[(1, 0.0), (44, 0.0), (35, 1006.0), (33, 2010.0), (34, 2010.0), (30, 3012.0), (31, 4016.0), (16, 6024.0), (15, 7025.0), (17, 8027.0), (18, 9029.0), (19, 10034.0), (20, 11041.0), (12, 12047.0), (13, 13049.0), (14, 14055.0), (11, 16062.0), (10, 17069.0), (9, 18074.0), (8, 19078.0), (23, 20080.0), (22, 21088.0), (21, 22091.0), (29, 24100.0), (28, 25101.0), (32, 26106.0), (27, 27113.0), (25, 28120.0), (24, 30130.0), (7, 32140.0), (6, 33148.0), (4, 34152.0), (5, 35153.0), (50, 36162.0), (49, 38175.0), (48, 39176.0), (47, 41187.0), (46, 42189.0), (45, 43193.0), (51, 45202.0), (2, 46207.0), (1, 48219.0)]"
VNS,50,2,bench_50_1,ok,-47264.4879,,750.947,49,39,10,10,43466.0,90730.4879,1248.0122,49219.0,113752.0,50223.0,8215134,59.6868,"[35, 34, 30, 31, 16, 15, 17, 18, 19, 20, 12, 13, 14, 11, 10, 9, 8, 23, 22, 21, 29, 32, 27, 25, 24, 7, 6, 4, 5, 50, 49, 48, 47, 46, 45, 40, 44, 43, 2, 38, 28, 26, 36, 37, 41, 39, 42, 51, 3]","[35, 34, 30, 31, 16, 15, 17, 18, 19, 20, 12, 13, 14, 11, 10, 9, 8, 23, 22, 21, 29, 32, 27, 25, 24, 7, 6, 4, 5, 50, 49, 48, 47, 46, 45, 40, 44, 43, 2]","[38, 28, 26, 36, 37, 41, 39, 42, 51, 3]","[29, 27, 25, 6, 49, 45, 44, 43, 2, 1]","[1, 35, 33, 34, 30, 31, 16, 15, 17, 18, 19, 20, 12, 13, 14, 11, 10, 9, 8, 23, 22, 21, 29, 32, 27, 25, 24, 7, 6, 4, 5, 50, 49, 48, 47, 46, 45, 40, 44, 43, 2, 1]","[(1, 38), (38, 29), (29, 28), (28, 27), (27, 26), (26, 25), (25, 36), (36, 6), (6, 37), (37, 49), (49, 41), (41, 45), (45, 39), (39, 44), (44, 42), (42, 43), (43, 51), (51, 2), (2, 3), (3, 1)]","[(1, 0.0), (35, 0.0), (33, 1004.0), (34, 1004.0), (30, 2006.0), (31, 3010.0), (16, 4015.0), (15, 5016.0), (17, 6018.0), (18, 7020.0), (19, 8025.0), (20, 9032.0), (12, 10038.0), (13, 11040.0), (14, 12046.0), (11, 13047.0), (10, 14054.0), (9, 15059.0), (8, 16063.0), (23, 17065.0), (22, 18073.0), (21, 19076.0), (29, 20085.0), (32, 22090.0), (27, 23097.0), (25, 25109.0), (24, 27119.0), (7, 28125.0), (6, 29133.0), (4, 31141.0), (5, 32142.0), (50, 33151.0), (49, 34160.0), (48, 36167.0), (47, 37172.0), (46, 38174.0), (45, 39178.0), (40, 41185.0), (44, 42190.0), (43, 44196.0), (2, 46202.0), (1, 48213.0)]"
VNS,50,6,bench_50_1,ok,-47147.1808,,750.4067,48,38,10,10,42706.0,89853.1808,1235.9447,48215.0,113752.0,50223.0,8434056,109.9784,"[37, 35, 34, 30, 31, 16, 15, 17, 18, 19, 20, 12, 13, 14, 11, 10, 9, 8, 23, 22, 21, 29, 32, 27, 28, 24, 7, 6, 4, 5, 50, 49, 48, 47, 46, 45, 51, 2, 41, 39, 38, 26, 25, 40, 3, 44, 42, 43]","[37, 35, 34, 30, 31, 16, 15, 17, 18, 19, 20, 12, 13, 14, 11, 10, 9, 8, 23, 22, 21, 29, 32, 27, 28, 24, 7, 6, 4, 5, 50, 49, 48, 47, 46, 45, 51, 2]","[41, 39, 38, 26, 25, 40, 3, 44, 42, 43]","[16, 10, 32, 28, 24, 50, 48, 45, 2, 1]","[1, 36, 37, 35, 33, 34, 30, 31, 16, 15, 17, 18, 19, 20, 12, 13, 14, 11, 10, 9, 8, 23, 22, 21, 29, 32, 27, 28, 24, 7, 6, 4, 5, 50, 49, 48, 47, 46, 45, 51, 2, 1]","[(1, 41), (41, 16), (16, 39), (39, 10), (10, 38), (38, 32), (32, 26), (26, 28), (28, 25), (25, 24), (24, 40), (40, 50), (50, 3), (3, 48), (48, 44), (44, 45), (45, 42), (42, 2), (2, 43), (43, 1)]","[(1, 0.0), (36, 0.0), (37, 0.0), (35, 1006.0), (33, 2010.0), (34, 2010.0), (30, 3012.0), (31, 4016.0), (16, 5021.0), (15, 7025.0), (17, 8027.0), (18, 9029.0), (19, 10034.0), (20, 11041.0), (12, 12047.0), (13, 13049.0), (14, 14055.0), (11, 15056.0), (10, 16063.0), (9, 18068.0), (8, 19072.0), (23, 20074.0), (22, 21082.0), (21, 22085.0), (29, 23094.0), (32, 24095.0), (27, 26106.0), (28, 27113.0), (24, 29122.0), (7, 31134.0), (6, 32142.0), (4, 33146.0), (5, 34147.0), (50, 35156.0), (49, 37170.0), (48, 38171.0), (47, 40182.0), (46, 41184.0), (45, 42188.0), (51, 44198.0), (2, 45203.0), (1, 47215.0)]"
VNS,50,0,bench_50_2,ok,-59727.9637,,750.0001,44,36,8,10,37813.0,97540.9637,1341.6914,44199.0,113752.0,50224.0,8010750,479.7326,"[47, 21, 17, 18, 7, 6, 11, 10, 9, 12, 16, 13, 14, 25, 24, 29, 28, 27, 30, 31, 32, 33, 41, 42, 43, 44, 45, 46, 48, 20, 19, 4, 2, 3, 49, 50, 8, 35, 34, 38, 37, 36, 40, 39]","[47, 21, 17, 18, 7, 6, 11, 10, 9, 12, 16, 13, 14, 25, 24, 29, 28, 27, 30, 31, 32, 33, 41, 42, 43, 44, 45, 46, 48, 20, 19, 4, 2, 3, 49, 50]","[8, 35, 34, 38, 37, 36, 40, 39]","[47, 23, 31, 32, 33, 42, 46, 4, 50, 1]","[1, 47, 21, 23, 17, 18, 5, 7, 6, 11, 10, 9, 12, 16, 13, 15, 14, 25, 24, 29, 28, 27, 30, 31, 22, 32, 33, 41, 42, 43, 44, 45, 46, 48, 20, 19, 4, 2, 3, 49, 50, 1]","[(1, 51), (51, 47), (47, 26), (26, 23), (23, 8), (8, 31), (31, 35), (35, 32), (32, 34), (34, 33), (33, 38), (38, 42), (42, 37), (37, 46), (46, 36), (36, 4), (4, 40), (40, 50), (50, 39), (39, 1)]","[(1, 0.0), (47, 0.0), (21, 1003.0), (23, 2012.0), (17, 2012.0), (18, 3015.0), (5, 4018.0), (7, 4018.0), (6, 5027.0), (11, 6032.0), (10, 7038.0), (9, 8045.0), (12, 9046.0), (16, 10050.0), (13, 11050.0), (15, 12055.0), (14, 12055.0), (25, 13058.0), (24, 14066.0), (29, 15068.0), (28, 16077.0), (27, 17082.0), (30, 18088.0), (31, 19092.0), (22, 21096.0), (32, 21096.0), (33, 23106.0), (41, 25110.0), (42, 26119.0), (43, 28128.0), (44, 29130.0), (45, 30131.0), (46, 31137.0), (48, 33148.0), (20, 34152.0), (19, 35154.0), (4, 36161.0), (2, 38175.0), (3, 39181.0), (49, 40185.0), (50, 41186.0), (1, 43193.0)]"
VNS,50,2,bench_50_2,ok,-61928.216,,750.1786,43,36,7,10,36781.0,98709.216,1357.7609,43196.0,113752.0,50224.0,7656193,388.6512,"[47, 21, 17, 18, 7, 6, 8, 11, 10, 9, 12, 16, 13, 14, 25, 24, 29, 28, 27, 30, 31, 32, 33, 41, 42, 43, 44, 45, 48, 20, 19, 4, 2, 3, 49, 50, 36, 34, 35, 38, 5, 40, 39]","[47, 21, 17, 18, 7, 6, 8, 11, 10, 9, 12, 16, 13, 14, 25, 24, 29, 28, 27, 30, 31, 32, 33, 41, 42, 43, 44, 45, 48, 20, 19, 4, 2, 3, 49, 50]","[36, 34, 35, 38, 5, 40, 39]","[46, 26, 18, 32, 33, 43, 48, 4, 50, 1]","[1, 46, 47, 21, 26, 23, 17, 18, 7, 6, 8, 11, 10, 9, 12, 16, 13, 15, 14, 25, 24, 29, 28, 27, 30, 31, 32, 33, 41, 42, 43, 44, 45, 48, 20, 19, 4, 2, 3, 49, 50, 1]","[(1, 51), (51, 46), (46, 37), (37, 26), (26, 22), (22, 18), (18, 36), (36, 32), (32, 34), (34, 33), (33, 35), (35, 43), (43, 38), (38, 48), (48, 5), (5, 4), (4, 40), (40, 50), (50, 39), (39, 1)]","[(1, 0.0), (46, 0.0), (47, 0.0), (21, 1003.0), (26, 2012.0), (23, 2012.0), (17, 2012.0), (18, 3015.0), (7, 4018.0), (6, 5027.0), (8, 6032.0), (11, 7032.0), (10, 8038.0), (9, 9045.0), (12, 10046.0), (16, 11050.0), (13, 12050.0), (15, 13055.0), (14, 13055.0), (25, 14058.0), (24, 15066.0), (29, 16068.0), (28, 17077.0), (27, 18082.0), (30, 19088.0), (31, 20092.0), (32, 21096.0), (33, 23106.0), (41, 25110.0), (42, 26119.0), (43, 27123.0), (44, 29131.0), (45, 30132.0), (48, 31138.0), (20, 33147.0), (19, 34149.0), (4, 35156.0), (2, 37172.0), (3, 38178.0), (49, 39182.0), (50, 40183.0), (1, 42190.0)]"
VNS,50,6,bench_50_2,ok,-62019.44,,750.4021,42,32,10,10,35719.0,97738.44,1344.4077,42204.0,113752.0,50224.0,7997690,208.8564,"[41, 27, 28, 29, 25, 14, 13, 12, 9, 10, 11, 8, 6, 7, 5, 18, 17, 23, 21, 47, 42, 43, 44, 45, 46, 48, 20, 19, 4, 3, 49, 50, 40, 34, 37, 36, 35, 38, 22, 33, 2, 39]","[41, 27, 28, 29, 25, 14, 13, 12, 9, 10, 11, 8, 6, 7, 5, 18, 17, 23, 21, 47, 42, 43, 44, 45, 46, 48, 20, 19, 4, 3, 49, 50]","[40, 34, 37, 36, 35, 38, 22, 33, 2, 39]","[14, 6, 23, 21, 42, 46, 20, 3, 50, 1]","[1, 51, 41, 32, 31, 30, 27, 28, 29, 24, 25, 14, 15, 13, 16, 12, 9, 10, 11, 8, 6, 7, 5, 18, 17, 23, 26, 21, 47, 42, 43, 44, 45, 46, 48, 20, 19, 4, 3, 49, 50, 1]","[(1, 40), (40, 14), (14, 34), (34, 6), (6, 37), (37, 23), (23, 36), (36, 21), (21, 35), (35, 42), (42, 38), (38, 46), (46, 22), (22, 20), (20, 33), (33, 3), (3, 2), (2, 50), (50, 39), (39, 1)]","[(1, 0.0), (51, 0.0), (41, 0.0), (32, 1009.0), (31, 1009.0), (30, 1009.0), (27, 1009.0), (28, 2015.0), (29, 3020.0), (24, 4029.0), (25, 4029.0), (14, 5037.0), (15, 7042.0), (13, 7042.0), (16, 8047.0), (12, 8047.0), (9, 9051.0), (10, 10052.0), (11, 11059.0), (8, 12065.0), (6, 13065.0), (7, 15071.0), (5, 16080.0), (18, 17088.0), (17, 18091.0), (23, 19094.0), (26, 21106.0), (21, 21106.0), (47, 23121.0), (42, 24124.0), (43, 26134.0), (44, 27136.0), (45, 28137.0), (46, 29143.0), (48, 31154.0), (20, 32158.0), (19, 34164.0), (4, 35171.0), (3, 36179.0), (49, 38186.0), (50, 39187.0), (1, 41198.0)]"
VNS,50,0,bench_50_3,ok,-52868.1843,,750.5015,46,36,10,10,38012.0,90880.1843,1250.0713,46219.0,113752.0,50243.0,7441674,202.6091,"[4, 5, 26, 20, 22, 8, 9, 10, 11, 12, 13, 14, 19, 16, 15, 18, 27, 28, 29, 30, 31, 32, 25, 33, 34, 39, 38, 35, 36, 37, 45, 41, 44, 43, 42, 51, 2, 7, 3, 23, 24, 47, 40, 46, 49, 50]","[4, 5, 26, 20, 22, 8, 9, 10, 11, 12, 13, 14, 19, 16, 15, 18, 27, 28, 29, 30, 31, 32, 25, 33, 34, 39, 38, 35, 36, 37, 45, 41, 44, 43, 42, 51]","[2, 7, 3, 23, 24, 47, 40, 46, 49, 50]","[15, 29, 32, 39, 36, 45, 41, 42, 51, 1]","[1, 48, 4, 5, 6, 26, 20, 21, 22, 8, 9, 10, 11, 12, 13, 14, 17, 19, 16, 15, 18, 27, 28, 29, 30, 31, 32, 25, 33, 34, 39, 38, 35, 36, 37, 45, 41, 44, 43, 42, 51, 1]","[(1, 2), (2, 15), (15, 7), (7, 29), (29, 3), (3, 32), (32, 23), (23, 39), (39, 24), (24, 36), (36, 47), (47, 45), (45, 40), (40, 41), (41, 46), (46, 42), (42, 49), (49, 51), (51, 50), (50, 1)]","[(1, 0.0), (48, 0.0), (4, 0.0), (5, 1004.0), (6, 2012.0), (26, 2012.0), (20, 3016.0), (21, 4019.0), (22, 4019.0), (8, 5025.0), (9, 6027.0), (10, 7035.0), (11, 8044.0), (12, 9047.0), (13, 10056.0), (14, 11057.0), (17, 12057.0), (19, 12057.0), (16, 13065.0), (15, 14066.0), (18, 16073.0), (27, 17082.0), (28, 18088.0), (29, 19096.0), (30, 21097.0), (31, 22106.0), (32, 23113.0), (25, 25127.0), (33, 26131.0), (34, 27133.0), (39, 28137.0), (38, 30148.0), (35, 31153.0), (36, 32160.0), (37, 34172.0), (45, 35174.0), (41, 37186.0), (44, 39194.0), (43, 40202.0), (42, 41210.0), (51, 43211.0), (1, 45214.0)]"
VNS,50,2,bench_50_3,ok,-50421.6662,,750.2645,46,37,9,10,38034.0,88455.6662,1216.7217,46228.0,113752.0,50243.0,7941516,559.7819,"[4, 23, 5, 7, 26, 20, 21, 22, 8, 9, 10, 11, 12, 13, 14, 17, 19, 16, 15, 18, 27, 30, 31, 34, 33, 32, 25, 35, 36, 39, 38, 37, 41, 44, 43, 42, 51, 28, 29, 47, 24, 40, 45, 46, 49, 50]","[4, 23, 5, 7, 26, 20, 21, 22, 8, 9, 10, 11, 12, 13, 14, 17, 19, 16, 15, 18, 27, 30, 31, 34, 33, 32, 25, 35, 36, 39, 38, 37, 41, 44, 43, 42, 51]","[28, 29, 47, 24, 40, 45, 46, 49, 50]","[3, 31, 32, 36, 38, 37, 41, 42, 51, 1]","[1, 2, 3, 4, 23, 5, 7, 6, 26, 20, 21, 22, 8, 9, 10, 11, 12, 13, 14, 17, 19, 16, 15, 18, 27, 30, 31, 34, 33, 32, 25, 35, 36, 39, 38, 37, 41, 44, 43, 42, 51, 1]","[(1, 48), (48, 3), (3, 28), (28, 31), (31, 29), (29, 32), (32, 47), (47, 36), (36, 24), (24, 38), (38, 40), (40, 37), (37, 45), (45, 41), (41, 46), (46, 42), (42, 49), (49, 51), (51, 50), (50, 1)]","[(1, 0.0), (2, 0.0), (3, 0.0), (4, 0.0), (23, 1004.0), (5, 2012.0), (7, 3020.0), (6, 4021.0), (26, 4021.0), (20, 5025.0), (21, 6028.0), (22, 7036.0), (8, 8042.0), (9, 9044.0), (10, 10052.0), (11, 11061.0), (12, 12064.0), (13, 13073.0), (14, 14074.0), (17, 15074.0), (19, 16082.0), (16, 17090.0), (15, 18091.0), (18, 19096.0), (27, 20105.0), (30, 21111.0), (31, 22120.0), (34, 24135.0), (33, 25139.0), (32, 26141.0), (25, 28150.0), (35, 29154.0), (36, 30161.0), (39, 32172.0), (38, 33175.0), (37, 35189.0), (41, 37194.0), (44, 39203.0), (43, 40211.0), (42, 41219.0), (51, 43220.0), (1, 45223.0)]"
VNS,50,6,bench_50_3,ok,-52811.5867,,750.7893,47,38,9,10,38604.0,91415.5867,1257.4359,47230.0,113752.0,50243.0,7282129,294.3419,"[4, 5, 23, 47, 24, 26, 20, 22, 8, 9, 10, 11, 12, 13, 14, 17, 19, 16, 15, 18, 27, 28, 29, 30, 31, 32, 25, 33, 34, 39, 38, 37, 41, 44, 43, 49, 50, 51, 7, 6, 35, 36, 40, 45, 42, 46, 2]","[4, 5, 23, 47, 24, 26, 20, 22, 8, 9, 10, 11, 12, 13, 14, 17, 19, 16, 15, 18, 27, 28, 29, 30, 31, 32, 25, 33, 34, 39, 38, 37, 41, 44, 43, 49, 50, 51]","[7, 6, 35, 36, 40, 45, 42, 46, 2]","[48, 29, 32, 34, 38, 37, 41, 43, 50, 1]","[1, 48, 4, 5, 23, 47, 24, 26, 20, 21, 22, 8, 9, 10, 11, 12, 13, 14, 17, 19, 16, 15, 18, 27, 28, 29, 30, 31, 32, 25, 33, 34, 39, 38, 37, 41, 44, 43, 49, 50, 51, 1]","[(1, 3), (3, 48), (48, 7), (7, 29), (29, 6), (6, 32), (32, 35), (35, 34), (34, 36), (36, 38), (38, 40), (40, 37), (37, 45), (45, 41), (41, 42), (42, 43), (43, 46), (46, 50), (50, 2), (2, 1)]","[(1, 0.0), (48, 0.0), (4, 0.0), (5, 1004.0), (23, 2012.0), (47, 3020.0), (24, 4028.0), (26, 5037.0), (20, 6041.0), (21, 7044.0), (22, 7044.0), (8, 8050.0), (9, 9052.0), (10, 10060.0), (11, 11069.0), (12, 12072.0), (13, 13081.0), (14, 14082.0), (17, 15082.0), (19, 16090.0), (16, 17098.0), (15, 18099.0), (18, 19104.0), (27, 20113.0), (28, 21119.0), (29, 22127.0), (30, 24128.0), (31, 25137.0), (32, 26144.0), (25, 28161.0), (33, 29165.0), (34, 30167.0), (39, 32178.0), (38, 33181.0), (37, 35189.0), (41, 37194.0), (44, 39203.0), (43, 40211.0), (49, 42219.0), (50, 43222.0), (51, 45228.0), (1, 46228.0)]"
VNS,50,0,bench_50_4,ok,-51178.4066,,750.214,46,37,9,10,39946.0,91124.4066,1253.4306,46231.0,113752.0,50247.0,8211639,662.7116,"[39, 37, 35, 34, 36, 17, 16, 12, 15, 18, 19, 14, 11, 7, 10, 8, 9, 6, 5, 22, 23, 32, 21, 20, 33, 31, 30, 29, 25, 24, 50, 49, 48, 4, 3, 51, 2, 45, 13, 44, 43, 40, 42, 41, 47, 46]","[39, 37, 35, 34, 36, 17, 16, 12, 15, 18, 19, 14, 11, 7, 10, 8, 9, 6, 5, 22, 23, 32, 21, 20, 33, 31, 30, 29, 25, 24, 50, 49, 48, 4, 3, 51, 2]","[45, 13, 44, 43, 40, 42, 41, 47, 46]","[26, 14, 7, 32, 30, 25, 49, 4, 51, 1]","[1, 26, 27, 28, 39, 37, 35, 34, 36, 17, 16, 12, 15, 18, 19, 14, 11, 7, 10, 8, 9, 6, 5, 22, 23, 32, 21, 20, 33, 31, 30, 29, 25, 24, 50, 49, 48, 4, 3, 51, 2, 1]","[(1, 38), (38, 26), (26, 45), (45, 14), (14, 13), (13, 7), (7, 44), (44, 32), (32, 43), (43, 30), (30, 40), (40, 25), (25, 42), (42, 49), (49, 41), (41, 4), (4, 47), (47, 51), (51, 46), (46, 1)]","[(1, 0.0), (26, 0.0), (27, 0.0), (28, 0.0), (39, 0.0), (37, 1002.0), (35, 2008.0), (34, 3011.0), (36, 4015.0), (17, 5023.0), (16, 6027.0), (12, 7032.0), (15, 8032.0), (18, 9037.0), (19, 10043.0), (14, 11049.0), (11, 13061.0), (7, 14061.0), (10, 16070.0), (8, 17077.0), (9, 18085.0), (6, 19094.0), (5, 20094.0), (22, 21097.0), (23, 22106.0), (32, 23113.0), (21, 25122.0), (20, 26125.0), (33, 27133.0), (31, 28134.0), (30, 29135.0), (29, 31148.0), (25, 32153.0), (24, 34167.0), (50, 35169.0), (49, 36171.0), (48, 38181.0), (4, 39182.0), (3, 41195.0), (51, 42200.0), (2, 44214.0), (1, 45223.0)]"
VNS,50,2,bench_50_4,ok,-54678.1933,,750.3914,48,38,10,10,41317.0,95995.1933,1320.4291,48237.0,113752.0,50247.0,7770856,657.3512,"[41, 40, 39, 37, 35, 34, 36, 17, 16, 12, 15, 18, 19, 14, 11, 7, 10, 8, 9, 6, 5, 21, 20, 33, 31, 30, 32, 23, 22, 24, 25, 50, 49, 48, 4, 3, 51, 2, 44, 43, 13, 29, 38, 42, 26, 46, 47, 45]","[41, 40, 39, 37, 35, 34, 36, 17, 16, 12, 15, 18, 19, 14, 11, 7, 10, 8, 9, 6, 5, 21, 20, 33, 31, 30, 32, 23, 22, 24, 25, 50, 49, 48, 4, 3, 51, 2]","[44, 43, 13, 29, 38, 42, 26, 46, 47, 45]","[12, 6, 20, 31, 23, 50, 49, 4, 51, 1]","[1, 41, 40, 27, 28, 39, 37, 35, 34, 36, 17, 16, 12, 15, 18, 19, 14, 11, 7, 10, 8, 9, 6, 5, 21, 20, 33, 31, 30, 32, 23, 22, 24, 25, 50, 49, 48, 4, 3, 51, 2, 1]","[(1, 44), (44, 12), (12, 43), (43, 6), (6, 13), (13, 20), (20, 29), (29, 31), (31, 38), (38, 23), (23, 42), (42, 50), (50, 26), (26, 49), (49, 46), (46, 4), (4, 47), (47, 51), (51, 45), (45, 1)]","[(1, 0.0), (41, 0.0), (40, 1004.0), (27, 2011.0), (28, 2011.0), (39, 2011.0), (37, 3013.0), (35, 4019.0), (34, 5022.0), (36, 6026.0), (17, 7034.0), (16, 8038.0), (12, 9043.0), (15, 11049.0), (18, 12054.0), (19, 13060.0), (14, 14066.0), (11, 15072.0), (7, 16072.0), (10, 17074.0), (8, 18081.0), (9, 19089.0), (6, 20098.0), (5, 22104.0), (21, 23107.0), (20, 24110.0), (33, 26125.0), (31, 27126.0), (30, 29132.0), (32, 30139.0), (23, 31142.0), (22, 33153.0), (24, 34162.0), (25, 35164.0), (50, 36171.0), (49, 38177.0), (48, 40185.0), (4, 41186.0), (3, 43203.0), (51, 44208.0), (2, 46222.0), (1, 47231.0)]"
VNS,50,6,bench_50_4,ok,-49285.6431,,750.1029,50,40,10,10,42486.0,91771.6431,1262.3335,50247.0,113752.0,50247.0,7554987,617.7063,"[47, 41, 42, 34, 35, 36, 17, 16, 12, 15, 18, 19, 13, 14, 11, 7, 10, 8, 9, 6, 5, 22, 23, 32, 21, 20, 33, 31, 30, 29, 28, 27, 26, 25, 24, 50, 49, 48, 51, 2, 44, 38, 4, 37, 40, 39, 43, 3, 45, 46]","[47, 41, 42, 34, 35, 36, 17, 16, 12, 15, 18, 19, 13, 14, 11, 7, 10, 8, 9, 6, 5, 22, 23, 32, 21, 20, 33, 31, 30, 29, 28, 27, 26, 25, 24, 50, 49, 48, 51, 2]","[44, 38, 4, 37, 40, 39, 43, 3, 45, 46]","[7, 23, 33, 29, 28, 27, 24, 49, 2, 1]","[1, 47, 41, 42, 34, 35, 36, 17, 16, 12, 15, 18, 19, 13, 14, 11, 7, 10, 8, 9, 6, 5, 22, 23, 32, 21, 20, 33, 31, 30, 29, 28, 27, 26, 25, 24, 50, 49, 48, 51, 2, 1]","[(1, 44), (44, 7), (7, 38), (38, 23), (23, 4), (4, 33), (33, 37), (37, 29), (29, 40), (40, 28), (28, 39), (39, 27), (27, 43), (43, 24), (24, 3), (3, 49), (49, 45), (45, 2), (2, 46), (46, 1)]","[(1, 0.0), (47, 0.0), (41, 1007.0), (42, 2011.0), (34, 3015.0), (35, 4019.0), (36, 5022.0), (17, 6030.0), (16, 7034.0), (12, 8039.0), (15, 9039.0), (18, 10044.0), (19, 11050.0), (13, 12056.0), (14, 13063.0), (11, 14069.0), (7, 15069.0), (10, 17077.0), (8, 18084.0), (9, 19092.0), (6, 20101.0), (5, 21101.0), (22, 22104.0), (23, 23113.0), (32, 25124.0), (21, 26127.0), (20, 27130.0), (33, 28138.0), (31, 30148.0), (30, 31149.0), (29, 32156.0), (28, 34167.0), (27, 36178.0), (26, 38186.0), (25, 39188.0), (24, 40195.0), (50, 42203.0), (49, 43205.0), (48, 45216.0), (51, 46217.0), (2, 47224.0), (1, 49239.0)]"
VNS,50,0,bench_50_5,ok,-50406.9839,,750.5117,45,36,9,10,37942.0,88348.9839,1215.2542,45200.0,113752.0,50218.0,7932399,406.3276,"[42, 43, 41, 39, 38, 37, 36, 24, 23, 22, 21, 16, 15, 18, 17, 25, 26, 20, 19, 13, 12, 11, 10, 9, 8, 27, 28, 33, 34, 32, 30, 7, 49, 4, 3, 51, 47, 45, 14, 29, 44, 46, 6, 48, 2]","[42, 43, 41, 39, 38, 37, 36, 24, 23, 22, 21, 16, 15, 18, 17, 25, 26, 20, 19, 13, 12, 11, 10, 9, 8, 27, 28, 33, 34, 32, 30, 7, 49, 4, 3, 51]","[47, 45, 14, 29, 44, 46, 6, 48, 2]","[31, 17, 9, 27, 33, 30, 49, 4, 51, 1]","[1, 50, 31, 42, 43, 41, 40, 39, 38, 35, 37, 36, 24, 23, 22, 21, 16, 15, 18, 17, 25, 26, 20, 19, 13, 12, 11, 10, 9, 8, 27, 28, 33, 34, 32, 30, 7, 49, 4, 3, 51, 1]","[(1, 5), (5, 31), (31, 47), (47, 17), (17, 45), (45, 9), (9, 14), (14, 27), (27, 29), (29, 33), (33, 44), (44, 30), (30, 46), (46, 49), (49, 6), (6, 4), (4, 48), (48, 51), (51, 2), (2, 1)]","[(1, 0.0), (50, 0.0), (31, 0.0), (42, 0.0), (43, 1004.0), (41, 2008.0), (40, 3012.0), (39, 3012.0), (38, 4018.0), (35, 5022.0), (37, 5022.0), (36, 6024.0), (24, 7024.0), (23, 8030.0), (22, 9039.0), (21, 10046.0), (16, 11048.0), (15, 12050.0), (18, 13057.0), (17, 14058.0), (25, 16069.0), (26, 17071.0), (20, 18076.0), (19, 19077.0), (13, 20083.0), (12, 21087.0), (11, 22092.0), (10, 23099.0), (9, 24106.0), (8, 26115.0), (27, 27124.0), (28, 29137.0), (33, 30144.0), (34, 32159.0), (32, 33163.0), (30, 34170.0), (7, 36177.0), (49, 37181.0), (4, 39191.0), (3, 41194.0), (51, 42200.0), (1, 44200.0)]"
VNS,50,2,bench_50_5,ok,-51339.7615,,750.6545,48,38,10,10,39916.0,91255.7615,1255.2374,48211.0,113752.0,50218.0,7145020,670.3186,"[44, 45, 43, 42, 39, 38, 36, 24, 23, 22, 16, 15, 18, 17, 25, 26, 20, 19, 13, 14, 12, 11, 10, 9, 8, 27, 28, 33, 34, 32, 30, 7, 49, 5, 4, 3, 51, 2, 41, 40, 37, 29, 31, 46, 6, 47, 50, 48]","[44, 45, 43, 42, 39, 38, 36, 24, 23, 22, 16, 15, 18, 17, 25, 26, 20, 19, 13, 14, 12, 11, 10, 9, 8, 27, 28, 33, 34, 32, 30, 7, 49, 5, 4, 3, 51, 2]","[41, 40, 37, 29, 31, 46, 6, 47, 50, 48]","[19, 9, 28, 34, 30, 49, 5, 3, 2, 1]","[1, 44, 45, 43, 42, 39, 38, 35, 36, 24, 23, 22, 21, 16, 15, 18, 17, 25, 26, 20, 19, 13, 14, 12, 11, 10, 9, 8, 27, 28, 33, 34, 32, 30, 7, 49, 5, 4, 3, 51, 2, 1]","[(1, 41), (41, 19), (19, 40), (40, 9), (9, 37), (37, 28), (28, 29), (29, 34), (34, 31), (31, 30), (30, 46), (46, 49), (49, 6), (6, 5), (5, 47), (47, 3), (3, 50), (50, 2), (2, 48), (48, 1)]","[(1, 0.0), (44, 0.0), (45, 1002.0), (43, 2003.0), (42, 3007.0), (39, 4011.0), (38, 5017.0), (35, 6021.0), (36, 6021.0), (24, 7021.0), (23, 8027.0), (22, 9036.0), (21, 10043.0), (16, 10043.0), (15, 11045.0), (18, 12052.0), (17, 13053.0), (25, 14062.0), (26, 15064.0), (20, 16069.0), (19, 17070.0), (13, 19080.0), (14, 20084.0), (12, 21088.0), (11, 22093.0), (10, 23100.0), (9, 24107.0), (8, 26119.0), (27, 27128.0), (28, 28137.0), (33, 30146.0), (34, 31155.0), (32, 33165.0), (30, 34172.0), (7, 36181.0), (49, 37185.0), (5, 39195.0), (4, 41198.0), (3, 42200.0), (51, 44208.0), (2, 45208.0), (1, 47211.0)]"
VNS,50,6,bench_50_5,ok,-47275.7322,,750.3778,47,37,10,10,39068.0,86343.7322,1187.6717,47204.0,113752.0,50218.0,7448246,686.1661,"[47, 44, 45, 43, 42, 41, 39, 38, 36, 24, 22, 23, 25, 26, 20, 19, 18, 17, 21, 16, 15, 13, 12, 11, 10, 9, 8, 27, 28, 29, 7, 6, 49, 50, 4, 3, 51, 37, 14, 34, 31, 33, 32, 5, 30, 48, 2]","[47, 44, 45, 43, 42, 41, 39, 38, 36, 24, 22, 23, 25, 26, 20, 19, 18, 17, 21, 16, 15, 13, 12, 11, 10, 9, 8, 27, 28, 29, 7, 6, 49, 50, 4, 3, 51]","[37, 14, 34, 31, 33, 32, 5, 30, 48, 2]","[13, 12, 9, 28, 29, 6, 49, 4, 51, 1]","[1, 47, 46, 44, 45, 43, 42, 41, 40, 39, 38, 35, 36, 24, 22, 23, 25, 26, 20, 19, 18, 17, 21, 16, 15, 13, 12, 11, 10, 9, 8, 27, 28, 29, 7, 6, 49, 50, 4, 3, 51, 1]","[(1, 37), (37, 13), (13, 14), (14, 12), (12, 34), (34, 9), (9, 31), (31, 28), (28, 33), (33, 29), (29, 32), (32, 6), (6, 5), (5, 49), (49, 30), (30, 4), (4, 48), (48, 51), (51, 2), (2, 1)]","[(1, 0.0), (47, 0.0), (46, 1002.0), (44, 1002.0), (45, 2004.0), (43, 3005.0), (42, 4009.0), (41, 5013.0), (40, 6017.0), (39, 6017.0), (38, 7023.0), (35, 8027.0), (36, 8027.0), (24, 9027.0), (22, 10033.0), (23, 11040.0), (25, 12049.0), (26, 13051.0), (20, 14056.0), (19, 15057.0), (18, 16063.0), (17, 17064.0), (21, 18073.0), (16, 19075.0), (15, 20077.0), (13, 21084.0), (12, 23090.0), (11, 25099.0), (10, 26106.0), (9, 27113.0), (8, 29125.0), (27, 30134.0), (28, 31143.0), (29, 33154.0), (7, 35169.0), (6, 36173.0), (49, 38181.0), (50, 40188.0), (4, 41191.0), (3, 43198.0), (51, 44204.0), (1, 46204.0)]"
VNS,100,2,bench_100_1,ok,-65704.9118,,1204.0732,98,88,10,10,82857.0,148561.9118,2043.4926,98393.0,227504.0,100403.0,6529600,1151.1078,"[89, 91, 85, 86, 83, 82, 81, 79, 78, 77, 95, 97, 53, 52, 10, 12, 13, 14, 15, 19, 18, 20, 17, 21, 22, 16, 23, 24, 25, 26, 31, 42, 41, 39, 40, 32, 30, 28, 27, 29, 33, 34, 35, 36, 37, 38, 64, 63, 61, 62, 60, 59, 58, 68, 70, 69, 71, 72, 74, 73, 75, 56, 55, 54, 67, 66, 57, 43, 44, 45, 46, 47, 48, 49, 50, 51, 98, 9, 99, 100, 8, 7, 6, 5, 4, 3, 101, 2, 87, 84, 65, 76, 94, 93, 96, 90, 92, 88]","[89, 91, 85, 86, 83, 82, 81, 79, 78, 77, 95, 97, 53, 52, 10, 12, 13, 14, 15, 19, 18, 20, 17, 21, 22, 16, 23, 24, 25, 26, 31, 42, 41, 39, 40, 32, 30, 28, 27, 29, 33, 34, 35, 36, 37, 38, 64, 63, 61, 62, 60, 59, 58, 68, 70, 69, 71, 72, 74, 73, 75, 56, 55, 54, 67, 66, 57, 43, 44, 45, 46, 47, 48, 49, 50, 51, 98, 9, 99, 100, 8, 7, 6, 5, 4, 3, 101, 2]","[87, 84, 65, 76, 94, 93, 96, 90, 92, 88]","[54, 43, 45, 51, 100, 6, 3, 101, 2, 1]","[1, 89, 91, 85, 86, 83, 82, 81, 80, 79, 78, 77, 95, 97, 53, 52, 10, 11, 12, 13, 14, 15, 19, 18, 20, 17, 21, 22, 16, 23, 24, 25, 26, 31, 42, 41, 39, 40, 32, 30, 28, 27, 29, 33, 34, 35, 36, 37, 38, 64, 63, 61, 62, 60, 59, 58, 68, 70, 69, 71, 72, 74, 73, 75, 56, 55, 54, 67, 66, 57, 43, 44, 45, 46, 47, 48, 49, 50, 51, 98, 9, 99, 100, 8, 7, 6, 5, 4, 3, 101, 2, 1]","[(1, 87), (87, 54), (54, 84), (84, 43), (43, 65), (65, 45), (45, 76), (76, 51), (51, 94), (94, 100), (100, 93), (93, 6), (6, 96), (96, 3), (3, 90), (90, 101), (101, 92), (92, 2), (2, 88), (88, 1)]","[(1, 0.0), (89, 0.0), (91, 1000.0), (85, 2001.0), (86, 3006.0), (83, 4009.0), (82, 5010.0), (81, 6014.0), (80, 7020.0), (79, 7020.0), (78, 8020.0), (77, 9021.0), (95, 10029.0), (97, 11033.0), (53, 12039.0), (52, 13045.0), (10, 14050.0), (11, 15058.0), (12, 15058.0), (13, 16065.0), (14, 17072.0), (15, 18075.0), (19, 19077.0), (18, 20081.0), (20, 21087.0), (17, 22094.0), (21, 23096.0), (22, 24100.0), (16, 25107.0), (23, 26111.0), (24, 27112.0), (25, 28114.0), (26, 29119.0), (31, 30120.0), (42, 31121.0), (41, 32128.0), (39, 33128.0), (40, 34137.0), (32, 35139.0), (30, 36144.0), (28, 37149.0), (27, 38151.0), (29, 39156.0), (33, 40158.0), (34, 41160.0), (35, 42161.0), (36, 43163.0), (37, 44164.0), (38, 45171.0), (64, 46171.0), (63, 47179.0), (61, 48183.0), (62, 49183.0), (60, 50188.0), (59, 51192.0), (58, 52196.0), (68, 53204.0), (70, 54209.0), (69, 55214.0), (71, 56220.0), (72, 57229.0), (74, 58233.0), (73, 59235.0), (75, 60239.0), (56, 61243.0), (55, 62247.0), (54, 63253.0), (67, 65255.0), (66, 66255.0), (57, 67256.0), (43, 68258.0), (44, 70272.0), (45, 71277.0), (46, 73282.0), (47, 74291.0), (48, 75298.0), (49, 76300.0), (50, 77305.0), (51, 78311.0), (98, 80316.0), (9, 81320.0), (99, 82324.0), (100, 83325.0), (8, 85336.0), (7, 86345.0), (6, 87346.0), (5, 89350.0), (4, 90355.0), (3, 91356.0), (101, 93371.0), (2, 95382.0), (1, 97393.0)]"
VNS,100,6,bench_100_1,ok,-65184.3373,,1200.4321,98,88,10,10,82857.0,148041.3373,2036.332,98393.0,227504.0,100403.0,6122684,937.7906,"[89, 91, 85, 86, 83, 82, 81, 79, 78, 77, 95, 96, 97, 98, 12, 13, 14, 15, 19, 18, 20, 17, 21, 22, 16, 23, 24, 25, 26, 31, 42, 41, 39, 40, 32, 30, 28, 27, 29, 33, 34, 35, 36, 37, 38, 63, 62, 61, 60, 59, 58, 64, 65, 66, 67, 68, 70, 69, 71, 72, 74, 73, 75, 56, 55, 54, 53, 52, 51, 57, 43, 44, 45, 46, 47, 48, 49, 50, 10, 9, 99, 100, 8, 7, 6, 5, 4, 3, 88, 93, 84, 94, 87, 76, 92, 101, 2, 90]","[89, 91, 85, 86, 83, 82, 81, 79, 78, 77, 95, 96, 97, 98, 12, 13, 14, 15, 19, 18, 20, 17, 21, 22, 16, 23, 24, 25, 26, 31, 42, 41, 39, 40, 32, 30, 28, 27, 29, 33, 34, 35, 36, 37, 38, 63, 62, 61, 60, 59, 58, 64, 65, 66, 67, 68, 70, 69, 71, 72, 74, 73, 75, 56, 55, 54, 53, 52, 51, 57, 43, 44, 45, 46, 47, 48, 49, 50, 10, 9, 99, 100, 8, 7, 6, 5, 4, 3]","[88, 93, 84, 94, 87, 76, 92, 101, 2, 90]","[58, 69, 56, 51, 44, 10, 8, 5, 3, 1]","[1, 89, 91, 85, 86, 83, 82, 81, 80, 79, 78, 77, 95, 96, 97, 98, 11, 12, 13, 14, 15, 19, 18, 20, 17, 21, 22, 16, 23, 24, 25, 26, 31, 42, 41, 39, 40, 32, 30, 28, 27, 29, 33, 34, 35, 36, 37, 38, 63, 62, 61, 60, 59, 58, 64, 65, 66, 67, 68, 70, 69, 71, 72, 74, 73, 75, 56, 55, 54, 53, 52, 51, 57, 43, 44, 45, 46, 47, 48, 49, 50, 10, 9, 99, 100, 8, 7, 6, 5, 4, 3, 1]","[(1, 88), (88, 58), (58, 93), (93, 69), (69, 84), (84, 56), (56, 94), (94, 51), (51, 87), (87, 44), (44, 76), (76, 10), (10, 92), (92, 8), (8, 101), (101, 5), (5, 2), (2, 3), (3, 90), (90, 1)]","[(1, 0.0), (89, 0.0), (91, 1000.0), (85, 2001.0), (86, 3006.0), (83, 4009.0), (82, 5010.0), (81, 6014.0), (80, 7020.0), (79, 7020.0), (78, 8020.0), (77, 9021.0), (95, 10029.0), (96, 11033.0), (97, 12042.0), (98, 13048.0), (11, 14052.0), (12, 14052.0), (13, 15059.0), (14, 16066.0), (15, 17069.0), (19, 18071.0), (18, 19075.0), (20, 20081.0), (17, 21088.0), (21, 22090.0), (22, 23094.0), (16, 24101.0), (23, 25105.0), (24, 26106.0), (25, 27108.0), (26, 28113.0), (31, 29114.0), (42, 30115.0), (41, 31122.0), (39, 32122.0), (40, 33131.0), (32, 34133.0), (30, 35138.0), (28, 36143.0), (27, 37145.0), (29, 38150.0), (33, 39152.0), (34, 40154.0), (35, 41155.0), (36, 42157.0), (37, 43158.0), (38, 44165.0), (63, 45165.0), (62, 46169.0), (61, 47174.0), (60, 48174.0), (59, 49178.0), (58, 50182.0), (64, 52190.0), (65, 53198.0), (66, 54200.0), (67, 55201.0), (68, 56201.0), (70, 57206.0), (69, 58211.0), (71, 60220.0), (72, 61229.0), (74, 62233.0), (73, 63235.0), (75, 64239.0), (56, 65243.0), (55, 67252.0), (54, 68258.0), (53, 69258.0), (52, 70264.0), (51, 71269.0), (57, 73277.0), (43, 74279.0), (44, 75288.0), (45, 77295.0), (46, 78298.0), (47, 79307.0), (48, 80314.0), (49, 81316.0), (50, 82321.0), (10, 83327.0), (9, 85338.0), (99, 86342.0), (100, 87343.0), (8, 88348.0), (7, 90362.0), (6, 91363.0), (5, 92364.0), (4, 94372.0), (3, 95373.0), (1, 97385.0)]"
VNS,100,2,bench_100_2,ok,-53175.0679,,1200.0001,98,88,10,10,81174.0,134349.0679,1847.9927,98458.0,227504.0,100468.0,6674385,1005.4766,"[94, 93, 75, 76, 78, 77, 69, 68, 67, 65, 64, 63, 62, 51, 61, 60, 59, 58, 57, 56, 55, 54, 52, 53, 25, 26, 27, 19, 20, 24, 28, 29, 30, 23, 21, 18, 17, 16, 22, 31, 32, 14, 15, 13, 8, 9, 10, 11, 12, 6, 7, 33, 49, 34, 5, 35, 36, 37, 38, 4, 39, 40, 41, 42, 43, 44, 45, 48, 47, 46, 70, 71, 72, 73, 92, 91, 90, 82, 81, 80, 79, 83, 84, 85, 89, 86, 87, 88, 2, 3, 98, 97, 96, 95, 74, 99, 101, 100]","[94, 93, 75, 76, 78, 77, 69, 68, 67, 65, 64, 63, 62, 51, 61, 60, 59, 58, 57, 56, 55, 54, 52, 53, 25, 26, 27, 19, 20, 24, 28, 29, 30, 23, 21, 18, 17, 16, 22, 31, 32, 14, 15, 13, 8, 9, 10, 11, 12, 6, 7, 33, 49, 34, 5, 35, 36, 37, 38, 4, 39, 40, 41, 42, 43, 44, 45, 48, 47, 46, 70, 71, 72, 73, 92, 91, 90, 82, 81, 80, 79, 83, 84, 85, 89, 86, 87, 88]","[2, 3, 98, 97, 96, 95, 74, 99, 101, 100]","[41, 43, 47, 72, 91, 82, 79, 89, 88, 1]","[1, 94, 93, 75, 76, 78, 77, 69, 68, 67, 66, 65, 64, 63, 62, 51, 61, 60, 59, 58, 57, 50, 56, 55, 54, 52, 53, 25, 26, 27, 19, 20, 24, 28, 29, 30, 23, 21, 18, 17, 16, 22, 31, 32, 14, 15, 13, 8, 9, 10, 11, 12, 6, 7, 33, 49, 34, 5, 35, 36, 37, 38, 4, 39, 40, 41, 42, 43, 44, 45, 48, 47, 46, 70, 71, 72, 73, 92, 91, 90, 82, 81, 80, 79, 83, 84, 85, 89, 86, 87, 88, 1]","[(1, 2), (2, 41), (41, 3), (3, 43), (43, 98), (98, 47), (47, 97), (97, 72), (72, 96), (96, 91), (91, 95), (95, 82), (82, 74), (74, 79), (79, 99), (99, 89), (89, 101), (101, 88), (88, 100), (100, 1)]","[(1, 0.0), (94, 0.0), (93, 1009.0), (75, 2016.0), (76, 3022.0), (78, 4031.0), (77, 5037.0), (69, 6043.0), (68, 7047.0), (67, 8049.0), (66, 9053.0), (65, 9053.0), (64, 10057.0), (63, 11064.0), (62, 12073.0), (51, 13082.0), (61, 14084.0), (60, 15089.0), (59, 16095.0), (58, 17099.0), (57, 18102.0), (50, 19102.0), (56, 19102.0), (55, 20110.0), (54, 21110.0), (52, 22113.0), (53, 23121.0), (25, 24127.0), (26, 25130.0), (27, 26132.0), (19, 27134.0), (20, 28139.0), (24, 29139.0), (28, 30144.0), (29, 31150.0), (30, 32159.0), (23, 33159.0), (21, 34163.0), (18, 35164.0), (17, 36171.0), (16, 37172.0), (22, 38176.0), (31, 39184.0), (32, 40193.0), (14, 41198.0), (15, 42199.0), (13, 43201.0), (8, 44208.0), (9, 45210.0), (10, 46215.0), (11, 47217.0), (12, 48225.0), (6, 49234.0), (7, 50234.0), (33, 51238.0), (49, 52241.0), (34, 53246.0), (5, 54251.0), (35, 55259.0), (36, 56263.0), (37, 57266.0), (38, 58273.0), (4, 59275.0), (39, 60283.0), (40, 61288.0), (41, 62294.0), (42, 64301.0), (43, 65309.0), (44, 67320.0), (45, 68325.0), (48, 69334.0), (47, 70338.0), (46, 72351.0), (70, 73355.0), (71, 74359.0), (72, 75366.0), (73, 77375.0), (92, 78382.0), (91, 79389.0), (90, 81403.0), (82, 82409.0), (81, 84415.0), (80, 85420.0), (79, 86426.0), (83, 88431.0), (84, 89440.0), (85, 90444.0), (89, 91450.0), (86, 93451.0), (87, 94453.0), (88, 95453.0), (1, 97458.0)]"
VNS,100,6,bench_100_2,ok,-58264.4922,,1201.018,97,87,10,10,80808.0,139072.4922,1912.9641,97451.0,227504.0,100468.0,5659884,1074.6951,"[101, 95, 94, 93, 92, 73, 91, 90, 82, 81, 80, 83, 79, 75, 78, 77, 74, 72, 71, 70, 67, 68, 69, 48, 45, 44, 43, 49, 33, 50, 57, 58, 59, 61, 60, 65, 64, 63, 62, 51, 56, 55, 54, 52, 53, 25, 24, 28, 29, 23, 21, 20, 19, 26, 27, 18, 17, 16, 22, 31, 15, 32, 14, 7, 13, 8, 9, 10, 11, 12, 6, 5, 34, 35, 36, 37, 38, 4, 39, 40, 41, 42, 3, 98, 99, 100, 2, 87, 84, 66, 89, 86, 30, 88, 97, 96, 85]","[101, 95, 94, 93, 92, 73, 91, 90, 82, 81, 80, 83, 79, 75, 78, 77, 74, 72, 71, 70, 67, 68, 69, 48, 45, 44, 43, 49, 33, 50, 57, 58, 59, 61, 60, 65, 64, 63, 62, 51, 56, 55, 54, 52, 53, 25, 24, 28, 29, 23, 21, 20, 19, 26, 27, 18, 17, 16, 22, 31, 15, 32, 14, 7, 13, 8, 9, 10, 11, 12, 6, 5, 34, 35, 36, 37, 38, 4, 39, 40, 41, 42, 3, 98, 99, 100, 2]","[87, 84, 66, 89, 86, 30, 88, 97, 96, 85]","[65, 52, 19, 14, 5, 39, 98, 100, 2, 1]","[1, 101, 95, 94, 93, 92, 73, 91, 90, 82, 81, 80, 83, 79, 75, 76, 78, 77, 74, 72, 71, 70, 67, 68, 69, 46, 47, 48, 45, 44, 43, 49, 33, 50, 57, 58, 59, 61, 60, 65, 64, 63, 62, 51, 56, 55, 54, 52, 53, 25, 24, 28, 29, 23, 21, 20, 19, 26, 27, 18, 17, 16, 22, 31, 15, 32, 14, 7, 13, 8, 9, 10, 11, 12, 6, 5, 34, 35, 36, 37, 38, 4, 39, 40, 41, 42, 3, 98, 99, 100, 2, 1]","[(1, 87), (87, 65), (65, 84), (84, 52), (52, 66), (66, 19), (19, 89), (89, 14), (14, 86), (86, 5), (5, 30), (30, 39), (39, 88), (88, 98), (98, 97), (97, 100), (100, 96), (96, 2), (2, 85), (85, 1)]","[(1, 0.0), (101, 0.0), (95, 1005.0), (94, 2006.0), (93, 3015.0), (92, 4022.0), (73, 5029.0), (91, 6036.0), (90, 7045.0), (82, 8051.0), (81, 9056.0), (80, 10061.0), (83, 11067.0), (79, 12076.0), (75, 13076.0), (76, 14082.0), (78, 14082.0), (77, 15088.0), (74, 16094.0), (72, 17099.0), (71, 18102.0), (70, 19109.0), (67, 20113.0), (68, 21117.0), (69, 22119.0), (46, 23123.0), (47, 23123.0), (48, 23123.0), (45, 24127.0), (44, 25136.0), (43, 26141.0), (49, 27148.0), (33, 28153.0), (50, 29156.0), (57, 30163.0), (58, 31163.0), (59, 32166.0), (61, 33170.0), (60, 34175.0), (65, 35181.0), (64, 37185.0), (63, 38192.0), (62, 39201.0), (51, 40210.0), (56, 41212.0), (55, 42220.0), (54, 43220.0), (52, 44223.0), (53, 46235.0), (25, 47241.0), (24, 48244.0), (28, 49249.0), (29, 50255.0), (23, 51264.0), (21, 52268.0), (20, 53269.0), (19, 54269.0), (26, 56277.0), (27, 57279.0), (18, 58281.0), (17, 59288.0), (16, 60289.0), (22, 61293.0), (31, 62301.0), (15, 63310.0), (32, 64312.0), (14, 65317.0), (7, 67319.0), (13, 68323.0), (8, 69330.0), (9, 70332.0), (10, 71337.0), (11, 72339.0), (12, 73347.0), (6, 74356.0), (5, 75356.0), (34, 77366.0), (35, 78371.0), (36, 79375.0), (37, 80378.0), (38, 81385.0), (4, 82387.0), (39, 83395.0), (40, 85400.0), (41, 86406.0), (42, 87411.0), (3, 88419.0), (98, 89423.0), (99, 91432.0), (100, 92432.0), (2, 94438.0), (1, 96445.0)]"
VNS,100,2,bench_100_3,ok,-66176.5498,,1200.0001,99,89,10,10,82781.0,148957.5498,2048.9347,99472.0,227504.0,100475.0,6105738,1001.6146,"[88, 90, 91, 92, 76, 75, 74, 77, 78, 80, 73, 72, 71, 69, 70, 62, 61, 60, 68, 67, 66, 55, 53, 54, 52, 51, 50, 96, 95, 94, 93, 49, 7, 8, 48, 47, 57, 58, 56, 59, 43, 44, 45, 46, 18, 21, 42, 41, 29, 28, 30, 40, 38, 65, 64, 37, 63, 34, 35, 36, 32, 31, 27, 33, 26, 25, 24, 23, 22, 20, 19, 17, 15, 16, 14, 13, 12, 11, 9, 10, 6, 97, 98, 4, 3, 2, 99, 100, 101, 82, 81, 39, 89, 86, 87, 5, 84, 83, 85]","[88, 90, 91, 92, 76, 75, 74, 77, 78, 80, 73, 72, 71, 69, 70, 62, 61, 60, 68, 67, 66, 55, 53, 54, 52, 51, 50, 96, 95, 94, 93, 49, 7, 8, 48, 47, 57, 58, 56, 59, 43, 44, 45, 46, 18, 21, 42, 41, 29, 28, 30, 40, 38, 65, 64, 37, 63, 34, 35, 36, 32, 31, 27, 33, 26, 25, 24, 23, 22, 20, 19, 17, 15, 16, 14, 13, 12, 11, 9, 10, 6, 97, 98, 4, 3, 2, 99, 100, 101]","[82, 81, 39, 89, 86, 87, 5, 84, 83, 85]","[40, 33, 24, 13, 6, 4, 2, 99, 101, 1]","[1, 88, 90, 91, 92, 76, 75, 74, 77, 78, 79, 80, 73, 72, 71, 69, 70, 62, 61, 60, 68, 67, 66, 55, 53, 54, 52, 51, 50, 96, 95, 94, 93, 49, 7, 8, 48, 47, 57, 58, 56, 59, 43, 44, 45, 46, 18, 21, 42, 41, 29, 28, 30, 40, 38, 65, 64, 37, 63, 34, 35, 36, 32, 31, 27, 33, 26, 25, 24, 23, 22, 20, 19, 17, 15, 16, 14, 13, 12, 11, 9, 10, 6, 97, 98, 4, 3, 2, 99, 100, 101, 1]","[(1, 82), (82, 40), (40, 81), (81, 33), (33, 39), (39, 24), (24, 89), (89, 13), (13, 86), (86, 6), (6, 87), (87, 4), (4, 5), (5, 2), (2, 84), (84, 99), (99, 83), (83, 101), (101, 85), (85, 1)]","[(1, 0.0), (88, 0.0), (90, 1007.0), (91, 2010.0), (92, 3019.0), (76, 4026.0), (75, 5033.0), (74, 6037.0), (77, 7040.0), (78, 8044.0), (79, 9050.0), (80, 9050.0), (73, 10056.0), (72, 11060.0), (71, 12064.0), (69, 13071.0), (70, 14077.0), (62, 15086.0), (61, 16088.0), (60, 17092.0), (68, 18097.0), (67, 19102.0), (66, 20111.0), (55, 21120.0), (53, 22125.0), (54, 23129.0), (52, 24137.0), (51, 25142.0), (50, 26151.0), (96, 27157.0), (95, 28160.0), (94, 29163.0), (93, 30163.0), (49, 31169.0), (7, 32177.0), (8, 33181.0), (48, 34184.0), (47, 35189.0), (57, 36198.0), (58, 37207.0), (56, 38211.0), (59, 39212.0), (43, 40213.0), (44, 41216.0), (45, 42224.0), (46, 43230.0), (18, 44237.0), (21, 45241.0), (42, 46242.0), (41, 47248.0), (29, 48256.0), (28, 49264.0), (30, 50265.0), (40, 51269.0), (38, 53281.0), (65, 54288.0), (64, 55296.0), (37, 56300.0), (63, 57306.0), (34, 58312.0), (35, 59321.0), (36, 60325.0), (32, 61334.0), (31, 62339.0), (27, 63344.0), (33, 64349.0), (26, 66351.0), (25, 67353.0), (24, 68358.0), (23, 70367.0), (22, 71368.0), (20, 72377.0), (19, 73381.0), (17, 74381.0), (15, 75385.0), (16, 76393.0), (14, 77393.0), (13, 78395.0), (12, 80409.0), (11, 81418.0), (9, 82420.0), (10, 83421.0), (6, 84428.0), (97, 86444.0), (98, 87445.0), (4, 88445.0), (3, 90458.0), (2, 91460.0), (99, 93462.0), (100, 95465.0), (101, 96470.0), (1, 98472.0)]"
VNS,100,6,bench_100_3,ok,-59442.0031,,1200.0001,97,87,10,10,81891.0,141333.0031,1944.0578,97461.0,227504.0,100475.0,6885659,910.8941,"[81, 77, 78, 80, 73, 95, 94, 93, 97, 9, 11, 12, 46, 13, 14, 16, 15, 18, 21, 19, 20, 22, 23, 24, 25, 26, 27, 33, 32, 31, 39, 30, 28, 29, 41, 42, 40, 36, 35, 34, 63, 37, 38, 64, 65, 60, 61, 62, 70, 71, 69, 68, 67, 66, 56, 58, 59, 43, 44, 45, 57, 47, 48, 8, 7, 6, 49, 96, 50, 51, 55, 53, 54, 52, 74, 75, 76, 92, 91, 89, 90, 88, 87, 83, 84, 85, 101, 2, 5, 3, 4, 72, 98, 82, 86, 99, 100]","[81, 77, 78, 80, 73, 95, 94, 93, 97, 9, 11, 12, 46, 13, 14, 16, 15, 18, 21, 19, 20, 22, 23, 24, 25, 26, 27, 33, 32, 31, 39, 30, 28, 29, 41, 42, 40, 36, 35, 34, 63, 37, 38, 64, 65, 60, 61, 62, 70, 71, 69, 68, 67, 66, 56, 58, 59, 43, 44, 45, 57, 47, 48, 8, 7, 6, 49, 96, 50, 51, 55, 53, 54, 52, 74, 75, 76, 92, 91, 89, 90, 88, 87, 83, 84, 85, 101]","[2, 5, 3, 4, 72, 98, 82, 86, 99, 100]","[57, 6, 55, 74, 91, 88, 84, 85, 101, 1]","[1, 81, 77, 78, 79, 80, 73, 95, 94, 93, 97, 10, 9, 11, 12, 46, 13, 14, 16, 15, 17, 18, 21, 19, 20, 22, 23, 24, 25, 26, 27, 33, 32, 31, 39, 30, 28, 29, 41, 42, 40, 36, 35, 34, 63, 37, 38, 64, 65, 60, 61, 62, 70, 71, 69, 68, 67, 66, 56, 58, 59, 43, 44, 45, 57, 47, 48, 8, 7, 6, 49, 96, 50, 51, 55, 53, 54, 52, 74, 75, 76, 92, 91, 89, 90, 88, 87, 83, 84, 85, 101, 1]","[(1, 2), (2, 57), (57, 5), (5, 6), (6, 3), (3, 55), (55, 4), (4, 74), (74, 72), (72, 91), (91, 98), (98, 88), (88, 82), (82, 84), (84, 86), (86, 85), (85, 99), (99, 101), (101, 100), (100, 1)]","[(1, 0.0), (81, 0.0), (77, 1000.0), (78, 2004.0), (79, 3010.0), (80, 3010.0), (73, 4016.0), (95, 5020.0), (94, 6023.0), (93, 7023.0), (97, 8029.0), (10, 9030.0), (9, 9030.0), (11, 10031.0), (12, 11033.0), (46, 12042.0), (13, 13049.0), (14, 14058.0), (16, 15060.0), (15, 16060.0), (17, 17068.0), (18, 17068.0), (21, 18072.0), (19, 19073.0), (20, 20073.0), (22, 21077.0), (23, 22086.0), (24, 23087.0), (25, 24094.0), (26, 25099.0), (27, 26101.0), (33, 27106.0), (32, 28108.0), (31, 29113.0), (39, 30118.0), (30, 31120.0), (28, 32124.0), (29, 33125.0), (41, 34133.0), (42, 35141.0), (40, 36147.0), (36, 37153.0), (35, 38162.0), (34, 39166.0), (63, 40175.0), (37, 41181.0), (38, 42187.0), (64, 43194.0), (65, 44198.0), (60, 45206.0), (61, 46211.0), (62, 47215.0), (70, 48217.0), (71, 49226.0), (69, 50233.0), (68, 51239.0), (67, 52244.0), (66, 53253.0), (56, 54262.0), (58, 55263.0), (59, 56267.0), (43, 57268.0), (44, 58271.0), (45, 59279.0), (57, 60285.0), (47, 62295.0), (48, 63304.0), (8, 64309.0), (7, 65312.0), (6, 66316.0), (49, 68325.0), (96, 69333.0), (50, 70336.0), (51, 71342.0), (55, 72351.0), (53, 74358.0), (54, 75362.0), (52, 76370.0), (74, 77375.0), (75, 79383.0), (76, 80387.0), (92, 81394.0), (91, 82401.0), (89, 84414.0), (90, 85419.0), (88, 86422.0), (87, 88429.0), (83, 89437.0), (84, 90439.0), (85, 92445.0), (101, 94453.0), (1, 96456.0)]"
VNS,100,2,bench_100_4,ok,-61410.9291,,1202.5508,97,87,10,10,82543.0,143953.9291,1980.1091,97444.0,227504.0,100464.0,7174635,1199.0299,"[77, 58, 70, 71, 72, 74, 73, 66, 65, 69, 68, 67, 38, 35, 30, 29, 36, 37, 28, 27, 26, 25, 24, 23, 22, 32, 31, 33, 42, 40, 41, 43, 44, 45, 46, 21, 12, 20, 13, 19, 18, 17, 16, 15, 14, 11, 10, 9, 49, 48, 62, 47, 63, 61, 60, 55, 59, 56, 57, 76, 81, 84, 83, 82, 80, 78, 79, 94, 95, 96, 97, 54, 53, 52, 51, 50, 6, 7, 8, 5, 4, 3, 98, 99, 100, 2, 101, 89, 86, 85, 87, 93, 91, 75, 88, 92, 90]","[77, 58, 70, 71, 72, 74, 73, 66, 65, 69, 68, 67, 38, 35, 30, 29, 36, 37, 28, 27, 26, 25, 24, 23, 22, 32, 31, 33, 42, 40, 41, 43, 44, 45, 46, 21, 12, 20, 13, 19, 18, 17, 16, 15, 14, 11, 10, 9, 49, 48, 62, 47, 63, 61, 60, 55, 59, 56, 57, 76, 81, 84, 83, 82, 80, 78, 79, 94, 95, 96, 97, 54, 53, 52, 51, 50, 6, 7, 8, 5, 4, 3, 98, 99, 100, 2, 101]","[89, 86, 85, 87, 93, 91, 75, 88, 92, 90]","[81, 82, 78, 95, 97, 52, 8, 99, 100, 1]","[1, 77, 58, 70, 71, 72, 74, 73, 66, 65, 64, 69, 39, 68, 67, 38, 35, 34, 30, 29, 36, 37, 28, 27, 26, 25, 24, 23, 22, 32, 31, 33, 42, 40, 41, 43, 44, 45, 46, 21, 12, 20, 13, 19, 18, 17, 16, 15, 14, 11, 10, 9, 49, 48, 62, 47, 63, 61, 60, 55, 59, 56, 57, 76, 81, 84, 83, 82, 80, 78, 79, 94, 95, 96, 97, 54, 53, 52, 51, 50, 6, 7, 8, 5, 4, 3, 98, 99, 100, 2, 101, 1]","[(1, 89), (89, 81), (81, 86), (86, 82), (82, 85), (85, 78), (78, 87), (87, 95), (95, 93), (93, 97), (97, 91), (91, 52), (52, 75), (75, 8), (8, 88), (88, 99), (99, 92), (92, 100), (100, 90), (90, 1)]","[(1, 0.0), (77, 0.0), (58, 1003.0), (70, 2009.0), (71, 3009.0), (72, 4012.0), (74, 5018.0), (73, 6027.0), (66, 7036.0), (65, 8040.0), (64, 9048.0), (69, 9048.0), (39, 10056.0), (68, 10056.0), (67, 11060.0), (38, 12062.0), (35, 13066.0), (34, 14071.0), (30, 14071.0), (29, 15071.0), (36, 16072.0), (37, 17077.0), (28, 18079.0), (27, 19079.0), (26, 20081.0), (25, 21088.0), (24, 22095.0), (23, 23102.0), (22, 24111.0), (32, 25115.0), (31, 26121.0), (33, 27128.0), (42, 28132.0), (40, 29137.0), (41, 30137.0), (43, 31143.0), (44, 32151.0), (45, 33158.0), (46, 34164.0), (21, 35166.0), (12, 36167.0), (20, 37171.0), (13, 38171.0), (19, 39179.0), (18, 40186.0), (17, 41191.0), (16, 42198.0), (15, 43207.0), (14, 44213.0), (11, 45222.0), (10, 46224.0), (9, 47224.0), (49, 48227.0), (48, 49233.0), (62, 50236.0), (47, 51239.0), (63, 52242.0), (61, 53243.0), (60, 54245.0), (55, 55252.0), (59, 56258.0), (56, 57266.0), (57, 58268.0), (76, 59268.0), (81, 60275.0), (84, 62284.0), (83, 63287.0), (82, 64296.0), (80, 66302.0), (78, 67304.0), (79, 69312.0), (94, 70319.0), (95, 71326.0), (96, 73331.0), (97, 74340.0), (54, 76347.0), (53, 77354.0), (52, 78356.0), (51, 80365.0), (50, 81371.0), (6, 82376.0), (7, 83379.0), (8, 84384.0), (5, 86393.0), (4, 87402.0), (3, 88403.0), (98, 89408.0), (99, 90408.0), (100, 92418.0), (2, 94430.0), (101, 95436.0), (1, 96436.0)]"
VNS,100,6,bench_100_4,ok,-60522.2853,,1200.0001,96,88,8,10,82170.0,142692.2853,1962.755,96447.0,227504.0,100464.0,7537442,1196.589,"[51, 50, 62, 63, 47, 48, 49, 9, 10, 11, 13, 14, 15, 16, 17, 18, 19, 20, 12, 21, 46, 45, 44, 43, 31, 32, 22, 23, 24, 25, 27, 26, 28, 37, 36, 29, 30, 35, 33, 42, 41, 40, 39, 69, 68, 38, 67, 66, 65, 64, 70, 71, 72, 73, 74, 75, 76, 58, 57, 56, 59, 55, 54, 53, 97, 96, 95, 94, 79, 77, 78, 80, 82, 81, 84, 83, 85, 86, 87, 89, 88, 90, 91, 92, 93, 100, 2, 101, 6, 52, 7, 3, 60, 4, 5, 99]","[51, 50, 62, 63, 47, 48, 49, 9, 10, 11, 13, 14, 15, 16, 17, 18, 19, 20, 12, 21, 46, 45, 44, 43, 31, 32, 22, 23, 24, 25, 27, 26, 28, 37, 36, 29, 30, 35, 33, 42, 41, 40, 39, 69, 68, 38, 67, 66, 65, 64, 70, 71, 72, 73, 74, 75, 76, 58, 57, 56, 59, 55, 54, 53, 97, 96, 95, 94, 79, 77, 78, 80, 82, 81, 84, 83, 85, 86, 87, 89, 88, 90, 91, 92, 93, 100, 2, 101]","[6, 52, 7, 3, 60, 4, 5, 99]","[51, 61, 55, 53, 95, 82, 87, 92, 2, 1]","[1, 51, 50, 62, 61, 63, 47, 48, 49, 9, 10, 11, 13, 14, 15, 16, 17, 18, 19, 20, 12, 21, 46, 45, 44, 43, 31, 32, 22, 23, 24, 25, 27, 26, 28, 37, 36, 29, 30, 35, 34, 33, 42, 41, 40, 39, 69, 68, 38, 67, 66, 65, 64, 70, 71, 72, 73, 74, 75, 76, 58, 57, 56, 59, 55, 54, 53, 97, 96, 95, 94, 79, 77, 78, 80, 82, 81, 84, 83, 85, 86, 87, 89, 88, 90, 91, 92, 93, 100, 2, 101, 1]","[(1, 98), (98, 51), (51, 8), (8, 61), (61, 6), (6, 55), (55, 52), (52, 53), (53, 7), (7, 95), (95, 3), (3, 82), (82, 60), (60, 87), (87, 4), (4, 92), (92, 5), (5, 2), (2, 99), (99, 1)]","[(1, 0.0), (51, 0.0), (50, 1006.0), (62, 2011.0), (61, 3014.0), (63, 3014.0), (47, 4015.0), (48, 5018.0), (49, 6021.0), (9, 7027.0), (10, 8030.0), (11, 9030.0), (13, 10032.0), (14, 11040.0), (15, 12049.0), (16, 13055.0), (17, 14064.0), (18, 15071.0), (19, 16076.0), (20, 17083.0), (12, 18083.0), (21, 19087.0), (46, 20088.0), (45, 21090.0), (44, 22096.0), (43, 23103.0), (31, 24111.0), (32, 25118.0), (22, 26124.0), (23, 27128.0), (24, 28137.0), (25, 29144.0), (27, 30151.0), (26, 31153.0), (28, 32160.0), (37, 33160.0), (36, 34162.0), (29, 35167.0), (30, 36168.0), (35, 37168.0), (34, 38173.0), (33, 38173.0), (42, 39177.0), (41, 40182.0), (40, 41188.0), (39, 42188.0), (69, 43195.0), (68, 44203.0), (38, 45207.0), (67, 46211.0), (66, 47213.0), (65, 48217.0), (64, 49225.0), (70, 50230.0), (71, 51230.0), (72, 52233.0), (73, 53239.0), (74, 54248.0), (75, 55257.0), (76, 56259.0), (58, 57266.0), (57, 58272.0), (56, 59272.0), (59, 60274.0), (55, 61282.0), (54, 63291.0), (53, 64298.0), (97, 66308.0), (96, 67310.0), (95, 68319.0), (94, 70328.0), (79, 71335.0), (77, 72342.0), (78, 73345.0), (80, 74349.0), (82, 75351.0), (81, 77362.0), (84, 78367.0), (83, 79370.0), (85, 80379.0), (86, 81383.0), (87, 82383.0), (89, 84391.0), (88, 85395.0), (90, 86398.0), (91, 87406.0), (92, 88407.0), (93, 90415.0), (100, 91420.0), (2, 92425.0), (101, 94440.0), (1, 95440.0)]"
VNS,100,2,bench_100_5,ok,-60613.0895,,1201.1378,97,87,10,10,81264.0,141877.0895,1951.5418,97422.0,227504.0,100427.0,6767999,1201.1376,"[6, 97, 90, 91, 92, 83, 76, 77, 78, 75, 55, 54, 96, 9, 10, 53, 51, 52, 59, 49, 50, 12, 13, 15, 14, 19, 20, 18, 17, 21, 22, 16, 24, 23, 26, 25, 27, 28, 29, 40, 39, 38, 41, 42, 37, 31, 30, 32, 33, 34, 36, 35, 48, 47, 46, 45, 44, 43, 63, 62, 64, 61, 58, 60, 57, 65, 66, 67, 68, 69, 71, 70, 72, 74, 56, 73, 79, 80, 81, 82, 84, 85, 86, 87, 89, 101, 3, 8, 11, 93, 94, 4, 2, 88, 100, 99, 5]","[6, 97, 90, 91, 92, 83, 76, 77, 78, 75, 55, 54, 96, 9, 10, 53, 51, 52, 59, 49, 50, 12, 13, 15, 14, 19, 20, 18, 17, 21, 22, 16, 24, 23, 26, 25, 27, 28, 29, 40, 39, 38, 41, 42, 37, 31, 30, 32, 33, 34, 36, 35, 48, 47, 46, 45, 44, 43, 63, 62, 64, 61, 58, 60, 57, 65, 66, 67, 68, 69, 71, 70, 72, 74, 56, 73, 79, 80, 81, 82, 84, 85, 86, 87, 89, 101, 3]","[8, 11, 93, 94, 4, 2, 88, 100, 99, 5]","[65, 71, 56, 79, 84, 87, 89, 101, 3, 1]","[1, 6, 7, 97, 98, 90, 91, 92, 83, 76, 77, 78, 75, 55, 54, 95, 96, 9, 10, 53, 51, 52, 59, 49, 50, 12, 13, 15, 14, 19, 20, 18, 17, 21, 22, 16, 24, 23, 26, 25, 27, 28, 29, 40, 39, 38, 41, 42, 37, 31, 30, 32, 33, 34, 36, 35, 48, 47, 46, 45, 44, 43, 63, 62, 64, 61, 58, 60, 57, 65, 66, 67, 68, 69, 71, 70, 72, 74, 56, 73, 79, 80, 81, 82, 84, 85, 86, 87, 89, 101, 3, 1]","[(1, 8), (8, 65), (65, 11), (11, 71), (71, 93), (93, 56), (56, 94), (94, 79), (79, 4), (4, 84), (84, 2), (2, 87), (87, 88), (88, 89), (89, 100), (100, 101), (101, 99), (99, 3), (3, 5), (5, 1)]","[(1, 0.0), (6, 0.0), (7, 1001.0), (97, 1001.0), (98, 2006.0), (90, 2006.0), (91, 3011.0), (92, 4014.0), (83, 5020.0), (76, 6025.0), (77, 7027.0), (78, 8029.0), (75, 9033.0), (55, 10036.0), (54, 11036.0), (95, 12041.0), (96, 12041.0), (9, 13045.0), (10, 14049.0), (53, 15053.0), (51, 16059.0), (52, 17068.0), (59, 18075.0), (49, 19084.0), (50, 20087.0), (12, 21094.0), (13, 22096.0), (15, 23104.0), (14, 24106.0), (19, 25113.0), (20, 26119.0), (18, 27126.0), (17, 28135.0), (21, 29143.0), (22, 30150.0), (16, 31153.0), (24, 32155.0), (23, 33160.0), (26, 34164.0), (25, 35168.0), (27, 36171.0), (28, 37178.0), (29, 38180.0), (40, 39180.0), (39, 40182.0), (38, 41184.0), (41, 42189.0), (42, 43194.0), (37, 44203.0), (31, 45206.0), (30, 46207.0), (32, 47212.0), (33, 48212.0), (34, 49221.0), (36, 50222.0), (35, 51226.0), (48, 52232.0), (47, 53234.0), (46, 54240.0), (45, 55245.0), (44, 56247.0), (43, 57256.0), (63, 58256.0), (62, 59261.0), (64, 60264.0), (61, 61266.0), (58, 62270.0), (60, 63272.0), (57, 64276.0), (65, 65283.0), (66, 67291.0), (67, 68300.0), (68, 69303.0), (69, 70307.0), (71, 71311.0), (70, 73326.0), (72, 74330.0), (74, 75334.0), (56, 76338.0), (73, 78351.0), (79, 79353.0), (80, 81360.0), (81, 82363.0), (82, 83363.0), (84, 84364.0), (85, 86372.0), (86, 87380.0), (87, 88388.0), (89, 90390.0), (101, 92398.0), (3, 94403.0), (1, 96416.0)]"
VNS,100,6,bench_100_5,ok,-57464.2997,,1200.9124,98,88,10,10,82148.0,139612.2997,1920.3893,98423.0,227504.0,100427.0,6420475,800.963,"[99, 97, 9, 10, 53, 52, 51, 11, 50, 12, 13, 15, 14, 19, 20, 18, 17, 21, 22, 16, 24, 23, 26, 25, 27, 28, 33, 32, 31, 30, 29, 40, 39, 38, 41, 37, 42, 43, 44, 45, 46, 36, 34, 35, 47, 48, 49, 59, 60, 58, 65, 57, 66, 67, 61, 64, 62, 63, 69, 71, 70, 72, 74, 73, 56, 55, 54, 95, 93, 90, 91, 92, 83, 76, 75, 78, 77, 79, 80, 81, 82, 84, 85, 86, 87, 89, 88, 2, 6, 8, 7, 101, 5, 96, 94, 4, 100, 3]","[99, 97, 9, 10, 53, 52, 51, 11, 50, 12, 13, 15, 14, 19, 20, 18, 17, 21, 22, 16, 24, 23, 26, 25, 27, 28, 33, 32, 31, 30, 29, 40, 39, 38, 41, 37, 42, 43, 44, 45, 46, 36, 34, 35, 47, 48, 49, 59, 60, 58, 65, 57, 66, 67, 61, 64, 62, 63, 69, 71, 70, 72, 74, 73, 56, 55, 54, 95, 93, 90, 91, 92, 83, 76, 75, 78, 77, 79, 80, 81, 82, 84, 85, 86, 87, 89, 88, 2]","[6, 8, 7, 101, 5, 96, 94, 4, 100, 3]","[72, 95, 93, 91, 75, 79, 85, 89, 2, 1]","[1, 99, 98, 97, 9, 10, 53, 52, 51, 11, 50, 12, 13, 15, 14, 19, 20, 18, 17, 21, 22, 16, 24, 23, 26, 25, 27, 28, 33, 32, 31, 30, 29, 40, 39, 38, 41, 37, 42, 43, 44, 45, 46, 36, 34, 35, 47, 48, 49, 59, 60, 58, 65, 57, 66, 67, 68, 61, 64, 62, 63, 69, 71, 70, 72, 74, 73, 56, 55, 54, 95, 93, 90, 91, 92, 83, 76, 75, 78, 77, 79, 80, 81, 82, 84, 85, 86, 87, 89, 88, 2, 1]","[(1, 6), (6, 72), (72, 8), (8, 95), (95, 7), (7, 93), (93, 101), (101, 91), (91, 5), (5, 75), (75, 96), (96, 79), (79, 94), (94, 85), (85, 4), (4, 89), (89, 100), (100, 2), (2, 3), (3, 1)]","[(1, 0.0), (99, 0.0), (98, 1007.0), (97, 1007.0), (9, 2012.0), (10, 3016.0), (53, 4020.0), (52, 5026.0), (51, 6033.0), (11, 7042.0), (50, 8051.0), (12, 9058.0), (13, 10060.0), (15, 11068.0), (14, 12070.0), (19, 13077.0), (20, 14083.0), (18, 15090.0), (17, 16099.0), (21, 17107.0), (22, 18114.0), (16, 19117.0), (24, 20119.0), (23, 21124.0), (26, 22128.0), (25, 23132.0), (27, 24135.0), (28, 25142.0), (33, 26144.0), (32, 27153.0), (31, 28153.0), (30, 29154.0), (29, 30159.0), (40, 31159.0), (39, 32161.0), (38, 33163.0), (41, 34168.0), (37, 35173.0), (42, 36176.0), (43, 37185.0), (44, 38185.0), (45, 39194.0), (46, 40196.0), (36, 41201.0), (34, 42205.0), (35, 43206.0), (47, 44212.0), (48, 45218.0), (49, 46220.0), (59, 47223.0), (60, 48232.0), (58, 49236.0), (65, 50238.0), (57, 51245.0), (66, 52252.0), (67, 53261.0), (68, 54264.0), (61, 54264.0), (64, 55268.0), (62, 56270.0), (63, 57273.0), (69, 58278.0), (71, 59282.0), (70, 60288.0), (72, 61292.0), (74, 63297.0), (73, 64301.0), (56, 65303.0), (55, 66307.0), (54, 67307.0), (95, 68312.0), (93, 70316.0), (90, 72327.0), (91, 73332.0), (92, 75338.0), (83, 76344.0), (76, 77349.0), (75, 78351.0), (78, 80360.0), (77, 81364.0), (79, 82366.0), (80, 84376.0), (81, 85379.0), (82, 86379.0), (84, 87380.0), (85, 88386.0), (86, 90395.0), (87, 91403.0), (89, 92405.0), (88, 94415.0), (2, 95415.0), (1, 97417.0)]"
VNS,5,1,bench_5_1,ok,-30367.6626,81.5667,10.0001,2,1,1,3,1944.0,32311.6626,444.452,2006.0,11375.0,5015.0,2347155,0.0057,"[2, 6]",[2],[6],"[2, 5, 1]","[1, 2, 5, 1]","[(1, 4), (4, 2), (2, 3), (3, 5), (5, 6), (6, 1)]","[(1, 0.0), (2, 0.0), (5, 1002.0), (1, 1002.0)]"
VNS,5,3,bench_5_1,ok,-30367.6626,81.5667,10.0001,2,1,1,3,1944.0,32311.6626,444.452,2006.0,11375.0,5015.0,2352175,0.0034,"[2, 6]",[2],[6],"[2, 5, 1]","[1, 2, 5, 1]","[(1, 4), (4, 2), (2, 3), (3, 5), (5, 6), (6, 1)]","[(1, 0.0), (2, 0.0), (5, 1002.0), (1, 1002.0)]"
VNS,5,5,bench_5_1,ok,-30367.6626,81.5667,10.0,2,1,1,3,1944.0,32311.6626,444.452,2006.0,11375.0,5015.0,2330890,0.0038,"[2, 6]",[2],[6],"[2, 5, 1]","[1, 2, 5, 1]","[(1, 4), (4, 2), (2, 3), (3, 5), (5, 6), (6, 1)]","[(1, 0.0), (2, 0.0), (5, 1002.0), (1, 1002.0)]"
VNS,5,9,bench_5_1,ok,-30367.6626,81.5667,10.0001,2,1,1,3,1944.0,32311.6626,444.452,2006.0,11375.0,5015.0,2339912,0.0036,"[2, 6]",[2],[6],"[2, 5, 1]","[1, 2, 5, 1]","[(1, 4), (4, 2), (2, 3), (3, 5), (5, 6), (6, 1)]","[(1, 0.0), (2, 0.0), (5, 1002.0), (1, 1002.0)]"
VNS,5,1,bench_5_2,ok,-35293.6,111.0186,10.0,1,0,1,3,911.0,36204.6,498.0,1004.0,11375.0,5032.0,2431011,6.5262,[5],[],[5],"[2, 4, 1]","[1, 2, 4, 1]","[(1, 6), (6, 2), (2, 3), (3, 4), (4, 5), (5, 1)]","[(1, 0.0), (2, 0.0), (4, 0.0), (1, 0.0)]"
VNS,5,3,bench_5_2,ok,-35349.6,111.3534,10.0001,1,0,1,3,855.0,36204.6,498.0,1006.0,11375.0,5032.0,2426534,0.0067,[6],[],[6],"[4, 2, 1]","[1, 4, 2, 1]","[(1, 5), (5, 4), (4, 3), (3, 2), (2, 6), (6, 1)]","[(1, 0.0), (4, 0.0), (2, 0.0), (1, 0.0)]"
VNS,5,5,bench_5_2,ok,-35349.6,111.3534,10.0001,1,0,1,3,855.0,36204.6,498.0,1006.0,11375.0,5032.0,2441627,0.0053,[6],[],[6],"[4, 2, 1]","[1, 4, 2, 1]","[(1, 5), (5, 4), (4, 3), (3, 2), (2, 6), (6, 1)]","[(1, 0.0), (4, 0.0), (2, 0.0), (1, 0.0)]"
VNS,5,9,bench_5_2,ok,-35349.6,111.3534,10.0,1,0,1,3,855.0,36204.6,498.0,1006.0,11375.0,5032.0,2450084,0.004,[6],[],[6],"[4, 2, 1]","[1, 4, 2, 1]","[(1, 5), (5, 4), (4, 3), (3, 2), (2, 6), (6, 1)]","[(1, 0.0), (4, 0.0), (2, 0.0), (1, 0.0)]"
VNS,5,1,bench_5_3,ok,-27075.2,61.8812,10.0,3,1,2,3,2441.0,29516.2,406.0,3017.0,11375.0,5030.0,2269395,0.0082,"[6, 2, 5]",[6],"[2, 5]","[3, 6, 1]","[1, 3, 6, 1]","[(1, 4), (4, 3), (3, 2), (2, 6), (6, 5), (5, 1)]","[(1, 0.0), (3, 0.0), (6, 0.0), (1, 2009.0)]"
VNS,5,3,bench_5_3,ok,-27075.2,61.8812,10.0,3,1,2,3,2441.0,29516.2,406.0,3017.0,11375.0,5030.0,2289672,0.1078,"[6, 2, 5]",[6],"[2, 5]","[3, 6, 1]","[1, 3, 6, 1]","[(1, 4), (4, 3), (3, 2), (2, 6), (6, 5), (5, 1)]","[(1, 0.0), (3, 0.0), (6, 0.0), (1, 2009.0)]"
VNS,5,5,bench_5_3,ok,-27075.2,61.8812,10.0001,3,1,2,3,2441.0,29516.2,406.0,3017.0,11375.0,5030.0,2280069,0.0137,"[6, 2, 5]",[6],"[2, 5]","[3, 6, 1]","[1, 3, 6, 1]","[(1, 4), (4, 3), (3, 2), (2, 6), (6, 5), (5, 1)]","[(1, 0.0), (3, 0.0), (6, 0.0), (1, 2009.0)]"
VNS,5,9,bench_5_3,ok,-27075.2,61.8812,10.0001,3,1,2,3,2441.0,29516.2,406.0,3017.0,11375.0,5030.0,2276461,0.0651,"[6, 2, 5]",[6],"[2, 5]","[3, 6, 1]","[1, 3, 6, 1]","[(1, 4), (4, 3), (3, 2), (2, 6), (6, 5), (5, 1)]","[(1, 0.0), (3, 0.0), (6, 0.0), (1, 2009.0)]"
VNS,5,1,bench_5_4,ok,-29738.1319,77.8027,10.0,2,0,2,3,1870.0,31608.1319,434.7749,2010.0,11375.0,5025.0,2333269,0.0536,"[3, 6]",[],"[3, 6]","[4, 5, 1]","[1, 4, 5, 1]","[(1, 2), (2, 4), (4, 3), (3, 5), (5, 6), (6, 1)]","[(1, 0.0), (4, 0.0), (5, 0.0), (1, 1003.0)]"
VNS,5,3,bench_5_4,ok,-29738.1319,77.8027,10.0001,2,0,2,3,1870.0,31608.1319,434.7749,2010.0,11375.0,5025.0,2333331,0.0399,"[3, 6]",[],"[3, 6]","[4, 5, 1]","[1, 4, 5, 1]","[(1, 2), (2, 4), (4, 3), (3, 5), (5, 6), (6, 1)]","[(1, 0.0), (4, 0.0), (5, 0.0), (1, 1003.0)]"
VNS,5,5,bench_5_4,ok,-29738.1319,77.8027,10.0001,2,0,2,3,1870.0,31608.1319,434.7749,2010.0,11375.0,5025.0,2332407,0.0266,"[3, 6]",[],"[3, 6]","[4, 5, 1]","[1, 4, 5, 1]","[(1, 2), (2, 4), (4, 3), (3, 5), (5, 6), (6, 1)]","[(1, 0.0), (4, 0.0), (5, 0.0), (1, 1003.0)]"
VNS,5,9,bench_5_4,ok,-29738.1319,77.8027,10.0001,2,0,2,3,1870.0,31608.1319,434.7749,2010.0,11375.0,5025.0,2334168,0.0078,"[3, 6]",[],"[3, 6]","[4, 5, 1]","[1, 4, 5, 1]","[(1, 2), (2, 4), (4, 3), (3, 5), (5, 6), (6, 1)]","[(1, 0.0), (4, 0.0), (5, 0.0), (1, 1003.0)]"
VNS,5,1,bench_5_5,ok,-16725.35,0.0,10.0,5,2,3,3,4394.0,21119.35,290.5,5021.0,11375.0,5021.0,2210557,0.1089,"[6, 2, 5, 3, 4]","[6, 2]","[5, 3, 4]","[6, 2, 1]","[1, 6, 2, 1]","[(1, 5), (5, 6), (6, 3), (3, 2), (2, 4), (4, 1)]","[(1, 0.0), (6, 0.0), (2, 2007.0), (1, 4017.0)]"
VNS,5,3,bench_5_5,ok,-16725.35,0.0,10.0001,5,2,3,3,4394.0,21119.35,290.5,5021.0,11375.0,5021.0,2208136,0.0592,"[6, 2, 5, 3, 4]","[6, 2]","[5, 3, 4]","[6, 2, 1]","[1, 6, 2, 1]","[(1, 5), (5, 6), (6, 3), (3, 2), (2, 4), (4, 1)]","[(1, 0.0), (6, 0.0), (2, 2007.0), (1, 4017.0)]"
VNS,5,5,bench_5_5,ok,-16725.35,0.0,10.0,5,2,3,3,4394.0,21119.35,290.5,5021.0,11375.0,5021.0,2204059,0.0491,"[6, 2, 5, 3, 4]","[6, 2]","[5, 3, 4]","[6, 2, 1]","[1, 6, 2, 1]","[(1, 5), (5, 6), (6, 3), (3, 2), (2, 4), (4, 1)]","[(1, 0.0), (6, 0.0), (2, 2007.0), (1, 4017.0)]"
VNS,5,9,bench_5_5,ok,-16725.35,0.0,10.0,5,2,3,3,4394.0,21119.35,290.5,5021.0,11375.0,5021.0,2203517,0.0129,"[6, 2, 5, 3, 4]","[6, 2]","[5, 3, 4]","[6, 2, 1]","[1, 6, 2, 1]","[(1, 5), (5, 6), (6, 3), (3, 2), (2, 4), (4, 1)]","[(1, 0.0), (6, 0.0), (2, 2007.0), (1, 4017.0)]"
VNS,10,1,bench_10_1,ok,-37643.0869,36.918,30.0001,5,3,2,5,4841.0,42484.0869,584.3753,5011.0,22750.0,10028.0,4626859,1.1476,"[4, 11, 10, 6, 9]","[4, 11, 10]","[6, 9]","[7, 2, 4, 11, 1]","[1, 7, 2, 4, 11, 10, 1]","[(1, 8), (8, 7), (7, 3), (3, 2), (2, 5), (5, 4), (4, 6), (6, 11), (11, 9), (9, 1)]","[(1, 0.0), (7, 0.0), (2, 0.0), (4, 0.0), (11, 1002.0), (10, 3008.0), (1, 4008.0)]"
VNS,10,3,bench_10_1,ok,-37643.0869,36.918,30.0016,5,3,2,5,4841.0,42484.0869,584.3753,5011.0,22750.0,10028.0,4609973,0.7873,"[4, 11, 10, 6, 9]","[4, 11, 10]","[6, 9]","[7, 2, 4, 11, 1]","[1, 7, 2, 4, 11, 10, 1]","[(1, 8), (8, 7), (7, 3), (3, 2), (2, 5), (5, 4), (4, 6), (6, 11), (11, 9), (9, 1)]","[(1, 0.0), (7, 0.0), (2, 0.0), (4, 0.0), (11, 1002.0), (10, 3008.0), (1, 4008.0)]"
VNS,10,5,bench_10_1,ok,-37643.0869,36.918,30.0001,5,3,2,5,4841.0,42484.0869,584.3753,5011.0,22750.0,10028.0,4656236,4.55,"[4, 11, 10, 6, 9]","[4, 11, 10]","[6, 9]","[7, 2, 4, 11, 1]","[1, 7, 2, 4, 11, 10, 1]","[(1, 8), (8, 7), (7, 3), (3, 2), (2, 5), (5, 4), (4, 6), (6, 11), (11, 9), (9, 1)]","[(1, 0.0), (7, 0.0), (2, 0.0), (4, 0.0), (11, 1002.0), (10, 3008.0), (1, 4008.0)]"
VNS,10,7,bench_10_1,ok,-37643.0869,36.918,30.0001,5,3,2,5,4841.0,42484.0869,584.3753,5011.0,22750.0,10028.0,4626597,4.099,"[4, 11, 10, 6, 9]","[4, 11, 10]","[6, 9]","[7, 2, 4, 11, 1]","[1, 7, 2, 4, 11, 10, 1]","[(1, 8), (8, 7), (7, 3), (3, 2), (2, 5), (5, 4), (4, 6), (6, 11), (11, 9), (9, 1)]","[(1, 0.0), (7, 0.0), (2, 0.0), (4, 0.0), (11, 1002.0), (10, 3008.0), (1, 4008.0)]"
VNS,10,1,bench_10_2,ok,-38915.5372,41.5462,30.0,5,2,3,5,4211.0,43126.5372,593.2123,5026.0,22750.0,10050.0,4541322,0.1094,"[5, 2, 6, 9, 11]","[5, 2]","[6, 9, 11]","[10, 4, 3, 2, 1]","[1, 10, 4, 5, 3, 2, 1]","[(1, 7), (7, 10), (10, 8), (8, 4), (4, 6), (6, 3), (3, 9), (9, 2), (2, 11), (11, 1)]","[(1, 0.0), (10, 0.0), (4, 0.0), (5, 0.0), (3, 1009.0), (2, 2010.0), (1, 4020.0)]"
VNS,10,3,bench_10_2,ok,-38915.5372,41.5462,30.0001,5,2,3,5,4211.0,43126.5372,593.2123,5026.0,22750.0,10050.0,4746592,13.5163,"[5, 2, 6, 9, 11]","[5, 2]","[6, 9, 11]","[10, 4, 3, 2, 1]","[1, 10, 4, 5, 3, 2, 1]","[(1, 7), (7, 10), (10, 8), (8, 4), (4, 6), (6, 3), (3, 9), (9, 2), (2, 11), (11, 1)]","[(1, 0.0), (10, 0.0), (4, 0.0), (5, 0.0), (3, 1009.0), (2, 2010.0), (1, 4020.0)]"
VNS,10,5,bench_10_2,ok,-38915.5372,41.5462,30.0001,5,2,3,5,4211.0,43126.5372,593.2123,5026.0,22750.0,10050.0,4678106,1.3879,"[5, 2, 6, 9, 11]","[5, 2]","[6, 9, 11]","[10, 4, 3, 2, 1]","[1, 10, 4, 5, 3, 2, 1]","[(1, 8), (8, 10), (10, 7), (7, 4), (4, 6), (6, 3), (3, 9), (9, 2), (2, 11), (11, 1)]","[(1, 0.0), (10, 0.0), (4, 0.0), (5, 0.0), (3, 1009.0), (2, 2010.0), (1, 4020.0)]"
VNS,10,7,bench_10_2,ok,-38915.5372,41.5462,30.0002,5,2,3,5,4211.0,43126.5372,593.2123,5026.0,22750.0,10050.0,4630510,2.4105,"[5, 2, 6, 9, 11]","[5, 2]","[6, 9, 11]","[10, 4, 3, 2, 1]","[1, 10, 4, 5, 3, 2, 1]","[(1, 8), (8, 10), (10, 7), (7, 4), (4, 6), (6, 3), (3, 9), (9, 2), (2, 11), (11, 1)]","[(1, 0.0), (10, 0.0), (4, 0.0), (5, 0.0), (3, 1009.0), (2, 2010.0), (1, 4020.0)]"
VNS,10,1,bench_10_3,ok,-28382.9589,3.2364,30.0,10,5,5,5,7897.0,36279.9589,499.0366,10056.0,22750.0,10056.0,4873995,1.6111,"[2, 6, 5, 7, 11, 10, 4, 3, 8, 9]","[2, 6, 5, 7, 11]","[10, 4, 3, 8, 9]","[2, 5, 7, 11, 1]","[1, 2, 6, 5, 7, 11, 1]","[(1, 10), (10, 2), (2, 4), (4, 5), (5, 3), (3, 7), (7, 8), (8, 11), (11, 9), (9, 1)]","[(1, 0.0), (2, 0.0), (6, 2010.0), (5, 3016.0), (7, 5033.0), (11, 7049.0), (1, 9056.0)]"
VNS,10,3,bench_10_3,ok,-28382.9589,3.2364,30.0003,10,5,5,5,7897.0,36279.9589,499.0366,10056.0,22750.0,10056.0,4864805,0.594,"[2, 6, 5, 7, 11, 10, 4, 3, 8, 9]","[2, 6, 5, 7, 11]","[10, 4, 3, 8, 9]","[2, 5, 7, 11, 1]","[1, 2, 6, 5, 7, 11, 1]","[(1, 10), (10, 2), (2, 4), (4, 5), (5, 3), (3, 7), (7, 8), (8, 11), (11, 9), (9, 1)]","[(1, 0.0), (2, 0.0), (6, 2010.0), (5, 3016.0), (7, 5033.0), (11, 7049.0), (1, 9056.0)]"
VNS,10,5,bench_10_3,ok,-28382.9589,3.2364,30.0004,10,5,5,5,7897.0,36279.9589,499.0366,10056.0,22750.0,10056.0,4861266,1.1483,"[2, 6, 5, 7, 11, 10, 4, 3, 8, 9]","[2, 6, 5, 7, 11]","[10, 4, 3, 8, 9]","[2, 5, 7, 11, 1]","[1, 2, 6, 5, 7, 11, 1]","[(1, 10), (10, 2), (2, 4), (4, 5), (5, 3), (3, 7), (7, 8), (8, 11), (11, 9), (9, 1)]","[(1, 0.0), (2, 0.0), (6, 2010.0), (5, 3016.0), (7, 5033.0), (11, 7049.0), (1, 9056.0)]"
VNS,10,7,bench_10_3,ok,-28382.9589,3.2364,30.0001,10,5,5,5,7897.0,36279.9589,499.0366,10056.0,22750.0,10056.0,4882673,1.7365,"[2, 6, 5, 7, 11, 10, 4, 3, 8, 9]","[2, 6, 5, 7, 11]","[10, 4, 3, 8, 9]","[2, 5, 7, 11, 1]","[1, 2, 6, 5, 7, 11, 1]","[(1, 10), (10, 2), (2, 4), (4, 5), (5, 3), (3, 7), (7, 8), (8, 11), (11, 9), (9, 1)]","[(1, 0.0), (2, 0.0), (6, 2010.0), (5, 3016.0), (7, 5033.0), (11, 7049.0), (1, 9056.0)]"
VNS,10,1,bench_10_4,ok,-36395.6646,32.3808,30.0002,7,4,3,4,6408.0,42803.6646,588.7712,7031.0,22750.0,10043.0,5049855,3.2141,"[7, 9, 10, 11, 6, 4, 8]","[7, 9, 10, 11]","[6, 4, 8]","[3, 7, 9, 1]","[1, 2, 3, 7, 9, 10, 11, 1]","[(1, 6), (6, 3), (3, 5), (5, 7), (7, 4), (4, 9), (9, 8), (8, 1)]","[(1, 0.0), (2, 0.0), (3, 0.0), (7, 1000.0), (9, 2003.0), (10, 4019.0), (11, 5023.0), (1, 6030.0)]"
VNS,10,3,bench_10_4,ok,-36395.6646,32.3808,30.0001,7,4,3,4,6408.0,42803.6646,588.7712,7031.0,22750.0,10043.0,5051338,6.3437,"[7, 9, 10, 11, 6, 4, 8]","[7, 9, 10, 11]","[6, 4, 8]","[3, 7, 9, 1]","[1, 2, 3, 7, 9, 10, 11, 1]","[(1, 6), (6, 3), (3, 5), (5, 7), (7, 4), (4, 9), (9, 8), (8, 1)]","[(1, 0.0), (2, 0.0), (3, 0.0), (7, 1000.0), (9, 2003.0), (10, 4019.0), (11, 5023.0), (1, 6030.0)]"
VNS,10,5,bench_10_4,ok,-36395.6646,32.3808,30.0003,7,4,3,4,6408.0,42803.6646,588.7712,7031.0,22750.0,10043.0,5020120,7.774,"[7, 9, 10, 11, 6, 4, 8]","[7, 9, 10, 11]","[6, 4, 8]","[3, 7, 9, 1]","[1, 2, 3, 7, 9, 10, 11, 1]","[(1, 6), (6, 3), (3, 5), (5, 7), (7, 4), (4, 9), (9, 8), (8, 1)]","[(1, 0.0), (2, 0.0), (3, 0.0), (7, 1000.0), (9, 2003.0), (10, 4019.0), (11, 5023.0), (1, 6030.0)]"
VNS,10,7,bench_10_4,ok,-36395.6646,32.3808,30.0007,7,4,3,4,6408.0,42803.6646,588.7712,7031.0,22750.0,10043.0,5088141,10.4533,"[7, 9, 10, 11, 6, 4, 8]","[7, 9, 10, 11]","[6, 4, 8]","[3, 7, 9, 1]","[1, 2, 3, 7, 9, 10, 11, 1]","[(1, 6), (6, 3), (3, 5), (5, 7), (7, 4), (4, 9), (9, 8), (8, 1)]","[(1, 0.0), (2, 0.0), (3, 0.0), (7, 1000.0), (9, 2003.0), (10, 4019.0), (11, 5023.0), (1, 6030.0)]"
VNS,10,1,bench_10_5,ok,-32684.6289,18.8827,30.0,7,4,3,4,6155.0,38839.6289,534.2452,7038.0,22750.0,10055.0,5074305,1.4241,"[6, 7, 2, 11, 4, 3, 10]","[6, 7, 2, 11]","[4, 3, 10]","[8, 6, 11, 1]","[1, 9, 8, 6, 7, 2, 11, 1]","[(1, 5), (5, 8), (8, 4), (4, 6), (6, 3), (3, 11), (11, 10), (10, 1)]","[(1, 0.0), (9, 0.0), (8, 0.0), (6, 0.0), (7, 2012.0), (2, 3018.0), (11, 4022.0), (1, 6036.0)]"
VNS,10,3,bench_10_5,ok,-32684.6289,18.8827,30.0,7,4,3,4,6155.0,38839.6289,534.2452,7038.0,22750.0,10055.0,5044071,8.2053,"[6, 7, 2, 11, 4, 3, 10]","[6, 7, 2, 11]","[4, 3, 10]","[8, 6, 11, 1]","[1, 9, 8, 6, 7, 2, 11, 1]","[(1, 5), (5, 8), (8, 4), (4, 6), (6, 3), (3, 11), (11, 10), (10, 1)]","[(1, 0.0), (9, 0.0), (8, 0.0), (6, 0.0), (7, 2012.0), (2, 3018.0), (11, 4022.0), (1, 6036.0)]"
VNS,10,5,bench_10_5,ok,-32684.6289,18.8827,30.0002,7,4,3,4,6155.0,38839.6289,534.2452,7038.0,22750.0,10055.0,5095035,2.6406,"[6, 7, 2, 11, 4, 3, 10]","[6, 7, 2, 11]","[4, 3, 10]","[8, 6, 11, 1]","[1, 9, 8, 6, 7, 2, 11, 1]","[(1, 5), (5, 8), (8, 4), (4, 6), (6, 3), (3, 11), (11, 10), (10, 1)]","[(1, 0.0), (9, 0.0), (8, 0.0), (6, 0.0), (7, 2012.0), (2, 3018.0), (11, 4022.0), (1, 6036.0)]"
VNS,10,7,bench_10_5,ok,-32684.6289,18.8827,30.0001,7,4,3,4,6155.0,38839.6289,534.2452,7038.0,22750.0,10055.0,5085136,1.7583,"[6, 7, 2, 11, 4, 3, 10]","[6, 7, 2, 11]","[4, 3, 10]","[8, 6, 11, 1]","[1, 9, 8, 6, 7, 2, 11, 1]","[(1, 5), (5, 8), (8, 4), (4, 6), (6, 3), (3, 11), (11, 10), (10, 1)]","[(1, 0.0), (9, 0.0), (8, 0.0), (6, 0.0), (7, 2012.0), (2, 3018.0), (11, 4022.0), (1, 6036.0)]"
VNS,15,3,bench_15_1,ok,-36385.6115,-0.0002,120.0018,11,6,5,7,9094.0,45479.6115,625.5793,11051.0,34126.0,15068.0,6580880,3.1581,"[9, 6, 10, 4, 3, 2, 8, 7, 13, 5, 15]","[9, 6, 10, 4, 3, 2]","[8, 7, 13, 5, 15]","[16, 12, 9, 6, 4, 2, 1]","[1, 16, 12, 9, 6, 10, 4, 3, 2, 1]","[(1, 11), (11, 16), (16, 14), (14, 12), (12, 8), (8, 9), (9, 7), (7, 6), (6, 13), (13, 4), (4, 5), (5, 2), (2, 15), (15, 1)]","[(1, 0.0), (16, 0.0), (12, 0.0), (9, 0.0), (6, 2018.0), (10, 4021.0), (4, 5026.0), (3, 7039.0), (2, 8040.0), (1, 10049.0)]"
VNS,15,7,bench_15_1,ok,-36385.6115,-0.0002,120.0024,11,6,5,7,9094.0,45479.6115,625.5793,11051.0,34126.0,15068.0,6801605,1.5159,"[9, 6, 10, 4, 3, 2, 8, 7, 13, 5, 15]","[9, 6, 10, 4, 3, 2]","[8, 7, 13, 5, 15]","[16, 12, 9, 6, 4, 2, 1]","[1, 16, 12, 9, 6, 10, 4, 3, 2, 1]","[(1, 11), (11, 16), (16, 14), (14, 12), (12, 8), (8, 9), (9, 7), (7, 6), (6, 13), (13, 4), (4, 5), (5, 2), (2, 15), (15, 1)]","[(1, 0.0), (16, 0.0), (12, 0.0), (9, 0.0), (6, 2018.0), (10, 4021.0), (4, 5026.0), (3, 7039.0), (2, 8040.0), (1, 10049.0)]"
VNS,15,3,bench_15_2,ok,-39847.1294,9.5132,120.0012,9,5,4,6,7691.0,47538.1294,653.8945,9041.0,34126.0,15070.0,8428527,44.5435,"[4, 6, 7, 15, 16, 5, 11, 14, 13]","[4, 6, 7, 15, 16]","[5, 11, 14, 13]","[3, 4, 6, 10, 15, 1]","[1, 2, 3, 4, 6, 7, 8, 10, 15, 16, 1]","[(1, 12), (12, 3), (3, 9), (9, 4), (4, 5), (5, 6), (6, 11), (11, 10), (10, 14), (14, 15), (15, 13), (13, 1)]","[(1, 0.0), (2, 0.0), (3, 0.0), (4, 0.0), (6, 1005.0), (7, 3015.0), (8, 4019.0), (10, 4019.0), (15, 5025.0), (16, 7037.0), (1, 8037.0)]"
VNS,15,7,bench_15_2,ok,-39847.1294,9.5132,120.0004,9,5,4,6,7691.0,47538.1294,653.8945,9041.0,34126.0,15070.0,8386355,34.8092,"[4, 6, 7, 15, 16, 5, 11, 14, 13]","[4, 6, 7, 15, 16]","[5, 11, 14, 13]","[3, 4, 6, 10, 15, 1]","[1, 2, 3, 4, 6, 7, 8, 10, 15, 16, 1]","[(1, 12), (12, 3), (3, 9), (9, 4), (4, 5), (5, 6), (6, 11), (11, 10), (10, 14), (14, 15), (15, 13), (13, 1)]","[(1, 0.0), (2, 0.0), (3, 0.0), (4, 0.0), (6, 1005.0), (7, 3015.0), (8, 4019.0), (10, 4019.0), (15, 5025.0), (16, 7037.0), (1, 8037.0)]"
VNS,15,3,bench_15_3,ok,-36689.4522,0.8349,120.0002,11,7,4,5,9182.0,45871.4522,630.9691,11056.0,34126.0,15084.0,9125319,77.7463,"[8, 10, 11, 14, 13, 12, 16, 3, 5, 6, 2]","[8, 10, 11, 14, 13, 12, 16]","[3, 5, 6, 2]","[8, 7, 10, 13, 1]","[1, 15, 9, 8, 7, 10, 11, 14, 13, 12, 16, 1]","[(1, 4), (4, 8), (8, 3), (3, 7), (7, 5), (5, 10), (10, 6), (6, 13), (13, 2), (2, 1)]","[(1, 0.0), (15, 0.0), (9, 0.0), (8, 0.0), (7, 1006.0), (10, 2014.0), (11, 4026.0), (14, 5029.0), (13, 6037.0), (12, 8054.0), (16, 9054.0), (1, 10054.0)]"
VNS,15,7,bench_15_3,ok,-36689.4522,0.8349,120.0019,11,7,4,5,9182.0,45871.4522,630.9691,11056.0,34126.0,15084.0,9721889,9.6554,"[8, 10, 11, 14, 13, 12, 16, 3, 5, 6, 2]","[8, 10, 11, 14, 13, 12, 16]","[3, 5, 6, 2]","[8, 7, 10, 13, 1]","[1, 15, 9, 8, 7, 10, 11, 14, 13, 12, 16, 1]","[(1, 4), (4, 8), (8, 3), (3, 7), (7, 5), (5, 10), (10, 6), (6, 13), (13, 2), (2, 1)]","[(1, 0.0), (15, 0.0), (9, 0.0), (8, 0.0), (7, 1006.0), (10, 2014.0), (11, 4026.0), (14, 5029.0), (13, 6037.0), (12, 8054.0), (16, 9054.0), (1, 10054.0)]"
VNS,15,3,bench_15_4,ok,-34558.1341,-5.0227,120.0038,14,8,6,7,12484.0,47042.1341,647.072,14061.0,34126.0,15068.0,7363643,57.5701,"[2, 3, 4, 9, 11, 10, 15, 16, 5, 7, 8, 12, 13, 14]","[2, 3, 4, 9, 11, 10, 15, 16]","[5, 7, 8, 12, 13, 14]","[3, 4, 11, 10, 15, 16, 1]","[1, 2, 3, 4, 9, 11, 10, 15, 16, 1]","[(1, 6), (6, 3), (3, 5), (5, 4), (4, 7), (7, 11), (11, 8), (8, 10), (10, 12), (12, 15), (15, 13), (13, 16), (16, 14), (14, 1)]","[(1, 0.0), (2, 0.0), (3, 1005.0), (4, 2008.0), (9, 4017.0), (11, 5020.0), (10, 7021.0), (15, 9034.0), (16, 11043.0), (1, 13054.0)]"
VNS,15,7,bench_15_4,ok,-35495.4306,-2.4467,120.0006,12,7,5,6,10833.0,46328.4306,637.2549,12056.0,34126.0,15068.0,8315781,2.1276,"[3, 9, 11, 10, 12, 13, 14, 5, 8, 7, 15, 16]","[3, 9, 11, 10, 12, 13, 14]","[5, 8, 7, 15, 16]","[3, 4, 11, 12, 14, 1]","[1, 2, 3, 4, 9, 11, 10, 12, 13, 14, 1]","[(1, 6), (6, 3), (3, 5), (5, 4), (4, 8), (8, 11), (11, 7), (7, 12), (12, 15), (15, 14), (14, 16), (16, 1)]","[(1, 0.0), (2, 0.0), (3, 0.0), (4, 1003.0), (9, 2012.0), (11, 3015.0), (10, 5022.0), (12, 6029.0), (13, 8036.0), (14, 9040.0), (1, 11049.0)]"
VNS,15,3,bench_15_5,ok,-33375.6962,-8.2724,120.0009,11,7,4,5,9306.0,42681.6962,587.0935,11065.0,34126.0,15075.0,10248696,64.7585,"[10, 8, 7, 9, 2, 15, 16, 4, 6, 3, 5]","[10, 8, 7, 9, 2, 15, 16]","[4, 6, 3, 5]","[14, 10, 8, 9, 1]","[1, 14, 12, 11, 10, 8, 7, 9, 2, 15, 16, 1]","[(1, 13), (13, 14), (14, 4), (4, 10), (10, 6), (6, 8), (8, 3), (3, 9), (9, 5), (5, 1)]","[(1, 0.0), (14, 0.0), (12, 0.0), (11, 0.0), (10, 0.0), (8, 2011.0), (7, 4027.0), (9, 5036.0), (2, 7051.0), (15, 8055.0), (16, 9060.0), (1, 10060.0)]"
VNS,15,7,bench_15_5,ok,-33375.6962,-8.2724,120.0001,11,7,4,5,9306.0,42681.6962,587.0935,11065.0,34126.0,15075.0,10285414,35.8213,"[10, 8, 7, 9, 2, 15, 16, 4, 6, 3, 5]","[10, 8, 7, 9, 2, 15, 16]","[4, 6, 3, 5]","[14, 10, 8, 9, 1]","[1, 14, 12, 11, 10, 8, 7, 9, 2, 15, 16, 1]","[(1, 13), (13, 14), (14, 4), (4, 10), (10, 6), (6, 8), (8, 3), (3, 9), (9, 5), (5, 1)]","[(1, 0.0), (14, 0.0), (12, 0.0), (11, 0.0), (10, 0.0), (8, 2011.0), (7, 4027.0), (9, 5036.0), (2, 7051.0), (15, 8055.0), (16, 9060.0), (1, 10060.0)]"
VNS,20,1,bench_20_1,ok,-40117.5335,0.0668,300.0036,16,9,7,9,13732.0,53849.5335,740.7089,16072.0,45501.0,20094.0,3714621,155.2673,"[8, 10, 9, 16, 12, 13, 18, 17, 21, 4, 7, 15, 14, 6, 19, 20]","[8, 10, 9, 16, 12, 13, 18, 17, 21]","[4, 7, 15, 14, 6, 19, 20]","[2, 3, 8, 9, 16, 13, 17, 21, 1]","[1, 2, 3, 8, 10, 9, 16, 12, 13, 18, 17, 21, 1]","[(1, 11), (11, 2), (2, 5), (5, 3), (3, 4), (4, 8), (8, 7), (7, 9), (9, 15), (15, 16), (16, 14), (14, 13), (13, 6), (6, 17), (17, 19), (19, 21), (21, 20), (20, 1)]","[(1, 0.0), (2, 0.0), (3, 0.0), (8, 0.0), (10, 2009.0), (9, 3018.0), (16, 5029.0), (12, 7036.0), (13, 8040.0), (18, 10048.0), (17, 11052.0), (21, 13058.0), (1, 15069.0)]"
VNS,20,5,bench_20_1,ok,-40193.1184,0.2553,300.0001,16,9,7,9,13732.0,53925.1184,741.7485,16072.0,45501.0,20094.0,3908149,212.3254,"[8, 10, 9, 15, 13, 12, 18, 17, 21, 4, 7, 16, 14, 6, 19, 20]","[8, 10, 9, 15, 13, 12, 18, 17, 21]","[4, 7, 16, 14, 6, 19, 20]","[2, 3, 8, 9, 15, 12, 17, 21, 1]","[1, 2, 3, 8, 10, 9, 15, 13, 12, 18, 17, 21, 1]","[(1, 11), (11, 2), (2, 5), (5, 3), (3, 4), (4, 8), (8, 7), (7, 9), (9, 16), (16, 15), (15, 14), (14, 12), (12, 6), (6, 17), (17, 19), (19, 21), (21, 20), (20, 1)]","[(1, 0.0), (2, 0.0), (3, 0.0), (8, 0.0), (10, 2009.0), (9, 3018.0), (15, 5029.0), (13, 7036.0), (12, 8038.0), (18, 10048.0), (17, 11052.0), (21, 13058.0), (1, 15069.0)]"
VNS,20,9,bench_20_1,ok,-43585.9515,8.7182,300.0128,13,7,6,9,11445.0,55030.9515,756.9594,13067.0,45501.0,20094.0,3601993,22.1921,"[16, 10, 8, 6, 5, 4, 2, 15, 9, 7, 14, 11, 20]","[16, 10, 8, 6, 5, 4, 2]","[15, 9, 7, 14, 11, 20]","[17, 12, 16, 10, 8, 6, 3, 2, 1]","[1, 17, 18, 12, 16, 10, 8, 6, 5, 4, 3, 2, 1]","[(1, 19), (19, 17), (17, 21), (21, 12), (12, 13), (13, 16), (16, 15), (15, 10), (10, 9), (9, 8), (8, 7), (7, 6), (6, 14), (14, 3), (3, 11), (11, 2), (2, 20), (20, 1)]","[(1, 0.0), (17, 0.0), (18, 0.0), (12, 0.0), (16, 0.0), (10, 1004.0), (8, 3016.0), (6, 5026.0), (5, 7035.0), (4, 8042.0), (3, 9047.0), (2, 10053.0), (1, 12064.0)]"
VNS,20,1,bench_20_2,ok,-38928.2984,-2.8996,300.0385,15,9,6,8,12540.0,51468.2984,707.9546,15068.0,45501.0,20098.0,4587133,74.3431,"[2, 8, 9, 14, 13, 11, 20, 19, 21, 6, 7, 5, 15, 16, 17]","[2, 8, 9, 14, 13, 11, 20, 19, 21]","[6, 7, 5, 15, 16, 17]","[2, 10, 8, 9, 13, 11, 20, 1]","[1, 2, 3, 10, 12, 8, 9, 14, 13, 11, 20, 19, 21, 1]","[(1, 18), (18, 2), (2, 4), (4, 10), (10, 6), (6, 8), (8, 7), (7, 9), (9, 5), (5, 13), (13, 15), (15, 11), (11, 16), (16, 20), (20, 17), (17, 1)]","[(1, 0.0), (2, 0.0), (3, 1004.0), (10, 1004.0), (12, 1004.0), (8, 1004.0), (9, 3017.0), (14, 5018.0), (13, 6027.0), (11, 8038.0), (20, 10051.0), (19, 12061.0), (21, 13062.0), (1, 14062.0)]"
VNS,20,5,bench_20_2,ok,-40558.27,1.1661,300.0102,14,8,6,8,11843.0,52401.27,720.7878,14066.0,45501.0,20098.0,4634130,26.1204,"[2, 8, 9, 14, 13, 16, 18, 21, 6, 7, 5, 15, 17, 11]","[2, 8, 9, 14, 13, 16, 18, 21]","[6, 7, 5, 15, 17, 11]","[19, 3, 8, 9, 13, 16, 18, 1]","[1, 19, 2, 3, 10, 12, 8, 9, 14, 13, 16, 18, 21, 1]","[(1, 20), (20, 19), (19, 4), (4, 3), (3, 6), (6, 8), (8, 7), (7, 9), (9, 5), (5, 13), (13, 15), (15, 16), (16, 17), (17, 18), (18, 11), (11, 1)]","[(1, 0.0), (19, 0.0), (2, 0.0), (3, 1004.0), (10, 1004.0), (12, 1004.0), (8, 1004.0), (9, 3017.0), (14, 5018.0), (13, 6027.0), (16, 8038.0), (18, 10046.0), (21, 12057.0), (1, 13057.0)]"
VNS,20,9,bench_20_2,ok,-38928.2984,-2.8996,300.0006,15,9,6,8,12540.0,51468.2984,707.9546,15068.0,45501.0,20098.0,4733837,190.0902,"[2, 8, 9, 14, 13, 11, 20, 19, 21, 6, 7, 5, 15, 16, 17]","[2, 8, 9, 14, 13, 11, 20, 19, 21]","[6, 7, 5, 15, 16, 17]","[2, 10, 8, 9, 13, 11, 20, 1]","[1, 2, 3, 10, 12, 8, 9, 14, 13, 11, 20, 19, 21, 1]","[(1, 18), (18, 2), (2, 4), (4, 10), (10, 6), (6, 8), (8, 7), (7, 9), (9, 5), (5, 13), (13, 15), (15, 11), (11, 16), (16, 20), (20, 17), (17, 1)]","[(1, 0.0), (2, 0.0), (3, 1004.0), (10, 1004.0), (12, 1004.0), (8, 1004.0), (9, 3017.0), (14, 5018.0), (13, 6027.0), (11, 8038.0), (20, 10051.0), (19, 12061.0), (21, 13062.0), (1, 14062.0)]"
VNS,20,1,bench_20_3,ok,-35024.6826,-12.6365,300.0001,17,10,7,8,14648.0,49672.6826,683.2556,17091.0,45501.0,20106.0,4139989,180.3387,"[4, 5, 11, 10, 9, 14, 15, 17, 16, 21, 7, 6, 8, 13, 19, 18, 20]","[4, 5, 11, 10, 9, 14, 15, 17, 16, 21]","[7, 6, 8, 13, 19, 18, 20]","[3, 5, 9, 14, 15, 17, 16, 1]","[1, 3, 12, 4, 5, 11, 10, 9, 14, 15, 17, 16, 21, 1]","[(1, 2), (2, 3), (3, 7), (7, 5), (5, 6), (6, 9), (9, 8), (8, 14), (14, 13), (13, 15), (15, 19), (19, 17), (17, 18), (18, 16), (16, 20), (20, 1)]","[(1, 0.0), (3, 0.0), (12, 0.0), (4, 0.0), (5, 1002.0), (11, 3015.0), (10, 4021.0), (9, 5029.0), (14, 7041.0), (15, 9054.0), (17, 11064.0), (16, 13080.0), (21, 15088.0), (1, 16088.0)]"
VNS,20,5,bench_20_3,ok,-38607.2996,-3.7002,300.0324,16,8,8,9,13925.0,52532.2996,722.5901,16083.0,45501.0,20106.0,3223585,70.6329,"[9, 8, 13, 14, 15, 17, 16, 21, 19, 4, 11, 6, 7, 5, 18, 20]","[9, 8, 13, 14, 15, 17, 16, 21]","[19, 4, 11, 6, 7, 5, 18, 20]","[3, 12, 10, 9, 8, 13, 17, 16, 1]","[1, 3, 12, 10, 9, 8, 13, 14, 15, 17, 16, 21, 1]","[(1, 2), (2, 3), (3, 19), (19, 12), (12, 4), (4, 10), (10, 11), (11, 9), (9, 6), (6, 8), (8, 7), (7, 13), (13, 5), (5, 17), (17, 18), (18, 16), (16, 20), (20, 1)]","[(1, 0.0), (3, 0.0), (12, 0.0), (10, 1008.0), (9, 2010.0), (8, 4019.0), (13, 6037.0), (14, 8049.0), (15, 9053.0), (17, 10056.0), (16, 12072.0), (21, 14080.0), (1, 15080.0)]"
VNS,20,9,bench_20_3,ok,-35024.6826,-12.6365,300.0324,17,10,7,8,14648.0,49672.6826,683.2556,17091.0,45501.0,20106.0,4524463,92.7921,"[4, 5, 11, 10, 9, 14, 15, 17, 16, 21, 7, 6, 8, 13, 19, 18, 20]","[4, 5, 11, 10, 9, 14, 15, 17, 16, 21]","[7, 6, 8, 13, 19, 18, 20]","[3, 5, 9, 14, 15, 17, 16, 1]","[1, 3, 12, 4, 5, 11, 10, 9, 14, 15, 17, 16, 21, 1]","[(1, 2), (2, 3), (3, 7), (7, 5), (5, 6), (6, 9), (9, 8), (8, 14), (14, 13), (13, 15), (15, 19), (19, 17), (17, 18), (18, 16), (16, 20), (20, 1)]","[(1, 0.0), (3, 0.0), (12, 0.0), (4, 0.0), (5, 1002.0), (11, 3015.0), (10, 4021.0), (9, 5029.0), (14, 7041.0), (15, 9054.0), (17, 11064.0), (16, 13080.0), (21, 15088.0), (1, 16088.0)]"
VNS,20,1,bench_20_4,ok,-35118.9504,-12.4014,300.0316,19,10,9,9,16598.0,51716.9504,711.3748,19087.0,45501.0,20092.0,3999666,24.7534,"[3, 4, 5, 7, 10, 15, 14, 12, 20, 21, 16, 11, 6, 8, 9, 13, 17, 18, 19]","[3, 4, 5, 7, 10, 15, 14, 12, 20, 21]","[16, 11, 6, 8, 9, 13, 17, 18, 19]","[3, 5, 7, 10, 15, 14, 20, 21, 1]","[1, 2, 3, 4, 5, 7, 10, 15, 14, 12, 20, 21, 1]","[(1, 16), (16, 3), (3, 11), (11, 5), (5, 6), (6, 7), (7, 8), (8, 10), (10, 9), (9, 15), (15, 13), (13, 14), (14, 17), (17, 20), (20, 18), (18, 21), (21, 19), (19, 1)]","[(1, 0.0), (2, 0.0), (3, 0.0), (4, 2009.0), (5, 3009.0), (7, 5021.0), (10, 7028.0), (15, 9034.0), (14, 11040.0), (12, 13053.0), (20, 14060.0), (21, 16069.0), (1, 18080.0)]"
VNS,20,5,bench_20_4,ok,-37003.0543,-7.7018,300.001,18,9,9,10,15946.0,52949.0543,728.3226,18080.0,45501.0,20092.0,5915789,13.0066,"[3, 5, 7, 10, 15, 14, 13, 18, 19, 16, 4, 8, 9, 11, 20, 12, 17, 21]","[3, 5, 7, 10, 15, 14, 13, 18, 19]","[16, 4, 8, 9, 11, 20, 12, 17, 21]","[3, 5, 7, 10, 15, 14, 13, 18, 19, 1]","[1, 2, 3, 5, 7, 10, 15, 14, 13, 18, 19, 1]","[(1, 16), (16, 3), (3, 4), (4, 5), (5, 6), (6, 7), (7, 8), (8, 10), (10, 9), (9, 15), (15, 11), (11, 14), (14, 20), (20, 13), (13, 12), (12, 18), (18, 17), (17, 19), (19, 21), (21, 1)]","[(1, 0.0), (2, 0.0), (3, 0.0), (5, 2009.0), (7, 4018.0), (10, 5018.0), (15, 7024.0), (14, 9030.0), (13, 11040.0), (18, 13048.0), (19, 15059.0), (1, 17073.0)]"
VNS,20,9,bench_20_4,ok,-37003.0543,-7.7018,300.0148,18,9,9,10,15946.0,52949.0543,728.3226,18080.0,45501.0,20092.0,6038014,51.2438,"[3, 5, 7, 10, 15, 14, 13, 18, 19, 16, 4, 8, 9, 11, 20, 12, 17, 21]","[3, 5, 7, 10, 15, 14, 13, 18, 19]","[16, 4, 8, 9, 11, 20, 12, 17, 21]","[3, 5, 7, 10, 15, 14, 13, 18, 19, 1]","[1, 2, 3, 5, 7, 10, 15, 14, 13, 18, 19, 1]","[(1, 16), (16, 3), (3, 4), (4, 5), (5, 6), (6, 7), (7, 8), (8, 10), (10, 9), (9, 15), (15, 11), (11, 14), (14, 20), (20, 13), (13, 12), (12, 18), (18, 17), (17, 19), (19, 21), (21, 1)]","[(1, 0.0), (2, 0.0), (3, 0.0), (5, 2009.0), (7, 4018.0), (10, 5018.0), (15, 7024.0), (14, 9030.0), (13, 11040.0), (18, 13048.0), (19, 15059.0), (1, 17073.0)]"
VNS,20,1,bench_20_5,ok,-38061.0954,-5.0627,300.0252,13,8,5,9,10981.0,49042.0954,674.5818,13074.0,45501.0,20090.0,3247627,7.6098,"[14, 9, 6, 10, 11, 12, 3, 20, 7, 5, 4, 2, 18]","[14, 9, 6, 10, 11, 12, 3, 20]","[7, 5, 4, 2, 18]","[17, 16, 14, 9, 6, 10, 12, 20, 1]","[1, 21, 17, 16, 14, 9, 6, 10, 11, 12, 3, 20, 1]","[(1, 19), (19, 17), (17, 15), (15, 16), (16, 13), (13, 14), (14, 8), (8, 9), (9, 7), (7, 6), (6, 5), (5, 10), (10, 4), (4, 12), (12, 2), (2, 20), (20, 18), (18, 1)]","[(1, 0.0), (21, 0.0), (17, 0.0), (16, 0.0), (14, 0.0), (9, 1004.0), (6, 2009.0), (10, 4023.0), (11, 6039.0), (12, 7046.0), (3, 9061.0), (20, 10065.0), (1, 12072.0)]"
VNS,20,5,bench_20_5,ok,-38101.3651,-4.9622,300.038,13,8,5,9,10981.0,49082.3651,675.1357,13074.0,45501.0,20090.0,3240960,55.5125,"[14, 9, 6, 11, 12, 3, 20, 2, 7, 5, 10, 4, 18]","[14, 9, 6, 11, 12, 3, 20, 2]","[7, 5, 10, 4, 18]","[17, 13, 14, 9, 6, 11, 12, 2, 1]","[1, 21, 17, 13, 14, 9, 6, 11, 12, 3, 20, 2, 1]","[(1, 19), (19, 17), (17, 16), (16, 13), (13, 15), (15, 14), (14, 8), (8, 9), (9, 7), (7, 6), (6, 5), (5, 11), (11, 10), (10, 12), (12, 4), (4, 2), (2, 18), (18, 1)]","[(1, 0.0), (21, 0.0), (17, 0.0), (13, 0.0), (14, 0.0), (9, 1004.0), (6, 2009.0), (11, 4023.0), (12, 6037.0), (3, 8052.0), (20, 9056.0), (2, 10061.0), (1, 12072.0)]"
VNS,20,9,bench_20_5,ok,-37879.2381,-5.5163,300.0169,15,8,7,10,12322.0,50201.2381,690.526,15074.0,45501.0,20090.0,4591892,2.6338,"[14, 9, 6, 11, 12, 3, 20, 21, 8, 7, 5, 10, 4, 18, 19]","[14, 9, 6, 11, 12, 3, 20, 21]","[8, 7, 5, 10, 4, 18, 19]","[17, 16, 14, 9, 6, 11, 12, 20, 21, 1]","[1, 17, 16, 14, 9, 6, 11, 12, 3, 20, 21, 1]","[(1, 2), (2, 17), (17, 13), (13, 16), (16, 15), (15, 14), (14, 8), (8, 9), (9, 7), (7, 6), (6, 5), (5, 11), (11, 10), (10, 12), (12, 4), (4, 20), (20, 18), (18, 21), (21, 19), (19, 1)]","[(1, 0.0), (17, 0.0), (16, 0.0), (14, 0.0), (9, 1004.0), (6, 3011.0), (11, 5025.0), (12, 7039.0), (3, 9054.0), (20, 10058.0), (21, 12072.0), (1, 14074.0)]"
VNS,30,3,bench_30_1,ok,-38874.4454,,450.0006,29,20,9,10,25582.0,64456.4454,886.6086,29135.0,68251.0,30140.0,6433743,100.1135,"[29, 22, 21, 19, 13, 14, 15, 11, 10, 9, 8, 17, 7, 6, 30, 5, 4, 3, 31, 2, 24, 20, 23, 12, 16, 18, 26, 28, 27]","[29, 22, 21, 19, 13, 14, 15, 11, 10, 9, 8, 17, 7, 6, 30, 5, 4, 3, 31, 2]","[24, 20, 23, 12, 16, 18, 26, 28, 27]","[29, 21, 19, 10, 8, 17, 30, 3, 2, 1]","[1, 29, 22, 21, 19, 13, 14, 15, 11, 10, 9, 8, 17, 7, 6, 30, 5, 4, 3, 31, 2, 1]","[(1, 25), (25, 29), (29, 24), (24, 21), (21, 20), (20, 19), (19, 23), (23, 10), (10, 12), (12, 8), (8, 16), (16, 17), (17, 18), (18, 30), (30, 26), (26, 3), (3, 28), (28, 2), (2, 27), (27, 1)]","[(1, 0.0), (29, 0.0), (22, 1004.0), (21, 2008.0), (19, 4014.0), (13, 6022.0), (14, 7024.0), (15, 8029.0), (11, 9035.0), (10, 10037.0), (9, 12050.0), (8, 13054.0), (17, 15057.0), (7, 17072.0), (6, 18080.0), (30, 19084.0), (5, 21099.0), (4, 22108.0), (3, 23109.0), (31, 25118.0), (2, 26123.0), (1, 28135.0)]"
VNS,30,7,bench_30_1,ok,-39538.4919,,450.0682,28,18,10,10,24851.0,64389.4919,885.6876,28131.0,68251.0,30140.0,6870971,405.1064,"[21, 19, 13, 14, 15, 11, 10, 9, 8, 17, 7, 6, 30, 5, 4, 3, 31, 2, 26, 24, 23, 12, 16, 22, 18, 29, 28, 27]","[21, 19, 13, 14, 15, 11, 10, 9, 8, 17, 7, 6, 30, 5, 4, 3, 31, 2]","[26, 24, 23, 12, 16, 22, 18, 29, 28, 27]","[25, 21, 13, 11, 9, 7, 5, 3, 2, 1]","[1, 25, 20, 21, 19, 13, 14, 15, 11, 10, 9, 8, 17, 7, 6, 30, 5, 4, 3, 31, 2, 1]","[(1, 26), (26, 25), (25, 24), (24, 21), (21, 23), (23, 13), (13, 12), (12, 11), (11, 16), (16, 9), (9, 22), (22, 7), (7, 18), (18, 5), (5, 29), (29, 3), (3, 28), (28, 2), (2, 27), (27, 1)]","[(1, 0.0), (25, 0.0), (20, 1003.0), (21, 1003.0), (19, 3009.0), (13, 4013.0), (14, 6021.0), (15, 7026.0), (11, 8032.0), (10, 10035.0), (9, 11042.0), (8, 13055.0), (17, 14057.0), (7, 15063.0), (6, 17075.0), (30, 18079.0), (5, 19088.0), (4, 21103.0), (3, 22104.0), (31, 24114.0), (2, 25119.0), (1, 27131.0)]"
VNS,30,3,bench_30_2,ok,-38422.8785,,450.0001,26,17,9,10,21707.0,60129.8785,827.096,26117.0,68251.0,30134.0,5385788,343.9457,"[3, 15, 14, 13, 10, 8, 11, 18, 20, 19, 21, 22, 23, 24, 26, 27, 31, 2, 7, 9, 6, 17, 16, 25, 28, 29]","[3, 15, 14, 13, 10, 8, 11, 18, 20, 19, 21, 22, 23, 24, 26, 27, 31]","[2, 7, 9, 6, 17, 16, 25, 28, 29]","[15, 14, 12, 8, 18, 21, 23, 24, 27, 1]","[1, 30, 3, 4, 15, 14, 13, 12, 10, 8, 11, 18, 20, 19, 21, 22, 23, 24, 26, 27, 31, 1]","[(1, 2), (2, 15), (15, 5), (5, 14), (14, 7), (7, 12), (12, 9), (9, 8), (8, 6), (6, 18), (18, 17), (17, 21), (21, 16), (16, 23), (23, 25), (25, 24), (24, 28), (28, 27), (27, 29), (29, 1)]","[(1, 0.0), (30, 0.0), (3, 0.0), (4, 1004.0), (15, 1004.0), (14, 3012.0), (13, 4015.0), (12, 5018.0), (10, 6027.0), (8, 7031.0), (11, 9038.0), (18, 10041.0), (20, 12048.0), (19, 13057.0), (21, 14063.0), (22, 16074.0), (23, 17078.0), (24, 19091.0), (26, 21103.0), (27, 22108.0), (31, 24111.0), (1, 25111.0)]"
VNS,30,7,bench_30_2,ok,-40516.447,,450.1758,25,17,8,10,21065.0,61581.447,847.0625,25113.0,68251.0,30134.0,4315128,335.153,"[19, 20, 12, 10, 8, 9, 13, 14, 5, 15, 4, 2, 3, 30, 29, 28, 31, 25, 24, 11, 7, 6, 16, 27, 26]","[19, 20, 12, 10, 8, 9, 13, 14, 5, 15, 4, 2, 3, 30, 29, 28, 31]","[25, 24, 11, 7, 6, 16, 27, 26]","[23, 19, 18, 12, 9, 14, 15, 2, 28, 1]","[1, 23, 22, 19, 20, 18, 12, 10, 8, 9, 13, 14, 5, 15, 4, 2, 3, 30, 29, 28, 31, 1]","[(1, 25), (25, 23), (23, 24), (24, 19), (19, 21), (21, 18), (18, 17), (17, 12), (12, 11), (11, 9), (9, 7), (7, 14), (14, 6), (6, 15), (15, 16), (16, 2), (2, 27), (27, 28), (28, 26), (26, 1)]","[(1, 0.0), (23, 0.0), (22, 1006.0), (19, 1006.0), (20, 3018.0), (18, 4027.0), (12, 4027.0), (10, 5027.0), (8, 6031.0), (9, 7032.0), (13, 9041.0), (14, 10044.0), (5, 12056.0), (15, 13064.0), (4, 15071.0), (2, 16079.0), (3, 18094.0), (30, 19098.0), (29, 20099.0), (28, 21105.0), (31, 23108.0), (1, 24108.0)]"
VNS,30,3,bench_30_3,ok,-46574.4556,,450.0296,26,18,8,10,21952.0,68526.4556,942.5922,26128.0,68251.0,30147.0,7316335,50.7931,"[11, 9, 8, 7, 6, 15, 14, 13, 18, 17, 29, 16, 4, 5, 2, 3, 30, 31, 10, 12, 23, 21, 25, 27, 28, 26]","[11, 9, 8, 7, 6, 15, 14, 13, 18, 17, 29, 16, 4, 5, 2, 3, 30, 31]","[10, 12, 23, 21, 25, 27, 28, 26]","[22, 11, 8, 13, 17, 4, 3, 30, 31, 1]","[1, 22, 20, 11, 9, 8, 7, 6, 15, 14, 13, 18, 17, 29, 16, 4, 5, 2, 3, 30, 31, 1]","[(1, 24), (24, 22), (22, 19), (19, 11), (11, 10), (10, 8), (8, 12), (12, 13), (13, 23), (23, 17), (17, 21), (21, 4), (4, 25), (25, 3), (3, 27), (27, 30), (30, 28), (28, 31), (31, 26), (26, 1)]","[(1, 0.0), (22, 0.0), (20, 0.0), (11, 0.0), (9, 1001.0), (8, 2002.0), (7, 4016.0), (6, 5024.0), (15, 6026.0), (14, 7032.0), (13, 8040.0), (18, 10052.0), (17, 11056.0), (29, 13068.0), (16, 14076.0), (4, 15084.0), (5, 17096.0), (2, 18097.0), (3, 19099.0), (30, 21109.0), (31, 23120.0), (1, 25128.0)]"
VNS,30,7,bench_30_3,ok,-46183.2773,,450.0784,27,18,9,10,22812.0,68995.2773,949.041,27130.0,68251.0,30147.0,7893433,376.6118,"[21, 11, 9, 8, 7, 6, 15, 14, 13, 18, 17, 29, 16, 4, 2, 3, 30, 31, 25, 10, 12, 20, 23, 5, 27, 28, 26]","[21, 11, 9, 8, 7, 6, 15, 14, 13, 18, 17, 29, 16, 4, 2, 3, 30, 31]","[25, 10, 12, 20, 23, 5, 27, 28, 26]","[22, 11, 8, 18, 17, 4, 3, 30, 31, 1]","[1, 22, 21, 19, 11, 9, 8, 7, 6, 15, 14, 13, 18, 17, 29, 16, 4, 2, 3, 30, 31, 1]","[(1, 24), (24, 22), (22, 25), (25, 11), (11, 10), (10, 8), (8, 12), (12, 18), (18, 20), (20, 17), (17, 23), (23, 4), (4, 5), (5, 3), (3, 27), (27, 30), (30, 28), (28, 31), (31, 26), (26, 1)]","[(1, 0.0), (22, 0.0), (21, 0.0), (19, 1004.0), (11, 1004.0), (9, 3010.0), (8, 4011.0), (7, 6025.0), (6, 7033.0), (15, 8035.0), (14, 9041.0), (13, 10049.0), (18, 11052.0), (17, 13065.0), (29, 15076.0), (16, 16084.0), (4, 17092.0), (2, 19103.0), (3, 20105.0), (30, 22111.0), (31, 24122.0), (1, 26130.0)]"
VNS,30,3,bench_30_4,ok,-47105.9614,,450.0062,25,17,8,10,21532.0,68637.9614,944.126,25119.0,68251.0,30139.0,7382086,313.6153,"[4, 7, 9, 15, 14, 10, 12, 13, 24, 23, 25, 26, 20, 19, 27, 28, 29, 17, 22, 11, 16, 21, 18, 2, 31]","[4, 7, 9, 15, 14, 10, 12, 13, 24, 23, 25, 26, 20, 19, 27, 28, 29]","[17, 22, 11, 16, 21, 18, 2, 31]","[3, 5, 14, 13, 23, 26, 20, 27, 29, 1]","[1, 3, 4, 5, 7, 6, 9, 15, 14, 10, 12, 13, 24, 23, 25, 26, 20, 19, 27, 28, 29, 1]","[(1, 30), (30, 3), (3, 8), (8, 5), (5, 17), (17, 14), (14, 22), (22, 13), (13, 11), (11, 23), (23, 16), (16, 26), (26, 21), (21, 20), (20, 18), (18, 27), (27, 2), (2, 29), (29, 31), (31, 1)]","[(1, 0.0), (3, 0.0), (4, 0.0), (5, 1003.0), (7, 1003.0), (6, 2012.0), (9, 2012.0), (15, 3012.0), (14, 4018.0), (10, 6026.0), (12, 7026.0), (13, 8031.0), (24, 10036.0), (23, 11044.0), (25, 13054.0), (26, 14060.0), (20, 16067.0), (19, 18080.0), (27, 19082.0), (28, 21096.0), (29, 22100.0), (1, 24112.0)]"
VNS,30,7,bench_30_4,ok,-39922.8895,,450.1364,27,19,8,10,23258.0,63180.8895,869.0631,27129.0,68251.0,30139.0,7540470,302.2024,"[18, 21, 22, 23, 24, 12, 10, 14, 15, 11, 9, 6, 8, 7, 5, 4, 3, 2, 31, 28, 25, 13, 26, 16, 27, 17, 29]","[18, 21, 22, 23, 24, 12, 10, 14, 15, 11, 9, 6, 8, 7, 5, 4, 3, 2, 31]","[28, 25, 13, 26, 16, 27, 17, 29]","[18, 21, 23, 12, 15, 5, 4, 3, 31, 1]","[1, 30, 18, 21, 22, 23, 24, 12, 10, 14, 15, 11, 9, 6, 8, 7, 5, 4, 3, 2, 31, 1]","[(1, 28), (28, 18), (18, 19), (19, 21), (21, 20), (20, 23), (23, 25), (25, 12), (12, 13), (13, 15), (15, 26), (26, 5), (5, 16), (16, 4), (4, 27), (27, 3), (3, 17), (17, 31), (31, 29), (29, 1)]","[(1, 0.0), (30, 0.0), (18, 0.0), (21, 2011.0), (22, 3018.0), (23, 4019.0), (24, 5023.0), (12, 6031.0), (10, 8042.0), (14, 9042.0), (15, 10048.0), (11, 12058.0), (9, 13064.0), (6, 14064.0), (8, 15066.0), (7, 16073.0), (5, 17082.0), (4, 19086.0), (3, 21092.0), (2, 23108.0), (31, 24113.0), (1, 26122.0)]"
VNS,30,3,bench_30_5,ok,-41021.577,,450.0266,26,19,7,10,21791.0,62812.577,863.9969,26112.0,68251.0,30126.0,7219655,258.9885,"[25, 22, 16, 13, 14, 12, 10, 9, 8, 7, 18, 19, 20, 5, 30, 4, 3, 31, 2, 17, 11, 6, 26, 27, 28, 29]","[25, 22, 16, 13, 14, 12, 10, 9, 8, 7, 18, 19, 20, 5, 30, 4, 3, 31, 2]","[17, 11, 6, 26, 27, 28, 29]","[25, 16, 12, 9, 7, 19, 30, 3, 2, 1]","[1, 25, 24, 22, 16, 13, 14, 12, 10, 9, 8, 7, 18, 19, 20, 5, 30, 4, 3, 31, 2, 1]","[(1, 21), (21, 25), (25, 23), (23, 16), (16, 15), (15, 12), (12, 17), (17, 9), (9, 11), (11, 7), (7, 6), (6, 19), (19, 26), (26, 30), (30, 27), (27, 3), (3, 28), (28, 2), (2, 29), (29, 1)]","[(1, 0.0), (25, 0.0), (24, 1004.0), (22, 1004.0), (16, 2008.0), (13, 3010.0), (14, 4019.0), (12, 5020.0), (10, 6027.0), (9, 7031.0), (8, 9041.0), (7, 10048.0), (18, 12059.0), (19, 13068.0), (20, 15084.0), (5, 16090.0), (30, 17094.0), (4, 19101.0), (3, 20103.0), (31, 22110.0), (2, 23110.0), (1, 25112.0)]"
VNS,30,7,bench_30_5,ok,-42470.6786,,450.0001,26,19,7,10,21700.0,64170.6786,882.6778,26111.0,68251.0,30126.0,6021160,113.9464,"[25, 22, 16, 13, 14, 12, 10, 11, 9, 8, 7, 6, 18, 19, 20, 5, 30, 3, 31, 23, 17, 26, 4, 28, 29, 2]","[25, 22, 16, 13, 14, 12, 10, 11, 9, 8, 7, 6, 18, 19, 20, 5, 30, 3, 31]","[23, 17, 26, 4, 28, 29, 2]","[25, 22, 13, 10, 9, 18, 5, 3, 31, 1]","[1, 25, 24, 22, 16, 13, 14, 12, 10, 11, 9, 8, 7, 6, 18, 19, 20, 5, 30, 3, 31, 1]","[(1, 27), (27, 25), (25, 21), (21, 22), (22, 23), (23, 13), (13, 15), (15, 10), (10, 17), (17, 9), (9, 26), (26, 18), (18, 4), (4, 5), (5, 28), (28, 3), (3, 29), (29, 31), (31, 2), (2, 1)]","[(1, 0.0), (25, 0.0), (24, 1004.0), (22, 1004.0), (16, 2008.0), (13, 3010.0), (14, 5023.0), (12, 6024.0), (10, 7031.0), (11, 8035.0), (9, 9039.0), (8, 11049.0), (7, 12056.0), (6, 13063.0), (18, 14072.0), (19, 16083.0), (20, 17090.0), (5, 18096.0), (30, 20102.0), (3, 21107.0), (31, 23111.0), (1, 25111.0)]"
VNS,40,1,bench_40_1,ok,-45075.2607,,600.1967,37,27,10,10,33022.0,78097.2607,1074.2402,37176.0,91001.0,40189.0,7655385,470.5162,"[38, 28, 25, 15, 16, 17, 18, 12, 13, 11, 10, 8, 21, 20, 19, 26, 24, 23, 22, 7, 6, 40, 5, 4, 3, 41, 2, 35, 33, 32, 14, 9, 29, 31, 36, 39, 37]","[38, 28, 25, 15, 16, 17, 18, 12, 13, 11, 10, 8, 21, 20, 19, 26, 24, 23, 22, 7, 6, 40, 5, 4, 3, 41, 2]","[35, 33, 32, 14, 9, 29, 31, 36, 39, 37]","[30, 28, 13, 8, 19, 23, 40, 3, 2, 1]","[1, 38, 34, 30, 27, 28, 25, 15, 16, 17, 18, 12, 13, 11, 10, 8, 21, 20, 19, 26, 24, 23, 22, 7, 6, 40, 5, 4, 3, 41, 2, 1]","[(1, 35), (35, 30), (30, 33), (33, 28), (28, 32), (32, 13), (13, 14), (14, 8), (8, 9), (9, 19), (19, 29), (29, 23), (23, 31), (31, 40), (40, 36), (36, 3), (3, 39), (39, 2), (2, 37), (37, 1)]","[(1, 0.0), (38, 0.0), (34, 1006.0), (30, 1006.0), (27, 2009.0), (28, 2009.0), (25, 4011.0), (15, 5015.0), (16, 6017.0), (17, 7022.0), (18, 8029.0), (12, 9035.0), (13, 10037.0), (11, 12042.0), (10, 13049.0), (8, 14054.0), (21, 16058.0), (20, 17066.0), (19, 18069.0), (26, 20082.0), (24, 21089.0), (23, 22096.0), (22, 24106.0), (7, 25112.0), (6, 26120.0), (40, 27124.0), (5, 29139.0), (4, 30148.0), (3, 31149.0), (41, 33161.0), (2, 34166.0), (1, 36176.0)]"
VNS,40,5,bench_40_1,ok,-49529.9076,,600.1294,37,27,10,10,33022.0,82551.9076,1135.5145,37176.0,91001.0,40189.0,7988876,16.8771,"[28, 25, 14, 15, 16, 17, 18, 12, 13, 11, 10, 8, 21, 20, 19, 26, 24, 23, 22, 7, 6, 40, 5, 4, 3, 41, 2, 33, 35, 32, 29, 9, 39, 31, 36, 38, 37]","[28, 25, 14, 15, 16, 17, 18, 12, 13, 11, 10, 8, 21, 20, 19, 26, 24, 23, 22, 7, 6, 40, 5, 4, 3, 41, 2]","[33, 35, 32, 29, 9, 39, 31, 36, 38, 37]","[30, 25, 12, 8, 20, 23, 40, 3, 2, 1]","[1, 34, 30, 27, 28, 25, 14, 15, 16, 17, 18, 12, 13, 11, 10, 8, 21, 20, 19, 26, 24, 23, 22, 7, 6, 40, 5, 4, 3, 41, 2, 1]","[(1, 33), (33, 30), (30, 35), (35, 25), (25, 32), (32, 12), (12, 29), (29, 8), (8, 9), (9, 20), (20, 39), (39, 23), (23, 31), (31, 40), (40, 36), (36, 3), (3, 38), (38, 2), (2, 37), (37, 1)]","[(1, 0.0), (34, 0.0), (30, 0.0), (27, 1000.0), (28, 1000.0), (25, 2002.0), (14, 4009.0), (15, 5011.0), (16, 6013.0), (17, 7018.0), (18, 8025.0), (12, 9031.0), (13, 11037.0), (11, 12038.0), (10, 13045.0), (8, 14050.0), (21, 16056.0), (20, 17064.0), (19, 19071.0), (26, 20080.0), (24, 21087.0), (23, 22094.0), (22, 24104.0), (7, 25110.0), (6, 26118.0), (40, 27122.0), (5, 29137.0), (4, 30146.0), (3, 31147.0), (41, 33159.0), (2, 34164.0), (1, 36176.0)]"
VNS,40,9,bench_40_1,ok,-44431.5257,,600.3883,37,27,10,10,33022.0,77453.5257,1065.3855,37176.0,91001.0,40189.0,8191407,224.2212,"[38, 31, 29, 28, 25, 15, 16, 17, 18, 12, 13, 11, 10, 9, 8, 21, 20, 19, 26, 24, 22, 7, 6, 40, 5, 4, 3, 36, 33, 35, 14, 32, 23, 39, 41, 2, 37]","[38, 31, 29, 28, 25, 15, 16, 17, 18, 12, 13, 11, 10, 9, 8, 21, 20, 19, 26, 24, 22, 7, 6, 40, 5, 4, 3]","[36, 33, 35, 14, 32, 23, 39, 41, 2, 37]","[31, 28, 17, 13, 19, 24, 7, 4, 3, 1]","[1, 38, 34, 30, 31, 29, 27, 28, 25, 15, 16, 17, 18, 12, 13, 11, 10, 9, 8, 21, 20, 19, 26, 24, 22, 7, 6, 40, 5, 4, 3, 1]","[(1, 36), (36, 31), (31, 33), (33, 28), (28, 35), (35, 17), (17, 14), (14, 13), (13, 32), (32, 19), (19, 23), (23, 24), (24, 39), (39, 7), (7, 41), (41, 4), (4, 2), (2, 3), (3, 37), (37, 1)]","[(1, 0.0), (38, 0.0), (34, 1006.0), (30, 1006.0), (31, 1006.0), (29, 3018.0), (27, 4022.0), (28, 4022.0), (25, 6024.0), (15, 7028.0), (16, 8030.0), (17, 9035.0), (18, 11045.0), (12, 12051.0), (13, 13053.0), (11, 15056.0), (10, 16063.0), (9, 17068.0), (8, 18072.0), (21, 19074.0), (20, 20082.0), (19, 21085.0), (26, 23098.0), (24, 24105.0), (22, 26118.0), (7, 27124.0), (6, 29136.0), (40, 30140.0), (5, 31149.0), (4, 32158.0), (3, 34164.0), (1, 36176.0)]"
VNS,40,1,bench_40_2,ok,-61235.3101,,600.0294,35,26,9,10,29319.0,90554.3101,1245.5889,35160.0,91001.0,40172.0,8104856,50.5526,"[24, 25, 22, 13, 12, 11, 9, 10, 8, 6, 7, 5, 17, 16, 20, 19, 38, 39, 18, 4, 2, 3, 40, 36, 35, 41, 29, 32, 31, 26, 28, 34, 33, 37, 30]","[24, 25, 22, 13, 12, 11, 9, 10, 8, 6, 7, 5, 17, 16, 20, 19, 38, 39, 18, 4, 2, 3, 40, 36, 35, 41]","[29, 32, 31, 26, 28, 34, 33, 37, 30]","[27, 13, 6, 20, 19, 39, 2, 36, 35, 1]","[1, 27, 24, 25, 21, 22, 13, 14, 12, 15, 11, 9, 10, 8, 6, 7, 5, 17, 16, 20, 19, 38, 39, 18, 4, 2, 3, 40, 36, 35, 41, 1]","[(1, 23), (23, 27), (27, 29), (29, 13), (13, 32), (32, 6), (6, 31), (31, 20), (20, 26), (26, 19), (19, 28), (28, 39), (39, 34), (34, 2), (2, 33), (33, 36), (36, 37), (37, 35), (35, 30), (30, 1)]","[(1, 0.0), (27, 0.0), (24, 0.0), (25, 1006.0), (21, 2015.0), (22, 2015.0), (13, 3023.0), (14, 5027.0), (12, 5027.0), (15, 6032.0), (11, 6032.0), (9, 7036.0), (10, 8037.0), (8, 9043.0), (6, 10043.0), (7, 12053.0), (5, 13062.0), (17, 14070.0), (16, 15073.0), (20, 16076.0), (19, 18089.0), (38, 20102.0), (39, 21105.0), (18, 23113.0), (4, 24115.0), (2, 25123.0), (3, 27131.0), (40, 28135.0), (36, 29136.0), (35, 31147.0), (41, 33154.0), (1, 34154.0)]"
VNS,40,5,bench_40_2,ok,-51753.4072,,600.0147,34,26,8,10,28682.0,80435.4072,1106.4017,34138.0,91001.0,40172.0,7387661,537.4109,"[3, 18, 16, 17, 7, 6, 10, 9, 11, 15, 12, 14, 13, 22, 21, 25, 24, 26, 27, 28, 31, 30, 29, 32, 33, 41, 35, 8, 39, 38, 19, 37, 34, 2]","[3, 18, 16, 17, 7, 6, 10, 9, 11, 15, 12, 14, 13, 22, 21, 25, 24, 26, 27, 28, 31, 30, 29, 32, 33, 41]","[35, 8, 39, 38, 19, 37, 34, 2]","[40, 20, 6, 9, 22, 26, 28, 29, 33, 1]","[1, 40, 3, 4, 18, 20, 16, 17, 5, 7, 6, 10, 9, 11, 15, 12, 14, 13, 22, 21, 25, 24, 26, 27, 28, 31, 30, 29, 32, 33, 41, 1]","[(1, 36), (36, 40), (40, 23), (23, 20), (20, 35), (35, 6), (6, 8), (8, 9), (9, 39), (39, 22), (22, 38), (38, 26), (26, 19), (19, 28), (28, 37), (37, 29), (29, 34), (34, 33), (33, 2), (2, 1)]","[(1, 0.0), (40, 0.0), (3, 0.0), (4, 1004.0), (18, 1004.0), (20, 2006.0), (16, 2006.0), (17, 3009.0), (5, 4012.0), (7, 4012.0), (6, 5021.0), (10, 7027.0), (9, 8033.0), (11, 10034.0), (15, 11038.0), (12, 12038.0), (14, 13043.0), (13, 14045.0), (22, 15048.0), (21, 17060.0), (25, 18062.0), (24, 19071.0), (26, 20077.0), (27, 22084.0), (28, 23088.0), (31, 25101.0), (30, 26107.0), (29, 27113.0), (32, 29120.0), (33, 30125.0), (41, 32132.0), (1, 33132.0)]"
VNS,40,9,bench_40_2,ok,-52190.8606,,600.0001,32,25,7,10,26945.0,79135.8606,1088.5263,32142.0,91001.0,40172.0,7393535,591.9232,"[29, 24, 25, 22, 13, 12, 15, 11, 9, 10, 8, 6, 7, 5, 17, 16, 18, 4, 39, 3, 40, 37, 36, 35, 41, 34, 31, 20, 19, 2, 38, 30]","[29, 24, 25, 22, 13, 12, 15, 11, 9, 10, 8, 6, 7, 5, 17, 16, 18, 4, 39, 3, 40, 37, 36, 35, 41]","[34, 31, 20, 19, 2, 38, 30]","[29, 27, 24, 8, 16, 4, 40, 37, 35, 1]","[1, 29, 28, 27, 26, 24, 25, 21, 22, 13, 14, 12, 15, 11, 9, 10, 8, 6, 7, 5, 17, 16, 18, 4, 39, 3, 40, 37, 36, 35, 41, 1]","[(1, 33), (33, 29), (29, 32), (32, 27), (27, 23), (23, 24), (24, 34), (34, 8), (8, 31), (31, 16), (16, 20), (20, 4), (4, 19), (19, 40), (40, 2), (2, 37), (37, 38), (38, 35), (35, 30), (30, 1)]","[(1, 0.0), (29, 0.0), (28, 1001.0), (27, 1001.0), (26, 1001.0), (24, 1001.0), (25, 2007.0), (21, 3016.0), (22, 3016.0), (13, 4024.0), (14, 5027.0), (12, 5027.0), (15, 6032.0), (11, 7032.0), (9, 8036.0), (10, 9037.0), (8, 10043.0), (6, 12045.0), (7, 13050.0), (5, 14059.0), (17, 15067.0), (16, 16070.0), (18, 18079.0), (4, 19081.0), (39, 21096.0), (3, 22100.0), (40, 23104.0), (37, 25114.0), (36, 27126.0), (35, 28132.0), (41, 30136.0), (1, 31136.0)]"
VNS,40,1,bench_40_3,ok,-47731.0163,,600.0119,36,27,9,10,30129.0,77860.0163,1070.9768,36179.0,91001.0,40203.0,7428266,383.1637,"[38, 39, 22, 17, 18, 19, 7, 8, 9, 10, 11, 12, 16, 14, 13, 15, 23, 24, 25, 26, 27, 31, 30, 33, 36, 35, 41, 6, 4, 21, 29, 32, 28, 37, 34, 2]","[38, 39, 22, 17, 18, 19, 7, 8, 9, 10, 11, 12, 16, 14, 13, 15, 23, 24, 25, 26, 27, 31, 30, 33, 36, 35, 41]","[6, 4, 21, 29, 32, 28, 37, 34, 2]","[38, 10, 15, 24, 27, 30, 33, 36, 35, 1]","[1, 40, 38, 39, 20, 5, 22, 17, 18, 19, 7, 8, 9, 10, 11, 12, 16, 14, 13, 15, 23, 24, 25, 26, 27, 31, 30, 33, 36, 35, 41, 1]","[(1, 3), (3, 38), (38, 6), (6, 10), (10, 4), (4, 15), (15, 21), (21, 24), (24, 29), (29, 27), (27, 32), (32, 30), (30, 28), (28, 33), (33, 37), (37, 36), (36, 34), (34, 35), (35, 2), (2, 1)]","[(1, 0.0), (40, 0.0), (38, 0.0), (39, 1001.0), (20, 2009.0), (5, 2009.0), (22, 2009.0), (17, 3013.0), (18, 4016.0), (19, 5024.0), (7, 6030.0), (8, 7032.0), (9, 8040.0), (10, 9049.0), (11, 11059.0), (12, 12060.0), (16, 13060.0), (14, 14068.0), (13, 15069.0), (15, 16074.0), (23, 18091.0), (24, 19100.0), (25, 21116.0), (26, 22125.0), (27, 23127.0), (31, 25134.0), (30, 26137.0), (33, 28145.0), (36, 30157.0), (35, 32169.0), (41, 34177.0), (1, 35177.0)]"
VNS,40,5,bench_40_3,ok,-49293.1604,,600.1233,36,26,10,10,30613.0,79906.1604,1099.1219,36173.0,91001.0,40203.0,7817469,270.9486,"[4, 22, 17, 19, 7, 8, 10, 11, 12, 16, 14, 13, 15, 23, 24, 27, 26, 28, 29, 30, 31, 32, 33, 37, 40, 41, 6, 9, 20, 39, 21, 34, 36, 35, 38, 2]","[4, 22, 17, 19, 7, 8, 10, 11, 12, 16, 14, 13, 15, 23, 24, 27, 26, 28, 29, 30, 31, 32, 33, 37, 40, 41]","[6, 9, 20, 39, 21, 34, 36, 35, 38, 2]","[10, 14, 23, 26, 29, 32, 33, 37, 40, 1]","[1, 3, 4, 5, 22, 17, 18, 19, 7, 8, 10, 11, 12, 16, 14, 13, 15, 23, 24, 27, 25, 26, 28, 29, 30, 31, 32, 33, 37, 40, 41, 1]","[(1, 6), (6, 10), (10, 9), (9, 14), (14, 20), (20, 23), (23, 39), (39, 26), (26, 21), (21, 29), (29, 34), (34, 32), (32, 36), (36, 33), (33, 35), (35, 37), (37, 38), (38, 40), (40, 2), (2, 1)]","[(1, 0.0), (3, 0.0), (4, 0.0), (5, 1008.0), (22, 1008.0), (17, 2012.0), (18, 3015.0), (19, 3015.0), (7, 4021.0), (8, 5023.0), (10, 6031.0), (11, 8041.0), (12, 9042.0), (16, 10042.0), (14, 11050.0), (13, 13060.0), (15, 14065.0), (23, 15074.0), (24, 17091.0), (27, 18098.0), (25, 19102.0), (26, 19102.0), (28, 21112.0), (29, 22119.0), (30, 24131.0), (31, 25136.0), (32, 26139.0), (33, 28142.0), (37, 30155.0), (40, 32167.0), (41, 34171.0), (1, 35171.0)]"
VNS,40,9,bench_40_3,ok,-50040.3496,,600.0001,34,27,7,10,29084.0,79124.3496,1088.3679,34176.0,91001.0,40203.0,8077897,474.3227,"[37, 29, 28, 26, 27, 23, 15, 13, 14, 16, 12, 11, 10, 9, 8, 7, 19, 18, 17, 22, 5, 4, 20, 39, 38, 3, 2, 32, 36, 21, 30, 6, 34, 35]","[37, 29, 28, 26, 27, 23, 15, 13, 14, 16, 12, 11, 10, 9, 8, 7, 19, 18, 17, 22, 5, 4, 20, 39, 38, 3, 2]","[32, 36, 21, 30, 6, 34, 35]","[40, 29, 27, 15, 9, 18, 4, 39, 2, 1]","[1, 40, 37, 29, 28, 26, 25, 27, 24, 23, 15, 13, 14, 16, 12, 11, 10, 9, 8, 7, 19, 18, 17, 22, 5, 4, 20, 39, 38, 3, 2, 1]","[(1, 41), (41, 40), (40, 33), (33, 29), (29, 31), (31, 27), (27, 32), (32, 15), (15, 36), (36, 9), (9, 21), (21, 18), (18, 30), (30, 4), (4, 6), (6, 39), (39, 34), (34, 2), (2, 35), (35, 1)]","[(1, 0.0), (40, 0.0), (37, 0.0), (29, 1004.0), (28, 2007.0), (26, 3014.0), (25, 4016.0), (27, 4016.0), (24, 5020.0), (23, 5020.0), (15, 6029.0), (13, 8041.0), (14, 9046.0), (16, 10047.0), (12, 11055.0), (11, 12055.0), (10, 13056.0), (9, 14065.0), (8, 16082.0), (7, 17090.0), (19, 18092.0), (18, 19098.0), (17, 21115.0), (22, 22118.0), (5, 23122.0), (4, 24130.0), (20, 26143.0), (39, 27151.0), (38, 29160.0), (3, 30161.0), (2, 31166.0), (1, 33168.0)]"
VNS,40,1,bench_40_4,ok,-46142.8849,,600.0449,36,26,10,10,30956.0,77098.8849,1060.5074,36178.0,91001.0,40195.0,7652430,227.0166,"[20, 5, 6, 9, 8, 7, 11, 13, 18, 17, 14, 12, 15, 16, 31, 30, 32, 33, 34, 26, 25, 24, 35, 36, 38, 37, 3, 4, 19, 29, 27, 28, 40, 23, 41, 2]","[20, 5, 6, 9, 8, 7, 11, 13, 18, 17, 14, 12, 15, 16, 31, 30, 32, 33, 34, 26, 25, 24, 35, 36, 38, 37]","[3, 4, 19, 29, 27, 28, 40, 23, 41, 2]","[6, 17, 16, 30, 32, 34, 24, 36, 37, 1]","[1, 39, 22, 21, 20, 5, 6, 9, 10, 8, 7, 11, 13, 18, 17, 14, 12, 15, 16, 31, 30, 32, 33, 34, 26, 25, 24, 35, 36, 38, 37, 1]","[(1, 3), (3, 6), (6, 4), (4, 17), (17, 19), (19, 16), (16, 29), (29, 30), (30, 27), (27, 32), (32, 28), (28, 34), (34, 40), (40, 24), (24, 23), (23, 36), (36, 41), (41, 37), (37, 2), (2, 1)]","[(1, 0.0), (39, 0.0), (22, 0.0), (21, 0.0), (20, 0.0), (5, 1009.0), (6, 2012.0), (9, 4017.0), (10, 5026.0), (8, 5026.0), (7, 6034.0), (11, 7036.0), (13, 8036.0), (18, 9042.0), (17, 10048.0), (14, 12063.0), (12, 13068.0), (15, 14068.0), (16, 15073.0), (31, 17080.0), (30, 18088.0), (32, 20093.0), (33, 22106.0), (34, 23110.0), (26, 25115.0), (25, 26119.0), (24, 27125.0), (35, 29129.0), (36, 30136.0), (38, 32147.0), (37, 33154.0), (1, 35169.0)]"
VNS,40,5,bench_40_4,ok,-44005.7461,,600.058,40,30,10,10,34080.0,78085.7461,1074.0818,40195.0,91001.0,40195.0,7287783,467.8956,"[41, 39, 40, 23, 22, 21, 20, 5, 6, 9, 10, 8, 7, 11, 18, 17, 14, 15, 16, 31, 30, 32, 33, 34, 26, 25, 35, 36, 38, 37, 3, 13, 12, 19, 29, 28, 27, 24, 2, 4]","[41, 39, 40, 23, 22, 21, 20, 5, 6, 9, 10, 8, 7, 11, 18, 17, 14, 15, 16, 31, 30, 32, 33, 34, 26, 25, 35, 36, 38, 37]","[3, 13, 12, 19, 29, 28, 27, 24, 2, 4]","[17, 15, 16, 30, 32, 26, 35, 36, 38, 1]","[1, 41, 39, 40, 23, 22, 21, 20, 5, 6, 9, 10, 8, 7, 11, 18, 17, 14, 15, 16, 31, 30, 32, 33, 34, 26, 25, 35, 36, 38, 37, 1]","[(1, 3), (3, 17), (17, 13), (13, 15), (15, 12), (12, 16), (16, 19), (19, 30), (30, 29), (29, 32), (32, 28), (28, 26), (26, 27), (27, 35), (35, 24), (24, 36), (36, 2), (2, 38), (38, 4), (4, 1)]","[(1, 0.0), (41, 0.0), (39, 1007.0), (40, 2008.0), (23, 3010.0), (22, 4017.0), (21, 5019.0), (20, 6026.0), (5, 7035.0), (6, 8038.0), (9, 9038.0), (10, 10047.0), (8, 11054.0), (7, 12062.0), (11, 13064.0), (18, 14064.0), (17, 15070.0), (14, 17081.0), (15, 18086.0), (16, 20097.0), (31, 22101.0), (30, 23109.0), (32, 25116.0), (33, 27123.0), (34, 28127.0), (26, 29129.0), (25, 31136.0), (35, 32142.0), (36, 34156.0), (38, 36162.0), (37, 38178.0), (1, 39186.0)]"
VNS,40,9,bench_40_4,ok,-42219.2233,,600.4558,39,29,10,11,33428.0,75647.2233,1040.5395,39188.0,91001.0,40195.0,7067405,573.6644,"[3, 4, 21, 20, 5, 6, 9, 8, 7, 11, 13, 18, 17, 14, 12, 15, 16, 31, 30, 29, 27, 24, 25, 26, 34, 35, 36, 38, 37, 39, 19, 32, 28, 22, 40, 33, 23, 41, 2]","[3, 4, 21, 20, 5, 6, 9, 8, 7, 11, 13, 18, 17, 14, 12, 15, 16, 31, 30, 29, 27, 24, 25, 26, 34, 35, 36, 38, 37]","[39, 19, 32, 28, 22, 40, 33, 23, 41, 2]","[5, 18, 15, 31, 29, 27, 24, 34, 36, 37, 1]","[1, 3, 4, 21, 20, 5, 6, 9, 8, 7, 11, 13, 18, 17, 14, 12, 15, 16, 31, 30, 29, 27, 24, 25, 26, 34, 35, 36, 38, 37, 1]","[(1, 10), (10, 5), (5, 39), (39, 18), (18, 19), (19, 15), (15, 32), (32, 31), (31, 28), (28, 29), (29, 22), (22, 27), (27, 40), (40, 24), (24, 33), (33, 34), (34, 23), (23, 36), (36, 41), (41, 37), (37, 2), (2, 1)]","[(1, 0.0), (3, 0.0), (4, 1005.0), (21, 2014.0), (20, 3021.0), (5, 4030.0), (6, 5033.0), (9, 6033.0), (8, 7042.0), (7, 8050.0), (11, 9052.0), (13, 10052.0), (18, 11058.0), (17, 13065.0), (14, 14071.0), (12, 15076.0), (15, 16076.0), (16, 18084.0), (31, 19088.0), (30, 21102.0), (29, 22106.0), (27, 24110.0), (24, 26119.0), (25, 28123.0), (26, 29129.0), (34, 30133.0), (35, 32139.0), (36, 33146.0), (38, 35157.0), (37, 36164.0), (1, 38179.0)]"
VNS,40,1,bench_40_5,ok,-44278.1488,,600.2411,37,28,9,10,30423.0,74701.1488,1027.5261,37170.0,91001.0,40183.0,7843862,530.219,"[34, 33, 30, 20, 18, 19, 21, 22, 13, 14, 16, 15, 10, 12, 11, 9, 8, 7, 6, 23, 24, 28, 25, 5, 39, 3, 41, 2, 35, 31, 17, 32, 26, 27, 4, 37, 38]","[34, 33, 30, 20, 18, 19, 21, 22, 13, 14, 16, 15, 10, 12, 11, 9, 8, 7, 6, 23, 24, 28, 25, 5, 39, 3, 41, 2]","[35, 31, 17, 32, 26, 27, 4, 37, 38]","[33, 18, 12, 9, 6, 25, 39, 3, 2, 1]","[1, 40, 34, 33, 30, 29, 20, 18, 19, 21, 22, 13, 14, 16, 15, 10, 12, 11, 9, 8, 7, 6, 23, 24, 28, 25, 5, 39, 3, 41, 2, 1]","[(1, 36), (36, 33), (33, 35), (35, 18), (18, 31), (31, 12), (12, 17), (17, 9), (9, 32), (32, 6), (6, 26), (26, 25), (25, 27), (27, 39), (39, 4), (4, 3), (3, 37), (37, 2), (2, 38), (38, 1)]","[(1, 0.0), (40, 0.0), (34, 0.0), (33, 1004.0), (30, 2008.0), (29, 3012.0), (20, 3012.0), (18, 4018.0), (19, 6027.0), (21, 7036.0), (22, 8038.0), (13, 9043.0), (14, 10052.0), (16, 11053.0), (15, 12054.0), (10, 13060.0), (12, 14064.0), (11, 16075.0), (9, 17079.0), (8, 19086.0), (7, 20093.0), (6, 21100.0), (23, 23113.0), (24, 24122.0), (28, 25129.0), (25, 26138.0), (5, 28148.0), (39, 29152.0), (3, 31164.0), (41, 33168.0), (2, 34168.0), (1, 36170.0)]"
VNS,40,5,bench_40_5,ok,-44772.8001,,600.0905,37,28,9,10,30431.0,75203.8001,1034.4402,37169.0,91001.0,40183.0,8200533,506.3205,"[35, 34, 33, 30, 20, 18, 19, 21, 22, 13, 14, 16, 15, 10, 12, 11, 9, 8, 7, 6, 23, 24, 28, 25, 5, 39, 3, 41, 37, 31, 17, 26, 27, 4, 38, 40, 2]","[35, 34, 33, 30, 20, 18, 19, 21, 22, 13, 14, 16, 15, 10, 12, 11, 9, 8, 7, 6, 23, 24, 28, 25, 5, 39, 3, 41]","[37, 31, 17, 26, 27, 4, 38, 40, 2]","[35, 21, 11, 7, 24, 25, 39, 3, 41, 1]","[1, 35, 32, 34, 33, 30, 29, 20, 18, 19, 21, 22, 13, 14, 16, 15, 10, 12, 11, 9, 8, 7, 6, 23, 24, 28, 25, 5, 39, 3, 41, 1]","[(1, 36), (36, 35), (35, 37), (37, 21), (21, 31), (31, 11), (11, 17), (17, 7), (7, 26), (26, 24), (24, 27), (27, 25), (25, 4), (4, 39), (39, 38), (38, 3), (3, 40), (40, 41), (41, 2), (2, 1)]","[(1, 0.0), (35, 0.0), (32, 1002.0), (34, 1002.0), (33, 2006.0), (30, 3010.0), (29, 4014.0), (20, 4014.0), (18, 5020.0), (19, 6027.0), (21, 7036.0), (22, 9040.0), (13, 10045.0), (14, 11054.0), (16, 12055.0), (15, 13056.0), (10, 14062.0), (12, 15066.0), (11, 16073.0), (9, 18081.0), (8, 19086.0), (7, 20093.0), (6, 22102.0), (23, 23111.0), (24, 24120.0), (28, 26131.0), (25, 27140.0), (5, 29153.0), (39, 30157.0), (3, 32164.0), (41, 34166.0), (1, 36169.0)]"
VNS,40,9,bench_40_5,ok,-43180.1101,,600.1211,39,29,10,10,31885.0,75065.1101,1032.5325,39177.0,91001.0,40183.0,7986284,593.3663,"[28, 24, 23, 6, 7, 8, 9, 11, 12, 10, 15, 16, 14, 13, 21, 19, 18, 20, 29, 30, 33, 32, 34, 35, 36, 37, 38, 2, 41, 4, 5, 17, 22, 31, 26, 27, 39, 40, 3]","[28, 24, 23, 6, 7, 8, 9, 11, 12, 10, 15, 16, 14, 13, 21, 19, 18, 20, 29, 30, 33, 32, 34, 35, 36, 37, 38, 2, 41]","[4, 5, 17, 22, 31, 26, 27, 39, 40, 3]","[9, 21, 20, 30, 33, 34, 35, 38, 41, 1]","[1, 25, 28, 24, 23, 6, 7, 8, 9, 11, 12, 10, 15, 16, 14, 13, 21, 19, 18, 20, 29, 30, 33, 32, 34, 35, 36, 37, 38, 2, 41, 1]","[(1, 4), (4, 9), (9, 5), (5, 21), (21, 17), (17, 20), (20, 22), (22, 30), (30, 31), (31, 33), (33, 26), (26, 34), (34, 27), (27, 35), (35, 39), (39, 38), (38, 40), (40, 41), (41, 3), (3, 1)]","[(1, 0.0), (25, 0.0), (28, 0.0), (24, 1009.0), (23, 2016.0), (6, 3025.0), (7, 4034.0), (8, 5041.0), (9, 6048.0), (11, 8055.0), (12, 9059.0), (10, 10066.0), (15, 11070.0), (16, 12076.0), (14, 13077.0), (13, 14078.0), (21, 15087.0), (19, 17093.0), (18, 18102.0), (20, 19109.0), (29, 21117.0), (30, 22122.0), (33, 24131.0), (32, 26139.0), (34, 27143.0), (35, 29151.0), (36, 31160.0), (37, 32165.0), (38, 33167.0), (2, 35172.0), (41, 36172.0), (1, 38175.0)]"
VNS,50,1,bench_50_1,ok,-47644.2692,,750.0205,48,39,9,10,42853.0,90497.2692,1244.8043,48213.0,113752.0,50223.0,8295952,176.2973,"[2, 51, 35, 34, 30, 31, 16, 15, 17, 18, 19, 20, 12, 13, 14, 11, 10, 9, 8, 23, 22, 21, 29, 32, 27, 28, 24, 7, 6, 4, 5, 50, 49, 48, 47, 46, 45, 44, 43, 39, 38, 25, 26, 37, 36, 41, 40, 42]","[2, 51, 35, 34, 30, 31, 16, 15, 17, 18, 19, 20, 12, 13, 14, 11, 10, 9, 8, 23, 22, 21, 29, 32, 27, 28, 24, 7, 6, 4, 5, 50, 49, 48, 47, 46, 45, 44, 43]","[39, 38, 25, 26, 37, 36, 41, 40, 42]","[35, 9, 27, 28, 6, 49, 45, 44, 43, 1]","[1, 2, 51, 35, 33, 34, 30, 31, 16, 15, 17, 18, 19, 20, 12, 13, 14, 11, 10, 9, 8, 23, 22, 21, 29, 32, 27, 28, 24, 7, 6, 4, 5, 50, 49, 48, 47, 46, 45, 44, 43, 1]","[(1, 3), (3, 35), (35, 39), (39, 9), (9, 38), (38, 27), (27, 25), (25, 28), (28, 26), (26, 6), (6, 37), (37, 49), (49, 36), (36, 45), (45, 41), (41, 44), (44, 40), (40, 43), (43, 42), (42, 1)]","[(1, 0.0), (2, 0.0), (51, 1006.0), (35, 2011.0), (33, 3015.0), (34, 3015.0), (30, 4017.0), (31, 5021.0), (16, 6026.0), (15, 7027.0), (17, 8029.0), (18, 9031.0), (19, 10036.0), (20, 11043.0), (12, 12049.0), (13, 13051.0), (14, 14057.0), (11, 15058.0), (10, 16065.0), (9, 17070.0), (8, 19074.0), (23, 20076.0), (22, 21084.0), (21, 22087.0), (29, 23096.0), (32, 24097.0), (27, 25104.0), (28, 27115.0), (24, 29126.0), (7, 30132.0), (6, 31140.0), (4, 33148.0), (5, 34149.0), (50, 35158.0), (49, 36167.0), (48, 38174.0), (47, 39179.0), (46, 40181.0), (45, 41185.0), (44, 43193.0), (43, 45202.0), (1, 47207.0)]"
VNS,50,3,bench_50_1,ok,-46195.4739,,750.1485,50,40,10,10,44197.0,90392.4739,1243.3628,50223.0,113752.0,50223.0,8071370,726.538,"[44, 36, 37, 35, 33, 34, 30, 31, 16, 15, 17, 18, 19, 20, 12, 13, 14, 11, 10, 8, 23, 22, 21, 29, 32, 27, 25, 24, 7, 6, 4, 5, 50, 49, 48, 47, 46, 45, 51, 2, 41, 39, 9, 28, 38, 26, 3, 40, 42, 43]","[44, 36, 37, 35, 33, 34, 30, 31, 16, 15, 17, 18, 19, 20, 12, 13, 14, 11, 10, 8, 23, 22, 21, 29, 32, 27, 25, 24, 7, 6, 4, 5, 50, 49, 48, 47, 46, 45, 51, 2]","[41, 39, 9, 28, 38, 26, 3, 40, 42, 43]","[19, 8, 29, 32, 7, 50, 48, 45, 2, 1]","[1, 44, 36, 37, 35, 33, 34, 30, 31, 16, 15, 17, 18, 19, 20, 12, 13, 14, 11, 10, 8, 23, 22, 21, 29, 32, 27, 25, 24, 7, 6, 4, 5, 50, 49, 48, 47, 46, 45, 51, 2, 1]","[(1, 41), (41, 19), (19, 39), (39, 8), (8, 9), (9, 29), (29, 28), (28, 32), (32, 38), (38, 7), (7, 26), (26, 50), (50, 3), (3, 48), (48, 40), (40, 45), (45, 42), (42, 2), (2, 43), (43, 1)]","[(1, 0.0), (44, 0.0), (36, 1006.0), (37, 2010.0), (35, 3016.0), (33, 4020.0), (34, 5024.0), (30, 6026.0), (31, 7030.0), (16, 8035.0), (15, 9036.0), (17, 10038.0), (18, 11040.0), (19, 12045.0), (20, 14055.0), (12, 15061.0), (13, 16063.0), (14, 17069.0), (11, 18070.0), (10, 19077.0), (8, 20082.0), (23, 22084.0), (22, 23092.0), (21, 24095.0), (29, 25104.0), (32, 27109.0), (27, 29121.0), (25, 30128.0), (24, 31134.0), (7, 32140.0), (6, 34152.0), (4, 35156.0), (5, 36157.0), (50, 37166.0), (49, 39179.0), (48, 40180.0), (47, 42191.0), (46, 43193.0), (45, 44197.0), (51, 46206.0), (2, 47211.0), (1, 49223.0)]"
VNS,50,7,bench_50_1,ok,-45501.6559,,750.0001,48,38,10,10,42706.0,88207.6559,1213.3103,48215.0,113752.0,50223.0,8023021,727.0177,"[44, 37, 35, 34, 30, 31, 16, 15, 17, 18, 19, 20, 12, 13, 14, 11, 10, 9, 8, 23, 22, 21, 29, 32, 27, 25, 24, 7, 6, 5, 50, 49, 48, 47, 46, 45, 51, 2, 39, 41, 28, 26, 38, 4, 3, 40, 42, 43]","[44, 37, 35, 34, 30, 31, 16, 15, 17, 18, 19, 20, 12, 13, 14, 11, 10, 9, 8, 23, 22, 21, 29, 32, 27, 25, 24, 7, 6, 5, 50, 49, 48, 47, 46, 45, 51, 2]","[39, 41, 28, 26, 38, 4, 3, 40, 42, 43]","[14, 29, 27, 25, 5, 50, 48, 45, 2, 1]","[1, 44, 36, 37, 35, 33, 34, 30, 31, 16, 15, 17, 18, 19, 20, 12, 13, 14, 11, 10, 9, 8, 23, 22, 21, 29, 32, 27, 25, 24, 7, 6, 5, 50, 49, 48, 47, 46, 45, 51, 2, 1]","[(1, 39), (39, 14), (14, 41), (41, 29), (29, 28), (28, 27), (27, 26), (26, 25), (25, 38), (38, 5), (5, 4), (4, 50), (50, 3), (3, 48), (48, 40), (40, 45), (45, 42), (42, 2), (2, 43), (43, 1)]","[(1, 0.0), (44, 0.0), (36, 1006.0), (37, 1006.0), (35, 2012.0), (33, 3016.0), (34, 3016.0), (30, 4018.0), (31, 5022.0), (16, 6027.0), (15, 7028.0), (17, 8030.0), (18, 9032.0), (19, 10037.0), (20, 11044.0), (12, 12050.0), (13, 13052.0), (14, 14058.0), (11, 16059.0), (10, 17066.0), (9, 18071.0), (8, 19075.0), (23, 20077.0), (22, 21085.0), (21, 22088.0), (29, 23097.0), (32, 25101.0), (27, 26108.0), (25, 28120.0), (24, 30130.0), (7, 31136.0), (6, 32144.0), (5, 33148.0), (50, 35161.0), (49, 37171.0), (48, 38172.0), (47, 40183.0), (46, 41185.0), (45, 42189.0), (51, 44198.0), (2, 45203.0), (1, 47215.0)]"
VNS,50,1,bench_50_2,ok,-47867.754,,750.6021,45,36,9,10,38291.0,86158.754,1185.1273,45208.0,113752.0,50224.0,7945675,594.3882,"[33, 32, 31, 27, 28, 29, 25, 14, 13, 16, 12, 9, 10, 11, 6, 7, 5, 18, 17, 19, 20, 4, 48, 3, 49, 50, 45, 44, 43, 42, 41, 38, 37, 39, 40, 51, 8, 23, 21, 2, 46, 47, 36, 35, 34]","[33, 32, 31, 27, 28, 29, 25, 14, 13, 16, 12, 9, 10, 11, 6, 7, 5, 18, 17, 19, 20, 4, 48, 3, 49, 50, 45, 44, 43, 42, 41, 38, 37, 39, 40, 51]","[8, 23, 21, 2, 46, 47, 36, 35, 34]","[32, 17, 4, 3, 50, 45, 42, 37, 40, 1]","[1, 33, 32, 22, 31, 30, 27, 28, 29, 24, 25, 14, 15, 13, 16, 12, 9, 10, 11, 6, 7, 5, 18, 17, 19, 20, 4, 48, 3, 49, 50, 45, 44, 43, 42, 41, 38, 37, 39, 40, 51, 1]","[(1, 26), (26, 32), (32, 8), (8, 17), (17, 23), (23, 4), (4, 21), (21, 3), (3, 2), (2, 50), (50, 46), (46, 45), (45, 47), (47, 42), (42, 36), (36, 37), (37, 35), (35, 40), (40, 34), (34, 1)]","[(1, 0.0), (33, 0.0), (32, 1003.0), (22, 2007.0), (31, 2007.0), (30, 3011.0), (27, 3011.0), (28, 4017.0), (29, 5022.0), (24, 6031.0), (25, 6031.0), (14, 7039.0), (15, 8042.0), (13, 8042.0), (16, 9047.0), (12, 10047.0), (9, 11051.0), (10, 12052.0), (11, 13059.0), (6, 14065.0), (7, 15070.0), (5, 16079.0), (18, 17087.0), (17, 18090.0), (19, 20093.0), (20, 21100.0), (4, 22102.0), (48, 24117.0), (3, 25121.0), (49, 27134.0), (50, 28135.0), (45, 30146.0), (44, 32158.0), (43, 33159.0), (42, 34161.0), (41, 36168.0), (38, 37177.0), (37, 38182.0), (39, 40193.0), (40, 41199.0), (51, 43207.0), (1, 44207.0)]"
VNS,50,3,bench_50_2,ok,-50513.3623,,750.8239,45,36,9,10,38143.0,88656.3623,1219.4823,45205.0,113752.0,50224.0,7948549,704.3863,"[38, 35, 32, 31, 27, 28, 29, 24, 25, 14, 13, 16, 12, 9, 10, 11, 6, 7, 5, 18, 17, 19, 20, 4, 48, 3, 49, 50, 45, 46, 33, 41, 42, 43, 44, 51, 36, 8, 23, 2, 21, 40, 34, 47, 39]","[38, 35, 32, 31, 27, 28, 29, 24, 25, 14, 13, 16, 12, 9, 10, 11, 6, 7, 5, 18, 17, 19, 20, 4, 48, 3, 49, 50, 45, 46, 33, 41, 42, 43, 44, 51]","[36, 8, 23, 2, 21, 40, 34, 47, 39]","[30, 7, 17, 48, 49, 45, 33, 41, 44, 1]","[1, 38, 37, 35, 32, 22, 31, 30, 27, 26, 28, 29, 24, 25, 14, 13, 16, 12, 9, 10, 11, 6, 7, 5, 18, 17, 19, 20, 4, 48, 3, 49, 50, 45, 46, 33, 41, 42, 43, 44, 51, 1]","[(1, 15), (15, 30), (30, 36), (36, 7), (7, 8), (8, 17), (17, 23), (23, 48), (48, 2), (2, 49), (49, 21), (21, 45), (45, 40), (40, 33), (33, 34), (34, 41), (41, 47), (47, 44), (44, 39), (39, 1)]","[(1, 0.0), (38, 0.0), (37, 1005.0), (35, 1005.0), (32, 2011.0), (22, 3015.0), (31, 3015.0), (30, 4019.0), (27, 4019.0), (26, 5025.0), (28, 5025.0), (29, 6030.0), (24, 7039.0), (25, 8041.0), (14, 9049.0), (13, 10052.0), (16, 11057.0), (12, 12057.0), (9, 13061.0), (10, 14062.0), (11, 15069.0), (6, 16075.0), (7, 17080.0), (5, 19095.0), (18, 20103.0), (17, 21106.0), (19, 23109.0), (20, 24116.0), (4, 25118.0), (48, 26126.0), (3, 28137.0), (49, 29141.0), (50, 31148.0), (45, 32153.0), (46, 34168.0), (33, 35174.0), (41, 37179.0), (42, 39189.0), (43, 40193.0), (44, 41195.0), (51, 43199.0), (1, 44199.0)]"
VNS,50,7,bench_50_2,ok,-60765.1123,,750.1043,42,34,8,10,36120.0,96885.1123,1332.67,42188.0,113752.0,50224.0,7759726,644.7468,"[34, 17, 18, 7, 6, 8, 11, 10, 9, 12, 16, 13, 14, 25, 24, 29, 28, 27, 21, 47, 33, 41, 42, 43, 44, 45, 46, 48, 20, 19, 4, 3, 49, 50, 15, 30, 35, 40, 38, 36, 2, 39]","[34, 17, 18, 7, 6, 8, 11, 10, 9, 12, 16, 13, 14, 25, 24, 29, 28, 27, 21, 47, 33, 41, 42, 43, 44, 45, 46, 48, 20, 19, 4, 3, 49, 50]","[15, 30, 35, 40, 38, 36, 2, 39]","[37, 32, 27, 21, 33, 44, 48, 3, 50, 1]","[1, 37, 34, 32, 22, 26, 23, 17, 18, 5, 7, 6, 8, 11, 10, 9, 12, 16, 13, 14, 25, 24, 29, 28, 27, 21, 47, 33, 41, 42, 43, 44, 45, 46, 48, 20, 19, 4, 3, 49, 50, 1]","[(1, 51), (51, 37), (37, 31), (31, 32), (32, 15), (15, 27), (27, 30), (30, 21), (21, 35), (35, 33), (33, 40), (40, 44), (44, 38), (38, 48), (48, 36), (36, 3), (3, 2), (2, 50), (50, 39), (39, 1)]","[(1, 0.0), (37, 0.0), (34, 0.0), (32, 1001.0), (22, 1001.0), (26, 1001.0), (23, 1001.0), (17, 1001.0), (18, 2004.0), (5, 3007.0), (7, 3007.0), (6, 4016.0), (8, 5021.0), (11, 6021.0), (10, 7027.0), (9, 8034.0), (12, 9035.0), (16, 10039.0), (13, 11039.0), (14, 12044.0), (25, 13047.0), (24, 14055.0), (29, 15057.0), (28, 16066.0), (27, 17071.0), (21, 19079.0), (47, 21092.0), (33, 22095.0), (41, 24104.0), (42, 25113.0), (43, 26117.0), (44, 27119.0), (45, 29122.0), (46, 30128.0), (48, 31134.0), (20, 33143.0), (19, 34145.0), (4, 35152.0), (3, 36160.0), (49, 38170.0), (50, 39171.0), (1, 41182.0)]"
VNS,50,1,bench_50_3,ok,-51270.2503,,750.8528,46,37,9,10,38034.0,89304.2503,1228.3941,46228.0,113752.0,50243.0,7985736,128.9712,"[46, 47, 23, 4, 5, 26, 20, 21, 22, 8, 9, 11, 12, 13, 14, 17, 19, 16, 15, 18, 27, 28, 29, 30, 31, 32, 25, 33, 34, 39, 38, 37, 41, 44, 43, 42, 51, 10, 7, 35, 24, 36, 45, 40, 49, 50]","[46, 47, 23, 4, 5, 26, 20, 21, 22, 8, 9, 11, 12, 13, 14, 17, 19, 16, 15, 18, 27, 28, 29, 30, 31, 32, 25, 33, 34, 39, 38, 37, 41, 44, 43, 42, 51]","[10, 7, 35, 24, 36, 45, 40, 49, 50]","[3, 29, 32, 34, 38, 37, 41, 42, 51, 1]","[1, 3, 48, 46, 47, 23, 4, 5, 6, 26, 20, 21, 22, 8, 9, 11, 12, 13, 14, 17, 19, 16, 15, 18, 27, 28, 29, 30, 31, 32, 25, 33, 34, 39, 38, 37, 41, 44, 43, 42, 51, 1]","[(1, 2), (2, 3), (3, 10), (10, 29), (29, 7), (7, 32), (32, 35), (35, 34), (34, 24), (24, 38), (38, 36), (36, 37), (37, 45), (45, 41), (41, 40), (40, 42), (42, 49), (49, 51), (51, 50), (50, 1)]","[(1, 0.0), (3, 0.0), (48, 0.0), (46, 0.0), (47, 1001.0), (23, 2009.0), (4, 3017.0), (5, 4021.0), (6, 5029.0), (26, 5029.0), (20, 6033.0), (21, 7036.0), (22, 8044.0), (8, 9050.0), (9, 10052.0), (11, 11060.0), (12, 12063.0), (13, 13072.0), (14, 14073.0), (17, 15073.0), (19, 16081.0), (16, 17089.0), (15, 18090.0), (18, 19095.0), (27, 20104.0), (28, 21110.0), (29, 22118.0), (30, 24127.0), (31, 25136.0), (32, 26143.0), (25, 28153.0), (33, 29157.0), (34, 30159.0), (39, 32170.0), (38, 33173.0), (37, 35187.0), (41, 37192.0), (44, 39201.0), (43, 40209.0), (42, 41217.0), (51, 43220.0), (1, 45223.0)]"
VNS,50,3,bench_50_3,ok,-52945.0157,,750.0001,45,38,7,10,37295.0,90240.0157,1241.2657,45225.0,113752.0,50243.0,8070172,348.9309,"[4, 47, 23, 5, 26, 20, 21, 22, 8, 9, 10, 11, 12, 13, 14, 17, 19, 16, 15, 18, 27, 28, 29, 30, 31, 34, 33, 32, 25, 35, 39, 38, 37, 41, 44, 43, 42, 51, 7, 24, 36, 45, 40, 46, 50]","[4, 47, 23, 5, 26, 20, 21, 22, 8, 9, 10, 11, 12, 13, 14, 17, 19, 16, 15, 18, 27, 28, 29, 30, 31, 34, 33, 32, 25, 35, 39, 38, 37, 41, 44, 43, 42, 51]","[7, 24, 36, 45, 40, 46, 50]","[48, 4, 5, 35, 38, 37, 41, 43, 51, 1]","[1, 48, 4, 47, 23, 5, 6, 26, 20, 21, 22, 8, 9, 10, 11, 12, 13, 14, 17, 19, 16, 15, 18, 27, 28, 29, 30, 31, 34, 33, 32, 25, 35, 39, 38, 37, 41, 44, 43, 42, 51, 1]","[(1, 49), (49, 48), (48, 2), (2, 4), (4, 3), (3, 5), (5, 7), (7, 35), (35, 24), (24, 38), (38, 36), (36, 37), (37, 45), (45, 41), (41, 40), (40, 43), (43, 46), (46, 51), (51, 50), (50, 1)]","[(1, 0.0), (48, 0.0), (4, 0.0), (47, 1004.0), (23, 2012.0), (5, 3020.0), (6, 4028.0), (26, 4028.0), (20, 5032.0), (21, 6035.0), (22, 7043.0), (8, 8049.0), (9, 9051.0), (10, 10059.0), (11, 11068.0), (12, 12071.0), (13, 13080.0), (14, 14081.0), (17, 15081.0), (19, 16089.0), (16, 17097.0), (15, 18098.0), (18, 19103.0), (27, 20112.0), (28, 21118.0), (29, 22126.0), (30, 23126.0), (31, 24135.0), (34, 25142.0), (33, 26146.0), (32, 27148.0), (25, 28157.0), (35, 29161.0), (39, 31169.0), (38, 32172.0), (37, 34186.0), (41, 36191.0), (44, 38200.0), (43, 39208.0), (42, 41219.0), (51, 42219.0), (1, 44220.0)]"
VNS,50,7,bench_50_3,ok,-50492.1909,,750.8527,45,37,8,10,37378.0,87870.1909,1208.6684,45228.0,113752.0,50243.0,7838509,721.1858,"[4, 5, 23, 26, 20, 21, 22, 8, 9, 10, 11, 12, 13, 14, 17, 19, 16, 15, 18, 27, 28, 30, 31, 34, 33, 32, 25, 35, 36, 39, 38, 37, 41, 44, 43, 42, 51, 7, 47, 24, 40, 45, 46, 49, 50]","[4, 5, 23, 26, 20, 21, 22, 8, 9, 10, 11, 12, 13, 14, 17, 19, 16, 15, 18, 27, 28, 30, 31, 34, 33, 32, 25, 35, 36, 39, 38, 37, 41, 44, 43, 42, 51]","[7, 47, 24, 40, 45, 46, 49, 50]","[3, 6, 32, 36, 38, 37, 41, 42, 51, 1]","[1, 3, 2, 4, 5, 23, 6, 26, 20, 21, 22, 8, 9, 10, 11, 12, 13, 14, 17, 19, 16, 15, 18, 27, 28, 30, 31, 34, 33, 32, 25, 35, 36, 39, 38, 37, 41, 44, 43, 42, 51, 1]","[(1, 48), (48, 3), (3, 29), (29, 6), (6, 7), (7, 32), (32, 47), (47, 36), (36, 24), (24, 38), (38, 40), (40, 37), (37, 45), (45, 41), (41, 46), (46, 42), (42, 49), (49, 51), (51, 50), (50, 1)]","[(1, 0.0), (3, 0.0), (2, 0.0), (4, 0.0), (5, 1004.0), (23, 2012.0), (6, 3020.0), (26, 3020.0), (20, 4024.0), (21, 5027.0), (22, 6035.0), (8, 7041.0), (9, 8043.0), (10, 9051.0), (11, 10060.0), (12, 11063.0), (13, 12072.0), (14, 13073.0), (17, 14073.0), (19, 15081.0), (16, 16089.0), (15, 17090.0), (18, 18095.0), (27, 19104.0), (28, 20110.0), (30, 21118.0), (31, 22127.0), (34, 23134.0), (33, 24138.0), (32, 25140.0), (25, 27150.0), (35, 28154.0), (36, 29161.0), (39, 31172.0), (38, 32175.0), (37, 34189.0), (41, 36194.0), (44, 38203.0), (43, 39211.0), (42, 40219.0), (51, 42220.0), (1, 44223.0)]"
VNS,50,1,bench_50_4,ok,-51079.2837,,750.0001,49,39,10,10,41814.0,92893.2837,1277.7618,49243.0,113752.0,50247.0,7741413,351.274,"[41, 40, 39, 37, 35, 34, 36, 17, 16, 12, 15, 18, 19, 13, 14, 11, 7, 10, 8, 9, 6, 5, 22, 23, 32, 21, 20, 33, 31, 30, 29, 26, 50, 25, 24, 4, 3, 51, 2, 45, 43, 44, 28, 27, 49, 42, 47, 48, 46]","[41, 40, 39, 37, 35, 34, 36, 17, 16, 12, 15, 18, 19, 13, 14, 11, 7, 10, 8, 9, 6, 5, 22, 23, 32, 21, 20, 33, 31, 30, 29, 26, 50, 25, 24, 4, 3, 51, 2]","[45, 43, 44, 28, 27, 49, 42, 47, 48, 46]","[13, 5, 31, 29, 26, 50, 4, 51, 2, 1]","[1, 41, 40, 39, 38, 37, 35, 34, 36, 17, 16, 12, 15, 18, 19, 13, 14, 11, 7, 10, 8, 9, 6, 5, 22, 23, 32, 21, 20, 33, 31, 30, 29, 26, 50, 25, 24, 4, 3, 51, 2, 1]","[(1, 45), (45, 13), (13, 43), (43, 5), (5, 44), (44, 31), (31, 28), (28, 29), (29, 27), (27, 26), (26, 49), (49, 50), (50, 42), (42, 4), (4, 47), (47, 51), (51, 48), (48, 2), (2, 46), (46, 1)]","[(1, 0.0), (41, 0.0), (40, 1004.0), (39, 2011.0), (38, 3013.0), (37, 3013.0), (35, 4019.0), (34, 5022.0), (36, 6026.0), (17, 7034.0), (16, 8038.0), (12, 9043.0), (15, 10043.0), (18, 11048.0), (19, 12054.0), (13, 13060.0), (14, 15073.0), (11, 16079.0), (7, 17079.0), (10, 18081.0), (8, 19088.0), (9, 20096.0), (6, 21105.0), (5, 22105.0), (22, 24114.0), (23, 25123.0), (32, 26130.0), (21, 27133.0), (20, 28136.0), (33, 29144.0), (31, 30145.0), (30, 32152.0), (29, 33159.0), (26, 35168.0), (50, 37176.0), (25, 39184.0), (24, 40191.0), (4, 41193.0), (3, 43206.0), (51, 44211.0), (2, 46225.0), (1, 48235.0)]"
VNS,50,3,bench_50_4,ok,-49377.9986,,750.0381,46,37,9,10,39946.0,89323.9986,1228.6657,46231.0,113752.0,50247.0,8972692,560.0557,"[40, 39, 29, 30, 31, 33, 34, 35, 36, 17, 16, 12, 15, 18, 19, 14, 11, 7, 10, 8, 9, 6, 5, 21, 20, 32, 23, 22, 24, 25, 50, 49, 48, 4, 3, 51, 2, 44, 43, 13, 37, 42, 41, 47, 45, 46]","[40, 39, 29, 30, 31, 33, 34, 35, 36, 17, 16, 12, 15, 18, 19, 14, 11, 7, 10, 8, 9, 6, 5, 21, 20, 32, 23, 22, 24, 25, 50, 49, 48, 4, 3, 51, 2]","[44, 43, 13, 37, 42, 41, 47, 45, 46]","[39, 36, 11, 6, 32, 24, 49, 4, 2, 1]","[1, 40, 39, 28, 27, 26, 29, 30, 31, 33, 34, 35, 36, 17, 16, 12, 15, 18, 19, 14, 11, 7, 10, 8, 9, 6, 5, 21, 20, 32, 23, 22, 24, 25, 50, 49, 48, 4, 3, 51, 2, 1]","[(1, 38), (38, 39), (39, 44), (44, 36), (36, 43), (43, 11), (11, 13), (13, 6), (6, 37), (37, 32), (32, 42), (42, 24), (24, 41), (41, 49), (49, 47), (47, 4), (4, 45), (45, 2), (2, 46), (46, 1)]","[(1, 0.0), (40, 0.0), (39, 1007.0), (28, 2009.0), (27, 2009.0), (26, 2009.0), (29, 2009.0), (30, 3014.0), (31, 4021.0), (33, 5022.0), (34, 6023.0), (35, 7027.0), (36, 8030.0), (17, 10044.0), (16, 11048.0), (12, 12053.0), (15, 13053.0), (18, 14058.0), (19, 15064.0), (14, 16070.0), (11, 17076.0), (7, 19082.0), (10, 20084.0), (8, 21091.0), (9, 22099.0), (6, 23108.0), (5, 25115.0), (21, 26118.0), (20, 27121.0), (32, 28129.0), (23, 30138.0), (22, 31145.0), (24, 32154.0), (25, 34160.0), (50, 35167.0), (49, 36169.0), (48, 38179.0), (4, 39180.0), (3, 41196.0), (51, 42201.0), (2, 43208.0), (1, 45223.0)]"
VNS,50,7,bench_50_4,ok,-54981.4205,,750.9728,47,37,10,10,40619.0,95600.4205,1314.9989,47231.0,113752.0,50247.0,6555692,88.6038,"[50, 24, 25, 29, 26, 39, 38, 37, 17, 16, 15, 12, 13, 14, 19, 18, 36, 35, 34, 33, 31, 32, 20, 21, 7, 11, 10, 8, 9, 6, 5, 22, 23, 4, 3, 51, 2, 45, 44, 43, 30, 42, 40, 41, 47, 48, 46]","[50, 24, 25, 29, 26, 39, 38, 37, 17, 16, 15, 12, 13, 14, 19, 18, 36, 35, 34, 33, 31, 32, 20, 21, 7, 11, 10, 8, 9, 6, 5, 22, 23, 4, 3, 51, 2]","[45, 44, 43, 30, 42, 40, 41, 47, 48, 46]","[37, 14, 31, 32, 8, 22, 4, 51, 2, 1]","[1, 49, 50, 24, 25, 29, 26, 27, 28, 39, 38, 37, 17, 16, 15, 12, 13, 14, 19, 18, 36, 35, 34, 33, 31, 32, 20, 21, 7, 11, 10, 8, 9, 6, 5, 22, 23, 4, 3, 51, 2, 1]","[(1, 45), (45, 37), (37, 44), (44, 14), (14, 43), (43, 31), (31, 30), (30, 32), (32, 42), (42, 8), (8, 40), (40, 22), (22, 41), (41, 4), (4, 47), (47, 51), (51, 48), (48, 2), (2, 46), (46, 1)]","[(1, 0.0), (49, 0.0), (50, 0.0), (24, 1002.0), (25, 2004.0), (29, 3011.0), (26, 4016.0), (27, 5018.0), (28, 5018.0), (39, 5018.0), (38, 6020.0), (37, 7024.0), (17, 9036.0), (16, 10040.0), (15, 11045.0), (12, 12050.0), (13, 13050.0), (14, 14057.0), (19, 16069.0), (18, 17075.0), (36, 18081.0), (35, 19089.0), (34, 20092.0), (33, 21096.0), (31, 22097.0), (32, 24104.0), (20, 26114.0), (21, 27122.0), (7, 28125.0), (11, 29127.0), (10, 30127.0), (8, 31134.0), (9, 33146.0), (6, 34155.0), (5, 35155.0), (22, 36158.0), (23, 38174.0), (4, 39181.0), (3, 41194.0), (51, 42199.0), (2, 44213.0), (1, 46223.0)]"
VNS,50,1,bench_50_5,ok,-48788.1004,,750.9192,45,36,9,10,37942.0,86730.1004,1192.9863,45200.0,113752.0,50218.0,7895853,683.2472,"[42, 43, 41, 39, 38, 37, 24, 36, 22, 23, 25, 26, 20, 19, 18, 17, 16, 15, 13, 14, 12, 11, 10, 9, 8, 27, 28, 33, 34, 32, 30, 7, 49, 4, 3, 51, 47, 21, 45, 29, 44, 46, 6, 48, 2]","[42, 43, 41, 39, 38, 37, 24, 36, 22, 23, 25, 26, 20, 19, 18, 17, 16, 15, 13, 14, 12, 11, 10, 9, 8, 27, 28, 33, 34, 32, 30, 7, 49, 4, 3, 51]","[47, 21, 45, 29, 44, 46, 6, 48, 2]","[31, 15, 12, 27, 33, 30, 49, 4, 51, 1]","[1, 50, 31, 42, 43, 41, 40, 39, 38, 35, 37, 24, 36, 22, 23, 25, 26, 20, 19, 18, 17, 16, 15, 13, 14, 12, 11, 10, 9, 8, 27, 28, 33, 34, 32, 30, 7, 49, 4, 3, 51, 1]","[(1, 5), (5, 31), (31, 47), (47, 15), (15, 21), (21, 12), (12, 45), (45, 27), (27, 29), (29, 33), (33, 44), (44, 30), (30, 46), (46, 49), (49, 6), (6, 4), (4, 48), (48, 51), (51, 2), (2, 1)]","[(1, 0.0), (50, 0.0), (31, 0.0), (42, 0.0), (43, 1004.0), (41, 2008.0), (40, 3012.0), (39, 3012.0), (38, 4018.0), (35, 5022.0), (37, 5022.0), (24, 6024.0), (36, 7030.0), (22, 8030.0), (23, 9037.0), (25, 10046.0), (26, 11048.0), (20, 12053.0), (19, 13054.0), (18, 14060.0), (17, 15061.0), (16, 16070.0), (15, 17072.0), (13, 19081.0), (14, 20085.0), (12, 21089.0), (11, 23096.0), (10, 24103.0), (9, 25110.0), (8, 26118.0), (27, 27127.0), (28, 29137.0), (33, 30144.0), (34, 32159.0), (32, 33163.0), (30, 34170.0), (7, 36177.0), (49, 37181.0), (4, 39191.0), (3, 41194.0), (51, 42200.0), (1, 44200.0)]"
VNS,50,3,bench_50_5,ok,-48857.9423,,750.1043,46,37,9,10,38566.0,87423.9423,1202.5302,46200.0,113752.0,50218.0,7845523,455.0933,"[44, 42, 43, 41, 39, 38, 37, 36, 24, 23, 22, 21, 16, 15, 18, 17, 25, 26, 20, 19, 13, 14, 12, 11, 10, 9, 8, 27, 28, 33, 29, 7, 49, 4, 3, 51, 2, 45, 32, 5, 34, 30, 6, 47, 50, 48]","[44, 42, 43, 41, 39, 38, 37, 36, 24, 23, 22, 21, 16, 15, 18, 17, 25, 26, 20, 19, 13, 14, 12, 11, 10, 9, 8, 27, 28, 33, 29, 7, 49, 4, 3, 51, 2]","[45, 32, 5, 34, 30, 6, 47, 50, 48]","[44, 14, 9, 33, 29, 7, 49, 3, 2, 1]","[1, 44, 31, 42, 43, 41, 40, 39, 38, 35, 37, 36, 24, 23, 22, 21, 16, 15, 18, 17, 25, 26, 20, 19, 13, 14, 12, 11, 10, 9, 8, 27, 28, 33, 29, 7, 49, 4, 3, 51, 2, 1]","[(1, 46), (46, 44), (44, 45), (45, 14), (14, 32), (32, 9), (9, 5), (5, 33), (33, 34), (34, 29), (29, 30), (30, 7), (7, 6), (6, 49), (49, 47), (47, 3), (3, 50), (50, 2), (2, 48), (48, 1)]","[(1, 0.0), (44, 0.0), (31, 1002.0), (42, 1002.0), (43, 2006.0), (41, 3010.0), (40, 4014.0), (39, 4014.0), (38, 5020.0), (35, 6024.0), (37, 6024.0), (36, 7026.0), (24, 8026.0), (23, 9032.0), (22, 10041.0), (21, 11048.0), (16, 12050.0), (15, 13052.0), (18, 14059.0), (17, 15060.0), (25, 16069.0), (26, 17071.0), (20, 18076.0), (19, 19077.0), (13, 20083.0), (14, 21087.0), (12, 23092.0), (11, 24097.0), (10, 25104.0), (9, 26111.0), (8, 28126.0), (27, 29135.0), (28, 30144.0), (33, 31151.0), (29, 33162.0), (7, 35172.0), (49, 37181.0), (4, 39187.0), (3, 40189.0), (51, 42197.0), (2, 43197.0), (1, 45200.0)]"
VNS,50,7,bench_50_5,ok,-51117.4068,,750.0001,46,37,9,10,38507.0,89624.4068,1232.7979,46196.0,113752.0,50218.0,7835168,262.8539,"[49, 7, 33, 28, 27, 8, 9, 12, 14, 13, 15, 16, 21, 17, 18, 19, 20, 26, 25, 23, 22, 36, 24, 37, 35, 38, 39, 40, 41, 43, 31, 32, 30, 50, 3, 51, 2, 47, 6, 45, 42, 44, 34, 46, 4, 48]","[49, 7, 33, 28, 27, 8, 9, 12, 14, 13, 15, 16, 21, 17, 18, 19, 20, 26, 25, 23, 22, 36, 24, 37, 35, 38, 39, 40, 41, 43, 31, 32, 30, 50, 3, 51, 2]","[47, 6, 45, 42, 44, 34, 46, 4, 48]","[49, 25, 38, 41, 43, 32, 30, 3, 2, 1]","[1, 49, 7, 29, 33, 28, 27, 8, 9, 10, 11, 12, 14, 13, 15, 16, 21, 17, 18, 19, 20, 26, 25, 23, 22, 36, 24, 37, 35, 38, 39, 40, 41, 43, 31, 32, 30, 50, 3, 51, 2, 1]","[(1, 5), (5, 49), (49, 47), (47, 25), (25, 6), (6, 38), (38, 45), (45, 41), (41, 42), (42, 43), (43, 44), (44, 32), (32, 34), (34, 30), (30, 46), (46, 3), (3, 4), (4, 2), (2, 48), (48, 1)]","[(1, 0.0), (49, 0.0), (7, 1005.0), (29, 2009.0), (33, 2009.0), (28, 3018.0), (27, 4025.0), (8, 5034.0), (9, 6043.0), (10, 7051.0), (11, 7051.0), (12, 7051.0), (14, 8056.0), (13, 9060.0), (15, 10064.0), (16, 11071.0), (21, 12073.0), (17, 13075.0), (18, 14084.0), (19, 15085.0), (20, 16091.0), (26, 17092.0), (25, 18097.0), (23, 20101.0), (22, 21110.0), (36, 22117.0), (24, 23117.0), (37, 24123.0), (35, 25125.0), (38, 26130.0), (39, 28135.0), (40, 29141.0), (41, 30145.0), (43, 32150.0), (31, 34158.0), (32, 35162.0), (30, 37171.0), (50, 39180.0), (3, 40183.0), (51, 42194.0), (2, 43194.0), (1, 45196.0)]"
VNS,100,3,bench_100_1,ok,-59404.4275,,1200.5034,98,88,10,10,83037.0,142441.4275,1959.3044,98396.0,227504.0,100403.0,5992193,1200.5032,"[90, 93, 94, 91, 85, 86, 83, 82, 81, 79, 78, 77, 95, 96, 97, 98, 51, 52, 53, 54, 55, 75, 73, 74, 72, 71, 69, 70, 68, 58, 59, 60, 62, 61, 37, 36, 35, 34, 33, 29, 28, 30, 32, 40, 41, 39, 38, 63, 64, 65, 67, 66, 57, 43, 16, 23, 24, 42, 31, 25, 26, 22, 21, 17, 20, 18, 19, 15, 14, 12, 13, 44, 45, 46, 47, 48, 49, 50, 10, 9, 99, 100, 8, 7, 6, 5, 4, 3, 88, 89, 27, 84, 76, 11, 92, 101, 2, 87]","[90, 93, 94, 91, 85, 86, 83, 82, 81, 79, 78, 77, 95, 96, 97, 98, 51, 52, 53, 54, 55, 75, 73, 74, 72, 71, 69, 70, 68, 58, 59, 60, 62, 61, 37, 36, 35, 34, 33, 29, 28, 30, 32, 40, 41, 39, 38, 63, 64, 65, 67, 66, 57, 43, 16, 23, 24, 42, 31, 25, 26, 22, 21, 17, 20, 18, 19, 15, 14, 12, 13, 44, 45, 46, 47, 48, 49, 50, 10, 9, 99, 100, 8, 7, 6, 5, 4, 3]","[88, 89, 27, 84, 76, 11, 92, 101, 2, 87]","[43, 26, 21, 12, 49, 10, 8, 5, 3, 1]","[1, 90, 93, 94, 91, 85, 86, 83, 82, 81, 80, 79, 78, 77, 95, 96, 97, 98, 51, 52, 53, 54, 55, 56, 75, 73, 74, 72, 71, 69, 70, 68, 58, 59, 60, 62, 61, 37, 36, 35, 34, 33, 29, 28, 30, 32, 40, 41, 39, 38, 63, 64, 65, 67, 66, 57, 43, 16, 23, 24, 42, 31, 25, 26, 22, 21, 17, 20, 18, 19, 15, 14, 12, 13, 44, 45, 46, 47, 48, 49, 50, 10, 9, 99, 100, 8, 7, 6, 5, 4, 3, 1]","[(1, 88), (88, 43), (43, 89), (89, 26), (26, 27), (27, 21), (21, 84), (84, 12), (12, 76), (76, 49), (49, 11), (11, 10), (10, 92), (92, 8), (8, 101), (101, 5), (5, 2), (2, 3), (3, 87), (87, 1)]","[(1, 0.0), (90, 0.0), (93, 1008.0), (94, 2011.0), (91, 3017.0), (85, 4018.0), (86, 5023.0), (83, 6026.0), (82, 7027.0), (81, 8031.0), (80, 9037.0), (79, 9037.0), (78, 10037.0), (77, 11038.0), (95, 12046.0), (96, 13050.0), (97, 14059.0), (98, 15065.0), (51, 16069.0), (52, 17071.0), (53, 18076.0), (54, 19082.0), (55, 20082.0), (56, 21088.0), (75, 21088.0), (73, 22092.0), (74, 23096.0), (72, 24098.0), (71, 25102.0), (69, 26111.0), (70, 27117.0), (68, 28122.0), (58, 29127.0), (59, 30135.0), (60, 31139.0), (62, 32143.0), (61, 33148.0), (37, 34148.0), (36, 35155.0), (35, 36156.0), (34, 37158.0), (33, 38159.0), (29, 39161.0), (28, 40163.0), (30, 41165.0), (32, 42170.0), (40, 43175.0), (41, 44177.0), (39, 45177.0), (38, 46186.0), (63, 47186.0), (64, 48190.0), (65, 49198.0), (67, 50200.0), (66, 51200.0), (57, 52201.0), (43, 53203.0), (16, 55212.0), (23, 56216.0), (24, 57217.0), (42, 58219.0), (31, 59226.0), (25, 60227.0), (26, 61232.0), (22, 63233.0), (21, 64240.0), (17, 66249.0), (20, 67251.0), (18, 68258.0), (19, 69264.0), (15, 70268.0), (14, 71270.0), (12, 72273.0), (13, 74285.0), (44, 75292.0), (45, 76297.0), (46, 77300.0), (47, 78309.0), (48, 79316.0), (49, 80318.0), (50, 82326.0), (10, 83332.0), (9, 85347.0), (99, 86351.0), (100, 87352.0), (8, 88357.0), (7, 90371.0), (6, 91372.0), (5, 92373.0), (4, 94381.0), (3, 95382.0), (1, 97394.0)]"
VNS,100,7,bench_100_1,ok,-58472.7212,,1201.2116,99,89,10,10,83473.0,141945.7212,1952.4858,99401.0,227504.0,100403.0,6670085,791.034,"[97, 53, 52, 51, 98, 9, 10, 50, 49, 48, 47, 46, 45, 12, 13, 14, 15, 44, 43, 66, 67, 65, 64, 63, 38, 39, 32, 40, 41, 42, 31, 24, 23, 16, 17, 19, 18, 20, 21, 22, 25, 26, 27, 28, 29, 30, 33, 34, 35, 36, 37, 61, 62, 60, 59, 58, 68, 70, 69, 71, 72, 74, 73, 75, 56, 55, 54, 76, 78, 79, 80, 81, 82, 83, 77, 95, 96, 92, 93, 94, 84, 86, 85, 91, 87, 90, 89, 88, 2, 7, 11, 99, 8, 100, 4, 5, 101, 6, 3]","[97, 53, 52, 51, 98, 9, 10, 50, 49, 48, 47, 46, 45, 12, 13, 14, 15, 44, 43, 66, 67, 65, 64, 63, 38, 39, 32, 40, 41, 42, 31, 24, 23, 16, 17, 19, 18, 20, 21, 22, 25, 26, 27, 28, 29, 30, 33, 34, 35, 36, 37, 61, 62, 60, 59, 58, 68, 70, 69, 71, 72, 74, 73, 75, 56, 55, 54, 76, 78, 79, 80, 81, 82, 83, 77, 95, 96, 92, 93, 94, 84, 86, 85, 91, 87, 90, 89, 88, 2]","[7, 11, 99, 8, 100, 4, 5, 101, 6, 3]","[36, 71, 54, 79, 83, 92, 85, 90, 2, 1]","[1, 97, 53, 52, 51, 98, 9, 10, 50, 49, 48, 47, 46, 45, 12, 13, 14, 15, 44, 43, 57, 66, 67, 65, 64, 63, 38, 39, 32, 40, 41, 42, 31, 24, 23, 16, 17, 19, 18, 20, 21, 22, 25, 26, 27, 28, 29, 30, 33, 34, 35, 36, 37, 61, 62, 60, 59, 58, 68, 70, 69, 71, 72, 74, 73, 75, 56, 55, 54, 76, 78, 79, 80, 81, 82, 83, 77, 95, 96, 92, 93, 94, 84, 86, 85, 91, 87, 90, 89, 88, 2, 1]","[(1, 7), (7, 36), (36, 11), (11, 71), (71, 99), (99, 54), (54, 8), (8, 79), (79, 100), (100, 83), (83, 4), (4, 92), (92, 5), (5, 85), (85, 101), (101, 90), (90, 6), (6, 2), (2, 3), (3, 1)]","[(1, 0.0), (97, 0.0), (53, 1006.0), (52, 2012.0), (51, 3017.0), (98, 4019.0), (9, 5023.0), (10, 6027.0), (50, 7035.0), (49, 8041.0), (48, 9046.0), (47, 10048.0), (46, 11055.0), (45, 12064.0), (12, 13067.0), (13, 14074.0), (14, 15081.0), (15, 16084.0), (44, 17086.0), (43, 18091.0), (57, 19100.0), (66, 19100.0), (67, 20101.0), (65, 21101.0), (64, 22103.0), (63, 23111.0), (38, 24115.0), (39, 25115.0), (32, 26124.0), (40, 27129.0), (41, 28131.0), (42, 29131.0), (31, 30138.0), (24, 31139.0), (23, 32141.0), (16, 33142.0), (17, 34146.0), (19, 35148.0), (18, 36152.0), (20, 37158.0), (21, 38165.0), (22, 39169.0), (25, 40176.0), (26, 41181.0), (27, 42182.0), (28, 43187.0), (29, 44189.0), (30, 45191.0), (33, 46196.0), (34, 47198.0), (35, 48199.0), (36, 49201.0), (37, 51203.0), (61, 52210.0), (62, 53210.0), (60, 54215.0), (59, 55219.0), (58, 56223.0), (68, 57231.0), (70, 58236.0), (69, 59241.0), (71, 60247.0), (72, 62263.0), (74, 63267.0), (73, 64269.0), (75, 65273.0), (56, 66277.0), (55, 67281.0), (54, 68287.0), (76, 70288.0), (78, 71291.0), (79, 72292.0), (80, 74301.0), (81, 75304.0), (82, 76310.0), (83, 77314.0), (77, 79320.0), (95, 80328.0), (96, 81332.0), (92, 82341.0), (93, 84347.0), (94, 85350.0), (84, 86356.0), (86, 87361.0), (85, 88364.0), (91, 90374.0), (87, 91375.0), (90, 92377.0), (89, 94388.0), (88, 95388.0), (2, 96388.0), (1, 98395.0)]"
VNS,100,3,bench_100_2,ok,-53726.6568,,1200.1132,97,87,10,10,80553.0,134279.6568,1847.0379,97449.0,227504.0,100468.0,6488880,981.9247,"[87, 86, 89, 82, 81, 80, 83, 79, 75, 78, 77, 67, 69, 68, 58, 57, 56, 59, 61, 60, 65, 64, 63, 62, 51, 55, 54, 52, 53, 28, 29, 24, 25, 26, 27, 19, 20, 23, 21, 18, 17, 16, 22, 31, 15, 32, 14, 7, 13, 8, 9, 10, 11, 12, 6, 5, 34, 35, 36, 37, 38, 4, 39, 40, 41, 42, 43, 44, 45, 48, 47, 46, 70, 71, 72, 73, 91, 92, 93, 94, 95, 96, 97, 98, 99, 100, 2, 30, 33, 49, 74, 90, 84, 88, 3, 101, 85]","[87, 86, 89, 82, 81, 80, 83, 79, 75, 78, 77, 67, 69, 68, 58, 57, 56, 59, 61, 60, 65, 64, 63, 62, 51, 55, 54, 52, 53, 28, 29, 24, 25, 26, 27, 19, 20, 23, 21, 18, 17, 16, 22, 31, 15, 32, 14, 7, 13, 8, 9, 10, 11, 12, 6, 5, 34, 35, 36, 37, 38, 4, 39, 40, 41, 42, 43, 44, 45, 48, 47, 46, 70, 71, 72, 73, 91, 92, 93, 94, 95, 96, 97, 98, 99, 100, 2]","[30, 33, 49, 74, 90, 84, 88, 3, 101, 85]","[41, 45, 70, 72, 91, 96, 98, 99, 2, 1]","[1, 87, 86, 89, 82, 81, 80, 83, 79, 75, 76, 78, 77, 66, 67, 69, 68, 58, 57, 50, 56, 59, 61, 60, 65, 64, 63, 62, 51, 55, 54, 52, 53, 28, 29, 24, 25, 26, 27, 19, 20, 23, 21, 18, 17, 16, 22, 31, 15, 32, 14, 7, 13, 8, 9, 10, 11, 12, 6, 5, 34, 35, 36, 37, 38, 4, 39, 40, 41, 42, 43, 44, 45, 48, 47, 46, 70, 71, 72, 73, 91, 92, 93, 94, 95, 96, 97, 98, 99, 100, 2, 1]","[(1, 30), (30, 41), (41, 33), (33, 45), (45, 49), (49, 70), (70, 74), (74, 72), (72, 90), (90, 91), (91, 84), (84, 96), (96, 88), (88, 98), (98, 3), (3, 99), (99, 101), (101, 2), (2, 85), (85, 1)]","[(1, 0.0), (87, 0.0), (86, 1000.0), (89, 2002.0), (82, 3003.0), (81, 4008.0), (80, 5013.0), (83, 6019.0), (79, 7028.0), (75, 8028.0), (76, 9034.0), (78, 9034.0), (77, 10040.0), (66, 11046.0), (67, 11046.0), (69, 12050.0), (68, 13054.0), (58, 14056.0), (57, 15059.0), (50, 16059.0), (56, 16059.0), (59, 17067.0), (61, 18071.0), (60, 19076.0), (65, 20082.0), (64, 21086.0), (63, 22093.0), (62, 23102.0), (51, 24111.0), (55, 25113.0), (54, 26113.0), (52, 27116.0), (53, 28124.0), (28, 29130.0), (29, 30136.0), (24, 31145.0), (25, 32150.0), (26, 33153.0), (27, 34155.0), (19, 35157.0), (20, 36162.0), (23, 37162.0), (21, 38166.0), (18, 39167.0), (17, 40174.0), (16, 41175.0), (22, 42179.0), (31, 43187.0), (15, 44196.0), (32, 45198.0), (14, 46203.0), (7, 47204.0), (13, 48208.0), (8, 49215.0), (9, 50217.0), (10, 51222.0), (11, 52224.0), (12, 53232.0), (6, 54241.0), (5, 55241.0), (34, 56249.0), (35, 57254.0), (36, 58258.0), (37, 59261.0), (38, 60268.0), (4, 61270.0), (39, 62278.0), (40, 63283.0), (41, 64289.0), (42, 66294.0), (43, 67302.0), (44, 68309.0), (45, 69314.0), (48, 71326.0), (47, 72330.0), (46, 73334.0), (70, 74338.0), (71, 76347.0), (72, 77354.0), (73, 79362.0), (91, 80369.0), (92, 82384.0), (93, 83391.0), (94, 84398.0), (95, 85407.0), (96, 86408.0), (97, 88417.0), (98, 89423.0), (99, 91432.0), (100, 93436.0), (2, 94436.0), (1, 96443.0)]"
VNS,100,7,bench_100_2,ok,-54668.8188,,1204.4702,97,87,10,10,80917.0,135585.8188,1865.0044,97453.0,227504.0,100468.0,6638642,690.4392,"[96, 97, 45, 48, 60, 61, 59, 58, 57, 33, 49, 42, 41, 40, 4, 39, 38, 37, 36, 35, 34, 5, 6, 12, 11, 10, 9, 13, 8, 7, 14, 32, 15, 31, 22, 16, 17, 18, 27, 26, 19, 20, 21, 23, 30, 29, 28, 24, 25, 53, 52, 54, 55, 51, 62, 63, 64, 65, 66, 68, 67, 69, 70, 71, 72, 74, 77, 78, 76, 75, 73, 92, 93, 94, 91, 90, 82, 81, 80, 79, 83, 84, 85, 89, 86, 87, 88, 2, 56, 44, 3, 43, 95, 98, 99, 101, 100]","[96, 97, 45, 48, 60, 61, 59, 58, 57, 33, 49, 42, 41, 40, 4, 39, 38, 37, 36, 35, 34, 5, 6, 12, 11, 10, 9, 13, 8, 7, 14, 32, 15, 31, 22, 16, 17, 18, 27, 26, 19, 20, 21, 23, 30, 29, 28, 24, 25, 53, 52, 54, 55, 51, 62, 63, 64, 65, 66, 68, 67, 69, 70, 71, 72, 74, 77, 78, 76, 75, 73, 92, 93, 94, 91, 90, 82, 81, 80, 79, 83, 84, 85, 89, 86, 87, 88]","[2, 56, 44, 3, 43, 95, 98, 99, 101, 100]","[63, 68, 71, 75, 93, 91, 79, 89, 88, 1]","[1, 96, 97, 45, 48, 46, 47, 60, 61, 59, 58, 57, 50, 33, 49, 42, 41, 40, 4, 39, 38, 37, 36, 35, 34, 5, 6, 12, 11, 10, 9, 13, 8, 7, 14, 32, 15, 31, 22, 16, 17, 18, 27, 26, 19, 20, 21, 23, 30, 29, 28, 24, 25, 53, 52, 54, 55, 51, 62, 63, 64, 65, 66, 68, 67, 69, 70, 71, 72, 74, 77, 78, 76, 75, 73, 92, 93, 94, 91, 90, 82, 81, 80, 79, 83, 84, 85, 89, 86, 87, 88, 1]","[(1, 2), (2, 63), (63, 56), (56, 68), (68, 44), (44, 71), (71, 3), (3, 75), (75, 43), (43, 93), (93, 95), (95, 91), (91, 98), (98, 79), (79, 99), (99, 89), (89, 101), (101, 88), (88, 100), (100, 1)]","[(1, 0.0), (96, 0.0), (97, 1005.0), (45, 2011.0), (48, 3020.0), (46, 4024.0), (47, 4024.0), (60, 4024.0), (61, 5030.0), (59, 6035.0), (58, 7039.0), (57, 8042.0), (50, 9042.0), (33, 9042.0), (49, 10045.0), (42, 11050.0), (41, 12058.0), (40, 13063.0), (4, 14069.0), (39, 15077.0), (38, 16082.0), (37, 17084.0), (36, 18091.0), (35, 19094.0), (34, 20098.0), (5, 21103.0), (6, 22111.0), (12, 23111.0), (11, 24120.0), (10, 25128.0), (9, 26130.0), (13, 27135.0), (8, 28142.0), (7, 29144.0), (14, 30148.0), (32, 31149.0), (15, 32154.0), (31, 33156.0), (22, 34165.0), (16, 35173.0), (17, 36177.0), (18, 37178.0), (27, 38185.0), (26, 39187.0), (19, 40189.0), (20, 41194.0), (21, 42194.0), (23, 43195.0), (30, 44199.0), (29, 45199.0), (28, 46208.0), (24, 47214.0), (25, 48219.0), (53, 49222.0), (52, 50228.0), (54, 51236.0), (55, 52239.0), (51, 53239.0), (62, 54241.0), (63, 55250.0), (64, 57261.0), (65, 58268.0), (66, 59272.0), (68, 60275.0), (67, 62285.0), (69, 63289.0), (70, 64293.0), (71, 65297.0), (72, 67309.0), (74, 68312.0), (77, 69317.0), (78, 70323.0), (76, 71329.0), (75, 72338.0), (73, 74348.0), (92, 75355.0), (93, 76362.0), (94, 78376.0), (91, 79385.0), (90, 81395.0), (82, 82401.0), (81, 83406.0), (80, 84411.0), (79, 85417.0), (83, 87426.0), (84, 88435.0), (85, 89439.0), (89, 90445.0), (86, 92446.0), (87, 93448.0), (88, 94448.0), (1, 96453.0)]"
VNS,100,3,bench_100_3,ok,-69405.6388,,1205.9622,94,84,10,10,80112.0,149517.6388,2056.6388,94450.0,227504.0,100475.0,6820089,1205.962,"[2, 9, 11, 12, 14, 16, 15, 19, 20, 22, 23, 24, 25, 26, 27, 34, 35, 63, 36, 32, 31, 39, 37, 64, 65, 38, 40, 30, 28, 29, 41, 42, 21, 18, 46, 45, 44, 43, 59, 58, 56, 66, 67, 68, 60, 61, 62, 70, 69, 71, 72, 80, 79, 78, 77, 81, 91, 92, 76, 75, 74, 73, 53, 54, 55, 51, 52, 50, 96, 95, 94, 93, 49, 48, 57, 47, 8, 7, 6, 97, 98, 99, 100, 101, 84, 85, 90, 83, 89, 82, 88, 4, 87, 86]","[2, 9, 11, 12, 14, 16, 15, 19, 20, 22, 23, 24, 25, 26, 27, 34, 35, 63, 36, 32, 31, 39, 37, 64, 65, 38, 40, 30, 28, 29, 41, 42, 21, 18, 46, 45, 44, 43, 59, 58, 56, 66, 67, 68, 60, 61, 62, 70, 69, 71, 72, 80, 79, 78, 77, 81, 91, 92, 76, 75, 74, 73, 53, 54, 55, 51, 52, 50, 96, 95, 94, 93, 49, 48, 57, 47, 8, 7, 6, 97, 98, 99, 100, 101]","[84, 85, 90, 83, 89, 82, 88, 4, 87, 86]","[81, 76, 73, 50, 93, 57, 97, 98, 100, 1]","[1, 2, 3, 5, 10, 9, 11, 12, 13, 14, 16, 15, 17, 19, 20, 22, 23, 24, 25, 26, 27, 33, 34, 35, 63, 36, 32, 31, 39, 37, 64, 65, 38, 40, 30, 28, 29, 41, 42, 21, 18, 46, 45, 44, 43, 59, 58, 56, 66, 67, 68, 60, 61, 62, 70, 69, 71, 72, 80, 79, 78, 77, 81, 91, 92, 76, 75, 74, 73, 53, 54, 55, 51, 52, 50, 96, 95, 94, 93, 49, 48, 57, 47, 8, 7, 6, 97, 98, 99, 100, 101, 1]","[(1, 84), (84, 81), (81, 85), (85, 76), (76, 90), (90, 73), (73, 83), (83, 50), (50, 89), (89, 93), (93, 82), (82, 57), (57, 88), (88, 97), (97, 4), (4, 98), (98, 87), (87, 100), (100, 86), (86, 1)]","[(1, 0.0), (2, 0.0), (3, 1001.0), (5, 1001.0), (10, 1001.0), (9, 1001.0), (11, 2002.0), (12, 3004.0), (13, 4013.0), (14, 4013.0), (16, 5015.0), (15, 6015.0), (17, 7023.0), (19, 7023.0), (20, 8023.0), (22, 9027.0), (23, 10036.0), (24, 11037.0), (25, 12044.0), (26, 13049.0), (27, 14051.0), (33, 15056.0), (34, 15056.0), (35, 16065.0), (63, 17069.0), (36, 18075.0), (32, 19084.0), (31, 20089.0), (39, 21094.0), (37, 22096.0), (64, 23102.0), (65, 24106.0), (38, 25114.0), (40, 26121.0), (30, 27127.0), (28, 28131.0), (29, 29132.0), (41, 30140.0), (42, 31148.0), (21, 32154.0), (18, 33155.0), (46, 34159.0), (45, 35166.0), (44, 36172.0), (43, 37180.0), (59, 38183.0), (58, 39184.0), (56, 40188.0), (66, 41189.0), (67, 42198.0), (68, 43207.0), (60, 44212.0), (61, 45217.0), (62, 46221.0), (70, 47223.0), (69, 48232.0), (71, 49238.0), (72, 50245.0), (80, 51249.0), (79, 52255.0), (78, 53258.0), (77, 54264.0), (81, 55268.0), (91, 57268.0), (92, 58277.0), (76, 59284.0), (75, 61291.0), (74, 62295.0), (73, 63298.0), (53, 65305.0), (54, 66309.0), (55, 67317.0), (51, 68322.0), (52, 69331.0), (50, 70336.0), (96, 72344.0), (95, 73347.0), (94, 74350.0), (93, 75350.0), (49, 77361.0), (48, 78369.0), (57, 79374.0), (47, 81389.0), (8, 82398.0), (7, 83401.0), (6, 84405.0), (97, 85413.0), (98, 87421.0), (99, 89426.0), (100, 90429.0), (101, 92442.0), (1, 93442.0)]"
VNS,100,7,bench_100_3,ok,-67247.109,,1200.0001,96,86,10,10,80867.0,148114.109,2037.333,96465.0,227504.0,100475.0,6588488,689.5493,"[84, 83, 82, 81, 77, 78, 80, 73, 72, 71, 69, 70, 61, 68, 67, 66, 56, 58, 57, 47, 46, 45, 44, 43, 59, 65, 64, 37, 38, 40, 41, 29, 28, 30, 39, 31, 32, 36, 63, 35, 34, 33, 27, 26, 25, 24, 23, 22, 20, 19, 21, 18, 17, 15, 14, 13, 12, 11, 9, 10, 6, 7, 8, 48, 49, 96, 95, 52, 50, 51, 55, 54, 53, 74, 75, 76, 91, 92, 94, 93, 97, 98, 5, 4, 3, 2, 101, 16, 42, 89, 88, 86, 90, 100, 99, 87]","[84, 83, 82, 81, 77, 78, 80, 73, 72, 71, 69, 70, 61, 68, 67, 66, 56, 58, 57, 47, 46, 45, 44, 43, 59, 65, 64, 37, 38, 40, 41, 29, 28, 30, 39, 31, 32, 36, 63, 35, 34, 33, 27, 26, 25, 24, 23, 22, 20, 19, 21, 18, 17, 15, 14, 13, 12, 11, 9, 10, 6, 7, 8, 48, 49, 96, 95, 52, 50, 51, 55, 54, 53, 74, 75, 76, 91, 92, 94, 93, 97, 98, 5, 4, 3, 2]","[101, 16, 42, 89, 88, 86, 90, 100, 99, 87]","[9, 49, 54, 74, 91, 94, 97, 5, 2, 1]","[1, 85, 84, 83, 82, 81, 77, 78, 79, 80, 73, 72, 71, 69, 70, 62, 61, 60, 68, 67, 66, 56, 58, 57, 47, 46, 45, 44, 43, 59, 65, 64, 37, 38, 40, 41, 29, 28, 30, 39, 31, 32, 36, 63, 35, 34, 33, 27, 26, 25, 24, 23, 22, 20, 19, 21, 18, 17, 15, 14, 13, 12, 11, 9, 10, 6, 7, 8, 48, 49, 96, 95, 52, 50, 51, 55, 54, 53, 74, 75, 76, 91, 92, 94, 93, 97, 98, 5, 4, 3, 2, 1]","[(1, 101), (101, 9), (9, 16), (16, 49), (49, 42), (42, 54), (54, 89), (89, 74), (74, 88), (88, 91), (91, 86), (86, 94), (94, 90), (90, 97), (97, 100), (100, 5), (5, 99), (99, 2), (2, 87), (87, 1)]","[(1, 0.0), (85, 0.0), (84, 0.0), (83, 1000.0), (82, 2002.0), (81, 3008.0), (77, 4008.0), (78, 5012.0), (79, 6018.0), (80, 6018.0), (73, 7024.0), (72, 8028.0), (71, 9032.0), (69, 10039.0), (70, 11045.0), (62, 12054.0), (61, 12054.0), (60, 13058.0), (68, 13058.0), (67, 14063.0), (66, 15072.0), (56, 16081.0), (58, 17082.0), (57, 18086.0), (47, 19095.0), (46, 20104.0), (45, 21111.0), (44, 22117.0), (43, 23125.0), (59, 24128.0), (65, 25129.0), (64, 26137.0), (37, 27141.0), (38, 28147.0), (40, 29154.0), (41, 30160.0), (29, 31168.0), (28, 32176.0), (30, 33177.0), (39, 34181.0), (31, 35183.0), (32, 36188.0), (36, 37193.0), (63, 38202.0), (35, 39208.0), (34, 40212.0), (33, 41221.0), (27, 42223.0), (26, 43228.0), (25, 44230.0), (24, 45235.0), (23, 46242.0), (22, 47243.0), (20, 48252.0), (19, 49256.0), (21, 50256.0), (18, 51257.0), (17, 52261.0), (15, 53265.0), (14, 54273.0), (13, 55275.0), (12, 56284.0), (11, 57293.0), (9, 58295.0), (10, 60296.0), (6, 61303.0), (7, 62311.0), (8, 63315.0), (48, 64318.0), (49, 65323.0), (96, 67331.0), (95, 68334.0), (52, 69337.0), (50, 70342.0), (51, 71348.0), (55, 72357.0), (54, 73362.0), (53, 75376.0), (74, 76380.0), (75, 78388.0), (76, 79392.0), (91, 80399.0), (92, 82415.0), (94, 83422.0), (93, 85430.0), (97, 86436.0), (98, 88440.0), (5, 89440.0), (4, 91446.0), (3, 92451.0), (2, 93453.0), (1, 95457.0)]"
VNS,100,3,bench_100_4,ok,-58333.5863,,1203.7314,98,88,10,10,83222.0,141555.5863,1947.1195,98454.0,227504.0,100464.0,6787171,898.6716,"[94, 79, 78, 77, 76, 58, 57, 56, 59, 55, 54, 53, 52, 51, 6, 7, 50, 62, 49, 48, 47, 63, 60, 70, 71, 67, 38, 35, 30, 29, 36, 37, 28, 27, 26, 25, 24, 23, 20, 19, 18, 17, 16, 15, 10, 11, 14, 13, 12, 21, 46, 45, 44, 43, 32, 22, 31, 33, 42, 41, 40, 39, 68, 69, 64, 65, 66, 73, 74, 72, 75, 84, 81, 82, 83, 85, 86, 87, 89, 88, 90, 91, 92, 93, 96, 100, 2, 101, 4, 9, 8, 5, 80, 98, 95, 97, 3, 99]","[94, 79, 78, 77, 76, 58, 57, 56, 59, 55, 54, 53, 52, 51, 6, 7, 50, 62, 49, 48, 47, 63, 60, 70, 71, 67, 38, 35, 30, 29, 36, 37, 28, 27, 26, 25, 24, 23, 20, 19, 18, 17, 16, 15, 10, 11, 14, 13, 12, 21, 46, 45, 44, 43, 32, 22, 31, 33, 42, 41, 40, 39, 68, 69, 64, 65, 66, 73, 74, 72, 75, 84, 81, 82, 83, 85, 86, 87, 89, 88, 90, 91, 92, 93, 96, 100, 2, 101]","[4, 9, 8, 5, 80, 98, 95, 97, 3, 99]","[31, 64, 75, 86, 89, 92, 93, 96, 2, 1]","[1, 94, 79, 78, 77, 76, 58, 57, 56, 59, 55, 54, 53, 52, 51, 6, 7, 50, 62, 49, 48, 47, 63, 61, 60, 70, 71, 67, 38, 35, 34, 30, 29, 36, 37, 28, 27, 26, 25, 24, 23, 20, 19, 18, 17, 16, 15, 10, 11, 14, 13, 12, 21, 46, 45, 44, 43, 32, 22, 31, 33, 42, 41, 40, 39, 68, 69, 64, 65, 66, 73, 74, 72, 75, 84, 81, 82, 83, 85, 86, 87, 89, 88, 90, 91, 92, 93, 96, 100, 2, 101, 1]","[(1, 4), (4, 31), (31, 9), (9, 64), (64, 8), (8, 75), (75, 5), (5, 86), (86, 80), (80, 89), (89, 98), (98, 92), (92, 95), (95, 93), (93, 97), (97, 96), (96, 3), (3, 2), (2, 99), (99, 1)]","[(1, 0.0), (94, 0.0), (79, 1007.0), (78, 2014.0), (77, 3018.0), (76, 4021.0), (58, 5028.0), (57, 6034.0), (56, 7034.0), (59, 8036.0), (55, 9044.0), (54, 10050.0), (53, 11057.0), (52, 12059.0), (51, 13067.0), (6, 14073.0), (7, 15076.0), (50, 16081.0), (62, 17086.0), (49, 18089.0), (48, 19095.0), (47, 20098.0), (63, 21101.0), (61, 22102.0), (60, 22102.0), (70, 23109.0), (71, 24109.0), (67, 25112.0), (38, 26114.0), (35, 27118.0), (34, 28123.0), (30, 28123.0), (29, 29123.0), (36, 30124.0), (37, 31129.0), (28, 32131.0), (27, 33131.0), (26, 34133.0), (25, 35140.0), (24, 36147.0), (23, 37154.0), (20, 38163.0), (19, 39163.0), (18, 40170.0), (17, 41175.0), (16, 42182.0), (15, 43191.0), (10, 44197.0), (11, 45197.0), (14, 46199.0), (13, 47208.0), (12, 48216.0), (21, 49220.0), (46, 50221.0), (45, 51223.0), (44, 52229.0), (43, 53236.0), (32, 54244.0), (22, 55250.0), (31, 56254.0), (33, 58262.0), (42, 59266.0), (41, 60271.0), (40, 61277.0), (39, 62277.0), (68, 63284.0), (69, 64288.0), (64, 65296.0), (65, 67304.0), (66, 68312.0), (73, 69316.0), (74, 70325.0), (72, 71334.0), (75, 72340.0), (84, 74349.0), (81, 75352.0), (82, 76357.0), (83, 77363.0), (85, 78372.0), (86, 79376.0), (87, 81385.0), (89, 82386.0), (88, 84392.0), (90, 85395.0), (91, 86403.0), (92, 87404.0), (93, 89411.0), (96, 91420.0), (100, 93431.0), (2, 94436.0), (101, 96447.0), (1, 97447.0)]"
VNS,100,7,bench_100_4,ok,-62284.7415,,1201.3915,99,89,10,10,83669.0,145953.7415,2007.6168,99462.0,227504.0,100464.0,6726040,840.6206,"[5, 52, 53, 54, 55, 56, 57, 58, 59, 60, 63, 47, 62, 48, 49, 9, 10, 11, 13, 14, 15, 16, 17, 18, 19, 20, 12, 21, 46, 45, 43, 44, 41, 40, 42, 33, 31, 32, 22, 23, 24, 25, 27, 26, 28, 37, 36, 29, 30, 34, 35, 38, 67, 68, 39, 69, 70, 71, 64, 65, 66, 73, 74, 72, 75, 76, 81, 84, 82, 83, 85, 86, 87, 89, 88, 91, 92, 93, 80, 78, 77, 79, 94, 95, 96, 97, 100, 2, 101, 7, 6, 8, 50, 90, 98, 51, 3, 4, 99]","[5, 52, 53, 54, 55, 56, 57, 58, 59, 60, 63, 47, 62, 48, 49, 9, 10, 11, 13, 14, 15, 16, 17, 18, 19, 20, 12, 21, 46, 45, 43, 44, 41, 40, 42, 33, 31, 32, 22, 23, 24, 25, 27, 26, 28, 37, 36, 29, 30, 34, 35, 38, 67, 68, 39, 69, 70, 71, 64, 65, 66, 73, 74, 72, 75, 76, 81, 84, 82, 83, 85, 86, 87, 89, 88, 91, 92, 93, 80, 78, 77, 79, 94, 95, 96, 97, 100, 2, 101]","[7, 6, 8, 50, 90, 98, 51, 3, 4, 99]","[71, 72, 81, 89, 88, 93, 77, 97, 2, 1]","[1, 5, 52, 53, 54, 55, 56, 57, 58, 59, 60, 61, 63, 47, 62, 48, 49, 9, 10, 11, 13, 14, 15, 16, 17, 18, 19, 20, 12, 21, 46, 45, 43, 44, 41, 40, 42, 33, 31, 32, 22, 23, 24, 25, 27, 26, 28, 37, 36, 29, 30, 34, 35, 38, 67, 68, 39, 69, 70, 71, 64, 65, 66, 73, 74, 72, 75, 76, 81, 84, 82, 83, 85, 86, 87, 89, 88, 91, 92, 93, 80, 78, 77, 79, 94, 95, 96, 97, 100, 2, 101, 1]","[(1, 7), (7, 71), (71, 6), (6, 72), (72, 8), (8, 81), (81, 50), (50, 89), (89, 90), (90, 88), (88, 98), (98, 93), (93, 51), (51, 77), (77, 3), (3, 97), (97, 4), (4, 2), (2, 99), (99, 1)]","[(1, 0.0), (5, 0.0), (52, 1009.0), (53, 2017.0), (54, 3019.0), (55, 4026.0), (56, 5032.0), (57, 6034.0), (58, 7034.0), (59, 8040.0), (60, 9048.0), (61, 10055.0), (63, 10055.0), (47, 11056.0), (62, 12059.0), (48, 13062.0), (49, 14065.0), (9, 15071.0), (10, 16074.0), (11, 17074.0), (13, 18076.0), (14, 19084.0), (15, 20093.0), (16, 21099.0), (17, 22108.0), (18, 23115.0), (19, 24120.0), (20, 25127.0), (12, 26127.0), (21, 27131.0), (46, 28132.0), (45, 29134.0), (43, 30140.0), (44, 31148.0), (41, 32155.0), (40, 33161.0), (42, 34161.0), (33, 35166.0), (31, 36170.0), (32, 37177.0), (22, 38183.0), (23, 39187.0), (24, 40196.0), (25, 41203.0), (27, 42210.0), (26, 43212.0), (28, 44219.0), (37, 45219.0), (36, 46221.0), (29, 47226.0), (30, 48227.0), (34, 49227.0), (35, 50235.0), (38, 51240.0), (67, 52244.0), (68, 53246.0), (39, 54250.0), (69, 55257.0), (70, 56265.0), (71, 57265.0), (64, 59273.0), (65, 60278.0), (66, 61286.0), (73, 62290.0), (74, 63299.0), (72, 64308.0), (75, 66317.0), (76, 67319.0), (81, 68326.0), (84, 70338.0), (82, 71341.0), (83, 72347.0), (85, 73356.0), (86, 74360.0), (87, 75360.0), (89, 76361.0), (88, 78370.0), (91, 80381.0), (92, 81382.0), (93, 82389.0), (80, 84394.0), (78, 85396.0), (77, 86400.0), (79, 88409.0), (94, 89416.0), (95, 90423.0), (96, 91427.0), (97, 92436.0), (100, 94443.0), (2, 95448.0), (101, 97455.0), (1, 98455.0)]"
VNS,100,3,bench_100_5,ok,-59132.2551,,1201.215,97,87,10,10,81644.0,140776.2551,1936.3997,97416.0,227504.0,100427.0,6784087,1021.1784,"[89, 91, 92, 83, 84, 82, 81, 80, 77, 76, 78, 75, 54, 55, 73, 74, 72, 70, 71, 69, 67, 66, 57, 65, 61, 64, 62, 63, 47, 48, 35, 34, 36, 46, 45, 44, 43, 42, 37, 41, 38, 39, 40, 29, 30, 31, 32, 33, 28, 27, 25, 26, 24, 16, 23, 22, 21, 17, 18, 20, 19, 14, 15, 13, 12, 50, 49, 58, 60, 59, 52, 51, 11, 53, 10, 96, 9, 8, 97, 98, 7, 6, 5, 99, 100, 4, 3, 87, 79, 85, 93, 86, 94, 90, 101, 2, 88]","[89, 91, 92, 83, 84, 82, 81, 80, 77, 76, 78, 75, 54, 55, 73, 74, 72, 70, 71, 69, 67, 66, 57, 65, 61, 64, 62, 63, 47, 48, 35, 34, 36, 46, 45, 44, 43, 42, 37, 41, 38, 39, 40, 29, 30, 31, 32, 33, 28, 27, 25, 26, 24, 16, 23, 22, 21, 17, 18, 20, 19, 14, 15, 13, 12, 50, 49, 58, 60, 59, 52, 51, 11, 53, 10, 96, 9, 8, 97, 98, 7, 6, 5, 99, 100, 4, 3]","[87, 79, 85, 93, 86, 94, 90, 101, 2, 88]","[19, 60, 53, 9, 98, 7, 99, 4, 3, 1]","[1, 89, 91, 92, 83, 84, 82, 81, 80, 77, 76, 78, 75, 95, 54, 55, 56, 73, 74, 72, 70, 71, 69, 68, 67, 66, 57, 65, 61, 64, 62, 63, 47, 48, 35, 34, 36, 46, 45, 44, 43, 42, 37, 41, 38, 39, 40, 29, 30, 31, 32, 33, 28, 27, 25, 26, 24, 16, 23, 22, 21, 17, 18, 20, 19, 14, 15, 13, 12, 50, 49, 58, 60, 59, 52, 51, 11, 53, 10, 96, 9, 8, 97, 98, 7, 6, 5, 99, 100, 4, 3, 1]","[(1, 87), (87, 19), (19, 79), (79, 60), (60, 85), (85, 53), (53, 93), (93, 9), (9, 86), (86, 98), (98, 94), (94, 7), (7, 90), (90, 99), (99, 101), (101, 4), (4, 2), (2, 3), (3, 88), (88, 1)]","[(1, 0.0), (89, 0.0), (91, 1008.0), (92, 2011.0), (83, 3017.0), (84, 4022.0), (82, 5028.0), (81, 6029.0), (80, 7029.0), (77, 8032.0), (76, 9034.0), (78, 10036.0), (75, 11040.0), (95, 12043.0), (54, 12043.0), (55, 13048.0), (56, 14048.0), (73, 14048.0), (74, 15050.0), (72, 16054.0), (70, 17058.0), (71, 18062.0), (69, 19068.0), (68, 20072.0), (67, 20072.0), (66, 21075.0), (57, 22084.0), (65, 23091.0), (61, 24098.0), (64, 25102.0), (62, 26104.0), (63, 27107.0), (47, 28112.0), (48, 29118.0), (35, 30120.0), (34, 31126.0), (36, 32127.0), (46, 33131.0), (45, 34136.0), (44, 35138.0), (43, 36147.0), (42, 37147.0), (37, 38156.0), (41, 39159.0), (38, 40164.0), (39, 41169.0), (40, 42171.0), (29, 43173.0), (30, 44173.0), (31, 45178.0), (32, 46179.0), (33, 47179.0), (28, 48188.0), (27, 49190.0), (25, 50197.0), (26, 51200.0), (24, 52204.0), (16, 53209.0), (23, 54211.0), (22, 55215.0), (21, 56218.0), (17, 57225.0), (18, 58233.0), (20, 59242.0), (19, 60249.0), (14, 62257.0), (15, 63264.0), (13, 64266.0), (12, 65274.0), (50, 66276.0), (49, 67283.0), (58, 68286.0), (60, 69288.0), (59, 71298.0), (52, 72307.0), (51, 73314.0), (11, 74323.0), (53, 75332.0), (10, 77346.0), (96, 78350.0), (9, 79354.0), (8, 81367.0), (97, 82368.0), (98, 83373.0), (7, 85381.0), (6, 87384.0), (5, 88385.0), (99, 89391.0), (100, 91403.0), (4, 92405.0), (3, 94410.0), (1, 96416.0)]"
VNS,100,7,bench_100_5,ok,-54418.751,,1204.5255,95,85,10,10,80482.0,134900.751,1855.5812,95410.0,227504.0,100427.0,7641496,990.8479,"[6, 7, 99, 97, 96, 54, 55, 73, 74, 72, 70, 71, 69, 63, 62, 64, 61, 67, 66, 65, 58, 60, 59, 49, 48, 47, 35, 34, 36, 46, 45, 44, 43, 42, 37, 41, 38, 39, 40, 29, 30, 31, 32, 33, 28, 27, 25, 26, 24, 16, 23, 22, 21, 17, 18, 20, 19, 14, 15, 13, 12, 50, 11, 51, 52, 53, 10, 9, 94, 93, 90, 91, 92, 83, 77, 80, 81, 82, 84, 85, 86, 87, 89, 88, 2, 57, 8, 100, 101, 75, 79, 76, 78, 4, 3]","[6, 7, 99, 97, 96, 54, 55, 73, 74, 72, 70, 71, 69, 63, 62, 64, 61, 67, 66, 65, 58, 60, 59, 49, 48, 47, 35, 34, 36, 46, 45, 44, 43, 42, 37, 41, 38, 39, 40, 29, 30, 31, 32, 33, 28, 27, 25, 26, 24, 16, 23, 22, 21, 17, 18, 20, 19, 14, 15, 13, 12, 50, 11, 51, 52, 53, 10, 9, 94, 93, 90, 91, 92, 83, 77, 80, 81, 82, 84, 85, 86, 87, 89, 88, 2]","[57, 8, 100, 101, 75, 79, 76, 78, 4, 3]","[9, 94, 90, 83, 77, 82, 85, 89, 2, 1]","[1, 5, 6, 7, 99, 98, 97, 96, 95, 54, 55, 56, 73, 74, 72, 70, 71, 69, 68, 63, 62, 64, 61, 67, 66, 65, 58, 60, 59, 49, 48, 47, 35, 34, 36, 46, 45, 44, 43, 42, 37, 41, 38, 39, 40, 29, 30, 31, 32, 33, 28, 27, 25, 26, 24, 16, 23, 22, 21, 17, 18, 20, 19, 14, 15, 13, 12, 50, 11, 51, 52, 53, 10, 9, 94, 93, 90, 91, 92, 83, 77, 80, 81, 82, 84, 85, 86, 87, 89, 88, 2, 1]","[(1, 57), (57, 9), (9, 8), (8, 94), (94, 100), (100, 90), (90, 101), (101, 83), (83, 75), (75, 77), (77, 79), (79, 82), (82, 76), (76, 85), (85, 78), (78, 89), (89, 4), (4, 2), (2, 3), (3, 1)]","[(1, 0.0), (5, 0.0), (6, 0.0), (7, 1001.0), (99, 2003.0), (98, 3010.0), (97, 3010.0), (96, 4015.0), (95, 5019.0), (54, 5019.0), (55, 6024.0), (56, 7024.0), (73, 7024.0), (74, 8026.0), (72, 9030.0), (70, 10034.0), (71, 11038.0), (69, 12044.0), (68, 13048.0), (63, 13048.0), (62, 14053.0), (64, 15056.0), (61, 16058.0), (67, 17062.0), (66, 18065.0), (65, 19074.0), (58, 20081.0), (60, 21083.0), (59, 22087.0), (49, 23096.0), (48, 24099.0), (47, 25101.0), (35, 26107.0), (34, 27113.0), (36, 28114.0), (46, 29118.0), (45, 30123.0), (44, 31125.0), (43, 32134.0), (42, 33134.0), (37, 34143.0), (41, 35146.0), (38, 36151.0), (39, 37156.0), (40, 38158.0), (29, 39160.0), (30, 40160.0), (31, 41165.0), (32, 42166.0), (33, 43166.0), (28, 44175.0), (27, 45177.0), (25, 46184.0), (26, 47187.0), (24, 48191.0), (16, 49196.0), (23, 50198.0), (22, 51202.0), (21, 52205.0), (17, 53212.0), (18, 54220.0), (20, 55229.0), (19, 56236.0), (14, 57242.0), (15, 58249.0), (13, 59251.0), (12, 60259.0), (50, 61261.0), (11, 62268.0), (51, 63277.0), (52, 64286.0), (53, 65293.0), (10, 66299.0), (9, 67303.0), (94, 69314.0), (93, 71316.0), (90, 72325.0), (91, 74332.0), (92, 75335.0), (83, 76341.0), (77, 78349.0), (80, 80354.0), (81, 81357.0), (82, 82357.0), (84, 84364.0), (85, 85370.0), (86, 87380.0), (87, 88388.0), (89, 89390.0), (88, 91402.0), (2, 92402.0), (1, 94404.0)]"
