method,dataset,n,layout,ED_frac,ED,d_max,instance,seed,status,objective,profit,rental,arrival,time_s,time_to_best_s,n_items,n_truck,n_drone,n_rendv,W_final,W_capacity,evals,reheats,error
VNS,ttd300,10,3,0.25,75.0,300.0,ttd300_n10_L3_f025,0,ok,-46605.8455,2865.0,49470.8455,989.4169,120.0002,0.0146,3,3,0,0,3017.0,22750.0,53078450,,
VNS,ttd300,10,4,0.25,63.0,252.0,ttd300_n10_L4_f025,0,ok,-39204.872,3311.0,42515.872,850.3174,120.0,0.0155,4,4,0,0,4020.0,22750.0,54707101,,
VNS,ttd300,10,2,0.25,68.0,270.0,ttd300_n10_L2_f025,0,ok,-35485.5482,4690.0,40175.5482,803.511,120.0,8.3442,5,4,1,1,5017.0,22750.0,46750626,,
VNS,ttd300,10,1,0.25,76.0,306.0,ttd300_n10_L1_f025,0,ok,-45243.1965,4181.0,49424.1965,988.4839,120.0,0.0161,5,5,0,0,5020.0,22750.0,53088113,,
VNS,ttd300,10,5,0.25,70.0,278.0,ttd300_n10_L5_f025,0,ok,-43130.5484,4423.0,47553.5484,951.071,120.0,0.0033,5,5,0,0,5027.0,22750.0,54177619,,
VNS,ttd300,10,1,0.5,153.0,306.0,ttd300_n10_L1_f050,0,ok,-41253.16,4327.0,45580.16,911.6032,120.0,1.1427,5,3,2,2,5024.0,22750.0,45413302,,
VNS,ttd300,10,2,0.5,135.0,270.0,ttd300_n10_L2_f050,0,ok,-31974.7911,5293.0,37267.7911,745.3558,120.0,0.5552,6,4,2,2,6025.0,22750.0,42252857,,
VNS,ttd300,10,3,0.5,150.0,300.0,ttd300_n10_L3_f050,0,ok,-43655.7454,3520.0,47175.7454,943.5149,120.0,0.6763,4,2,2,3,4014.0,22750.0,43910740,,
VNS,ttd300,10,4,0.5,126.0,252.0,ttd300_n10_L4_f050,0,ok,-36633.872,4132.0,40765.872,815.3174,120.0,0.0719,5,4,1,1,5029.0,22750.0,44180077,,
VNS,ttd300,10,5,0.5,139.0,278.0,ttd300_n10_L5_f050,0,ok,-38700.5448,3882.0,42582.5448,851.6509,120.0,0.745,5,4,1,2,5018.0,22750.0,42190363,,
VNS,ttd300,10,1,0.75,230.0,306.0,ttd300_n10_L1_f075,0,ok,-35402.3673,7023.0,42425.3673,848.5073,120.0,0.1642,8,4,4,5,8043.0,22750.0,36563804,,
VNS,ttd300,10,2,0.75,202.0,270.0,ttd300_n10_L2_f075,0,ok,-30081.8141,6153.0,36234.8141,724.6963,120.0,17.3193,7,3,4,4,7033.0,22750.0,39620697,,
VNS,ttd300,10,3,0.75,225.0,300.0,ttd300_n10_L3_f075,0,ok,-39634.0283,3861.0,43495.0283,869.9006,120.0002,0.3036,4,1,3,4,4017.0,22750.0,37445151,,
VNS,ttd300,10,4,0.75,189.0,252.0,ttd300_n10_L4_f075,0,ok,-23642.3451,6137.0,29779.3451,595.5869,120.0,44.3778,8,3,5,5,8033.0,22750.0,38136706,,
VNS,ttd300,10,5,0.75,208.0,278.0,ttd300_n10_L5_f075,0,ok,-31116.3078,5567.0,36683.3078,733.6662,120.0,0.0774,7,4,3,5,7035.0,22750.0,39606992,,
VNS,ttd300,10,1,1.0,306.0,306.0,ttd300_n10_L1_f100,0,ok,-29669.7658,7849.0,37518.7658,750.3753,120.0,25.5477,9,4,5,5,9048.0,22750.0,32330551,,
VNS,ttd300,10,3,1.0,300.0,300.0,ttd300_n10_L3_f100,0,ok,-27048.6463,6323.0,33371.6463,667.4329,120.0,4.3247,7,4,3,5,7025.0,22750.0,32823116,,
VNS,ttd300,10,2,1.0,270.0,270.0,ttd300_n10_L2_f100,0,ok,-21359.9423,7851.0,29210.9423,584.2188,120.0012,1.666,9,5,4,5,9042.0,22750.0,32095927,,
VNS,ttd300,10,4,1.0,252.0,252.0,ttd300_n10_ L4_f100,0,ok,-21573.3511,6216.0,27789.3511,555.787,120.0,2.8186,8,4,4,5,8044.0,22750.0,31408306,,
VNS,ttd300,10,5,1.0,278.0,278.0,ttd300_n10_L5_f100,0,ok,-29298.4085,5567.0,34865.4085,697.3082,120.0,0.4564,7,4,3,5,7035.0,22750.0,33317443,,
VNS,ttd300,20,1,0.25,96.0,384.0,ttd300_n20_L1_f025,0,ok,-54904.7824,12974.0,67878.7824,1357.5756,300.0,1.2961,15,10,5,6,15059.0,45501.0,75712991,,
VNS,ttd300,20,3,0.25,89.0,357.0,ttd300_n20_L3_f025,0,ok,-56881.5195,11564.0,68445.5195,1368.9104,300.0,0.5423,13,12,1,2,13062.0,45501.0,76197274,,
VNS,ttd300,20,4,0.25,82.0,328.0,ttd300_n20_L4_f025,0,ok,-48586.3479,11420.0,60006.3479,1200.127,300.0,0.923,13,12,1,4,13077.0,45501.0,81808304,,
VNS,ttd300,20,2,0.25,75.0,299.0,ttd300_n20_L2_f025,0,ok,-40691.1572,13934.0,54625.1572,1092.5031,300.004,4.3831,16,11,5,5,16092.0,45501.0,79583680,,
VNS,ttd300,20,5,0.25,90.0,360.0,ttd300_n20_L5_f025,0,ok,-55473.1357,10424.0,65897.1357,1317.9427,300.0,1.5857,12,10,2,4,12046.0,45501.0,75889228,,
VNS,ttd300,20,1,0.5,192.0,384.0,ttd300_n20_L1_f050,0,ok,-49060.5145,15826.0,64886.5145,1297.7303,300.0027,31.4748,18,10,8,8,18070.0,45501.0,33994697,,
VNS,ttd300,20,2,0.5,150.0,299.0,ttd300_n20_L2_f050,0,ok,-30008.7763,14660.0,44668.7763,893.3755,300.0572,10.2443,17,10,7,8,17084.0,45501.0,24781135,,
VNS,ttd300,20,3,0.5,178.0,357.0,ttd300_n20_L3_f050,0,ok,-41196.6673,12545.0,53741.6673,1074.8333,300.0673,68.1832,14,8,6,9,14063.0,45501.0,19399156,,
VNS,ttd300,20,5,0.5,180.0,360.0,ttd300_n20_L5_f050,0,ok,-43818.6116,12692.0,56510.6116,1130.2122,300.0261,128.7877,15,8,7,9,15067.0,45501.0,25281762,,
VNS,ttd300,20,4,0.5,164.0,328.0,ttd300_n20_L4_f050,0,ok,-35825.5306,14158.0,49983.5306,999.6706,300.0471,12.5437,17,9,8,9,17098.0,45501.0,22698306,,
VNS,ttd300,20,1,0.75,288.0,384.0,ttd300_n20_L1_f075,0,ok,-33317.762,15852.0,49169.762,983.3952,300.0068,266.4211,18,10,8,9,18077.0,45501.0,14788077,,
VNS,ttd300,20,2,0.75,224.0,299.0,ttd300_n20_L2_f075,0,ok,-23628.1266,16811.0,40439.1266,808.7825,300.0,9.6854,20,10,10,10,20106.0,45501.0,25636592,,
VNS,ttd300,20,3,0.75,268.0,357.0,ttd300_n20_L3_f075,0,ok,-29807.7086,17694.0,47501.7086,950.0342,300.0,2.2378,20,11,9,9,20089.0,45501.0,13357258,,
VNS,ttd300,20,4,0.75,246.0,328.0,ttd300_n20_L4_f075,0,ok,-26938.013,15139.0,42077.013,841.5403,300.0008,102.1663,18,8,10,10,18098.0,45501.0,20413033,,
VNS,ttd300,20,5,0.75,270.0,360.0,ttd300_n20_L5_f075,0,ok,-33232.5669,16420.0,49652.5669,993.0513,300.0021,180.9894,20,10,10,10,20082.0,45501.0,19400691,,
VNS,ttd300,20,1,1.0,384.0,384.0,ttd300_n20_L1_f100,0,ok,-27599.1875,17523.0,45122.1875,902.4438,300.0025,210.3868,20,13,7,7,20078.0,45501.0,10914805,,
VNS,ttd300,20,2,1.0,299.0,299.0,ttd300_n20_L2_f100,0,ok,-22887.8817,16811.0,39698.8817,793.9776,300.0015,39.2401,20,10,10,10,20106.0,45501.0,13708854,,
VNS,ttd300,20,3,1.0,357.0,357.0,ttd300_n20_L3_f100,0,ok,-27853.9042,17694.0,45547.9042,910.9581,300.0041,182.3679,20,12,8,8,20089.0,45501.0,9748138,,
VNS,ttd300,20,5,1.0,360.0,360.0,ttd300_n20_L5_f100,0,ok,-29856.4348,15672.0,45528.4348,910.5687,300.0143,22.576,19,12,7,8,19081.0,45501.0,8655700,,
VNS,ttd300,20,4,1.0,328.0,328.0,ttd300_n20_L4_f100,0,ok,-26839.4334,15139.0,41978.4334,839.5687,300.0209,27.5229,18,10,8,8,18098.0,45501.0,11110258,,
VNS,ttd300,30,1,0.25,94.0,374.0,ttd300_n30_L1_f025,0,ok,-52332.7778,20448.0,72780.7778,1455.6156,450.0197,246.4391,24,18,6,8,24118.0,68251.0,31157556,,
VNS,ttd300,30,2,0.25,93.0,372.0,ttd300_n30_L2_f025,0,ok,-42801.8218,21784.0,64585.8218,1291.7164,450.0078,12.0106,25,15,10,12,25102.0,68251.0,53126090,,
SA,ttd300,30,2,0.25,93.0,372.0,ttd300_n30_L2_f025,0,ok,-42801.8218,21784.0,64585.8218,1291.7164,450.0704,450.0704,25,15,10,12,25102.0,68251.0,30858677,273,
SA,ttd300,30,1,0.25,94.0,374.0,ttd300_n30_L1_f025,0,ok,-52332.7778,20448.0,72780.7778,1455.6156,450.2353,384.4617,24,18,6,8,24118.0,68251.0,31898369,282,
VNS,ttd300,30,3,0.25,80.0,321.0,ttd300_n30_L3_f025,0,ok,-48763.3614,20493.0,69256.3614,1385.1272,450.0194,58.749,25,16,9,9,25104.0,68251.0,25040051,,
SA,ttd300,30,4,0.25,87.0,347.0,ttd300_n30_L4_f025,0,ok,-49102.4367,22545.0,71647.4367,1432.9487,450.0259,125.841,26,16,10,11,26112.0,68251.0,32567343,288,
SA,ttd300,30,3,0.25,80.0,321.0,ttd300_n30_L3_f025,0,ok,-48249.3926,20493.0,68742.3926,1374.8479,450.1623,26.7985,25,16,9,9,25104.0,68251.0,34355487,304,
VNS,ttd300,30,4,0.25,87.0,347.0,ttd300_n30_L4_f025,0,ok,-49102.4367,22545.0,71647.4367,1432.9487,450.0001,158.299,26,16,10,11,26112.0,68251.0,57905418,,
VNS,ttd300,30,5,0.25,83.0,331.0,ttd300_n30_L5_f025,0,ok,-44665.0907,20563.0,65228.0907,1304.5618,450.0071,24.6739,24,16,8,9,24128.0,68251.0,18808749,,
SA,ttd300,30,1,0.5,187.0,374.0,ttd300_n30_L1_f050,0,ok,-35861.5591,25223.0,61084.5591,1221.6912,450.016,23.7619,30,16,14,14,30154.0,68251.0,27932037,247,
VNS,ttd300,30,1,0.5,187.0,374.0,ttd300_n30_L1_f050,0,ok,-37177.5024,24590.0,61767.5024,1235.35,450.0059,217.3483,29,18,11,11,29147.0,68251.0,22660928,,
SA,ttd300,30,5,0.25,83.0,331.0,ttd300_n30_L5_f025,0,ok,-45123.4728,20028.0,65151.4728,1303.0295,450.2245,218.3601,23,15,8,9,23121.0,68251.0,32929573,291,
SA,ttd300,30,2,0.5,186.0,372.0,ttd300_n30_L2_f050,0,ok,-37732.8187,24004.0,61736.8187,1234.7364,450.0147,125.7767,28,14,14,14,28110.0,68251.0,28179796,249,
VNS,ttd300,30,2,0.5,186.0,372.0,ttd300_n30_L2_f050,0,ok,-37836.8522,24023.0,61859.8522,1237.197,450.0,60.8315,28,18,10,11,28121.0,68251.0,31914660,,
SA,ttd300,30,3,0.5,160.0,321.0,ttd300_n30_L3_f050,0,ok,-31940.8619,23224.0,55164.8619,1103.2972,450.0297,450.0297,28,14,14,14,28114.0,68251.0,28943717,256,
VNS,ttd300,30,3,0.5,160.0,321.0,ttd300_n30_L3_f050,0,ok,-30592.3865,23892.0,54484.3865,1089.6877,450.0029,86.1954,29,16,13,13,29119.0,68251.0,32081580,,
SA,ttd300,30,4,0.5,174.0,347.0,ttd300_n30_L4_f050,0,ok,-33491.447,23553.0,57044.447,1140.8889,450.0162,218.1648,27,16,11,14,27118.0,68251.0,27949713,247,
VNS,ttd300,30,4,0.5,174.0,347.0,ttd300_n30_L4_f050,0,ok,-35380.2186,23363.0,58743.2186,1174.8644,450.0048,286.8285,27,18,9,12,27122.0,68251.0,34986866,,
SA,ttd300,30,5,0.5,166.0,331.0,ttd300_n30_L5_f050,0,ok,-32133.4911,22909.0,55042.4911,1100.8498,450.0257,450.0256,27,15,12,13,27140.0,68251.0,28552915,252,
VNS,ttd300,30,5,0.5,166.0,331.0,ttd300_n30_L5_f050,0,ok,-35261.228,22150.0,57411.228,1148.2246,450.0,99.0784,26,16,10,12,26133.0,68251.0,29116687,,
VNS,ttd300,30,1,0.75,280.0,374.0,ttd300_n30_L1_f075,0,ok,-29716.865,25223.0,54939.865,1098.7973,450.0,395.4932,30,18,12,12,30154.0,68251.0,16057342,,
VNS,ttd300,30,2,0.75,279.0,372.0,ttd300_n30_L2_f075,0,ok,-36206.6379,23312.0,59518.6379,1190.3728,450.0051,238.5761,27,18,9,10,27114.0,68251.0,14765641,,
SA,ttd300,30,2,0.75,279.0,372.0,ttd300_n30_L2_f075,0,ok,-35117.1495,23312.0,58429.1495,1168.583,450.302,450.3019,27,18,9,11,27114.0,68251.0,28575586,252,
SA,ttd300,30,1,0.75,280.0,374.0,ttd300_n30_L1_f075,0,ok,-30520.0689,23994.0,54514.0689,1090.2814,450.6116,450.6115,28,17,11,12,28142.0,68251.0,27898665,246,
VNS,ttd300,30,3,0.75,241.0,321.0,ttd300_n30_L3_f075,0,ok,-27647.3686,23224.0,50871.3686,1017.4274,450.0012,124.3451,28,19,9,10,28114.0,68251.0,17564595,,
SA,ttd300,30,3,0.75,241.0,321.0,ttd300_n30_L3_f075,0,ok,-27885.2212,23892.0,51777.2212,1035.5444,450.3737,450.3736,29,18,11,12,29119.0,68251.0,28360447,250,
SA,ttd300,30,4,0.75,260.0,347.0,ttd300_n30_L4_f075,0,ok,-29952.1239,25258.0,55210.1239,1104.2025,450.1131,450.1131,30,20,10,10,30137.0,68251.0,28588859,252,
VNS,ttd300,30,4,0.75,260.0,347.0,ttd300_n30_L4_f075,0,ok,-29667.9386,24824.0,54491.9386,1089.8388,450.0,348.3847,29,20,9,10,29128.0,68251.0,19447612,,
SA,ttd300,30,5,0.75,248.0,331.0,ttd300_n30_L5_f075,0,ok,-32152.1612,24759.0,56911.1612,1138.2232,450.0169,94.1255,30,16,14,14,30157.0,68251.0,28032400,248,
VNS,ttd300,30,5,0.75,248.0,331.0,ttd300_n30_L5_f075,0,ok,-30278.7767,22868.0,53146.7767,1062.9355,450.003,280.6419,27,18,9,10,27139.0,68251.0,15138981,,
VNS,ttd300,30,1,1.0,374.0,374.0,ttd300_n30_L1_f100,0,ok,-29094.864,25223.0,54317.864,1086.3573,450.0387,409.9436,30,20,10,10,30154.0,68251.0,14728923,,
SA,ttd300,30,1,1.0,374.0,374.0,ttd300_n30_L1_f100,0,ok,-29291.5384,25223.0,54514.5384,1090.2908,450.417,450.4169,30,19,11,11,30154.0,68251.0,27508826,243,
VNS,ttd300,30,2,1.0,372.0,372.0,ttd300_n30_L2_f100,0,ok,-36206.6379,23312.0,59518.6379,1190.3728,450.0224,316.6442,27,18,9,10,27114.0,68251.0,12334180,,
SA,ttd300,30,3,1.0,321.0,321.0,ttd300_n30_L3_f100,0,ok,-27383.6167,22734.0,50117.6167,1002.3523,450.2824,450.2824,27,16,11,11,27112.0,68251.0,27461536,243,
VNS,ttd300,30,3,1.0,321.0,321.0,ttd300_n30_L3_f100,0,ok,-28097.2283,23224.0,51321.2283,1026.4246,450.0673,260.9528,28,19,9,10,28114.0,68251.0,10458620,,
SA,ttd300,30,2,1.0,372.0,372.0,ttd300_n30_L2_f100,0,ok,-35493.6604,24150.0,59643.6604,1192.8732,451.0436,451.0436,28,17,11,12,28119.0,68251.0,27990325,247,
VNS,ttd300,30,4,1.0,347.0,347.0,ttd300_n30_L4_f100,0,ok,-28969.455,24824.0,53793.455,1075.8691,450.0361,360.5715,29,19,10,10,29128.0,68251.0,13834080,,
VNS,ttd300,30,5,1.0,331.0,331.0,ttd300_n30_L5_f100,0,ok,-33025.0487,23397.0,56422.0487,1128.441,450.0103,231.6918,28,19,9,10,28145.0,68251.0,9758411,,
SA,ttd300,30,4,1.0,347.0,347.0,ttd300_n30_L4_f100,0,ok,-29312.4111,24824.0,54136.4111,1082.7282,451.0544,451.0544,29,17,12,12,29128.0,68251.0,28279384,250,
SA,ttd300,30,5,1.0,331.0,331.0,ttd300_n30_L5_f100,0,ok,-30523.2378,22909.0,53432.2378,1068.6448,450.783,450.783,27,16,11,12,27140.0,68251.0,27664766,244,
SA,ttd300,40,1,0.25,94.0,378.0,ttd300_n40_L1_f025,0,ok,-44076.4507,31792.0,75868.4507,1517.369,600.0343,523.4247,36,25,11,13,36164.0,91001.0,34317472,229,
VNS,ttd300,40,1,0.25,94.0,378.0,ttd300_n40_L1_f025,0,ok,-43857.6731,31838.0,75695.6731,1513.9135,600.0,207.1768,36,23,13,15,36163.0,91001.0,80525593,,
SA,ttd300,40,2,0.25,80.0,321.0,ttd300_n40_L2_f025,0,ok,-47032.8489,32463.0,79495.8489,1589.917,600.0877,498.1431,38,26,12,12,38138.0,91001.0,35813999,239,
VNS,ttd300,40,2,0.25,80.0,321.0,ttd300_n40_L2_f025,0,ok,-48643.9757,31413.0,80056.9757,1601.1395,600.0001,99.8714,37,24,13,13,37137.0,91001.0,62499152,,
SA,ttd300,40,3,0.25,96.0,382.0,ttd300_n40_L3_f025,0,ok,-53722.7193,31766.0,85488.7193,1709.7744,600.0314,154.3928,36,23,13,14,36182.0,91001.0,34635115,231,
VNS,ttd300,40,3,0.25,96.0,382.0,ttd300_n40_L3_f025,0,ok,-53186.9117,31106.0,84292.9117,1685.8582,600.0,97.2283,35,21,14,17,35181.0,91001.0,84571341,,
SA,ttd300,40,4,0.25,91.0,365.0,ttd300_n40_L4_f025,0,ok,-50897.7004,32817.0,83714.7004,1674.294,600.033,219.5569,38,25,13,14,38168.0,91001.0,35735462,239,
VNS,ttd300,40,4,0.25,91.0,365.0,ttd300_n40_L4_f025,0,ok,-51053.5309,32000.0,83053.5309,1661.0706,600.0252,201.0841,37,23,14,15,37170.0,91001.0,73531405,,
SA,ttd300,40,5,0.25,100.0,400.0,ttd300_n40_L5_f025,0,ok,-46288.6623,28997.0,75285.6623,1505.7132,600.0564,600.0564,34,22,12,15,34154.0,91001.0,33592085,224,
VNS,ttd300,40,5,0.25,100.0,400.0,ttd300_n40_L5_f025,0,ok,-47928.03,28358.0,76286.03,1525.7206,600.0226,236.5645,33,22,11,16,33150.0,91001.0,73956493,,
SA,ttd300,40,1,0.5,189.0,378.0,ttd300_n40_L1_f050,0,ok,-33047.7737,34418.0,67465.7737,1349.3155,600.0342,502.2882,40,22,18,18,40182.0,91001.0,31641247,211,
VNS,ttd300,40,1,0.5,189.0,378.0,ttd300_n40_L1_f050,0,ok,-35171.3552,32394.0,67565.3552,1351.3071,600.0761,410.0265,37,26,11,12,37172.0,91001.0,34042500,,
SA,ttd300,40,2,0.5,160.0,321.0,ttd300_n40_L2_f050,0,ok,-32688.6174,33125.0,65813.6174,1316.2723,600.0878,600.0878,39,24,15,16,39139.0,91001.0,31669973,211,
VNS,ttd300,40,2,0.5,160.0,321.0,ttd300_n40_L2_f050,0,ok,-38786.2328,33663.0,72449.2328,1448.9847,600.1026,346.0167,40,23,17,17,40143.0,91001.0,52972800,,
SA,ttd300,40,3,0.5,191.0,382.0,ttd300_n40_L3_f050,0,ok,-40771.0469,32760.0,73531.0469,1470.6209,600.0366,149.0509,37,23,14,15,37190.0,91001.0,30918623,206,
VNS,ttd300,40,3,0.5,191.0,382.0,ttd300_n40_L3_f050,0,ok,-41004.8918,33341.0,74345.8918,1486.9178,600.1269,410.4776,38,25,13,14,38182.0,91001.0,24991767,,
SA,ttd300,40,4,0.5,182.0,365.0,ttd300_n40_L4_f050,0,ok,-31975.2517,34224.0,66199.2517,1323.985,600.0382,379.1087,40,24,16,16,40175.0,91001.0,30625184,204,
VNS,ttd300,40,4,0.5,182.0,365.0,ttd300_n40_L4_f050,0,ok,-37152.1264,32832.0,69984.1264,1399.6825,600.0828,573.4135,38,25,13,14,38170.0,91001.0,24869293,,
SA,ttd300,40,5,0.5,200.0,400.0,ttd300_n40_L5_f050,0,ok,-35630.0424,31702.0,67332.0424,1346.6408,600.0374,7.1149,38,24,14,15,38163.0,91001.0,31803353,212,
VNS,ttd300,40,5,0.5,200.0,400.0,ttd300_n40_L5_f050,0,ok,-38001.3868,31041.0,69042.3868,1380.8477,600.0251,183.3807,37,27,10,12,37162.0,91001.0,32464352,,
SA,ttd300,40,1,0.75,284.0,378.0,ttd300_n40_L1_f075,0,ok,-33487.557,33756.0,67243.557,1344.8711,600.0422,127.601,39,24,15,15,39176.0,91001.0,31340636,209,
VNS,ttd300,40,1,0.75,284.0,378.0,ttd300_n40_L1_f075,0,ok,-34286.0002,34418.0,68704.0002,1374.08,600.0,63.0749,40,29,11,11,40182.0,91001.0,24819147,,
SA,ttd300,40,2,0.75,241.0,321.0,ttd300_n40_L2_f075,0,ok,-30925.4838,33109.0,64034.4838,1280.6897,600.037,586.1695,39,24,15,16,39140.0,91001.0,31203884,208,
VNS,ttd300,40,2,0.75,241.0,321.0,ttd300_n40_L2_f075,0,ok,-34659.0187,33663.0,68322.0187,1366.4404,600.0,165.9092,40,28,12,12,40143.0,91001.0,12161206,,
SA,ttd300,40,3,0.75,286.0,382.0,ttd300_n40_L3_f075,0,ok,-38277.3918,33341.0,71618.3918,1432.3678,600.064,600.064,38,24,14,15,38182.0,91001.0,30464409,203,
VNS,ttd300,40,3,0.75,286.0,382.0,ttd300_n40_L3_f075,0,ok,-35129.0721,34110.0,69239.0721,1384.7814,600.012,190.5061,39,28,11,11,39192.0,91001.0,34725408,,
SA,ttd300,40,4,0.75,274.0,365.0,ttd300_n40_L4_f075,0,ok,-31222.7115,34224.0,65446.7115,1308.9342,600.0623,600.0622,40,26,14,14,40175.0,91001.0,31155268,208,
VNS,ttd300,40,4,0.75,274.0,365.0,ttd300_n40_L4_f075,0,ok,-43327.1291,31598.0,74925.1291,1498.5026,600.208,186.8633,36,26,10,10,36155.0,91001.0,16977294,,
SA,ttd300,40,5,0.75,300.0,400.0,ttd300_n40_L5_f075,0,ok,-33823.5688,31702.0,65525.5688,1310.5114,600.0558,600.0557,38,24,14,16,38163.0,91001.0,31069774,207,
VNS,ttd300,40,5,0.75,300.0,400.0,ttd300_n40_L5_f075,0,ok,-44765.4204,30485.0,75250.4204,1505.0084,600.08,229.6069,36,27,9,10,36155.0,91001.0,17758827,,
SA,ttd300,40,1,1.0,378.0,378.0,ttd300_n40_L1_f100,0,ok,-32697.9551,34418.0,67115.9551,1342.3191,600.0724,600.0724,40,26,14,14,40182.0,91001.0,31603513,211,
VNS,ttd300,40,1,1.0,378.0,378.0,ttd300_n40_L1_f100,0,ok,-33371.1354,34418.0,67789.1354,1355.7827,600.0335,188.9843,40,30,10,10,40182.0,91001.0,14186076,,
SA,ttd300,40,2,1.0,321.0,321.0,ttd300_n40_L2_f100,0,ok,-29672.4152,33663.0,63335.4152,1266.7083,600.0376,143.5722,40,24,16,16,40143.0,91001.0,31425651,210,
VNS,ttd300,40,2,1.0,321.0,321.0,ttd300_n40_L2_f100,0,ok,-31868.0446,33109.0,64977.0446,1299.5409,600.0366,38.5104,39,30,9,10,39140.0,91001.0,18149221,,
SA,ttd300,40,3,1.0,382.0,382.0,ttd300_n40_L3_f100,0,ok,-36480.1085,34653.0,71133.1085,1422.6622,600.0392,8.4298,40,24,16,16,40192.0,91001.0,30820067,205,
VNS,ttd300,40,3,1.0,382.0,382.0,ttd300_n40_L3_f100,0,ok,-46678.8444,31923.0,78601.8444,1572.0369,600.0506,402.0724,36,27,9,10,36166.0,91001.0,12181124,,
SA,ttd300,40,4,1.0,365.0,365.0,ttd300_n40_L4_f100,0,ok,-31049.7917,33616.0,64665.7917,1293.3158,600.0405,19.4332,39,23,16,16,39171.0,91001.0,30914532,206,
VNS,ttd300,40,4,1.0,365.0,365.0,ttd300_n40_L4_f100,0,ok,-44375.5559,31576.0,75951.5559,1519.0311,600.0344,223.2646,36,26,10,10,36157.0,91001.0,13887732,,
SA,ttd300,40,5,1.0,400.0,400.0,ttd300_n40_L5_f100,0,ok,-32523.4498,31702.0,64225.4498,1284.509,600.0589,600.0589,38,24,14,16,38163.0,91001.0,30867677,206,
VNS,ttd300,40,5,1.0,400.0,400.0,ttd300_n40_L5_f100,0,ok,-41631.9435,29944.0,71575.9435,1431.5189,600.2225,509.3264,35,26,9,10,35157.0,91001.0,13805712,,
SA,ttd300,50,1,0.25,94.0,374.0,ttd300_n50_L1_f025,0,ok,-43569.8769,40082.0,83651.8769,1673.0375,750.0862,750.0862,49,30,19,19,49231.0,113752.0,36922614,197,
VNS,ttd300,50,1,0.25,94.0,374.0,ttd300_n50_L1_f025,0,ok,-46027.4017,40082.0,86109.4017,1722.188,750.0,324.3453,49,31,18,18,49231.0,113752.0,90051389,,
SA,ttd300,50,2,0.25,86.0,343.0,ttd300_n50_L2_f025,0,ok,-41307.0819,40937.0,82244.0819,1644.8816,750.0967,750.0967,47,32,15,16,47236.0,113752.0,36916770,198,
VNS,ttd300,50,2,0.25,86.0,343.0,ttd300_n50_L2_f025,0,ok,-38732.9835,41552.0,80284.9835,1605.6997,750.0,695.1538,48,30,18,19,48242.0,113752.0,100000948,,
VNS,ttd300,50,3,0.25,95.0,379.0,ttd300_n50_L3_f025,0,ok,-54558.8336,38496.0,93054.8336,1861.0967,750.0001,175.0345,46,29,17,18,46239.0,113752.0,96522177,,
SA,ttd300,50,3,0.25,95.0,379.0,ttd300_n50_L3_f025,0,ok,-54821.7256,37680.0,92501.7256,1850.0345,750.0544,380.0632,45,29,16,18,45230.0,113752.0,37503504,201,
SA,ttd300,50,4,0.25,94.0,375.0,ttd300_n50_L4_f025,0,ok,-55137.7048,36899.0,92036.7048,1840.7341,750.0544,531.4431,43,27,16,18,43185.0,113752.0,38308942,205,
VNS,ttd300,50,4,0.25,94.0,375.0,ttd300_n50_L4_f025,0,ok,-54030.2676,37633.0,91663.2676,1833.2654,750.0001,643.6716,44,26,18,21,44192.0,113752.0,83714542,,
VNS,ttd300,50,5,0.25,93.0,372.0,ttd300_n50_L5_f025,0,ok,-45257.3569,39322.0,84579.3569,1691.5871,750.0,600.0255,46,27,19,20,46207.0,113752.0,91239608,,
SA,ttd300,50,5,0.25,93.0,372.0,ttd300_n50_L5_f025,0,ok,-45941.8696,39322.0,85263.8696,1705.2774,750.0529,593.4146,46,28,18,19,46207.0,113752.0,37643541,202,
SA,ttd300,50,1,0.5,187.0,374.0,ttd300_n50_L1_f050,0,ok,-29631.2504,40082.0,69713.2504,1394.265,750.1214,750.1214,49,31,18,18,49231.0,113752.0,34880878,186,
VNS,ttd300,50,1,0.5,187.0,374.0,ttd300_n50_L1_f050,0,ok,-38200.6711,39055.0,77255.6711,1545.1134,750.0001,747.772,46,30,16,19,46226.0,113752.0,57249944,,
VNS,ttd300,50,2,0.5,172.0,343.0,ttd300_n50_L2_f050,0,ok,-37253.6391,41910.0,79163.6391,1583.2728,750.0286,729.7438,49,37,12,12,49247.0,113752.0,48312166,,
SA,ttd300,50,2,0.5,172.0,343.0,ttd300_n50_L2_f050,0,ok,-28737.211,41910.0,70647.211,1412.9442,750.086,750.0859,49,30,19,20,49247.0,113752.0,35045346,187,
SA,ttd300,50,3,0.5,190.0,379.0,ttd300_n50_L3_f050,0,ok,-37297.3934,39823.0,77120.3934,1542.4079,750.161,750.1609,48,30,18,19,48247.0,113752.0,34897165,187,
VNS,ttd300,50,3,0.5,190.0,379.0,ttd300_n50_L3_f050,0,ok,-41360.2986,40917.0,82277.2986,1645.546,750.0,600.4585,50,29,21,21,50248.0,113752.0,82471636,,
VNS,ttd300,50,4,0.5,188.0,375.0,ttd300_n50_L4_f050,0,ok,-39408.1559,40854.0,80262.1559,1605.2431,750.0001,656.8729,49,31,18,18,49210.0,113752.0,28180139,,
SA,ttd300,50,4,0.5,188.0,375.0,ttd300_n50_L4_f050,0,ok,-31406.2879,40596.0,72002.2879,1440.0458,750.1297,750.1296,48,30,18,19,48210.0,113752.0,34371083,184,
SA,ttd300,50,5,0.5,186.0,372.0,ttd300_n50_L5_f050,0,ok,-34260.3138,40066.0,74326.3138,1486.5263,750.0625,515.6273,47,29,18,19,47216.0,113752.0,33720690,180,
VNS,ttd300,50,5,0.5,186.0,372.0,ttd300_n50_L5_f050,0,ok,-41616.9949,40066.0,81682.9949,1633.6599,750.1887,541.8109,47,33,14,15,47216.0,113752.0,24411304,,
SA,ttd300,50,1,0.75,280.0,374.0,ttd300_n50_L1_f075,0,ok,-27566.097,39578.0,67144.097,1342.8819,750.061,180.504,47,30,17,17,47227.0,113752.0,34473820,184,
VNS,ttd300,50,1,0.75,280.0,374.0,ttd300_n50_L1_f075,0,ok,-39667.7156,39884.0,79551.7156,1591.0343,750.0001,719.4471,48,38,10,11,48225.0,113752.0,27022803,,
SA,ttd300,50,2,0.75,257.0,343.0,ttd300_n50_L2_f075,0,ok,-27591.4642,42514.0,70105.4642,1402.1093,750.0993,750.0993,50,31,19,19,50253.0,113752.0,34519412,185,
VNS,ttd300,50,2,0.75,257.0,343.0,ttd300_n50_L2_f075,0,ok,-39395.2983,41910.0,81305.2983,1626.106,750.0681,350.3967,49,40,9,10,49247.0,113752.0,24005480,,
SA,ttd300,50,3,0.75,284.0,379.0,ttd300_n50_L3_f075,0,ok,-38569.5463,40423.0,78992.5463,1579.8509,750.0653,640.2278,49,31,18,18,49243.0,113752.0,34013166,182,
SA,ttd300,50,4,0.75,281.0,375.0,ttd300_n50_L4_f075,0,ok,-31463.1708,39969.0,71432.1708,1428.6434,750.0948,750.0948,47,30,17,17,47210.0,113752.0,34641120,186,
VNS,ttd300,50,4,0.75,281.0,375.0,ttd300_n50_L4_f075,0,ok,-45354.9854,38723.0,84077.9854,1681.5597,750.0,186.6056,45,34,11,13,45200.0,113752.0,20294525,,
VNS,ttd300,50,3,0.75,284.0,379.0,ttd300_n50_L3_f075,0,ok,-45528.1083,39694.0,85222.1083,1704.4422,751.9196,274.8442,48,34,14,14,48241.0,113752.0,10114498,,
SA,ttd300,50,5,0.75,279.0,372.0,ttd300_n50_L5_f075,0,ok,-32361.6891,41663.0,74024.6891,1480.4938,750.0639,179.894,50,32,18,18,50221.0,113752.0,34035572,182,
SA,ttd300,50,1,1.0,374.0,374.0,ttd300_n50_L1_f100,0,ok,-27718.6505,40611.0,68329.6505,1366.593,750.1,750.0999,50,34,16,16,50238.0,113752.0,34790940,186,
VNS,ttd300,50,5,0.75,279.0,372.0,ttd300_n50_L5_f075,0,ok,-40435.7248,39958.0,80393.7248,1607.8745,750.5196,701.3744,47,35,12,12,47217.0,113752.0,14884281,,
VNS,ttd300,50,1,1.0,374.0,374.0,ttd300_n50_L1_f100,0,ok,-38268.8468,39559.0,77827.8468,1556.5569,750.1113,449.0471,48,38,10,10,48230.0,113752.0,19338271,,
SA,ttd300,50,2,1.0,343.0,343.0,ttd300_n50_L2_f100,0,ok,-28330.7426,41910.0,70240.7426,1404.8149,750.0918,750.0918,49,32,17,17,49247.0,113752.0,34824902,186,
VNS,ttd300,50,2,1.0,343.0,343.0,ttd300_n50_L2_f100,0,ok,-36460.5648,41910.0,78370.5648,1567.4113,750.2817,557.1172,49,39,10,10,49247.0,113752.0,15371671,,
SA,ttd300,50,3,1.0,379.0,379.0,ttd300_n50_L3_f100,0,ok,-38959.9956,39771.0,78730.9956,1574.6199,750.1641,750.1641,48,33,15,16,48239.0,113752.0,34823471,186,
VNS,ttd300,50,3,1.0,379.0,379.0,ttd300_n50_L3_f100,0,ok,-48840.4576,37921.0,86761.4576,1735.2292,750.0001,691.5938,45,36,9,10,45233.0,113752.0,13236301,,
SA,ttd300,50,4,1.0,375.0,375.0,ttd300_n50_L4_f100,0,ok,-32213.97,41483.0,73696.97,1473.9394,750.113,750.1129,50,35,15,15,50219.0,113752.0,34964754,187,
VNS,ttd300,50,4,1.0,375.0,375.0,ttd300_n50_L4_f100,0,ok,-47488.4913,38597.0,86085.4913,1721.7098,750.004,682.1108,45,34,11,12,45198.0,113752.0,14908564,,
SA,ttd300,50,5,1.0,372.0,372.0,ttd300_n50_L5_f100,0,ok,-33281.2413,40415.0,73696.2413,1473.9248,750.0673,361.2766,48,30,18,18,48217.0,113752.0,33963174,182,
VNS,ttd300,50,5,1.0,372.0,372.0,ttd300_n50_L5_f100,0,ok,-45404.7207,38709.0,84113.7207,1682.2744,750.4662,680.0495,45,37,8,10,45212.0,113752.0,15981349,,
SA,ttd300,75,1,0.25,94.0,374.0,ttd300_n75_L1_f025,0,ok,-44853.4191,57102.0,101955.4191,2039.1084,975.3731,975.3731,71,43,28,28,71295.0,170628.0,36112676,129,
VNS,ttd300,75,1,0.25,94.0,374.0,ttd300_n75_L1_f025,0,ok,-42232.1359,57164.0,99396.1359,1987.9227,975.0001,719.1885,71,41,30,30,71296.0,170628.0,91247063,,
SA,ttd300,75,2,0.25,97.0,387.0,ttd300_n75_L2_f025,0,ok,-33099.4911,64263.0,97362.4911,1947.2498,975.138,448.1182,74,46,28,28,74376.0,170628.0,35987669,129,
VNS,ttd300,75,2,0.25,97.0,387.0,ttd300_n75_L2_f025,0,ok,-33807.7189,64846.0,98653.7189,1973.0744,975.0001,942.0814,75,49,26,26,75382.0,170628.0,93508320,,
SA,ttd300,75,3,0.25,91.0,363.0,ttd300_n75_L3_f025,0,ok,-40453.4491,62788.0,103241.4491,2064.829,975.6813,975.6812,73,45,28,28,73370.0,170628.0,35930703,128,
VNS,ttd300,75,3,0.25,91.0,363.0,ttd300_n75_L3_f025,0,ok,-46234.9153,62754.0,108988.9153,2179.7783,975.0001,940.3748,73,55,18,18,73375.0,170628.0,80201317,,
SA,ttd300,75,4,0.25,88.0,354.0,ttd300_n75_L4_f025,0,ok,-36209.526,63016.0,99225.526,1984.5105,975.1394,631.1901,75,49,26,26,75307.0,170628.0,36313320,130,
VNS,ttd300,75,4,0.25,88.0,354.0,ttd300_n75_L4_f025,0,ok,-47875.666,61937.0,109812.666,2196.2533,975.0001,972.9414,73,56,17,18,73295.0,170628.0,53661847,,
SA,ttd300,75,5,0.25,100.0,398.0,ttd300_n75_L5_f025,0,ok,-44526.4716,62277.0,106803.4716,2136.0694,975.4878,975.4877,73,50,23,25,73306.0,170628.0,35570194,127,
VNS,ttd300,75,5,0.25,100.0,398.0,ttd300_n75_L5_f025,0,ok,-54429.9568,61598.0,116027.9568,2320.5591,975.9108,798.3876,72,60,12,14,72299.0,170628.0,26231011,,
SA,ttd300,75,1,0.5,187.0,374.0,ttd300_n75_L1_f050,0,ok,-31382.1317,58114.0,89496.1317,1789.9226,975.4948,975.4947,73,50,23,24,73309.0,170628.0,34130086,122,
VNS,ttd300,75,1,0.5,187.0,374.0,ttd300_n75_L1_f050,0,ok,-46851.7419,55944.0,102795.7419,2055.9148,975.6351,826.1134,69,58,11,13,69281.0,170628.0,27334828,,
SA,ttd300,75,2,0.5,194.0,387.0,ttd300_n75_L2_f050,0,ok,-26408.3043,64498.0,90906.3043,1818.1261,975.3631,975.363,74,50,24,24,74377.0,170628.0,33869572,120,
VNS,ttd300,75,2,0.5,194.0,387.0,ttd300_n75_L2_f050,0,ok,-28353.1618,64021.0,92374.1618,1847.4832,975.0001,952.2557,73,47,26,27,73368.0,170628.0,55378280,,
SA,ttd300,75,3,0.5,182.0,363.0,ttd300_n75_L3_f050,0,ok,-33081.4065,63928.0,97009.4065,1940.1881,975.1555,40.0107,75,49,26,26,75381.0,170628.0,34085803,121,
VNS,ttd300,75,3,0.5,182.0,363.0,ttd300_n75_L3_f050,0,ok,-52588.6843,63390.0,115978.6843,2319.5737,976.6224,332.2024,74,60,14,14,74377.0,170628.0,17529143,,
VNS,ttd300,75,4,0.5,177.0,354.0,ttd300_n75_L4_f050,0,ok,-40928.4047,62537.0,103465.4047,2069.3081,975.0001,960.4879,74,56,18,18,74304.0,170628.0,53114114,,
SA,ttd300,75,4,0.5,177.0,354.0,ttd300_n75_L4_f050,0,ok,-33755.3469,62537.0,96292.3469,1925.8469,975.3115,975.3114,74,46,28,28,74304.0,170628.0,33603671,120,
SA,ttd300,75,5,0.5,199.0,398.0,ttd300_n75_L5_f050,0,ok,-31093.9289,63291.0,94384.9289,1887.6986,975.1544,104.2166,75,49,26,26,75311.0,170628.0,33790234,121,
VNS,ttd300,75,5,0.5,199.0,398.0,ttd300_n75_L5_f050,0,ok,-51443.3113,61763.0,113206.3113,2264.1262,975.5385,944.8257,72,62,10,10,72299.0,170628.0,26387827,,
VNS,ttd300,75,1,0.75,280.0,374.0,ttd300_n75_L1_f075,0,ok,-46806.2204,56112.0,102918.2204,2058.3644,975.0001,599.1856,69,59,10,11,69284.0,170628.0,24750033,,
SA,ttd300,75,1,0.75,280.0,374.0,ttd300_n75_L1_f075,0,ok,-34624.2603,58411.0,93035.2603,1860.7052,975.3614,975.3613,74,52,22,22,74316.0,170628.0,33927480,121,
SA,ttd300,75,2,0.75,290.0,387.0,ttd300_n75_L2_f075,0,ok,-29927.827,64846.0,94773.827,1895.4765,975.3397,975.3396,75,50,25,25,75382.0,170628.0,34056260,121,
VNS,ttd300,75,2,0.75,290.0,387.0,ttd300_n75_L2_f075,0,ok,-33658.4066,64021.0,97679.4066,1953.5881,977.7082,853.6015,73,61,12,13,73368.0,170628.0,11825517,,
SA,ttd300,75,3,0.75,272.0,363.0,ttd300_n75_L3_f075,0,ok,-30715.1164,63928.0,94643.1164,1892.8623,975.3573,975.3572,75,52,23,23,75381.0,170628.0,33315539,119,
SA,ttd300,75,4,0.75,266.0,354.0,ttd300_n75_L4_f075,0,ok,-35669.7802,62537.0,98206.7802,1964.1356,975.2295,975.2295,74,53,21,21,74304.0,170628.0,33908800,121,
VNS,ttd300,75,3,0.75,272.0,363.0,ttd300_n75_L3_f075,0,ok,-50557.1589,62794.0,113351.1589,2267.0232,978.2413,978.2412,73,61,12,12,73371.0,170628.0,7995545,,
VNS,ttd300,75,4,0.75,266.0,354.0,ttd300_n75_L4_f075,0,ok,-43173.103,62416.0,105589.103,2111.7821,975.0342,618.8474,74,62,12,12,74298.0,170628.0,10321351,,
SA,ttd300,75,5,0.75,298.0,398.0,ttd300_n75_L5_f075,0,ok,-33277.2828,63291.0,96568.2828,1931.3657,975.1763,947.1518,75,54,21,21,75311.0,170628.0,33369324,119,
VNS,ttd300,75,5,0.75,298.0,398.0,ttd300_n75_L5_f075,0,ok,-50913.0815,62126.0,113039.0815,2260.7816,975.2742,821.0287,73,63,10,10,73309.0,170628.0,22652491,,
SA,ttd300,75,1,1.0,374.0,374.0,ttd300_n75_L1_f100,0,ok,-34021.8296,58114.0,92135.8296,1842.7166,975.2764,975.2763,73,48,25,25,73309.0,170628.0,34150748,122,
VNS,ttd300,75,1,1.0,374.0,374.0,ttd300_n75_L1_f100,0,ok,-49976.1201,56112.0,106088.1201,2121.7624,975.0001,893.9129,69,60,9,10,69284.0,170628.0,17737278,,
VNS,ttd300,75,2,1.0,387.0,387.0,ttd300_n75_L2_f100,0,ok,-37490.8884,64498.0,101988.8884,2039.7778,975.0001,562.4284,74,63,11,11,74377.0,170628.0,14557617,,
SA,ttd300,75,2,1.0,387.0,387.0,ttd300_n75_L2_f100,0,ok,-28620.5357,64846.0,93466.5357,1869.3307,975.5379,975.5379,75,51,24,24,75382.0,170628.0,33823183,121,
SA,ttd300,75,3,1.0,363.0,363.0,ttd300_n75_L3_f100,0,ok,-32480.4757,63928.0,96408.4757,1928.1695,975.5727,975.5726,75,51,24,24,75381.0,170628.0,33708315,120,
VNS,ttd300,75,3,1.0,363.0,363.0,ttd300_n75_L3_f100,0,ok,-50112.0655,63332.0,113444.0655,2268.8813,976.9338,864.2011,74,62,12,12,74375.0,170628.0,5425318,,
VNS,ttd300,75,4,1.0,354.0,354.0,ttd300_n75_L4_f100,0,ok,-45357.6149,62416.0,107773.6149,2155.4723,975.0001,915.6703,74,64,10,10,74298.0,170628.0,11017921,,
SA,ttd300,75,4,1.0,354.0,354.0,ttd300_n75_L4_f100,0,ok,-35364.0222,62537.0,97901.0222,1958.0204,975.2808,975.2807,74,52,22,22,74304.0,170628.0,33781235,121,
SA,ttd300,75,5,1.0,398.0,398.0,ttd300_n75_L5_f100,0,ok,-35962.5846,63291.0,99253.5846,1985.0717,975.5447,975.5446,75,51,24,24,75311.0,170628.0,33548109,120,
VNS,ttd300,75,5,1.0,398.0,398.0,ttd300_n75_L5_f100,0,ok,-51037.6565,62195.0,113232.6565,2264.6531,975.6451,966.0614,73,63,10,10,73304.0,170628.0,14123011,,
VNS,ttd300,100,1,0.25,98.0,393.0,ttd300_n100_L1_f025,0,ok,-61507.9554,81024.0,142531.9554,2850.6391,1200.0889,811.0817,94,84,10,10,94475.0,227504.0,44109610,,
SA,ttd300,100,1,0.25,98.0,393.0,ttd300_n100_L1_f025,0,ok,-40871.9351,82220.0,123091.9351,2461.8387,1200.8696,1200.8695,96,64,32,33,96477.0,227504.0,33448695,89,
SA,ttd300,100,2,0.25,98.0,390.0,ttd300_n100_L2_f025,0,ok,-32489.9109,85234.0,117723.9109,2354.4782,1201.4562,1201.4561,100,64,36,36,100418.0,227504.0,33187065,89,
VNS,ttd300,100,2,0.25,98.0,390.0,ttd300_n100_L2_f025,0,ok,-49691.9103,83753.0,133444.9103,2668.8982,1201.2327,900.789,97,85,12,12,97405.0,227504.0,30700562,,
SA,ttd300,100,3,0.25,94.0,376.0,ttd300_n100_L3_f025,0,ok,-39819.5765,85751.0,125570.5765,2511.4115,1200.8093,1200.8092,99,69,30,30,99516.0,227504.0,32363097,87,
VNS,ttd300,100,3,0.25,94.0,376.0,ttd300_n100_L3_f025,0,ok,-52217.8872,85113.0,137330.8872,2746.6177,1200.5903,1169.9934,98,86,12,12,98508.0,227504.0,28095336,,
SA,ttd300,100,4,0.25,93.0,371.0,ttd300_n100_L4_f025,0,ok,-34093.7966,84996.0,119089.7966,2381.7959,1201.3441,1201.344,100,68,32,32,100434.0,227504.0,32153497,85,
VNS,ttd300,100,4,0.25,93.0,371.0,ttd300_n100_L4_f025,0,ok,-56566.3562,83197.0,139763.3562,2795.2671,1200.0649,1145.2953,96,86,10,10,96418.0,227504.0,19731404,,
VNS,ttd300,100,5,0.25,92.0,366.0,ttd300_n100_L5_f025,0,ok,-47885.2528,81744.0,129629.2528,2592.5851,1200.0453,387.3471,96,84,12,12,96491.0,227504.0,32231275,,
SA,ttd300,100,5,0.25,92.0,366.0,ttd300_n100_L5_f025,0,ok,-37838.7147,83859.0,121697.7147,2433.9543,1200.9947,1200.9946,100,65,35,35,100506.0,227504.0,31916170,85,
SA,ttd300,100,1,0.5,196.0,393.0,ttd300_n100_L1_f050,0,ok,-35011.7145,83943.0,118954.7145,2379.0943,1200.6137,1200.6136,100,70,30,30,100489.0,227504.0,30132034,80,
VNS,ttd300,100,1,0.5,196.0,393.0,ttd300_n100_L1_f050,0,ok,-56932.3189,81794.0,138726.3189,2774.5264,1201.3523,877.9549,95,83,12,12,95477.0,227504.0,15337544,,
SA,ttd300,100,2,0.5,195.0,390.0,ttd300_n100_L2_f050,0,ok,-29291.3149,85234.0,114525.3149,2290.5063,1200.8134,1200.8134,100,72,28,28,100418.0,227504.0,30730682,82,
VNS,ttd300,100,2,0.5,195.0,390.0,ttd300_n100_L2_f050,0,ok,-43257.1542,83650.0,126907.1542,2538.1431,1202.4294,1166.4946,97,85,12,13,97399.0,227504.0,12233021,,
SA,ttd300,100,3,0.5,188.0,376.0,ttd300_n100_L3_f050,0,ok,-32724.7464,86159.0,118883.7464,2377.6749,1200.6798,1200.6797,100,66,34,34,100519.0,227504.0,30733934,82,
VNS,ttd300,100,3,0.5,188.0,376.0,ttd300_n100_L3_f050,0,ok,-50514.112,86159.0,136673.112,2733.4622,1200.6609,672.6202,100,87,13,13,100519.0,227504.0,13078401,,
SA,ttd300,100,4,0.5,186.0,371.0,ttd300_n100_L4_f050,0,ok,-30777.9986,84996.0,115773.9986,2315.48,1200.2943,64.0216,100,73,27,27,100434.0,227504.0,30540405,81,
VNS,ttd300,100,4,0.5,186.0,371.0,ttd300_n100_L4_f050,0,ok,-43998.9406,83712.0,127710.9406,2554.2188,1200.0001,1115.3349,97,79,18,18,97424.0,227504.0,27403800,,
SA,ttd300,100,5,0.5,183.0,366.0,ttd300_n100_L5_f050,0,ok,-29251.9947,83859.0,113110.9947,2262.2199,1200.5764,1200.5763,100,72,28,28,100506.0,227504.0,31144709,83,
VNS,ttd300,100,5,0.5,183.0,366.0,ttd300_n100_L5_f050,0,ok,-49226.3249,82368.0,131594.3249,2631.8865,1200.6142,14.2245,97,87,10,10,97496.0,227504.0,22963157,,
SA,ttd300,100,1,0.75,295.0,393.0,ttd300_n100_L1_f075,0,ok,-37224.3766,83455.0,120679.3766,2413.5875,1201.0016,1201.0015,99,68,31,31,99483.0,227504.0,32118175,86,
VNS,ttd300,100,1,0.75,295.0,393.0,ttd300_n100_L1_f075,0,ok,-59989.5823,80010.0,139999.5823,2799.9916,1200.1165,1100.8696,92,82,10,10,92460.0,227504.0,15353020,,
SA,ttd300,100,2,0.75,292.0,390.0,ttd300_n100_L2_f075,0,ok,-29196.8471,84786.0,113982.8471,2279.6569,1200.7049,1200.7048,99,69,30,30,99415.0,227504.0,31259750,83,
VNS,ttd300,100,2,0.75,292.0,390.0,ttd300_n100_L2_f075,0,ok,-39912.6779,84722.0,124634.6779,2492.6936,1202.8798,1046.7698,99,86,13,13,99416.0,227504.0,8728472,,
SA,ttd300,100,3,0.75,282.0,376.0,ttd300_n100_L3_f075,0,ok,-35801.07,86159.0,121960.07,2439.2014,1200.6672,1200.6671,100,74,26,26,100519.0,227504.0,33418884,89,
VNS,ttd300,100,3,0.75,282.0,376.0,ttd300_n100_L3_f075,0,ok,-51722.496,84862.0,136584.496,2731.6899,1200.0001,1106.9899,98,85,13,13,98502.0,227504.0,6641509,,
SA,ttd300,100,4,0.75,278.0,371.0,ttd300_n100_L4_f075,0,ok,-22811.3761,84996.0,107807.3761,2156.1475,1200.4337,1200.4336,100,70,30,30,100434.0,227504.0,33643669,90,
VNS,ttd300,100,4,0.75,278.0,371.0,ttd300_n100_L4_f075,0,ok,-49790.379,83197.0,132987.379,2659.7476,1200.0001,605.6846,96,86,10,10,96418.0,227504.0,17543428,,
SA,ttd300,100,5,0.75,274.0,366.0,ttd300_n100_L5_f075,0,ok,-31702.6008,83859.0,115561.6008,2311.232,1200.8512,1200.8511,100,74,26,26,100506.0,227504.0,33843032,90,
VNS,ttd300,100,5,0.75,274.0,366.0,ttd300_n100_L5_f075,0,ok,-44094.0531,82368.0,126462.0531,2529.2411,1201.3619,618.6699,97,85,12,12,97496.0,227504.0,7680279,,
SA,ttd300,100,1,1.0,393.0,393.0,ttd300_n100_L1_f100,0,ok,-42396.7028,83464.0,125860.7028,2517.2141,1200.4692,1200.4691,99,74,25,25,99489.0,227504.0,33378052,89,
VNS,ttd300,100,1,1.0,393.0,393.0,ttd300_n100_L1_f100,0,ok,-59495.9462,83251.0,142746.9462,2854.9389,1204.9278,825.3211,98,87,11,11,98488.0,227504.0,10022868,,
SA,ttd300,100,2,1.0,390.0,390.0,ttd300_n100_L2_f100,0,ok,-34659.3225,85234.0,119893.3225,2397.8665,1200.8229,1200.8228,100,73,27,27,100418.0,227504.0,33273573,89,
SA,ttd300,100,3,1.0,376.0,376.0,ttd300_n100_L3_f100,0,ok,-37856.5761,85751.0,123607.5761,2472.1515,1200.629,1200.629,99,69,30,30,99516.0,227504.0,32991228,88,
VNS,ttd300,100,3,1.0,376.0,376.0,ttd300_n100_L3_f100,0,ok,-47047.4205,85521.0,132568.4205,2651.3684,1200.3927,1176.5725,99,87,12,12,99511.0,227504.0,11002839,,
VNS,ttd300,100,2,1.0,390.0,390.0,ttd300_n100_L2_f100,0,ok,-41348.0158,84207.0,125555.0158,2511.1003,1214.8087,683.9025,98,86,12,12,98407.0,227504.0,4366594,,
SA,ttd300,100,4,1.0,371.0,371.0,ttd300_n100_L4_f100,0,ok,-30180.5327,84996.0,115176.5327,2303.5307,1200.4865,1200.4864,100,73,27,27,100434.0,227504.0,33001034,88,
VNS,ttd300,100,4,1.0,371.0,371.0,ttd300_n100_L4_f100,0,ok,-49782.8174,83197.0,132979.8174,2659.5963,1200.0001,944.7474,96,86,10,10,96418.0,227504.0,11703975,,
SA,ttd300,100,5,1.0,366.0,366.0,ttd300_n100_L5_f100,0,ok,-29607.2036,83859.0,113466.2036,2269.3241,1200.6082,1200.6081,100,69,31,31,100506.0,227504.0,33290193,89,
VNS,ttd300,100,5,1.0,366.0,366.0,ttd300_n100_L5_f100,0,ok,-48777.6097,82368.0,131145.6097,2622.9122,1200.1383,714.2984,97,87,10,10,97496.0,227504.0,11735045,,
VNS,ttd300,10,3,0.25,75.0,300.0,ttd300_n10_L3_f025,1,ok,-46605.8455,2865.0,49470.8455,989.4169,120.0,0.0165,3,3,0,0,3017.0,22750.0,53535784,,
VNS,ttd300,10,4,0.25,63.0,252.0,ttd300_n10_L4_f025,1,ok,-39204.872,3311.0,42515.872,850.3174,120.0,0.0133,4,4,0,0,4020.0,22750.0,53945611,,
VNS,ttd300,10,1,0.25,76.0,306.0,ttd300_n10_L1_f025,1,ok,-45243.1965,4181.0,49424.1965,988.4839,120.0,0.0222,5,5,0,0,5020.0,22750.0,53349827,,
VNS,ttd300,10,2,0.25,68.0,270.0,ttd300_n10_L2_f025,1,ok,-35485.5482,4690.0,40175.5482,803.511,120.0,3.393,5,4,1,1,5017.0,22750.0,46526339,,
VNS,ttd300,10,5,0.25,70.0,278.0,ttd300_n10_L5_f025,1,ok,-43130.5484,4423.0,47553.5484,951.071,120.0,0.0031,5,5,0,0,5027.0,22750.0,54157144,,
VNS,ttd300,10,1,0.5,153.0,306.0,ttd300_n10_L1_f050,1,ok,-41253.16,4327.0,45580.16,911.6032,120.0,6.0797,5,3,2,2,5024.0,22750.0,45299234,,
VNS,ttd300,10,2,0.5,135.0,270.0,ttd300_n10_L2_f050,1,ok,-31974.7911,5293.0,37267.7911,745.3558,120.0001,0.0857,6,4,2,2,6025.0,22750.0,42483001,,
VNS,ttd300,10,3,0.5,150.0,300.0,ttd300_n10_L3_f050,1,ok,-43655.7454,3520.0,47175.7454,943.5149,120.0,0.4443,4,2,2,3,4014.0,22750.0,43879543,,
VNS,ttd300,10,4,0.5,126.0,252.0,ttd300_n10_L4_f050,1,ok,-36633.872,4132.0,40765.872,815.3174,120.0,0.0103,5,4,1,1,5029.0,22750.0,45176069,,
VNS,ttd300,10,5,0.5,139.0,278.0,ttd300_n10_L5_f050,1,ok,-38700.5448,3882.0,42582.5448,851.6509,120.0,0.3651,5,4,1,2,5018.0,22750.0,43063176,,
VNS,ttd300,10,1,0.75,230.0,306.0,ttd300_n10_L1_f075,1,ok,-34623.121,6045.0,40668.121,813.3624,120.0,86.5126,7,4,3,4,7036.0,22750.0,37474149,,
VNS,ttd300,10,2,0.75,202.0,270.0,ttd300_n10_L2_f075,1,ok,-30081.8141,6153.0,36234.8141,724.6963,120.0,6.506,7,3,4,4,7033.0,22750.0,40153719,,
VNS,ttd300,10,3,0.75,225.0,300.0,ttd300_n10_L3_f075,1,ok,-39634.0283,3861.0,43495.0283,869.9006,120.0,1.7449,4,1,3,4,4017.0,22750.0,38751138,,
VNS,ttd300,10,4,0.75,189.0,252.0,ttd300_n10_L4_f075,1,ok,-23642.3451,6137.0,29779.3451,595.5869,120.0001,14.6225,8,3,5,5,8033.0,22750.0,39340258,,
VNS,ttd300,10,5,0.75,208.0,278.0,ttd300_n10_L5_f075,1,ok,-31116.3078,5567.0,36683.3078,733.6662,120.0,0.2331,7,4,3,5,7035.0,22750.0,39861458,,
VNS,ttd300,10,1,1.0,306.0,306.0,ttd300_n10_L1_f100,1,ok,-29669.7658,7849.0,37518.7658,750.3753,120.0,24.2423,9,4,5,5,9048.0,22750.0,32467592,,
VNS,ttd300,10,2,1.0,270.0,270.0,ttd300_n10_L2_f100,1,ok,-21359.9423,7851.0,29210.9423,584.2188,120.0,0.5693,9,5,4,5,9042.0,22750.0,33234057,,
VNS,ttd300,10,3,1.0,300.0,300.0,ttd300_n10_L3_f100,1,ok,-27048.6463,6323.0,33371.6463,667.4329,120.0,1.1144,7,4,3,5,7025.0,22750.0,33138484,,
VNS,ttd300,10,4,1.0,252.0,252.0,ttd300_n10_L4_f100,1,ok,-21573.3511,6216.0,27789.3511,555.787,120.0,3.2339,8,4,4,5,8044.0,22750.0,32650540,,
VNS,ttd300,10,5,1.0,278.0,278.0,ttd300_n10_L5_f100,1,ok,-29298.4085,5567.0,34865.4085,697.3082,120.0,0.1202,7,4,3,5,7035.0,22750.0,33594825,,
VNS,ttd300,10,1,0.25,76.0,306.0,ttd300_n10_L1_f025,2,ok,-45243.1965,4181.0,49424.1965,988.4839,120.0,0.0189,5,5,0,0,5020.0,22750.0,54239919,,
VNS,ttd300,10,2,0.25,68.0,270.0,ttd300_n10_L2_f025,2,ok,-35485.5482,4690.0,40175.5482,803.511,120.0,35.6678,5,4,1,1,5017.0,22750.0,47478235,,
VNS,ttd300,10,3,0.25,75.0,300.0,ttd300_n10_L3_f025,2,ok,-46605.8455,2865.0,49470.8455,989.4169,120.0,0.042,3,3,0,0,3017.0,22750.0,54652312,,
VNS,ttd300,10,4,0.25,63.0,252.0,ttd300_n10_L4_f025,2,ok,-39204.872,3311.0,42515.872,850.3174,120.0001,0.025,4,4,0,0,4020.0,22750.0,54857502,,
VNS,ttd300,10,5,0.25,70.0,278.0,ttd300_n10_L5_f025,2,ok,-43130.5484,4423.0,47553.5484,951.071,120.0,0.0036,5,5,0,0,5027.0,22750.0,54899091,,
VNS,ttd300,10,1,0.5,153.0,306.0,ttd300_n10_L1_f050,2,ok,-41253.16,4327.0,45580.16,911.6032,120.0,0.1991,5,3,2,2,5024.0,22750.0,46127640,,
VNS,ttd300,10,2,0.5,135.0,270.0,ttd300_n10_L2_f050,2,ok,-31974.7911,5293.0,37267.7911,745.3558,120.0,0.1257,6,4,2,2,6025.0,22750.0,43292183,,
VNS,ttd300,10,3,0.5,150.0,300.0,ttd300_n10_L3_f050,2,ok,-43655.7454,3520.0,47175.7454,943.5149,120.0,0.3841,4,2,2,3,4014.0,22750.0,44849500,,
VNS,ttd300,10,4,0.5,126.0,252.0,ttd300_n10_L4_f050,2,ok,-36633.872,4132.0,40765.872,815.3174,120.0,0.0127,5,4,1,1,5029.0,22750.0,45036435,,
VNS,ttd300,10,5,0.5,139.0,278.0,ttd300_n10_L5_f050,2,ok,-38700.5448,3882.0,42582.5448,851.6509,120.0,0.2896,5,4,1,2,5018.0,22750.0,43207419,,
VNS,ttd300,10,1,0.75,230.0,306.0,ttd300_n10_L1_f075,2,ok,-34623.121,6045.0,40668.121,813.3624,120.0,87.6948,7,4,3,4,7036.0,22750.0,37595055,,
VNS,ttd300,10,2,0.75,202.0,270.0,ttd300_n10_L2_f075,2,ok,-30081.8141,6153.0,36234.8141,724.6963,120.0001,0.1051,7,3,4,4,7033.0,22750.0,40152408,,
VNS,ttd300,10,3,0.75,225.0,300.0,ttd300_n10_L3_f075,2,ok,-39634.0283,3861.0,43495.0283,869.9006,120.0,0.8346,4,1,3,4,4017.0,22750.0,39093448,,
VNS,ttd300,10,4,0.75,189.0,252.0,ttd300_n10_L4_f075,2,ok,-23642.3451,6137.0,29779.3451,595.5869,120.0,0.2392,8,3,5,5,8033.0,22750.0,39677528,,
VNS,ttd300,10,5,0.75,208.0,278.0,ttd300_n10_L5_f075,2,ok,-31116.3078,5567.0,36683.3078,733.6662,120.0,0.1109,7,4,3,5,7035.0,22750.0,40434078,,
VNS,ttd300,10,1,1.0,306.0,306.0,ttd300_n10_L1_f100,2,ok,-29669.7658,7849.0,37518.7658,750.3753,120.0,26.0518,9,4,5,5,9048.0,22750.0,32911976,,
VNS,ttd300,10,2,1.0,270.0,270.0,ttd300_n10_L2_f100,2,ok,-21359.9423,7851.0,29210.9423,584.2188,120.0,1.4022,9,5,4,5,9042.0,22750.0,33081755,,
VNS,ttd300,10,3,1.0,300.0,300.0,ttd300_n10_L3_f100,2,ok,-27048.6463,6323.0,33371.6463,667.4329,120.0,46.3523,7,4,3,5,7025.0,22750.0,32721639,,
VNS,ttd300,10,4,1.0,252.0,252.0,ttd300_n10_L4_f100,2,ok,-21573.3511,6216.0,27789.3511,555.787,120.0011,1.046,8,4,4,5,8044.0,22750.0,32089777,,
VNS,ttd300,10,5,1.0,278.0,278.0,ttd300_n10_L5_f100,2,ok,-29298.4085,5567.0,34865.4085,697.3082,120.0,1.4934,7,4,3,5,7035.0,22750.0,33511690,,
VNS,ttd300,10,1,0.25,76.0,306.0,ttd300_n10_L1_f025,3,ok,-45243.1965,4181.0,49424.1965,988.4839,120.0,0.0068,5,5,0,0,5020.0,22750.0,54746543,,
VNS,ttd300,10,2,0.25,68.0,270.0,ttd300_n10_L2_f025,3,ok,-35485.5482,4690.0,40175.5482,803.511,120.0,21.8241,5,4,1,1,5017.0,22750.0,47788043,,
VNS,ttd300,10,3,0.25,75.0,300.0,ttd300_n10_L3_f025,3,ok,-46605.8455,2865.0,49470.8455,989.4169,120.0002,0.0074,3,3,0,0,3017.0,22750.0,54774418,,
VNS,ttd300,10,4,0.25,63.0,252.0,ttd300_n10_L4_f025,3,ok,-39204.872,3311.0,42515.872,850.3174,120.0,0.0109,4,4,0,0,4020.0,22750.0,54876612,,
VNS,ttd300,10,5,0.25,70.0,278.0,ttd300_n10_L5_f025,3,ok,-43130.5484,4423.0,47553.5484,951.071,120.0,0.003,5,5,0,0,5027.0,22750.0,55919178,,
VNS,ttd300,10,1,0.5,153.0,306.0,ttd300_n10_L1_f050,3,ok,-41253.16,4327.0,45580.16,911.6032,120.0,0.0183,5,3,2,2,5024.0,22750.0,46528374,,
VNS,ttd300,10,2,0.5,135.0,270.0,ttd300_n10_L2_f050,3,ok,-31974.7911,5293.0,37267.7911,745.3558,120.0,0.1163,6,4,2,2,6025.0,22750.0,43127244,,
VNS,ttd300,10,3,0.5,150.0,300.0,ttd300_n10_L3_f050,3,ok,-43655.7454,3520.0,47175.7454,943.5149,120.0,0.1104,4,2,2,3,4014.0,22750.0,44621952,,
VNS,ttd300,10,4,0.5,126.0,252.0,ttd300_n10_L4_f050,3,ok,-36633.872,4132.0,40765.872,815.3174,120.0,0.0177,5,4,1,1,5029.0,22750.0,45090644,,
VNS,ttd300,10,5,0.5,139.0,278.0,ttd300_n10_L5_f050,3,ok,-38700.5448,3882.0,42582.5448,851.6509,120.0,0.4151,5,4,1,2,5018.0,22750.0,42947229,,
VNS,ttd300,10,1,0.75,230.0,306.0,ttd300_n10_L1_f075,3,ok,-35054.7293,6045.0,41099.7293,821.9946,120.0,105.6919,7,4,3,4,7036.0,22750.0,37076922,,
VNS,ttd300,10,2,0.75,202.0,270.0,ttd300_n10_L2_f075,3,ok,-30081.8141,6153.0,36234.8141,724.6963,120.0001,1.0529,7,3,4,4,7033.0,22750.0,40065871,,
VNS,ttd300,10,3,0.75,225.0,300.0,ttd300_n10_L3_f075,3,ok,-39634.0283,3861.0,43495.0283,869.9006,120.0,0.3938,4,1,3,4,4017.0,22750.0,38906668,,
VNS,ttd300,10,4,0.75,189.0,252.0,ttd300_n10_L4_f075,3,ok,-23642.3451,6137.0,29779.3451,595.5869,120.0,0.373,8,3,5,5,8033.0,22750.0,39609913,,
VNS,ttd300,10,5,0.75,208.0,278.0,ttd300_n10_L5_f075,3,ok,-31116.3078,5567.0,36683.3078,733.6662,120.0,0.1024,7,4,3,5,7035.0,22750.0,40122176,,
VNS,ttd300,10,1,1.0,306.0,306.0,ttd300_n10_L1_f100,3,ok,-29669.7658,7849.0,37518.7658,750.3753,120.0,22.3702,9,4,5,5,9048.0,22750.0,32539453,,
VNS,ttd300,10,2,1.0,270.0,270.0,ttd300_n10_L2_f100,3,ok,-21359.9423,7851.0,29210.9423,584.2188,120.0004,0.2233,9,5,4,5,9042.0,22750.0,33250884,,
VNS,ttd300,10,3,1.0,300.0,300.0,ttd300_n10_L3_f100,3,ok,-27048.6463,6323.0,33371.6463,667.4329,120.0,23.7693,7,4,3,5,7025.0,22750.0,33081873,,
VNS,ttd300,10,4,1.0,252.0,252.0,ttd300_n10_L4_f100,3,ok,-21573.3511,6216.0,27789.3511,555.787,120.0,0.5542,8,4,4,5,8044.0,22750.0,32570259,,
VNS,ttd300,10,5,1.0,278.0,278.0,ttd300_n10_L5_f100,3,ok,-29298.4085,5567.0,34865.4085,697.3082,120.0,0.5112,7,4,3,5,7035.0,22750.0,33570311,,
VNS,ttd300,10,1,0.25,76.0,306.0,ttd300_n10_L1_f025,4,ok,-45243.1965,4181.0,49424.1965,988.4839,120.0,0.0126,5,5,0,0,5020.0,22750.0,54438705,,
VNS,ttd300,10,2,0.25,68.0,270.0,ttd300_n10_L2_f025,4,ok,-35485.5482,4690.0,40175.5482,803.511,120.0,88.0263,5,4,1,1,5017.0,22750.0,47300611,,
VNS,ttd300,10,3,0.25,75.0,300.0,ttd300_n10_L3_f025,4,ok,-46605.8455,2865.0,49470.8455,989.4169,120.0,0.0213,3,3,0,0,3017.0,22750.0,54213081,,
VNS,ttd300,10,4,0.25,63.0,252.0,ttd300_n10_L4_f025,4,ok,-39204.872,3311.0,42515.872,850.3174,120.0,0.051,4,4,0,0,4020.0,22750.0,55077017,,
VNS,ttd300,10,5,0.25,70.0,278.0,ttd300_n10_L5_f025,4,ok,-43130.5484,4423.0,47553.5484,951.071,120.0,0.0031,5,5,0,0,5027.0,22750.0,55397267,,
VNS,ttd300,10,1,0.5,153.0,306.0,ttd300_n10_L1_f050,4,ok,-41253.16,4327.0,45580.16,911.6032,120.0,16.0708,5,3,2,2,5024.0,22750.0,46044439,,
VNS,ttd300,10,2,0.5,135.0,270.0,ttd300_n10_L2_f050,4,ok,-31974.7911,5293.0,37267.7911,745.3558,120.0,0.3125,6,4,2,2,6025.0,22750.0,43002954,,
VNS,ttd300,10,3,0.5,150.0,300.0,ttd300_n10_L3_f050,4,ok,-43655.7454,3520.0,47175.7454,943.5149,120.0005,0.4428,4,2,2,3,4014.0,22750.0,44476273,,
VNS,ttd300,10,4,0.5,126.0,252.0,ttd300_n10_L4_f050,4,ok,-36633.872,4132.0,40765.872,815.3174,120.0002,0.0246,5,4,1,1,5029.0,22750.0,45072679,,
VNS,ttd300,10,5,0.5,139.0,278.0,ttd300_n10_L5_f050,4,ok,-38700.5448,3882.0,42582.5448,851.6509,120.0,1.0657,5,4,1,2,5018.0,22750.0,42719601,,
VNS,ttd300,10,1,0.75,230.0,306.0,ttd300_n10_L1_f075,4,ok,-35054.7293,6045.0,41099.7293,821.9946,120.0,117.0547,7,4,3,4,7036.0,22750.0,37014495,,
VNS,ttd300,10,2,0.75,202.0,270.0,ttd300_n10_L2_f075,4,ok,-30081.8141,6153.0,36234.8141,724.6963,120.0,0.0355,7,3,4,4,7033.0,22750.0,39898924,,
VNS,ttd300,10,3,0.75,225.0,300.0,ttd300_n10_L3_f075,4,ok,-39634.0283,3861.0,43495.0283,869.9006,120.0,3.078,4,1,3,4,4017.0,22750.0,39019582,,
VNS,ttd300,10,4,0.75,189.0,252.0,ttd300_n10_L4_f075,4,ok,-23642.3451,6137.0,29779.3451,595.5869,120.0,4.8533,8,3,5,5,8033.0,22750.0,39242806,,
VNS,ttd300,10,5,0.75,208.0,278.0,ttd300_n10_L5_f075,4,ok,-31116.3078,5567.0,36683.3078,733.6662,120.0,0.1912,7,4,3,5,7035.0,22750.0,39691108,,
VNS,ttd300,10,1,1.0,306.0,306.0,ttd300_n10_L1_f100,4,ok,-29669.7658,7849.0,37518.7658,750.3753,120.0,44.2215,9,4,5,5,9048.0,22750.0,32887214,,
VNS,ttd300,10,2,1.0,270.0,270.0,ttd300_n10_L2_f100,4,ok,-21359.9423,7851.0,29210.9423,584.2188,120.0,0.068,9,5,4,5,9042.0,22750.0,33336801,,
VNS,ttd300,10,3,1.0,300.0,300.0,ttd300_n10_L3_f100,4,ok,-27048.6463,6323.0,33371.6463,667.4329,120.0,1.2252,7,4,3,5,7025.0,22750.0,33300314,,
VNS,ttd300,10,4,1.0,252.0,252.0,ttd300_n10_L4_f100,4,ok,-21573.3511,6216.0,27789.3511,555.787,120.0001,4.5134,8,4,4,5,8044.0,22750.0,32567140,,
VNS,ttd300,10,5,1.0,278.0,278.0,ttd300_n10_L5_f100,4,ok,-29298.4085,5567.0,34865.4085,697.3082,120.0001,0.6128,7,4,3,5,7035.0,22750.0,33468533,,
VNS,ttd300,20,1,0.25,96.0,384.0,ttd300_n20_L1_f025,1,ok,-54904.7824,12974.0,67878.7824,1357.5756,300.0,1.6191,15,10,5,6,15059.0,45501.0,78072538,,
VNS,ttd300,20,2,0.25,75.0,299.0,ttd300_n20_L2_f025,1,ok,-40691.1572,13934.0,54625.1572,1092.5031,300.0,0.3347,16,11,5,5,16092.0,45501.0,81959811,,
VNS,ttd300,20,3,0.25,89.0,357.0,ttd300_n20_L3_f025,1,ok,-56881.5195,11564.0,68445.5195,1368.9104,300.0007,0.2028,13,12,1,2,13062.0,45501.0,77122873,,
VNS,ttd300,20,4,0.25,82.0,328.0,ttd300_n20_L4_f025,1,ok,-48586.3479,11420.0,60006.3479,1200.127,300.0,0.5335,13,12,1,4,13077.0,45501.0,81616049,,
VNS,ttd300,20,5,0.25,90.0,360.0,ttd300_n20_L5_f025,1,ok,-55473.1357,10424.0,65897.1357,1317.9427,300.0,2.9214,12,10,2,4,12046.0,45501.0,77289699,,
VNS,ttd300,20,2,0.5,150.0,299.0,ttd300_n20_L2_f050,1,ok,-30008.7763,14660.0,44668.7763,893.3755,300.0,13.4877,17,10,7,8,17084.0,45501.0,25423746,,
VNS,ttd300,20,3,0.5,178.0,357.0,ttd300_n20_L3_f050,1,ok,-41196.6673,12545.0,53741.6673,1074.8333,300.0028,12.5135,14,8,6,9,14063.0,45501.0,20821328,,
VNS,ttd300,20,1,0.5,192.0,384.0,ttd300_n20_L1_f050,1,ok,-48704.9604,14158.0,62862.9604,1257.2592,300.0649,41.5867,16,9,7,8,16068.0,45501.0,26591096,,
VNS,ttd300,20,4,0.5,164.0,328.0,ttd300_n20_L4_f050,1,ok,-35214.2866,14553.0,49767.2866,995.3457,300.0,13.7336,18,10,8,9,18101.0,45501.0,24335214,,
VNS,ttd300,20,5,0.5,180.0,360.0,ttd300_n20_L5_f050,1,ok,-45228.9723,10424.0,55652.9723,1113.0594,300.0117,140.6371,12,8,4,7,12046.0,45501.0,39422914,,
VNS,ttd300,20,1,0.75,288.0,384.0,ttd300_n20_L1_f075,1,ok,-32908.2537,16724.0,49632.2537,992.6451,300.0001,236.7446,19,11,8,9,19077.0,45501.0,14982575,,
VNS,ttd300,20,2,0.75,224.0,299.0,ttd300_n20_L2_f075,1,ok,-25614.4096,15335.0,40949.4096,818.9882,300.0058,8.4878,18,10,8,9,18105.0,45501.0,15892476,,
VNS,ttd300,20,4,0.75,246.0,328.0,ttd300_n20_L4_f075,1,ok,-26449.8208,15139.0,41588.8208,831.7764,300.0019,287.1838,18,8,10,10,18098.0,45501.0,19966921,,
VNS,ttd300,20,3,0.75,268.0,357.0,ttd300_n20_L3_f075,1,ok,-29807.7086,17694.0,47501.7086,950.0342,300.0145,3.5973,20,11,9,9,20089.0,45501.0,13973712,,
VNS,ttd300,20,5,0.75,270.0,360.0,ttd300_n20_L5_f075,1,ok,-33232.5669,16420.0,49652.5669,993.0513,300.0543,216.3342,20,10,10,10,20082.0,45501.0,19188737,,
VNS,ttd300,20,1,1.0,384.0,384.0,ttd300_n20_L1_f100,1,ok,-27599.1875,17523.0,45122.1875,902.4438,300.0005,222.5685,20,13,7,7,20078.0,45501.0,11886920,,
VNS,ttd300,20,3,1.0,357.0,357.0,ttd300_n20_L3_f100,1,ok,-27853.9042,17694.0,45547.9042,910.9581,300.0,91.9882,20,12,8,8,20089.0,45501.0,11353620,,
VNS,ttd300,20,2,1.0,299.0,299.0,ttd300_n20_L2_f100,1,ok,-23490.7981,16052.0,39542.7981,790.856,300.0086,117.7341,19,11,8,9,19106.0,45501.0,10318015,,
VNS,ttd300,20,4,1.0,328.0,328.0,ttd300_n20_L4_f100,1,ok,-26449.8208,15139.0,41588.8208,831.7764,300.0,19.3145,18,8,10,10,18098.0,45501.0,14007357,,
VNS,ttd300,20,5,1.0,360.0,360.0,ttd300_n20_L5_f100,1,ok,-29565.0877,16420.0,45985.0877,919.7018,300.0074,38.6655,20,11,9,9,20082.0,45501.0,8045581,,
VNS,ttd300,20,1,0.25,96.0,384.0,ttd300_n20_L1_f025,2,ok,-54904.7824,12974.0,67878.7824,1357.5756,300.0,4.4453,15,10,5,6,15059.0,45501.0,77236063,,
VNS,ttd300,20,2,0.25,75.0,299.0,ttd300_n20_L2_f025,2,ok,-40691.1572,13934.0,54625.1572,1092.5031,300.0,1.8607,16,11,5,5,16092.0,45501.0,81919470,,
VNS,ttd300,20,3,0.25,89.0,357.0,ttd300_n20_L3_f025,2,ok,-56881.5195,11564.0,68445.5195,1368.9104,300.0,0.1948,13,12,1,2,13062.0,45501.0,76850155,,
VNS,ttd300,20,4,0.25,82.0,328.0,ttd300_n20_L4_f025,2,ok,-48586.3479,11420.0,60006.3479,1200.127,300.005,3.1031,13,12,1,4,13077.0,45501.0,83597801,,
VNS,ttd300,20,5,0.25,90.0,360.0,ttd300_n20_L5_f025,2,ok,-55473.1357,10424.0,65897.1357,1317.9427,300.0,0.4758,12,10,2,4,12046.0,45501.0,77583226,,
VNS,ttd300,20,1,0.5,192.0,384.0,ttd300_n20_L1_f050,2,ok,-48704.9604,14158.0,62862.9604,1257.2592,300.0017,22.7839,16,9,7,8,16068.0,45501.0,27527935,,
VNS,ttd300,20,2,0.5,150.0,299.0,ttd300_n20_L2_f050,2,ok,-30008.7763,14660.0,44668.7763,893.3755,300.0,11.7249,17,10,7,8,17084.0,45501.0,25269604,,
VNS,ttd300,20,3,0.5,178.0,357.0,ttd300_n20_L3_f050,2,ok,-41196.6673,12545.0,53741.6673,1074.8333,300.009,75.5006,14,8,6,9,14063.0,45501.0,21440867,,
VNS,ttd300,20,5,0.5,180.0,360.0,ttd300_n20_L5_f050,2,ok,-43046.8091,11075.0,54121.8091,1082.4362,300.0407,181.0953,13,7,6,9,13058.0,45501.0,23623884,,
VNS,ttd300,20,1,0.75,288.0,384.0,ttd300_n20_L1_f075,2,ok,-32908.2537,16724.0,49632.2537,992.6451,300.0133,59.2893,19,11,8,9,19077.0,45501.0,12151490,,
VNS,ttd300,20,4,0.5,164.0,328.0,ttd300_n20_L4_f050,2,ok,-35214.2866,14553.0,49767.2866,995.3457,300.0704,10.5822,18,10,8,9,18101.0,45501.0,24342526,,
VNS,ttd300,20,2,0.75,224.0,299.0,ttd300_n20_L2_f075,2,ok,-23628.1266,16811.0,40439.1266,808.7825,300.0047,163.0526,20,10,10,10,20106.0,45501.0,21401765,,
VNS,ttd300,20,3,0.75,268.0,357.0,ttd300_n20_L3_f075,2,ok,-29807.7086,17694.0,47501.7086,950.0342,300.0166,3.0718,20,11,9,9,20089.0,45501.0,13691975,,
VNS,ttd300,20,1,1.0,384.0,384.0,ttd300_n20_L1_f100,2,ok,-27599.1875,17523.0,45122.1875,902.4438,300.0026,10.6396,20,13,7,7,20078.0,45501.0,15531870,,
VNS,ttd300,20,4,0.75,246.0,328.0,ttd300_n20_L4_f075,2,ok,-26449.8208,15139.0,41588.8208,831.7764,300.0166,172.6677,18,8,10,10,18098.0,45501.0,19580010,,
VNS,ttd300,20,5,0.75,270.0,360.0,ttd300_n20_L5_f075,2,ok,-32898.7142,14832.0,47730.7142,954.6143,300.0354,115.5056,18,10,8,9,18076.0,45501.0,16946474,,
VNS,ttd300,20,2,1.0,299.0,299.0,ttd300_n20_L2_f100,2,ok,-23615.6057,16052.0,39667.6057,793.3521,300.004,138.177,19,11,8,9,19106.0,45501.0,10520663,,
VNS,ttd300,20,3,1.0,357.0,357.0,ttd300_n20_L3_f100,2,ok,-27853.9042,17694.0,45547.9042,910.9581,300.0022,165.7659,20,12,8,8,20089.0,45501.0,10711243,,
VNS,ttd300,20,4,1.0,328.0,328.0,ttd300_n20_L4_f100,2,ok,-26449.8208,15139.0,41588.8208,831.7764,300.0186,134.4159,18,8,10,10,18098.0,45501.0,13037813,,
VNS,ttd300,20,5,1.0,360.0,360.0,ttd300_n20_L5_f100,2,ok,-29856.4348,15672.0,45528.4348,910.5687,300.0056,125.4761,19,12,7,8,19081.0,45501.0,9924151,,
VNS,ttd300,20,1,0.25,96.0,384.0,ttd300_n20_L1_f025,3,ok,-54904.7824,12974.0,67878.7824,1357.5756,300.0,2.5965,15,10,5,6,15059.0,45501.0,77500619,,
VNS,ttd300,20,2,0.25,75.0,299.0,ttd300_n20_L2_f025,3,ok,-40691.1572,13934.0,54625.1572,1092.5031,300.0,14.127,16,11,5,5,16092.0,45501.0,82384861,,
VNS,ttd300,20,3,0.25,89.0,357.0,ttd300_n20_L3_f025,3,ok,-56881.5195,11564.0,68445.5195,1368.9104,300.0,0.7646,13,12,1,2,13062.0,45501.0,77269861,,
VNS,ttd300,20,4,0.25,82.0,328.0,ttd300_n20_L4_f025,3,ok,-48586.3479,11420.0,60006.3479,1200.127,300.0,34.0138,13,12,1,4,13077.0,45501.0,83864201,,
VNS,ttd300,20,5,0.25,90.0,360.0,ttd300_n20_L5_f025,3,ok,-55473.1357,10424.0,65897.1357,1317.9427,300.0,3.4022,12,10,2,4,12046.0,45501.0,76370607,,
VNS,ttd300,20,1,0.5,192.0,384.0,ttd300_n20_L1_f050,3,ok,-49060.5145,15826.0,64886.5145,1297.7303,300.0,6.0467,18,10,8,8,18070.0,45501.0,34202406,,
VNS,ttd300,20,2,0.5,150.0,299.0,ttd300_n20_L2_f050,3,ok,-30008.7763,14660.0,44668.7763,893.3755,300.0,18.2889,17,10,7,8,17084.0,45501.0,24891729,,
VNS,ttd300,20,3,0.5,178.0,357.0,ttd300_n20_L3_f050,3,ok,-41196.6673,12545.0,53741.6673,1074.8333,300.0178,48.7202,14,8,6,9,14063.0,45501.0,20692842,,
VNS,ttd300,20,1,0.75,288.0,384.0,ttd300_n20_L1_f075,3,ok,-32908.2537,16724.0,49632.2537,992.6451,300.0119,24.5886,19,11,8,9,19077.0,45501.0,11537998,,
VNS,ttd300,20,4,0.5,164.0,328.0,ttd300_n20_L4_f050,3,ok,-35726.9533,14158.0,49884.9533,997.6991,300.0462,156.4707,17,9,8,9,17098.0,45501.0,23079256,,
VNS,ttd300,20,2,0.75,224.0,299.0,ttd300_n20_L2_f075,3,ok,-23012.4261,16811.0,39823.4261,796.4685,300.0,171.8429,20,10,10,10,20106.0,45501.0,22324804,,
VNS,ttd300,20,5,0.5,180.0,360.0,ttd300_n20_L5_f050,3,ok,-45064.6558,11075.0,56139.6558,1122.7931,300.0605,87.845,13,7,6,9,13058.0,45501.0,24099608,,
VNS,ttd300,20,4,0.75,246.0,328.0,ttd300_n20_L4_f075,3,ok,-26449.8208,15139.0,41588.8208,831.7764,300.0079,131.0359,18,8,10,10,18098.0,45501.0,19402454,,
VNS,ttd300,20,3,0.75,268.0,357.0,ttd300_n20_L3_f075,3,ok,-29807.7086,17694.0,47501.7086,950.0342,300.0102,11.1344,20,11,9,9,20089.0,45501.0,13907069,,
VNS,ttd300,20,1,1.0,384.0,384.0,ttd300_n20_L1_f100,3,ok,-27599.1875,17523.0,45122.1875,902.4438,300.0029,212.1071,20,13,7,7,20078.0,45501.0,14183369,,
VNS,ttd300,20,5,0.75,270.0,360.0,ttd300_n20_L5_f075,3,ok,-33232.5669,16420.0,49652.5669,993.0513,300.0853,112.5838,20,10,10,10,20082.0,45501.0,19171629,,
VNS,ttd300,20,3,1.0,357.0,357.0,ttd300_n20_L3_f100,3,ok,-27853.9042,17694.0,45547.9042,910.9581,300.0029,33.5624,20,12,8,8,20089.0,45501.0,11794273,,
VNS,ttd300,20,2,1.0,299.0,299.0,ttd300_n20_L2_f100,3,ok,-24217.8678,16811.0,41028.8678,820.5774,300.006,16.4831,20,12,8,8,20106.0,45501.0,10663042,,
VNS,ttd300,20,4,1.0,328.0,328.0,ttd300_n20_L4_f100,3,ok,-26938.013,15139.0,42077.013,841.5403,300.0203,295.6893,18,8,10,10,18098.0,45501.0,10728502,,
VNS,ttd300,20,5,1.0,360.0,360.0,ttd300_n20_L5_f100,3,ok,-29856.4348,15672.0,45528.4348,910.5687,300.0072,46.6853,19,12,7,8,19081.0,45501.0,9330443,,
VNS,ttd300,20,1,0.25,96.0,384.0,ttd300_n20_L1_f025,4,ok,-54904.7824,12974.0,67878.7824,1357.5756,300.0,3.6824,15,10,5,6,15059.0,45501.0,77460126,,
VNS,ttd300,20,2,0.25,75.0,299.0,ttd300_n20_L2_f025,4,ok,-40691.1572,13934.0,54625.1572,1092.5031,300.0,0.5385,16,11,5,5,16092.0,45501.0,81036486,,
VNS,ttd300,20,3,0.25,89.0,357.0,ttd300_n20_L3_f025,4,ok,-56881.5195,11564.0,68445.5195,1368.9104,300.0,0.1059,13,12,1,2,13062.0,45501.0,77502793,,
VNS,ttd300,20,4,0.25,82.0,328.0,ttd300_n20_L4_f025,4,ok,-48586.3479,11420.0,60006.3479,1200.127,300.0,0.3687,13,12,1,4,13077.0,45501.0,83119547,,
VNS,ttd300,20,5,0.25,90.0,360.0,ttd300_n20_L5_f025,4,ok,-55473.1357,10424.0,65897.1357,1317.9427,300.0,0.9085,12,10,2,4,12046.0,45501.0,77511475,,
VNS,ttd300,20,1,0.5,192.0,384.0,ttd300_n20_L1_f050,4,ok,-48704.9604,14158.0,62862.9604,1257.2592,300.0005,44.0288,16,9,7,8,16068.0,45501.0,26999613,,
VNS,ttd300,20,3,0.5,178.0,357.0,ttd300_n20_L3_f050,4,ok,-41196.6673,12545.0,53741.6673,1074.8333,300.0171,27.3184,14,8,6,9,14063.0,45501.0,21092836,,
VNS,ttd300,20,2,0.5,150.0,299.0,ttd300_n20_L2_f050,4,ok,-30008.7763,14660.0,44668.7763,893.3755,300.0817,13.6806,17,10,7,8,17084.0,45501.0,25510648,,
VNS,ttd300,20,5,0.5,180.0,360.0,ttd300_n20_L5_f050,4,ok,-43818.6116,12692.0,56510.6116,1130.2122,300.0092,259.604,15,8,7,9,15067.0,45501.0,22148663,,
VNS,ttd300,20,4,0.5,164.0,328.0,ttd300_n20_L4_f050,4,ok,-35825.5306,14158.0,49983.5306,999.6706,300.0683,6.9409,17,9,8,9,17098.0,45501.0,23398336,,
VNS,ttd300,20,2,0.75,224.0,299.0,ttd300_n20_L2_f075,4,ok,-22872.2041,16811.0,39683.2041,793.6641,300.0068,16.9631,20,10,10,10,20106.0,45501.0,24681391,,
VNS,ttd300,20,1,0.75,288.0,384.0,ttd300_n20_L1_f075,4,ok,-32908.2537,16724.0,49632.2537,992.6451,300.0384,175.3973,19,11,8,9,19077.0,45501.0,13450469,,
VNS,ttd300,20,3,0.75,268.0,357.0,ttd300_n20_L3_f075,4,ok,-29807.7086,17694.0,47501.7086,950.0342,300.0507,1.5826,20,11,9,9,20089.0,45501.0,14024945,,
VNS,ttd300,20,4,0.75,246.0,328.0,ttd300_n20_L4_f075,4,ok,-26449.8208,15139.0,41588.8208,831.7764,300.0213,23.6665,18,8,10,10,18098.0,45501.0,19424947,,
VNS,ttd300,20,5,0.75,270.0,360.0,ttd300_n20_L5_f075,4,ok,-33232.5669,16420.0,49652.5669,993.0513,300.0023,126.2747,20,10,10,10,20082.0,45501.0,19615230,,
VNS,ttd300,20,1,1.0,384.0,384.0,ttd300_n20_L1_f100,4,ok,-27953.0771,17523.0,45476.0771,909.5215,300.0008,15.048,20,14,6,6,20078.0,45501.0,14834800,,
VNS,ttd300,20,2,1.0,299.0,299.0,ttd300_n20_L2_f100,4,ok,-23615.6057,16052.0,39667.6057,793.3521,300.0138,10.1561,19,11,8,9,19106.0,45501.0,10214945,,
VNS,ttd300,20,3,1.0,357.0,357.0,ttd300_n20_L3_f100,4,ok,-27853.9042,17694.0,45547.9042,910.9581,300.001,93.6185,20,12,8,8,20089.0,45501.0,11105873,,
VNS,ttd300,20,4,1.0,328.0,328.0,ttd300_n20_L4_f100,4,ok,-28199.5179,13992.0,42191.5179,843.8304,300.0093,14.8139,17,9,8,9,17092.0,45501.0,9364499,,
VNS,ttd300,20,5,1.0,360.0,360.0,ttd300_n20_L5_f100,4,ok,-29565.0877,16420.0,45985.0877,919.7018,300.0086,100.4052,20,11,9,9,20082.0,45501.0,8712862,,
VNS,ttd300,30,2,0.25,93.0,372.0,ttd300_n30_L2_f025,1,ok,-42801.8218,21784.0,64585.8218,1291.7164,450.013,30.2239,25,15,10,12,25102.0,68251.0,53839519,,
SA,ttd300,30,2,0.25,93.0,372.0,ttd300_n30_L2_f025,1,ok,-42865.0273,21784.0,64649.0273,1292.9805,450.0423,311.0268,25,15,10,12,25102.0,68251.0,29593067,261,
VNS,ttd300,30,1,0.25,94.0,374.0,ttd300_n30_L1_f025,1,ok,-54242.1201,18707.0,72949.1201,1458.9824,450.2109,165.1294,22,16,6,9,22112.0,68251.0,14930736,,
SA,ttd300,30,1,0.25,94.0,374.0,ttd300_n30_L1_f025,1,ok,-52773.6726,21425.0,74198.6726,1483.9735,450.2802,450.2802,25,18,7,9,25122.0,68251.0,32002139,283,
VNS,ttd300,30,3,0.25,80.0,321.0,ttd300_n30_L3_f025,1,ok,-48399.0429,20493.0,68892.0429,1377.8409,450.0397,81.001,25,16,9,9,25104.0,68251.0,25113353,,
SA,ttd300,30,3,0.25,80.0,321.0,ttd300_n30_L3_f025,1,ok,-48249.3926,20493.0,68742.3926,1374.8479,450.1617,267.6439,25,16,9,9,25104.0,68251.0,34577392,306,
SA,ttd300,30,4,0.25,87.0,347.0,ttd300_n30_L4_f025,1,ok,-49102.4367,22545.0,71647.4367,1432.9487,450.0377,450.0377,26,16,10,11,26112.0,68251.0,32590186,288,
VNS,ttd300,30,4,0.25,87.0,347.0,ttd300_n30_L4_f025,1,ok,-49102.4367,22545.0,71647.4367,1432.9487,450.0,41.0779,26,16,10,11,26112.0,68251.0,57094906,,
SA,ttd300,30,1,0.5,187.0,374.0,ttd300_n30_L1_f050,1,ok,-36714.6248,24492.0,61206.6248,1224.1325,450.0174,113.771,29,16,13,13,29150.0,68251.0,27875330,246,
VNS,ttd300,30,1,0.5,187.0,374.0,ttd300_n30_L1_f050,1,ok,-40166.1362,22557.0,62723.1362,1254.4627,450.0435,67.1759,26,14,12,12,26125.0,68251.0,30205715,,
VNS,ttd300,30,5,0.25,83.0,331.0,ttd300_n30_L5_f025,1,ok,-44665.0907,20563.0,65228.0907,1304.5618,450.0801,16.54,24,16,8,9,24128.0,68251.0,19067245,,
SA,ttd300,30,5,0.25,83.0,331.0,ttd300_n30_L5_f025,1,ok,-45883.1403,19612.0,65495.1403,1309.9028,450.2685,31.8248,23,15,8,9,23119.0,68251.0,32590692,288,
SA,ttd300,30,2,0.5,186.0,372.0,ttd300_n30_L2_f050,1,ok,-37442.4179,24004.0,61446.4179,1228.9284,450.023,450.0229,28,14,14,14,28110.0,68251.0,28795397,254,
SA,ttd300,30,3,0.5,160.0,321.0,ttd300_n30_L3_f050,1,ok,-30954.0728,23892.0,54846.0728,1096.9215,450.0165,178.8971,29,15,14,14,29119.0,68251.0,28459712,251,
VNS,ttd300,30,2,0.5,186.0,372.0,ttd300_n30_L2_f050,1,ok,-38994.0658,22470.0,61464.0658,1229.2813,450.0226,21.327,26,16,10,11,26113.0,68251.0,24267517,,
VNS,ttd300,30,3,0.5,160.0,321.0,ttd300_n30_L3_f050,1,ok,-32329.9875,23224.0,55553.9875,1111.0798,450.0089,382.6507,28,14,14,14,28114.0,68251.0,37120016,,
SA,ttd300,30,4,0.5,174.0,347.0,ttd300_n30_L4_f050,1,ok,-33759.3046,23553.0,57312.3046,1146.2461,450.0169,3.3305,27,17,10,13,27118.0,68251.0,28522811,252,
VNS,ttd300,30,4,0.5,174.0,347.0,ttd300_n30_L4_f050,1,ok,-36131.9701,23451.0,59582.9701,1191.6594,450.009,241.136,27,17,10,11,27114.0,68251.0,37336869,,
SA,ttd300,30,5,0.5,166.0,331.0,ttd300_n30_L5_f050,1,ok,-32373.5527,22909.0,55282.5527,1105.6511,450.0186,268.5682,27,15,12,13,27140.0,68251.0,27980033,247,
VNS,ttd300,30,5,0.5,166.0,331.0,ttd300_n30_L5_f050,1,ok,-33175.2037,24036.0,57211.2037,1144.2241,450.0,133.5033,29,17,12,12,29154.0,68251.0,28197045,,
VNS,ttd300,30,2,0.75,279.0,372.0,ttd300_n30_L2_f075,1,ok,-36711.6916,23312.0,60023.6916,1200.4738,450.0087,203.8917,27,18,9,10,27114.0,68251.0,13208326,,
VNS,ttd300,30,1,0.75,280.0,374.0,ttd300_n30_L1_f075,1,ok,-32132.968,24135.0,56267.968,1125.3594,450.0901,393.7323,28,18,10,12,28140.0,68251.0,18260859,,
SA,ttd300,30,1,0.75,280.0,374.0,ttd300_n30_L1_f075,1,ok,-30403.5404,24668.0,55071.5404,1101.4308,450.2172,450.2172,29,18,11,11,29146.0,68251.0,27916309,246,
SA,ttd300,30,2,0.75,279.0,372.0,ttd300_n30_L2_f075,1,ok,-35664.574,24150.0,59814.574,1196.2915,450.2008,450.2008,28,19,9,10,28119.0,68251.0,28164353,249,
VNS,ttd300,30,3,0.75,241.0,321.0,ttd300_n30_L3_f075,1,ok,-27369.8642,23224.0,50593.8642,1011.8773,450.0093,426.8126,28,18,10,11,28114.0,68251.0,16532255,,
VNS,ttd300,30,4,0.75,260.0,347.0,ttd300_n30_L4_f075,1,ok,-28774.0203,25258.0,54032.0203,1080.6404,450.0,394.2841,30,19,11,11,30137.0,68251.0,30602899,,
SA,ttd300,30,4,0.75,260.0,347.0,ttd300_n30_L4_f075,1,ok,-30422.8542,24254.0,54676.8542,1093.5371,450.2578,450.2578,28,17,11,12,28122.0,68251.0,28454916,251,
SA,ttd300,30,3,0.75,241.0,321.0,ttd300_n30_L3_f075,1,ok,-25540.5289,24508.0,50048.5289,1000.9706,450.6871,450.687,30,18,12,12,30126.0,68251.0,28335722,250,
SA,ttd300,30,5,0.75,248.0,331.0,ttd300_n30_L5_f075,1,ok,-31343.8556,24114.0,55457.8556,1109.1571,450.0728,450.0727,29,19,10,10,29148.0,68251.0,28190542,249,
VNS,ttd300,30,5,0.75,248.0,331.0,ttd300_n30_L5_f075,1,ok,-32345.1388,22873.0,55218.1388,1104.3628,450.0564,134.3911,27,18,9,10,27136.0,68251.0,13553777,,
SA,ttd300,30,1,1.0,374.0,374.0,ttd300_n30_L1_f100,1,ok,-29843.0387,25223.0,55066.0387,1101.3208,450.0166,123.3608,30,16,14,14,30154.0,68251.0,28136120,248,
VNS,ttd300,30,1,1.0,374.0,374.0,ttd300_n30_L1_f100,1,ok,-30555.9395,25223.0,55778.9395,1115.5788,450.0198,159.7537,30,20,10,10,30154.0,68251.0,16118929,,
VNS,ttd300,30,2,1.0,372.0,372.0,ttd300_n30_L2_f100,1,ok,-35887.3978,23312.0,59199.3978,1183.988,450.1123,411.9271,27,17,10,11,27114.0,68251.0,11890212,,
SA,ttd300,30,2,1.0,372.0,372.0,ttd300_n30_L2_f100,1,ok,-33902.9446,23312.0,57214.9446,1144.2989,450.2662,450.2661,27,18,9,10,27114.0,68251.0,28175767,249,
SA,ttd300,30,3,1.0,321.0,321.0,ttd300_n30_L3_f100,1,ok,-27689.9477,22734.0,50423.9477,1008.479,450.2665,450.2665,27,16,11,11,27112.0,68251.0,28226644,249,
VNS,ttd300,30,3,1.0,321.0,321.0,ttd300_n30_L3_f100,1,ok,-29377.4418,23892.0,53269.4418,1065.3888,450.1773,110.5218,29,19,10,11,29119.0,68251.0,12723658,,
VNS,ttd300,30,4,1.0,347.0,347.0,ttd300_n30_L4_f100,1,ok,-31711.2158,24254.0,55965.2158,1119.3043,450.0102,350.7511,28,20,8,10,28122.0,68251.0,9401262,,
SA,ttd300,30,5,1.0,331.0,331.0,ttd300_n30_L5_f100,1,ok,-29091.9837,22868.0,51959.9837,1039.1997,450.0185,209.6542,27,17,10,13,27139.0,68251.0,28463629,251,
VNS,ttd300,30,5,1.0,331.0,331.0,ttd300_n30_L5_f100,1,ok,-31700.7576,22679.0,54379.7576,1087.5952,450.0951,199.6884,27,18,9,10,27139.0,68251.0,13751120,,
SA,ttd300,30,4,1.0,347.0,347.0,ttd300_n30_L4_f100,1,ok,-28656.1039,25258.0,53914.1039,1078.2821,450.7592,450.7592,30,18,12,12,30137.0,68251.0,28372582,251,
VNS,ttd300,30,1,0.25,94.0,374.0,ttd300_n30_L1_f025,2,ok,-52332.7778,20448.0,72780.7778,1455.6156,450.0171,102.2529,24,18,6,8,24118.0,68251.0,25392068,,
SA,ttd300,30,1,0.25,94.0,374.0,ttd300_n30_L1_f025,2,ok,-52631.4297,22418.0,75049.4297,1500.9886,450.5051,450.505,26,19,7,9,26124.0,68251.0,31954493,282,
SA,ttd300,30,2,0.25,93.0,372.0,ttd300_n30_L2_f025,2,ok,-42801.8218,21784.0,64585.8218,1291.7164,450.0405,165.7097,25,15,10,12,25102.0,68251.0,31198443,276,
VNS,ttd300,30,2,0.25,93.0,372.0,ttd300_n30_L2_f025,2,ok,-44862.6079,21647.0,66509.6079,1330.1922,450.0402,4.8871,25,13,12,13,25106.0,68251.0,58919362,,
SA,ttd300,30,3,0.25,80.0,321.0,ttd300_n30_L3_f025,2,ok,-48249.3926,20493.0,68742.3926,1374.8479,450.1683,274.0934,25,16,9,9,25104.0,68251.0,33707695,298,
VNS,ttd300,30,3,0.25,80.0,321.0,ttd300_n30_L3_f025,2,ok,-48399.0429,20493.0,68892.0429,1377.8409,450.0,64.9449,25,16,9,9,25104.0,68251.0,25376544,,
SA,ttd300,30,4,0.25,87.0,347.0,ttd300_n30_L4_f025,2,ok,-49447.4926,19948.0,69395.4926,1387.9099,450.0281,315.4916,23,14,9,10,23102.0,68251.0,32578663,288,
VNS,ttd300,30,4,0.25,87.0,347.0,ttd300_n30_L4_f025,2,ok,-49447.4926,19948.0,69395.4926,1387.9099,450.0,22.4907,23,14,9,10,23102.0,68251.0,30424486,,
VNS,ttd300,30,5,0.25,83.0,331.0,ttd300_n30_L5_f025,2,ok,-44665.0907,20563.0,65228.0907,1304.5618,450.0,43.0677,24,16,8,9,24128.0,68251.0,19377434,,
SA,ttd300,30,1,0.5,187.0,374.0,ttd300_n30_L1_f050,2,ok,-36856.7859,23686.0,60542.7859,1210.8557,450.016,111.0879,28,16,12,13,28141.0,68251.0,27159324,240,
VNS,ttd300,30,1,0.5,187.0,374.0,ttd300_n30_L1_f050,2,ok,-37469.6486,24690.0,62159.6486,1243.193,450.0,403.0751,29,18,11,12,29148.0,68251.0,24928908,,
SA,ttd300,30,5,0.25,83.0,331.0,ttd300_n30_L5_f025,2,ok,-45751.5127,19612.0,65363.5127,1307.2703,450.2589,30.327,23,15,8,9,23119.0,68251.0,32373876,286,
SA,ttd300,30,2,0.5,186.0,372.0,ttd300_n30_L2_f050,2,ok,-38546.5862,22502.0,61048.5862,1220.9717,450.0166,415.4025,26,13,13,13,26102.0,68251.0,28481571,252,
VNS,ttd300,30,2,0.5,186.0,372.0,ttd300_n30_L2_f050,2,ok,-39233.0877,23204.0,62437.0877,1248.7418,450.0,13.4644,27,17,10,12,27110.0,68251.0,19964741,,
SA,ttd300,30,3,0.5,160.0,321.0,ttd300_n30_L3_f050,2,ok,-31718.4363,23224.0,54942.4363,1098.8487,450.0178,65.5541,28,14,14,14,28114.0,68251.0,28951032,256,
VNS,ttd300,30,3,0.5,160.0,321.0,ttd300_n30_L3_f050,2,ok,-31073.8309,23892.0,54965.8309,1099.3166,450.026,28.9532,29,17,12,12,29119.0,68251.0,28105061,,
SA,ttd300,30,4,0.5,174.0,347.0,ttd300_n30_L4_f050,2,ok,-34430.7005,24496.0,58926.7005,1178.534,450.0483,360.2416,29,19,10,11,29131.0,68251.0,28521215,252,
VNS,ttd300,30,4,0.5,174.0,347.0,ttd300_n30_L4_f050,2,ok,-35814.0982,23363.0,59177.0982,1183.542,450.0169,143.8705,27,17,10,13,27122.0,68251.0,33418340,,
VNS,ttd300,30,5,0.5,166.0,331.0,ttd300_n30_L5_f050,2,ok,-34294.6565,22150.0,56444.6565,1128.8931,450.0001,155.7405,26,15,11,12,26133.0,68251.0,26827101,,
SA,ttd300,30,5,0.5,166.0,331.0,ttd300_n30_L5_f050,2,ok,-33046.4685,22909.0,55955.4685,1119.1094,450.0327,450.0326,27,14,13,14,27140.0,68251.0,28143489,248,
VNS,ttd300,30,1,0.75,280.0,374.0,ttd300_n30_L1_f075,2,ok,-32158.8295,25223.0,57381.8295,1147.6366,450.0129,430.3106,30,19,11,11,30154.0,68251.0,18374840,,
VNS,ttd300,30,2,0.75,279.0,372.0,ttd300_n30_L2_f075,2,ok,-36206.6379,23312.0,59518.6379,1190.3728,450.0754,87.8938,27,18,9,10,27114.0,68251.0,15787542,,
SA,ttd300,30,2,0.75,279.0,372.0,ttd300_n30_L2_f075,2,ok,-34597.4849,24004.0,58601.4849,1172.0297,450.3472,450.3471,28,17,11,11,28110.0,68251.0,27987768,247,
SA,ttd300,30,1,0.75,280.0,374.0,ttd300_n30_L1_f075,2,ok,-30764.1108,25223.0,55987.1108,1119.7422,450.8123,450.8122,30,18,12,12,30154.0,68251.0,27512608,243,
VNS,ttd300,30,3,0.75,241.0,321.0,ttd300_n30_L3_f075,2,ok,-30049.8887,23224.0,53273.8887,1065.4778,450.0099,96.9454,28,18,10,11,28114.0,68251.0,15613403,,
SA,ttd300,30,3,0.75,241.0,321.0,ttd300_n30_L3_f075,2,ok,-26322.466,23892.0,50214.466,1004.2893,450.4088,450.4088,29,18,11,12,29119.0,68251.0,28116753,248,
SA,ttd300,30,4,0.75,260.0,347.0,ttd300_n30_L4_f075,2,ok,-28140.4541,25258.0,53398.4541,1067.9691,450.21,450.21,30,18,12,12,30137.0,68251.0,28464983,251,
VNS,ttd300,30,4,0.75,260.0,347.0,ttd300_n30_L4_f075,2,ok,-28572.1382,25258.0,53830.1382,1076.6028,450.0152,287.4254,30,20,10,10,30137.0,68251.0,26826729,,
VNS,ttd300,30,5,0.75,248.0,331.0,ttd300_n30_L5_f075,2,ok,-32345.1388,22873.0,55218.1388,1104.3628,450.0534,381.0369,27,18,9,10,27136.0,68251.0,17635903,,
SA,ttd300,30,5,0.75,248.0,331.0,ttd300_n30_L5_f075,2,ok,-29504.7082,23591.0,53095.7082,1061.9142,450.4452,450.4452,28,16,12,12,28142.0,68251.0,28139316,248,
SA,ttd300,30,1,1.0,374.0,374.0,ttd300_n30_L1_f100,2,ok,-30000.9587,25223.0,55223.9587,1104.4792,450.018,318.0563,30,16,14,14,30154.0,68251.0,27663374,244,
VNS,ttd300,30,1,1.0,374.0,374.0,ttd300_n30_L1_f100,2,ok,-28563.0648,24668.0,53231.0648,1064.6213,450.0,355.768,29,20,9,10,29146.0,68251.0,13195009,,
VNS,ttd300,30,2,1.0,372.0,372.0,ttd300_n30_L2_f100,2,ok,-36724.2585,24865.0,61589.2585,1231.7852,450.0,53.2095,29,19,10,10,29122.0,68251.0,12677557,,
SA,ttd300,30,2,1.0,372.0,372.0,ttd300_n30_L2_f100,2,ok,-34409.9479,23185.0,57594.9479,1151.899,450.2466,450.2465,27,18,9,10,27116.0,68251.0,28305425,250,
VNS,ttd300,30,3,1.0,321.0,321.0,ttd300_n30_L3_f100,2,ok,-37923.5889,21449.0,59372.5889,1187.4518,450.0744,25.7712,25,16,9,10,25112.0,68251.0,15048342,,
SA,ttd300,30,3,1.0,321.0,321.0,ttd300_n30_L3_f100,2,ok,-28224.3281,23892.0,52116.3281,1042.3266,450.871,450.871,29,18,11,12,29119.0,68251.0,28201019,249,
VNS,ttd300,30,4,1.0,347.0,347.0,ttd300_n30_L4_f100,2,ok,-29867.6375,24688.0,54555.6375,1091.1127,450.0125,200.1354,29,19,10,10,29131.0,68251.0,13152487,,
SA,ttd300,30,5,1.0,331.0,331.0,ttd300_n30_L5_f100,2,ok,-30970.7021,24759.0,55729.7021,1114.594,450.1602,450.1602,30,20,10,10,30157.0,68251.0,28372552,251,
SA,ttd300,30,4,1.0,347.0,347.0,ttd300_n30_L4_f100,2,ok,-28194.5849,25258.0,53452.5849,1069.0517,450.7406,450.7406,30,18,12,12,30137.0,68251.0,28503676,252,
VNS,ttd300,30,5,1.0,331.0,331.0,ttd300_n30_L5_f100,2,ok,-34431.8126,21552.0,55983.8126,1119.6763,450.0,393.7619,25,16,9,10,25125.0,68251.0,14345114,,
SA,ttd300,30,1,0.25,94.0,374.0,ttd300_n30_L1_f025,3,ok,-53330.2638,20448.0,73778.2638,1475.5653,450.0257,443.4334,24,16,8,10,24118.0,68251.0,31488913,278,
VNS,ttd300,30,1,0.25,94.0,374.0,ttd300_n30_L1_f025,3,ok,-54242.1201,18707.0,72949.1201,1458.9824,450.0561,16.0871,22,16,6,9,22112.0,68251.0,13695015,,
SA,ttd300,30,2,0.25,93.0,372.0,ttd300_n30_L2_f025,3,ok,-42801.8218,21784.0,64585.8218,1291.7164,450.0406,328.3175,25,15,10,12,25102.0,68251.0,31176285,275,
VNS,ttd300,30,2,0.25,93.0,372.0,ttd300_n30_L2_f025,3,ok,-44862.6079,21647.0,66509.6079,1330.1922,450.0003,7.9812,25,13,12,13,25106.0,68251.0,59359539,,
SA,ttd300,30,3,0.25,80.0,321.0,ttd300_n30_L3_f025,3,ok,-48249.3926,20493.0,68742.3926,1374.8479,450.1589,132.7955,25,16,9,9,25104.0,68251.0,34007113,301,
VNS,ttd300,30,3,0.25,80.0,321.0,ttd300_n30_L3_f025,3,ok,-48763.3614,20493.0,69256.3614,1385.1272,450.0035,68.5399,25,16,9,9,25104.0,68251.0,24482098,,
SA,ttd300,30,4,0.25,87.0,347.0,ttd300_n30_L4_f025,3,ok,-49210.9518,22545.0,71755.9518,1435.119,450.0225,373.647,26,16,10,11,26112.0,68251.0,32928182,291,
VNS,ttd300,30,4,0.25,87.0,347.0,ttd300_n30_L4_f025,3,ok,-49102.4367,22545.0,71647.4367,1432.9487,450.0017,65.588,26,16,10,11,26112.0,68251.0,56603218,,
VNS,ttd300,30,5,0.25,83.0,331.0,ttd300_n30_L5_f025,3,ok,-44665.0907,20563.0,65228.0907,1304.5618,450.1275,125.7406,24,16,8,9,24128.0,68251.0,21145361,,
SA,ttd300,30,5,0.25,83.0,331.0,ttd300_n30_L5_f025,3,ok,-44766.7324,20563.0,65329.7324,1306.5946,450.2639,186.4196,24,16,8,9,24128.0,68251.0,32674565,289,
SA,ttd300,30,1,0.5,187.0,374.0,ttd300_n30_L1_f050,3,ok,-35227.0582,25223.0,60450.0582,1209.0012,450.0171,360.3144,30,17,13,13,30154.0,68251.0,28023437,247,
VNS,ttd300,30,1,0.5,187.0,374.0,ttd300_n30_L1_f050,3,ok,-41275.4569,23168.0,64443.4569,1288.8691,450.0014,186.1709,27,17,10,11,27139.0,68251.0,21359606,,
SA,ttd300,30,2,0.5,186.0,372.0,ttd300_n30_L2_f050,3,ok,-37994.161,24042.0,62036.161,1240.7232,450.0182,238.9654,28,15,13,14,28115.0,68251.0,27666234,244,
VNS,ttd300,30,2,0.5,186.0,372.0,ttd300_n30_L2_f050,3,ok,-37836.8522,24023.0,61859.8522,1237.197,450.0135,11.019,28,18,10,11,28121.0,68251.0,32768881,,
SA,ttd300,30,3,0.5,160.0,321.0,ttd300_n30_L3_f050,3,ok,-31713.6407,23224.0,54937.6407,1098.7528,450.0169,240.6235,28,14,14,14,28114.0,68251.0,28572739,252,
VNS,ttd300,30,3,0.5,160.0,321.0,ttd300_n30_L3_f050,3,ok,-31073.8309,23892.0,54965.8309,1099.3166,450.0,51.4675,29,17,12,12,29119.0,68251.0,28795885,,
SA,ttd300,30,4,0.5,174.0,347.0,ttd300_n30_L4_f050,3,ok,-33930.1552,24254.0,58184.1552,1163.6831,450.0302,450.0302,28,17,11,13,28122.0,68251.0,28134093,248,
VNS,ttd300,30,4,0.5,174.0,347.0,ttd300_n30_L4_f050,3,ok,-35176.961,23553.0,58729.961,1174.5992,450.0062,112.8371,27,18,9,12,27118.0,68251.0,42631187,,
SA,ttd300,30,5,0.5,166.0,331.0,ttd300_n30_L5_f050,3,ok,-33594.3774,23444.0,57038.3774,1140.7675,450.0274,450.0274,28,16,12,13,28147.0,68251.0,28236267,249,
VNS,ttd300,30,5,0.5,166.0,331.0,ttd300_n30_L5_f050,3,ok,-34666.2402,22087.0,56753.2402,1135.0648,450.0,424.8134,26,16,10,13,26132.0,68251.0,45588101,,
VNS,ttd300,30,1,0.75,280.0,374.0,ttd300_n30_L1_f075,3,ok,-32882.6368,24135.0,57017.6368,1140.3527,450.1688,422.8472,28,19,9,11,28140.0,68251.0,19706053,,
VNS,ttd300,30,2,0.75,279.0,372.0,ttd300_n30_L2_f075,3,ok,-37878.0474,23308.0,61186.0474,1223.7209,450.0399,81.1708,27,18,9,10,27118.0,68251.0,11151061,,
SA,ttd300,30,2,0.75,279.0,372.0,ttd300_n30_L2_f075,3,ok,-34362.5823,24004.0,58366.5823,1167.3316,450.8708,450.8708,28,16,12,12,28110.0,68251.0,28241950,249,
SA,ttd300,30,1,0.75,280.0,374.0,ttd300_n30_L1_f075,3,ok,-29357.515,24135.0,53492.515,1069.8503,451.179,451.179,28,17,11,12,28140.0,68251.0,27286098,241,
VNS,ttd300,30,3,0.75,241.0,321.0,ttd300_n30_L3_f075,3,ok,-26525.3418,24508.0,51033.3418,1020.6668,450.0151,300.4406,30,19,11,11,30126.0,68251.0,19770590,,
SA,ttd300,30,3,0.75,241.0,321.0,ttd300_n30_L3_f075,3,ok,-27470.9024,23892.0,51362.9024,1027.258,450.6009,450.6009,29,18,11,12,29119.0,68251.0,28480534,252,
VNS,ttd300,30,4,0.75,260.0,347.0,ttd300_n30_L4_f075,3,ok,-28572.1382,25258.0,53830.1382,1076.6028,450.0075,267.1489,30,20,10,10,30137.0,68251.0,24084609,,
SA,ttd300,30,4,0.75,260.0,347.0,ttd300_n30_L4_f075,3,ok,-27375.5934,25258.0,52633.5934,1052.6719,450.1187,450.1187,30,19,11,11,30137.0,68251.0,27737525,245,
SA,ttd300,30,5,0.75,248.0,331.0,ttd300_n30_L5_f075,3,ok,-31219.1044,23444.0,54663.1044,1093.2621,450.1037,450.1037,28,18,10,11,28147.0,68251.0,28455405,251,
VNS,ttd300,30,5,0.75,248.0,331.0,ttd300_n30_L5_f075,3,ok,-34082.828,22856.0,56938.828,1138.7766,450.0,86.7647,27,16,11,11,27138.0,68251.0,36608894,,
VNS,ttd300,30,1,1.0,374.0,374.0,ttd300_n30_L1_f100,3,ok,-29094.864,25223.0,54317.864,1086.3573,450.037,339.0044,30,20,10,10,30154.0,68251.0,15573775,,
SA,ttd300,30,1,1.0,374.0,374.0,ttd300_n30_L1_f100,3,ok,-30062.0553,24690.0,54752.0553,1095.0411,450.4412,450.4411,29,19,10,11,29148.0,68251.0,27612333,244,
SA,ttd300,30,2,1.0,372.0,372.0,ttd300_n30_L2_f100,3,ok,-33962.2045,24004.0,57966.2045,1159.3241,450.2721,450.2721,28,18,10,10,28110.0,68251.0,28593773,252,
VNS,ttd300,30,2,1.0,372.0,372.0,ttd300_n30_L2_f100,3,ok,-38499.0987,23503.0,62002.0987,1240.042,450.0762,43.2559,27,18,9,10,27110.0,68251.0,11030972,,
SA,ttd300,30,3,1.0,321.0,321.0,ttd300_n30_L3_f100,3,ok,-27030.9498,23224.0,50254.9498,1005.099,450.1983,450.1983,28,19,9,10,28114.0,68251.0,28652823,253,
VNS,ttd300,30,3,1.0,321.0,321.0,ttd300_n30_L3_f100,3,ok,-28055.7653,23224.0,51279.7653,1025.5953,450.0,95.4139,28,19,9,10,28114.0,68251.0,11180556,,
VNS,ttd300,30,4,1.0,347.0,347.0,ttd300_n30_L4_f100,3,ok,-30039.7083,24254.0,54293.7083,1085.8742,450.0,166.1417,28,19,9,10,28122.0,68251.0,16083321,,
SA,ttd300,30,4,1.0,347.0,347.0,ttd300_n30_L4_f100,3,ok,-28640.2689,25258.0,53898.2689,1077.9654,450.41,450.4099,30,19,11,11,30137.0,68251.0,28993010,256,
VNS,ttd300,30,5,1.0,331.0,331.0,ttd300_n30_L5_f100,3,ok,-30905.7834,24759.0,55664.7834,1113.2957,450.0049,31.5791,30,20,10,10,30157.0,68251.0,12659481,,
SA,ttd300,30,5,1.0,331.0,331.0,ttd300_n30_L5_f100,3,ok,-31059.4414,22679.0,53738.4414,1074.7688,450.3279,450.3279,27,18,9,11,27139.0,68251.0,28196247,249,
SA,ttd300,30,1,0.25,94.0,374.0,ttd300_n30_L1_f025,4,ok,-53082.7127,21425.0,74507.7127,1490.1543,450.0236,197.9784,25,17,8,10,25122.0,68251.0,31033971,274,
VNS,ttd300,30,1,0.25,94.0,374.0,ttd300_n30_L1_f025,4,ok,-54367.252,18707.0,73074.252,1461.485,450.1649,164.8487,22,16,6,9,22112.0,68251.0,18323887,,
SA,ttd300,30,2,0.25,93.0,372.0,ttd300_n30_L2_f025,4,ok,-42801.8218,21784.0,64585.8218,1291.7164,450.0409,310.1687,25,15,10,12,25102.0,68251.0,31802811,281,
VNS,ttd300,30,2,0.25,93.0,372.0,ttd300_n30_L2_f025,4,ok,-44862.6079,21647.0,66509.6079,1330.1922,450.0055,1.8653,25,13,12,13,25106.0,68251.0,59547040,,
SA,ttd300,30,3,0.25,80.0,321.0,ttd300_n30_L3_f025,4,ok,-48249.3926,20493.0,68742.3926,1374.8479,450.1671,440.5153,25,16,9,9,25104.0,68251.0,33666510,298,
VNS,ttd300,30,3,0.25,80.0,321.0,ttd300_n30_L3_f025,4,ok,-48399.0429,20493.0,68892.0429,1377.8409,450.0007,59.5763,25,16,9,9,25104.0,68251.0,25048241,,
SA,ttd300,30,4,0.25,87.0,347.0,ttd300_n30_L4_f025,4,ok,-49522.1979,22545.0,72067.1979,1441.344,450.0205,213.7226,26,17,9,10,26112.0,68251.0,33201921,294,
VNS,ttd300,30,4,0.25,87.0,347.0,ttd300_n30_L4_f025,4,ok,-49102.4367,22545.0,71647.4367,1432.9487,450.037,10.7792,26,16,10,11,26112.0,68251.0,56356731,,
SA,ttd300,30,5,0.25,83.0,331.0,ttd300_n30_L5_f025,4,ok,-44665.0907,20563.0,65228.0907,1304.5618,450.2538,450.2538,24,16,8,9,24128.0,68251.0,32400691,286,
VNS,ttd300,30,5,0.25,83.0,331.0,ttd300_n30_L5_f025,4,ok,-44665.0907,20563.0,65228.0907,1304.5618,450.0261,22.4496,24,16,8,9,24128.0,68251.0,18796991,,
VNS,ttd300,30,1,0.5,187.0,374.0,ttd300_n30_L1_f050,4,ok,-41275.4569,23168.0,64443.4569,1288.8691,450.0,91.9941,27,17,10,11,27139.0,68251.0,24839602,,
SA,ttd300,30,1,0.5,187.0,374.0,ttd300_n30_L1_f050,4,ok,-36165.5091,24492.0,60657.5091,1213.1502,450.3212,450.3211,29,17,12,12,29150.0,68251.0,27701962,244,
SA,ttd300,30,2,0.5,186.0,372.0,ttd300_n30_L2_f050,4,ok,-37775.0693,24772.0,62547.0693,1250.9414,450.0281,450.028,29,16,13,13,29116.0,68251.0,28322094,250,
VNS,ttd300,30,2,0.5,186.0,372.0,ttd300_n30_L2_f050,4,ok,-37328.7382,24004.0,61332.7382,1226.6548,450.0,436.3669,28,16,12,12,28110.0,68251.0,37422850,,
SA,ttd300,30,3,0.5,160.0,321.0,ttd300_n30_L3_f050,4,ok,-31536.3378,23224.0,54760.3378,1095.2068,450.019,235.4382,28,15,13,13,28114.0,68251.0,28907065,255,
VNS,ttd300,30,3,0.5,160.0,321.0,ttd300_n30_L3_f050,4,ok,-30592.3865,23892.0,54484.3865,1089.6877,450.0201,160.8131,29,16,13,13,29119.0,68251.0,33590552,,
SA,ttd300,30,4,0.5,174.0,347.0,ttd300_n30_L4_f050,4,ok,-33994.5498,23492.0,57486.5498,1149.731,450.0173,223.8181,27,17,10,13,27116.0,68251.0,28135905,249,
VNS,ttd300,30,4,0.5,174.0,347.0,ttd300_n30_L4_f050,4,ok,-35138.6974,23451.0,58589.6974,1171.7939,450.0457,447.8618,27,16,11,12,27114.0,68251.0,31533318,,
SA,ttd300,30,5,0.5,166.0,331.0,ttd300_n30_L5_f050,4,ok,-32730.2222,22909.0,55639.2222,1112.7844,450.0185,384.7921,27,15,12,13,27140.0,68251.0,28269553,250,
VNS,ttd300,30,5,0.5,166.0,331.0,ttd300_n30_L5_f050,4,ok,-35613.1901,21552.0,57165.1901,1143.3038,450.0039,92.7936,25,15,10,12,25125.0,68251.0,46549205,,
VNS,ttd300,30,1,0.75,280.0,374.0,ttd300_n30_L1_f075,4,ok,-30416.3068,24690.0,55106.3068,1102.1261,450.043,378.8074,29,20,9,10,29148.0,68251.0,23003483,,
SA,ttd300,30,1,0.75,280.0,374.0,ttd300_n30_L1_f075,4,ok,-31013.6961,25223.0,56236.6961,1124.7339,450.551,450.5509,30,18,12,12,30154.0,68251.0,27531495,243,
VNS,ttd300,30,2,0.75,279.0,372.0,ttd300_n30_L2_f075,4,ok,-36206.6379,23312.0,59518.6379,1190.3728,450.0,332.0627,27,18,9,10,27114.0,68251.0,14953257,,
SA,ttd300,30,2,0.75,279.0,372.0,ttd300_n30_L2_f075,4,ok,-35867.7638,24150.0,60017.7638,1200.3553,450.1777,450.1776,28,19,9,10,28119.0,68251.0,28383249,251,
SA,ttd300,30,3,0.75,241.0,321.0,ttd300_n30_L3_f075,4,ok,-29383.1337,24508.0,53891.1337,1077.8227,450.0299,450.0299,30,17,13,13,30126.0,68251.0,28299985,250,
VNS,ttd300,30,3,0.75,241.0,321.0,ttd300_n30_L3_f075,4,ok,-28561.5587,23224.0,51785.5587,1035.7112,450.0034,68.2542,28,19,9,10,28114.0,68251.0,15030377,,
SA,ttd300,30,4,0.75,260.0,347.0,ttd300_n30_L4_f075,4,ok,-29779.2037,25258.0,55037.2037,1100.7441,450.069,450.069,30,20,10,10,30137.0,68251.0,28284028,250,
VNS,ttd300,30,4,0.75,260.0,347.0,ttd300_n30_L4_f075,4,ok,-30667.3352,24824.0,55491.3352,1109.8267,450.0042,442.2039,29,20,9,10,29128.0,68251.0,24086583,,
SA,ttd300,30,5,0.75,248.0,331.0,ttd300_n30_L5_f075,4,ok,-30729.5436,24114.0,54843.5436,1096.8709,450.1498,450.1498,29,18,11,11,29148.0,68251.0,28362933,250,
VNS,ttd300,30,5,0.75,248.0,331.0,ttd300_n30_L5_f075,4,ok,-31528.4477,24759.0,56287.4477,1125.749,450.0096,88.8614,30,19,11,11,30157.0,68251.0,33657024,,
VNS,ttd300,30,1,1.0,374.0,374.0,ttd300_n30_L1_f100,4,ok,-31061.7243,24057.0,55118.7243,1102.3745,450.0923,291.0267,28,19,9,10,28141.0,68251.0,16652638,,
SA,ttd300,30,1,1.0,374.0,374.0,ttd300_n30_L1_f100,4,ok,-27842.4402,25223.0,53065.4402,1061.3088,451.0574,451.0573,30,18,12,12,30154.0,68251.0,27690857,245,
VNS,ttd300,30,2,1.0,372.0,372.0,ttd300_n30_L2_f100,4,ok,-37129.1581,23308.0,60437.1581,1208.7432,450.0602,386.2515,27,18,9,10,27118.0,68251.0,12813235,,
SA,ttd300,30,3,1.0,321.0,321.0,ttd300_n30_L3_f100,4,ok,-27086.6575,23892.0,50978.6575,1019.5732,450.2079,450.2079,29,20,9,10,29119.0,68251.0,28361781,250,
VNS,ttd300,30,3,1.0,321.0,321.0,ttd300_n30_L3_f100,4,ok,-30148.7099,23224.0,53372.7099,1067.4542,450.0036,404.4068,28,19,9,10,28114.0,68251.0,10263314,,
SA,ttd300,30,2,1.0,372.0,372.0,ttd300_n30_L2_f100,4,ok,-34551.4843,24004.0,58555.4843,1171.1097,451.7097,451.7097,28,16,12,12,28110.0,68251.0,28545680,252,
SA,ttd300,30,4,1.0,347.0,347.0,ttd300_n30_L4_f100,4,ok,-29495.1462,25258.0,54753.1462,1095.0629,450.3782,450.3782,30,19,11,11,30137.0,68251.0,28160491,249,
VNS,ttd300,30,4,1.0,347.0,347.0,ttd300_n30_L4_f100,4,ok,-28605.5467,24824.0,53429.5467,1068.5909,450.0421,178.7727,29,19,10,10,29128.0,68251.0,11141385,,
VNS,ttd300,30,5,1.0,331.0,331.0,ttd300_n30_L5_f100,4,ok,-30905.7834,24759.0,55664.7834,1113.2957,450.0427,88.5738,30,20,10,10,30157.0,68251.0,12722052,,
SA,ttd300,30,5,1.0,331.0,331.0,ttd300_n30_L5_f100,4,ok,-30877.7251,22868.0,53745.7251,1074.9145,450.6837,450.6837,27,16,11,12,27139.0,68251.0,28331575,250,
SA,ttd300,40,1,0.25,94.0,378.0,ttd300_n40_L1_f025,1,ok,-43626.2665,31792.0,75418.2665,1508.3653,600.033,281.7673,36,24,12,14,36164.0,91001.0,35018485,234,
VNS,ttd300,40,1,0.25,94.0,378.0,ttd300_n40_L1_f025,1,ok,-42965.9477,31838.0,74803.9477,1496.079,600.0058,505.8896,36,23,13,15,36163.0,91001.0,73930208,,
SA,ttd300,40,2,0.25,80.0,321.0,ttd300_n40_L2_f025,1,ok,-46477.8955,32463.0,78940.8955,1578.8179,600.1439,600.1438,38,27,11,11,38138.0,91001.0,35821812,239,
VNS,ttd300,40,2,0.25,80.0,321.0,ttd300_n40_L2_f025,1,ok,-46372.6659,32463.0,78835.6659,1576.7133,600.0,582.4082,38,27,11,12,38138.0,91001.0,51166707,,
VNS,ttd300,40,3,0.25,96.0,382.0,ttd300_n40_L3_f025,1,ok,-54244.8596,32760.0,87004.8596,1740.0972,600.0666,302.6423,37,22,15,16,37190.0,91001.0,78969746,,
SA,ttd300,40,3,0.25,96.0,382.0,ttd300_n40_L3_f025,1,ok,-54022.8584,30860.0,84882.8584,1697.6572,600.1882,600.1882,35,23,12,13,35176.0,91001.0,34987954,234,
SA,ttd300,40,4,0.25,91.0,365.0,ttd300_n40_L4_f025,1,ok,-50966.2765,31985.0,82951.2765,1659.0255,600.0332,27.8199,37,25,12,13,37168.0,91001.0,35957270,240,
VNS,ttd300,40,4,0.25,91.0,365.0,ttd300_n40_L4_f025,1,ok,-51033.8834,32000.0,83033.8834,1660.6777,600.004,578.5337,37,24,13,14,37170.0,91001.0,70271442,,
SA,ttd300,40,5,0.25,100.0,400.0,ttd300_n40_L5_f025,1,ok,-47878.8268,29645.0,77523.8268,1550.4765,600.0343,514.4966,35,23,12,14,35153.0,91001.0,34233872,228,
VNS,ttd300,40,5,0.25,100.0,400.0,ttd300_n40_L5_f025,1,ok,-47354.2787,29573.0,76927.2787,1538.5456,600.0001,597.5522,35,22,13,16,35155.0,91001.0,68532769,,
SA,ttd300,40,1,0.5,189.0,378.0,ttd300_n40_L1_f050,1,ok,-32699.0651,33658.0,66357.0651,1327.1413,600.0363,71.5224,39,23,16,16,39181.0,91001.0,32004199,213,
VNS,ttd300,40,1,0.5,189.0,378.0,ttd300_n40_L1_f050,1,ok,-35171.3552,32394.0,67565.3552,1351.3071,600.1369,37.3262,37,26,11,12,37172.0,91001.0,34385136,,
SA,ttd300,40,2,0.5,160.0,321.0,ttd300_n40_L2_f050,1,ok,-31951.727,33125.0,65076.727,1301.5345,600.0766,600.0765,39,24,15,16,39139.0,91001.0,31894181,212,
VNS,ttd300,40,2,0.5,160.0,321.0,ttd300_n40_L2_f050,1,ok,-38066.7266,32310.0,70376.7266,1407.5345,600.1165,298.2539,38,27,11,12,38139.0,91001.0,27520270,,
SA,ttd300,40,3,0.5,191.0,382.0,ttd300_n40_L3_f050,1,ok,-38476.999,33993.0,72469.999,1449.4,600.0356,551.2742,39,23,16,16,39191.0,91001.0,31087645,207,
VNS,ttd300,40,3,0.5,191.0,382.0,ttd300_n40_L3_f050,1,ok,-45714.8481,32575.0,78289.8481,1565.797,600.1367,67.6418,37,24,13,13,37175.0,91001.0,16021523,,
SA,ttd300,40,4,0.5,182.0,365.0,ttd300_n40_L4_f050,1,ok,-33658.5484,34224.0,67882.5484,1357.651,600.0332,406.2263,40,22,18,18,40175.0,91001.0,31202922,208,
VNS,ttd300,40,4,0.5,182.0,365.0,ttd300_n40_L4_f050,1,ok,-35727.4845,32397.0,68124.4845,1362.4897,600.2236,587.1471,37,23,14,14,37158.0,91001.0,23908221,,
SA,ttd300,40,5,0.5,200.0,400.0,ttd300_n40_L5_f050,1,ok,-34715.6551,31702.0,66417.6551,1328.3531,600.0329,15.2244,38,21,17,17,38163.0,91001.0,31628206,211,
VNS,ttd300,40,5,0.5,200.0,400.0,ttd300_n40_L5_f050,1,ok,-36689.5587,31702.0,68391.5587,1367.8312,600.0,439.0165,38,25,13,13,38163.0,91001.0,38896136,,
SA,ttd300,40,1,0.75,284.0,378.0,ttd300_n40_L1_f075,1,ok,-32803.6789,34418.0,67221.6789,1344.4336,600.0356,205.7066,40,23,17,17,40182.0,91001.0,31877797,213,
VNS,ttd300,40,1,0.75,284.0,378.0,ttd300_n40_L1_f075,1,ok,-34460.7883,33200.0,67660.7883,1353.2158,600.0487,396.8424,38,29,9,10,38167.0,91001.0,19720359,,
SA,ttd300,40,2,0.75,241.0,321.0,ttd300_n40_L2_f075,1,ok,-29326.3629,33663.0,62989.3629,1259.7873,600.0582,600.0581,40,24,16,16,40143.0,91001.0,31385671,209,
VNS,ttd300,40,2,0.75,241.0,321.0,ttd300_n40_L2_f075,1,ok,-34528.5699,33109.0,67637.5699,1352.7514,600.0369,163.3002,39,27,12,13,39140.0,91001.0,14573560,,
SA,ttd300,40,3,0.75,286.0,382.0,ttd300_n40_L3_f075,1,ok,-37570.5327,34653.0,72223.5327,1444.4707,600.0336,259.8162,40,24,16,16,40192.0,91001.0,31457488,210,
VNS,ttd300,40,3,0.75,286.0,382.0,ttd300_n40_L3_f075,1,ok,-44238.5193,33235.0,77473.5193,1549.4704,600.5112,582.3484,38,27,11,12,38176.0,91001.0,11697751,,
SA,ttd300,40,4,0.75,274.0,365.0,ttd300_n40_L4_f075,1,ok,-32844.5313,34224.0,67068.5313,1341.3706,600.0335,391.8872,40,24,16,16,40175.0,91001.0,31399392,209,
VNS,ttd300,40,4,0.75,274.0,365.0,ttd300_n40_L4_f075,1,ok,-41826.1584,32397.0,74223.1584,1484.4632,600.1107,577.7766,37,26,11,11,37158.0,91001.0,18854920,,
SA,ttd300,40,5,0.75,300.0,400.0,ttd300_n40_L5_f075,1,ok,-32349.4554,32176.0,64525.4554,1290.5091,600.036,298.5176,39,24,15,16,39169.0,91001.0,31649654,211,
VNS,ttd300,40,5,0.75,300.0,400.0,ttd300_n40_L5_f075,1,ok,-35075.4762,31041.0,66116.4762,1322.3295,600.0001,469.6998,37,27,10,11,37162.0,91001.0,21362694,,
SA,ttd300,40,1,1.0,378.0,378.0,ttd300_n40_L1_f100,1,ok,-32515.4175,34418.0,66933.4175,1338.6684,600.0397,105.3634,40,24,16,16,40182.0,91001.0,31474708,210,
VNS,ttd300,40,1,1.0,378.0,378.0,ttd300_n40_L1_f100,1,ok,-36008.201,33756.0,69764.201,1395.284,600.0,182.23,39,29,10,10,39176.0,91001.0,12081370,,
SA,ttd300,40,2,1.0,321.0,321.0,ttd300_n40_L2_f100,1,ok,-28807.6133,33663.0,62470.6133,1249.4123,600.0384,32.5753,40,25,15,15,40143.0,91001.0,31613985,211,
VNS,ttd300,40,2,1.0,321.0,321.0,ttd300_n40_L2_f100,1,ok,-29998.5333,33017.0,63015.5333,1260.3107,600.1754,294.8496,39,29,10,10,39141.0,91001.0,21585322,,
SA,ttd300,40,3,1.0,382.0,382.0,ttd300_n40_L3_f100,1,ok,-36001.7788,33420.0,69421.7788,1388.4356,600.0404,597.8275,38,24,14,15,38191.0,91001.0,31516919,210,
VNS,ttd300,40,3,1.0,382.0,382.0,ttd300_n40_L3_f100,1,ok,-42423.7682,34653.0,77076.7682,1541.5354,600.0,577.6073,40,30,10,10,40192.0,91001.0,14517395,,
SA,ttd300,40,4,1.0,365.0,365.0,ttd300_n40_L4_f100,1,ok,-33293.7191,34224.0,67517.7191,1350.3544,600.0894,600.0894,40,27,13,13,40175.0,91001.0,31340242,209,
VNS,ttd300,40,4,1.0,365.0,365.0,ttd300_n40_L4_f100,1,ok,-45378.9515,31576.0,76954.9515,1539.099,600.0001,4.8947,36,26,10,10,36157.0,91001.0,14199563,,
SA,ttd300,40,5,1.0,400.0,400.0,ttd300_n40_L5_f100,1,ok,-32335.8639,31702.0,64037.8639,1280.7573,600.0381,167.6328,38,23,15,16,38163.0,91001.0,31856159,212,
VNS,ttd300,40,5,1.0,400.0,400.0,ttd300_n40_L5_f100,1,ok,-35717.0194,31041.0,66758.0194,1335.1604,600.203,370.526,37,25,12,12,37162.0,91001.0,8045616,,
SA,ttd300,40,1,0.25,94.0,378.0,ttd300_n40_L1_f025,2,ok,-44483.3734,32960.0,77443.3734,1548.8675,600.0649,600.0648,38,24,14,14,38173.0,91001.0,35552368,237,
VNS,ttd300,40,1,0.25,94.0,378.0,ttd300_n40_L1_f025,2,ok,-43071.9702,31838.0,74909.9702,1498.1994,600.0001,52.4648,36,22,14,16,36163.0,91001.0,82828475,,
SA,ttd300,40,2,0.25,80.0,321.0,ttd300_n40_L2_f025,2,ok,-46598.2137,32463.0,79061.2137,1581.2243,600.1608,600.1608,38,26,12,12,38138.0,91001.0,36245097,242,
VNS,ttd300,40,2,0.25,80.0,321.0,ttd300_n40_L2_f025,2,ok,-46544.5809,32463.0,79007.5809,1580.1516,600.0001,199.4102,38,27,11,12,38138.0,91001.0,50710636,,
SA,ttd300,40,3,0.25,96.0,382.0,ttd300_n40_L3_f025,2,ok,-54396.6345,33420.0,87816.6345,1756.3327,600.0351,22.6598,38,25,13,13,38191.0,91001.0,35502127,237,
VNS,ttd300,40,3,0.25,96.0,382.0,ttd300_n40_L3_f025,2,ok,-55263.3408,30860.0,86123.3408,1722.4668,600.1057,259.5404,35,24,11,13,35176.0,91001.0,45696909,,
SA,ttd300,40,4,0.25,91.0,365.0,ttd300_n40_L4_f025,2,ok,-51708.2471,32000.0,83708.2471,1674.1649,600.0312,180.974,37,25,12,13,37170.0,91001.0,35824143,239,
VNS,ttd300,40,4,0.25,91.0,365.0,ttd300_n40_L4_f025,2,ok,-51033.8834,32000.0,83033.8834,1660.6777,600.0001,160.1689,37,24,13,14,37170.0,91001.0,70043108,,
SA,ttd300,40,5,0.25,100.0,400.0,ttd300_n40_L5_f025,2,ok,-47279.1356,30353.0,77632.1356,1552.6427,600.0313,507.6634,36,24,12,14,36160.0,91001.0,34276972,229,
VNS,ttd300,40,5,0.25,100.0,400.0,ttd300_n40_L5_f025,2,ok,-46093.9044,30353.0,76446.9044,1528.9381,600.0001,425.0579,36,22,14,16,36160.0,91001.0,70916214,,
SA,ttd300,40,1,0.5,189.0,378.0,ttd300_n40_L1_f050,2,ok,-32410.6851,34418.0,66828.6851,1336.5737,600.0323,3.6409,40,24,16,16,40182.0,91001.0,31975991,213,
VNS,ttd300,40,1,0.5,189.0,378.0,ttd300_n40_L1_f050,2,ok,-34301.2963,34418.0,68719.2963,1374.3859,600.1885,472.2183,40,27,13,13,40182.0,91001.0,27223619,,
SA,ttd300,40,2,0.5,160.0,321.0,ttd300_n40_L2_f050,2,ok,-35218.4689,33663.0,68881.4689,1377.6294,600.0339,290.9358,40,25,15,15,40143.0,91001.0,31900319,213,
VNS,ttd300,40,2,0.5,160.0,321.0,ttd300_n40_L2_f050,2,ok,-36306.7265,33109.0,69415.7265,1388.3145,600.0001,441.6587,39,22,17,17,39140.0,91001.0,44471759,,
SA,ttd300,40,3,0.5,191.0,382.0,ttd300_n40_L3_f050,2,ok,-40342.02,33450.0,73792.02,1475.8404,600.0323,129.9186,38,21,17,17,38191.0,91001.0,31285283,208,
VNS,ttd300,40,3,0.5,191.0,382.0,ttd300_n40_L3_f050,2,ok,-37254.7596,33341.0,70595.7596,1411.9152,600.0397,568.3001,38,24,14,14,38182.0,91001.0,23388403,,
SA,ttd300,40,4,0.5,182.0,365.0,ttd300_n40_L4_f050,2,ok,-33061.9469,34224.0,67285.9469,1345.7189,600.0536,600.0536,40,24,16,16,40175.0,91001.0,31516397,210,
VNS,ttd300,40,4,0.5,182.0,365.0,ttd300_n40_L4_f050,2,ok,-33724.8923,32397.0,66121.8923,1322.4378,600.005,567.3483,37,24,13,13,37158.0,91001.0,28203935,,
SA,ttd300,40,5,0.5,200.0,400.0,ttd300_n40_L5_f050,2,ok,-35155.1202,31041.0,66196.1202,1323.9224,600.0529,600.0529,37,22,15,16,37162.0,91001.0,31231900,208,
VNS,ttd300,40,5,0.5,200.0,400.0,ttd300_n40_L5_f050,2,ok,-40738.2901,29944.0,70682.2901,1413.6458,600.0,561.1785,35,25,10,11,35157.0,91001.0,30355133,,
SA,ttd300,40,1,0.75,284.0,378.0,ttd300_n40_L1_f075,2,ok,-32453.3161,34418.0,66871.3161,1337.4263,600.0332,60.9396,40,23,17,17,40182.0,91001.0,31961774,213,
VNS,ttd300,40,1,0.75,284.0,378.0,ttd300_n40_L1_f075,2,ok,-36555.0673,32598.0,69153.0673,1383.0613,600.036,57.642,37,29,8,10,37164.0,91001.0,19854097,,
SA,ttd300,40,2,0.75,241.0,321.0,ttd300_n40_L2_f075,2,ok,-30023.2321,33663.0,63686.2321,1273.7246,600.0764,600.0764,40,24,16,16,40143.0,91001.0,31419211,209,
VNS,ttd300,40,2,0.75,241.0,321.0,ttd300_n40_L2_f075,2,ok,-33242.3454,33109.0,66351.3454,1327.0269,600.1271,425.0289,39,29,10,10,39140.0,91001.0,30184449,,
VNS,ttd300,40,3,0.75,286.0,382.0,ttd300_n40_L3_f075,2,ok,-44262.9087,32665.0,76927.9087,1538.5582,600.0001,540.4704,37,27,10,10,37175.0,91001.0,16296898,,
SA,ttd300,40,3,0.75,286.0,382.0,ttd300_n40_L3_f075,2,ok,-36223.0913,34110.0,70333.0913,1406.6618,600.756,600.756,39,27,12,12,39192.0,91001.0,31447283,210,
SA,ttd300,40,4,0.75,274.0,365.0,ttd300_n40_L4_f075,2,ok,-33475.3269,34224.0,67699.3269,1353.9865,600.0328,390.8228,40,21,19,19,40175.0,91001.0,31271249,208,
VNS,ttd300,40,4,0.75,274.0,365.0,ttd300_n40_L4_f075,2,ok,-36378.6853,34224.0,70602.6853,1412.0537,600.0,481.0841,40,27,13,13,40175.0,91001.0,15610479,,
SA,ttd300,40,5,0.75,300.0,400.0,ttd300_n40_L5_f075,2,ok,-32338.8702,31702.0,64040.8702,1280.8174,600.061,600.0609,38,24,14,15,38163.0,91001.0,31527180,210,
VNS,ttd300,40,5,0.75,300.0,400.0,ttd300_n40_L5_f075,2,ok,-42379.7187,29953.0,72332.7187,1446.6544,600.0001,82.3973,35,25,10,11,35155.0,91001.0,15028828,,
SA,ttd300,40,1,1.0,378.0,378.0,ttd300_n40_L1_f100,2,ok,-34171.0527,33260.0,67431.0527,1348.6211,600.0623,600.0622,38,24,14,14,38170.0,91001.0,31608264,211,
VNS,ttd300,40,1,1.0,378.0,378.0,ttd300_n40_L1_f100,2,ok,-34201.8671,33816.0,68017.8671,1360.3573,600.0001,368.8789,39,29,10,10,39179.0,91001.0,16560465,,
SA,ttd300,40,2,1.0,321.0,321.0,ttd300_n40_L2_f100,2,ok,-29204.8387,32418.0,61622.8387,1232.4568,600.0561,600.056,38,24,14,14,38137.0,91001.0,31608957,210,
VNS,ttd300,40,2,1.0,321.0,321.0,ttd300_n40_L2_f100,2,ok,-31006.7943,33663.0,64669.7943,1293.3959,600.053,579.7491,40,30,10,10,40143.0,91001.0,17160120,,
SA,ttd300,40,3,1.0,382.0,382.0,ttd300_n40_L3_f100,2,ok,-36155.7023,34653.0,70808.7023,1416.174,600.043,518.5349,40,27,13,13,40192.0,91001.0,30986156,207,
VNS,ttd300,40,3,1.0,382.0,382.0,ttd300_n40_L3_f100,2,ok,-35181.5084,34110.0,69291.5084,1385.8302,600.0001,455.2073,39,29,10,10,39192.0,91001.0,13279467,,
SA,ttd300,40,4,1.0,365.0,365.0,ttd300_n40_L4_f100,2,ok,-32544.7572,33616.0,66160.7572,1323.2151,600.0551,600.0551,39,24,15,15,39171.0,91001.0,31052089,207,
VNS,ttd300,40,4,1.0,365.0,365.0,ttd300_n40_L4_f100,2,ok,-40970.4632,33616.0,74586.4632,1491.7293,600.1316,562.1822,39,29,10,10,39171.0,91001.0,14495934,,
SA,ttd300,40,5,1.0,400.0,400.0,ttd300_n40_L5_f100,2,ok,-32976.3965,31702.0,64678.3965,1293.5679,600.0406,523.3735,38,25,13,15,38163.0,91001.0,31372866,209,
VNS,ttd300,40,5,1.0,400.0,400.0,ttd300_n40_L5_f100,2,ok,-40345.8189,31644.0,71989.8189,1439.7964,600.2848,329.5284,38,29,9,10,38169.0,91001.0,15658964,,
SA,ttd300,40,1,0.25,94.0,378.0,ttd300_n40_L1_f025,3,ok,-43501.7211,31032.0,74533.7211,1490.6744,600.0331,424.4769,35,23,12,15,35163.0,91001.0,34923490,233,
VNS,ttd300,40,1,0.25,94.0,378.0,ttd300_n40_L1_f025,3,ok,-43290.283,31838.0,75128.283,1502.5657,600.0001,540.2583,36,22,14,16,36163.0,91001.0,74496909,,
SA,ttd300,40,2,0.25,80.0,321.0,ttd300_n40_L2_f025,3,ok,-47221.1489,32463.0,79684.1489,1593.683,600.0612,442.8749,38,27,11,11,38138.0,91001.0,35747097,239,
VNS,ttd300,40,2,0.25,80.0,321.0,ttd300_n40_L2_f025,3,ok,-49529.1649,30008.0,79537.1649,1590.7433,600.0185,193.2604,35,23,12,13,35130.0,91001.0,60888719,,
SA,ttd300,40,3,0.25,96.0,382.0,ttd300_n40_L3_f025,3,ok,-54886.5381,33420.0,88306.5381,1766.1308,600.0299,97.2587,38,23,15,16,38191.0,91001.0,35122966,234,
VNS,ttd300,40,3,0.25,96.0,382.0,ttd300_n40_L3_f025,3,ok,-52993.6649,31106.0,84099.6649,1681.9933,600.0001,298.5978,35,21,14,17,35181.0,91001.0,90514361,,
SA,ttd300,40,4,0.25,91.0,365.0,ttd300_n40_L4_f025,3,ok,-51364.0559,32000.0,83364.0559,1667.2811,600.031,329.3477,37,24,13,14,37170.0,91001.0,35755090,239,
VNS,ttd300,40,4,0.25,91.0,365.0,ttd300_n40_L4_f025,3,ok,-51463.8376,32000.0,83463.8376,1669.2768,600.0,337.6849,37,25,12,13,37170.0,91001.0,67952843,,
SA,ttd300,40,5,0.25,100.0,400.0,ttd300_n40_L5_f025,3,ok,-47517.0212,28997.0,76514.0212,1530.2804,600.0313,85.6424,34,20,14,17,34154.0,91001.0,33907061,226,
VNS,ttd300,40,5,0.25,100.0,400.0,ttd300_n40_L5_f025,3,ok,-45632.4628,30353.0,75985.4628,1519.7093,600.0,599.1454,36,21,15,16,36160.0,91001.0,82420356,,
SA,ttd300,40,1,0.5,189.0,378.0,ttd300_n40_L1_f050,3,ok,-33869.6502,33658.0,67527.6502,1350.553,600.0388,290.0352,39,24,15,15,39181.0,91001.0,31898085,213,
VNS,ttd300,40,1,0.5,189.0,378.0,ttd300_n40_L1_f050,3,ok,-35453.4346,34418.0,69871.4346,1397.4287,600.028,284.7183,40,27,13,13,40182.0,91001.0,24881648,,
SA,ttd300,40,2,0.5,160.0,321.0,ttd300_n40_L2_f050,3,ok,-31643.2311,32571.0,64214.2311,1284.2846,600.078,600.0779,38,24,14,16,38136.0,91001.0,31763070,212,
VNS,ttd300,40,2,0.5,160.0,321.0,ttd300_n40_L2_f050,3,ok,-33179.3301,33663.0,66842.3301,1336.8466,600.0886,458.483,40,23,17,17,40143.0,91001.0,51754532,,
SA,ttd300,40,3,0.5,191.0,382.0,ttd300_n40_L3_f050,3,ok,-40826.2289,33993.0,74819.2289,1496.3846,600.0326,502.8537,39,23,16,16,39191.0,91001.0,31076776,207,
VNS,ttd300,40,3,0.5,191.0,382.0,ttd300_n40_L3_f050,3,ok,-40593.2172,33341.0,73934.2172,1478.6843,600.0001,587.8768,38,20,18,19,38182.0,91001.0,85794687,,
SA,ttd300,40,4,0.5,182.0,365.0,ttd300_n40_L4_f050,3,ok,-33032.2478,34224.0,67256.2478,1345.125,600.0355,238.2155,40,22,18,18,40175.0,91001.0,31063776,207,
VNS,ttd300,40,4,0.5,182.0,365.0,ttd300_n40_L4_f050,3,ok,-38279.069,32397.0,70676.069,1413.5214,600.0293,433.6856,37,23,14,14,37158.0,91001.0,27577241,,
SA,ttd300,40,5,0.5,200.0,400.0,ttd300_n40_L5_f050,3,ok,-35091.9768,31041.0,66132.9768,1322.6595,600.0328,489.4051,37,24,13,15,37162.0,91001.0,31706041,211,
VNS,ttd300,40,5,0.5,200.0,400.0,ttd300_n40_L5_f050,3,ok,-36943.4428,31702.0,68645.4428,1372.9089,600.0338,422.9818,38,25,13,13,38163.0,91001.0,43915204,,
SA,ttd300,40,1,0.75,284.0,378.0,ttd300_n40_L1_f075,3,ok,-34115.6676,33571.0,67686.6676,1353.7334,600.0396,64.273,39,26,13,13,39182.0,91001.0,31372980,209,
VNS,ttd300,40,1,0.75,284.0,378.0,ttd300_n40_L1_f075,3,ok,-36210.9466,33658.0,69868.9466,1397.3789,600.0406,75.8774,39,29,10,10,39181.0,91001.0,21774435,,
SA,ttd300,40,2,0.75,241.0,321.0,ttd300_n40_L2_f075,3,ok,-29665.0826,33663.0,63328.0826,1266.5617,600.1588,600.1588,40,26,14,14,40143.0,91001.0,31919890,213,
VNS,ttd300,40,2,0.75,241.0,321.0,ttd300_n40_L2_f075,3,ok,-36038.3081,33109.0,69147.3081,1382.9462,600.0001,505.6236,39,28,11,12,39140.0,91001.0,19677576,,
SA,ttd300,40,3,0.75,286.0,382.0,ttd300_n40_L3_f075,3,ok,-37202.8179,33993.0,71195.8179,1423.9164,600.0559,600.0558,39,25,14,15,39191.0,91001.0,31292203,209,
VNS,ttd300,40,3,0.75,286.0,382.0,ttd300_n40_L3_f075,3,ok,-48293.612,32575.0,80868.612,1617.3722,600.198,588.3856,37,26,11,12,37175.0,91001.0,13001030,,
SA,ttd300,40,4,0.75,274.0,365.0,ttd300_n40_L4_f075,3,ok,-30994.5402,33658.0,64652.5402,1293.0508,600.0352,135.0097,39,22,17,17,39171.0,91001.0,31429360,210,
VNS,ttd300,40,4,0.75,274.0,365.0,ttd300_n40_L4_f075,3,ok,-33930.0534,33616.0,67546.0534,1350.9211,600.0,363.7515,39,27,12,12,39171.0,91001.0,19151161,,
SA,ttd300,40,5,0.75,300.0,400.0,ttd300_n40_L5_f075,3,ok,-32765.0542,31114.0,63879.0542,1277.5811,600.0542,600.0542,37,23,14,16,37154.0,91001.0,31523609,210,
VNS,ttd300,40,5,0.75,300.0,400.0,ttd300_n40_L5_f075,3,ok,-41312.567,30353.0,71665.567,1433.3113,600.2307,209.5464,36,25,11,12,36160.0,91001.0,18547511,,
SA,ttd300,40,1,1.0,378.0,378.0,ttd300_n40_L1_f100,3,ok,-31373.5041,34418.0,65791.5041,1315.8301,600.069,600.0689,40,27,13,13,40182.0,91001.0,32026647,213,
VNS,ttd300,40,1,1.0,378.0,378.0,ttd300_n40_L1_f100,3,ok,-32740.8877,34418.0,67158.8877,1343.1778,600.1385,300.2219,40,30,10,10,40182.0,91001.0,10520924,,
SA,ttd300,40,2,1.0,321.0,321.0,ttd300_n40_L2_f100,3,ok,-28748.8279,33663.0,62411.8279,1248.2366,600.0411,329.2788,40,25,15,15,40143.0,91001.0,31114937,207,
VNS,ttd300,40,2,1.0,321.0,321.0,ttd300_n40_L2_f100,3,ok,-31007.3653,33663.0,64670.3653,1293.4073,600.0465,283.3355,40,30,10,10,40143.0,91001.0,18294413,,
VNS,ttd300,40,3,1.0,382.0,382.0,ttd300_n40_L3_f100,3,ok,-47006.8425,31682.0,78688.8425,1573.7768,600.1267,49.5087,36,26,10,10,36164.0,91001.0,11843247,,
SA,ttd300,40,3,1.0,382.0,382.0,ttd300_n40_L3_f100,3,ok,-36349.9481,34001.0,70350.9481,1407.019,601.2779,601.2778,39,28,11,11,39183.0,91001.0,31143940,208,
SA,ttd300,40,4,1.0,365.0,365.0,ttd300_n40_L4_f100,3,ok,-32481.0331,34224.0,66705.0331,1334.1007,600.057,600.057,40,26,14,14,40175.0,91001.0,30988871,206,
VNS,ttd300,40,4,1.0,365.0,365.0,ttd300_n40_L4_f100,3,ok,-45378.9515,31576.0,76954.9515,1539.099,600.0339,4.8967,36,26,10,10,36157.0,91001.0,14160798,,
SA,ttd300,40,5,1.0,400.0,400.0,ttd300_n40_L5_f100,3,ok,-32895.0821,31702.0,64597.0821,1291.9416,600.0373,296.5338,38,23,15,17,38163.0,91001.0,31909327,213,
VNS,ttd300,40,5,1.0,400.0,400.0,ttd300_n40_L5_f100,3,ok,-38506.1301,30583.0,69089.1301,1381.7826,600.0116,566.1526,36,26,10,11,36161.0,91001.0,13624409,,
SA,ttd300,40,1,0.25,94.0,378.0,ttd300_n40_L1_f025,4,ok,-44388.4934,32960.0,77348.4934,1546.9699,600.033,224.9495,38,23,15,15,38173.0,91001.0,35105284,234,
VNS,ttd300,40,1,0.25,94.0,378.0,ttd300_n40_L1_f025,4,ok,-43625.2538,31838.0,75463.2538,1509.2651,600.0,209.3871,36,23,13,15,36163.0,91001.0,71680619,,
SA,ttd300,40,2,0.25,80.0,321.0,ttd300_n40_L2_f025,4,ok,-46049.4661,32463.0,78512.4661,1570.2493,600.0335,440.4885,38,26,12,13,38138.0,91001.0,35427919,236,
VNS,ttd300,40,2,0.25,80.0,321.0,ttd300_n40_L2_f025,4,ok,-46544.5809,32463.0,79007.5809,1580.1516,600.0,358.0713,38,27,11,12,38138.0,91001.0,50599346,,
SA,ttd300,40,3,0.25,96.0,382.0,ttd300_n40_L3_f025,4,ok,-54362.1036,32760.0,87122.1036,1742.4421,600.0641,600.064,37,22,15,16,37190.0,91001.0,35378108,236,
VNS,ttd300,40,3,0.25,96.0,382.0,ttd300_n40_L3_f025,4,ok,-52126.6609,31948.0,84074.6609,1681.4932,600.0,387.901,36,21,15,17,36182.0,91001.0,78993608,,
SA,ttd300,40,4,0.25,91.0,365.0,ttd300_n40_L4_f025,4,ok,-51167.06,32784.0,83951.06,1679.0212,600.036,115.6919,38,26,12,13,38171.0,91001.0,35138378,235,
VNS,ttd300,40,4,0.25,91.0,365.0,ttd300_n40_L4_f025,4,ok,-52945.6597,32000.0,84945.6597,1698.9132,600.0001,150.09,37,24,13,14,37170.0,91001.0,68610872,,
SA,ttd300,40,5,0.25,100.0,400.0,ttd300_n40_L5_f025,4,ok,-46237.9845,30353.0,76590.9845,1531.8197,600.0519,600.0518,36,23,13,15,36160.0,91001.0,34439705,230,
VNS,ttd300,40,5,0.25,100.0,400.0,ttd300_n40_L5_f025,4,ok,-48142.3857,28843.0,76985.3857,1539.7077,600.0,116.4727,34,19,15,16,34149.0,91001.0,70248886,,
SA,ttd300,40,1,0.5,189.0,378.0,ttd300_n40_L1_f050,4,ok,-33116.1482,34418.0,67534.1482,1350.683,600.0335,9.5552,40,24,16,16,40182.0,91001.0,32311042,215,
VNS,ttd300,40,1,0.5,189.0,378.0,ttd300_n40_L1_f050,4,ok,-35396.2139,33154.0,68550.2139,1371.0043,600.1135,597.347,38,25,13,13,38173.0,91001.0,35376113,,
SA,ttd300,40,2,0.5,160.0,321.0,ttd300_n40_L2_f050,4,ok,-35246.0774,33125.0,68371.0774,1367.4215,600.0331,385.6653,39,23,16,17,39139.0,91001.0,31513899,210,
VNS,ttd300,40,2,0.5,160.0,321.0,ttd300_n40_L2_f050,4,ok,-36243.0981,33109.0,69352.0981,1387.042,600.0,480.0908,39,22,17,17,39140.0,91001.0,38249736,,
SA,ttd300,40,3,0.5,191.0,382.0,ttd300_n40_L3_f050,4,ok,-37267.3559,32760.0,70027.3559,1400.5471,600.0581,600.0581,37,22,15,17,37190.0,91001.0,30631351,204,
VNS,ttd300,40,3,0.5,191.0,382.0,ttd300_n40_L3_f050,4,ok,-37686.9442,33420.0,71106.9442,1422.1389,600.0001,575.3847,38,25,13,14,38191.0,91001.0,26934832,,
SA,ttd300,40,4,0.5,182.0,365.0,ttd300_n40_L4_f050,4,ok,-32403.8347,34224.0,66627.8347,1332.5567,600.0793,600.0792,40,21,19,19,40175.0,91001.0,31368712,209,
VNS,ttd300,40,4,0.5,182.0,365.0,ttd300_n40_L4_f050,4,ok,-34763.3008,32977.0,67740.3008,1354.806,600.0,597.1223,38,20,18,18,38166.0,91001.0,24475511,,
SA,ttd300,40,5,0.5,200.0,400.0,ttd300_n40_L5_f050,4,ok,-35780.4477,31041.0,66821.4477,1336.429,600.0393,15.4919,37,24,13,15,37162.0,91001.0,31591592,211,
VNS,ttd300,40,5,0.5,200.0,400.0,ttd300_n40_L5_f050,4,ok,-39763.349,30353.0,70116.349,1402.327,600.0001,161.7425,36,27,9,11,36160.0,91001.0,44361854,,
SA,ttd300,40,1,0.75,284.0,378.0,ttd300_n40_L1_f075,4,ok,-32596.7296,32598.0,65194.7296,1303.8946,600.0397,150.9983,37,24,13,14,37164.0,91001.0,31799353,212,
VNS,ttd300,40,1,0.75,284.0,378.0,ttd300_n40_L1_f075,4,ok,-34916.0653,33571.0,68487.0653,1369.7413,600.0,226.7804,39,29,10,10,39182.0,91001.0,27703496,,
SA,ttd300,40,2,0.75,241.0,321.0,ttd300_n40_L2_f075,4,ok,-28926.4694,33663.0,62589.4694,1251.7894,600.0635,600.0634,40,26,14,14,40143.0,91001.0,31326591,209,
VNS,ttd300,40,2,0.75,241.0,321.0,ttd300_n40_L2_f075,4,ok,-30213.7884,33017.0,63230.7884,1264.6158,600.0888,418.5142,39,29,10,11,39141.0,91001.0,17698506,,
VNS,ttd300,40,3,0.75,286.0,382.0,ttd300_n40_L3_f075,4,ok,-36236.4489,33420.0,69656.4489,1393.129,600.0116,150.5011,38,29,9,10,38191.0,91001.0,30588707,,
SA,ttd300,40,3,0.75,286.0,382.0,ttd300_n40_L3_f075,4,ok,-38287.9413,33341.0,71628.9413,1432.5788,600.0369,413.7758,38,24,14,15,38182.0,91001.0,31535555,210,
SA,ttd300,40,4,0.75,274.0,365.0,ttd300_n40_L4_f075,4,ok,-30764.2689,34224.0,64988.2689,1299.7654,600.0328,552.225,40,23,17,17,40175.0,91001.0,31438351,209,
VNS,ttd300,40,4,0.75,274.0,365.0,ttd300_n40_L4_f075,4,ok,-41826.1584,32397.0,74223.1584,1484.4632,600.0784,503.5864,37,26,11,11,37158.0,91001.0,17947529,,
SA,ttd300,40,5,0.75,300.0,400.0,ttd300_n40_L5_f075,4,ok,-31896.068,31702.0,63598.068,1271.9614,600.035,314.9717,38,25,13,14,38163.0,91001.0,31102171,207,
VNS,ttd300,40,5,0.75,300.0,400.0,ttd300_n40_L5_f075,4,ok,-36147.0019,31041.0,67188.0019,1343.76,600.0624,446.122,37,26,11,12,37162.0,91001.0,22984589,,
SA,ttd300,40,1,1.0,378.0,378.0,ttd300_n40_L1_f100,4,ok,-33721.9692,33154.0,66875.9692,1337.5194,600.0594,600.0593,38,23,15,15,38173.0,91001.0,31998560,213,
VNS,ttd300,40,1,1.0,378.0,378.0,ttd300_n40_L1_f100,4,ok,-38563.7671,33756.0,72319.7671,1446.3953,600.1331,26.1652,39,29,10,10,39176.0,91001.0,11846449,,
SA,ttd300,40,2,1.0,321.0,321.0,ttd300_n40_L2_f100,4,ok,-30510.0961,33017.0,63527.0961,1270.5419,600.0408,120.6278,39,26,13,13,39141.0,91001.0,31589583,211,
VNS,ttd300,40,2,1.0,321.0,321.0,ttd300_n40_L2_f100,4,ok,-31868.0446,33109.0,64977.0446,1299.5409,600.2166,308.6603,39,30,9,10,39140.0,91001.0,19327416,,
VNS,ttd300,40,3,1.0,382.0,382.0,ttd300_n40_L3_f100,4,ok,-42367.605,31923.0,74290.605,1485.8121,600.1304,376.1388,36,27,9,10,36166.0,91001.0,12987521,,
SA,ttd300,40,3,1.0,382.0,382.0,ttd300_n40_L3_f100,4,ok,-36368.1712,33420.0,69788.1712,1395.7634,602.0475,602.0475,38,26,12,12,38191.0,91001.0,31396423,209,
SA,ttd300,40,4,1.0,365.0,365.0,ttd300_n40_L4_f100,4,ok,-32763.2955,34224.0,66987.2955,1339.7459,600.0375,25.7281,40,24,16,16,40175.0,91001.0,30778209,205,
VNS,ttd300,40,4,1.0,365.0,365.0,ttd300_n40_L4_f100,4,ok,-44644.3408,32397.0,77041.3408,1540.8268,600.2492,13.6979,37,27,10,10,37158.0,91001.0,13848880,,
SA,ttd300,40,5,1.0,400.0,400.0,ttd300_n40_L5_f100,4,ok,-32992.4844,31114.0,64106.4844,1282.1297,600.0369,313.5472,37,24,13,14,37154.0,91001.0,31865312,212,
VNS,ttd300,40,5,1.0,400.0,400.0,ttd300_n40_L5_f100,4,ok,-41698.949,31005.0,72703.949,1454.079,600.1974,32.2379,37,27,10,11,37165.0,91001.0,11076925,,
SA,ttd300,50,1,0.25,94.0,374.0,ttd300_n50_L1_f025,1,ok,-44977.8078,39357.0,84334.8078,1686.6962,750.1122,750.1122,48,30,18,19,48222.0,113752.0,36121569,193,
VNS,ttd300,50,1,0.25,94.0,374.0,ttd300_n50_L1_f025,1,ok,-46159.4273,40082.0,86241.4273,1724.8285,750.0001,509.6792,49,30,19,19,49231.0,113752.0,100885035,,
SA,ttd300,50,2,0.25,86.0,343.0,ttd300_n50_L2_f025,1,ok,-41383.865,40937.0,82320.865,1646.4173,750.0931,750.093,47,29,18,18,47236.0,113752.0,36955128,198,
VNS,ttd300,50,2,0.25,86.0,343.0,ttd300_n50_L2_f025,1,ok,-42325.287,40184.0,82509.287,1650.1857,750.0001,707.923,46,28,18,21,46231.0,113752.0,97092969,,
SA,ttd300,50,3,0.25,95.0,379.0,ttd300_n50_L3_f025,1,ok,-56675.4982,36878.0,93553.4982,1871.07,750.0532,238.9878,44,29,15,18,44224.0,113752.0,36315991,195,
VNS,ttd300,50,3,0.25,95.0,379.0,ttd300_n50_L3_f025,1,ok,-56573.8861,37029.0,93602.8861,1872.0577,750.0001,432.0594,44,26,18,20,44221.0,113752.0,100876652,,
SA,ttd300,50,4,0.25,94.0,375.0,ttd300_n50_L4_f025,1,ok,-55795.6703,36899.0,92694.6703,1853.8934,750.1158,750.1158,43,28,15,19,43185.0,113752.0,37250836,199,
VNS,ttd300,50,4,0.25,94.0,375.0,ttd300_n50_L4_f025,1,ok,-55950.7243,37633.0,93583.7243,1871.6745,750.0001,728.8755,44,27,17,19,44192.0,113752.0,99582150,,
SA,ttd300,50,5,0.25,93.0,372.0,ttd300_n50_L5_f025,1,ok,-48302.5488,38668.0,86970.5488,1739.411,750.0585,173.7797,45,28,17,20,45203.0,113752.0,36087633,193,
VNS,ttd300,50,5,0.25,93.0,372.0,ttd300_n50_L5_f025,1,ok,-45389.942,39322.0,84711.942,1694.2388,750.0001,524.9498,46,27,19,20,46207.0,113752.0,92558886,,
SA,ttd300,50,1,0.5,187.0,374.0,ttd300_n50_L1_f050,1,ok,-27221.1579,40611.0,67832.1579,1356.6432,750.0561,462.7925,50,30,20,20,50238.0,113752.0,33921737,181,
VNS,ttd300,50,1,0.5,187.0,374.0,ttd300_n50_L1_f050,1,ok,-34769.3964,40005.0,74774.3964,1495.4879,750.0001,648.5839,49,29,20,20,49231.0,113752.0,77156975,,
SA,ttd300,50,2,0.5,172.0,343.0,ttd300_n50_L2_f050,1,ok,-29155.3038,42514.0,71669.3038,1433.3861,750.0603,658.0247,50,31,19,19,50253.0,113752.0,33816213,181,
VNS,ttd300,50,2,0.5,172.0,343.0,ttd300_n50_L2_f050,1,ok,-34713.3322,41910.0,76623.3322,1532.4666,750.0001,94.0919,49,37,12,13,49247.0,113752.0,42419159,,
SA,ttd300,50,3,0.5,190.0,379.0,ttd300_n50_L3_f050,1,ok,-39006.9474,39823.0,78829.9474,1576.5989,750.0601,638.5495,48,28,20,21,48247.0,113752.0,33895044,181,
VNS,ttd300,50,3,0.5,190.0,379.0,ttd300_n50_L3_f050,1,ok,-41782.4769,39194.0,80976.4769,1619.5295,750.0001,306.3945,47,33,14,15,47238.0,113752.0,29371365,,
VNS,ttd300,50,4,0.5,188.0,375.0,ttd300_n50_L4_f050,1,ok,-35120.0458,41070.0,76190.0458,1523.8009,750.0001,655.162,49,29,20,20,49212.0,113752.0,52077437,,
SA,ttd300,50,4,0.5,188.0,375.0,ttd300_n50_L4_f050,1,ok,-32913.6488,40596.0,73509.6488,1470.193,750.1391,750.139,48,30,18,19,48210.0,113752.0,33904557,181,
SA,ttd300,50,5,0.5,186.0,372.0,ttd300_n50_L5_f050,1,ok,-32360.5048,41663.0,74023.5048,1480.4701,750.0599,236.7428,50,30,20,20,50221.0,113752.0,33254190,178,
VNS,ttd300,50,5,0.5,186.0,372.0,ttd300_n50_L5_f050,1,ok,-45638.644,39214.0,84852.644,1697.0529,750.0001,453.4042,46,37,9,10,46208.0,113752.0,28104472,,
VNS,ttd300,50,1,0.75,280.0,374.0,ttd300_n50_L1_f075,1,ok,-33939.2141,40413.0,74352.2141,1487.0443,750.0001,703.8667,49,29,20,20,49232.0,113752.0,58841017,,
SA,ttd300,50,1,0.75,280.0,374.0,ttd300_n50_L1_f075,1,ok,-27165.9067,40611.0,67776.9067,1355.5381,750.0993,750.0993,50,32,18,18,50238.0,113752.0,33506615,179,
SA,ttd300,50,2,0.75,257.0,343.0,ttd300_n50_L2_f075,1,ok,-24930.1046,42514.0,67444.1046,1348.8821,750.1332,750.1331,50,31,19,19,50253.0,113752.0,33852905,181,
VNS,ttd300,50,2,0.75,257.0,343.0,ttd300_n50_L2_f075,1,ok,-35434.8475,41910.0,77344.8475,1546.897,750.1852,577.4482,49,38,11,11,49247.0,113752.0,21585526,,
SA,ttd300,50,3,0.75,284.0,379.0,ttd300_n50_L3_f075,1,ok,-38317.3714,40379.0,78696.3714,1573.9274,750.0655,323.6806,49,32,17,17,49247.0,113752.0,33411969,179,
VNS,ttd300,50,3,0.75,284.0,379.0,ttd300_n50_L3_f075,1,ok,-46603.0423,39161.0,85764.0423,1715.2808,750.0465,557.4032,47,35,12,13,47235.0,113752.0,14786856,,
SA,ttd300,50,4,0.75,281.0,375.0,ttd300_n50_L4_f075,1,ok,-31260.5323,40596.0,71856.5323,1437.1306,750.0633,377.0884,48,30,18,19,48210.0,113752.0,33247799,178,
VNS,ttd300,50,4,0.75,281.0,375.0,ttd300_n50_L4_f075,1,ok,-42009.8847,39735.0,81744.8847,1634.8977,750.1943,593.7107,47,36,11,12,47202.0,113752.0,12670913,,
SA,ttd300,50,5,0.75,279.0,372.0,ttd300_n50_L5_f075,1,ok,-32802.1082,40649.0,73451.1082,1469.0222,750.1273,750.1272,48,28,20,20,48216.0,113752.0,33165044,177,
VNS,ttd300,50,5,0.75,279.0,372.0,ttd300_n50_L5_f075,1,ok,-41841.0837,41195.0,83036.0837,1660.7217,750.4063,735.1669,49,35,14,14,49221.0,113752.0,20109995,,
SA,ttd300,50,1,1.0,374.0,374.0,ttd300_n50_L1_f100,1,ok,-27728.0143,40082.0,67810.0143,1356.2003,750.199,750.1989,49,30,19,19,49231.0,113752.0,33717933,180,
VNS,ttd300,50,1,1.0,374.0,374.0,ttd300_n50_L1_f100,1,ok,-38029.9441,40082.0,78111.9441,1562.2389,750.013,256.9837,49,39,10,10,49231.0,113752.0,15433178,,
SA,ttd300,50,2,1.0,343.0,343.0,ttd300_n50_L2_f100,1,ok,-26683.2879,42514.0,69197.2879,1383.9458,750.1146,750.1146,50,32,18,18,50253.0,113752.0,33237620,178,
VNS,ttd300,50,2,1.0,343.0,343.0,ttd300_n50_L2_f100,1,ok,-36315.1974,41910.0,78225.1974,1564.5039,750.0,502.7834,49,40,9,10,49247.0,113752.0,15042063,,
SA,ttd300,50,3,1.0,379.0,379.0,ttd300_n50_L3_f100,1,ok,-39309.0205,39853.0,79162.0205,1583.2404,750.0728,634.8123,48,32,16,16,48242.0,113752.0,33034133,177,
VNS,ttd300,50,3,1.0,379.0,379.0,ttd300_n50_L3_f100,1,ok,-44575.1605,39161.0,83736.1605,1674.7232,750.5003,713.7048,47,35,12,12,47235.0,113752.0,12413260,,
SA,ttd300,50,4,1.0,375.0,375.0,ttd300_n50_L4_f100,1,ok,-31713.059,40596.0,72309.059,1446.1812,750.0675,156.4131,48,34,14,14,48210.0,113752.0,33550206,179,
VNS,ttd300,50,4,1.0,375.0,375.0,ttd300_n50_L4_f100,1,ok,-56258.5966,38478.0,94736.5966,1894.7319,750.0566,175.1574,45,35,10,11,45189.0,113752.0,13989253,,
SA,ttd300,50,5,1.0,372.0,372.0,ttd300_n50_L5_f100,1,ok,-35393.8829,41117.0,76510.8829,1530.2177,750.0677,224.546,49,34,15,16,49216.0,113752.0,32922415,176,
VNS,ttd300,50,5,1.0,372.0,372.0,ttd300_n50_L5_f100,1,ok,-44592.7639,39958.0,84550.7639,1691.0153,750.3719,625.3935,47,36,11,11,47217.0,113752.0,12138974,,
SA,ttd300,50,1,0.25,94.0,374.0,ttd300_n50_L1_f025,2,ok,-45628.8452,39357.0,84985.8452,1699.7169,750.0544,139.0679,48,33,15,17,48222.0,113752.0,36493362,196,
VNS,ttd300,50,1,0.25,94.0,374.0,ttd300_n50_L1_f025,2,ok,-45728.3924,40082.0,85810.3924,1716.2078,750.0001,473.3682,49,30,19,19,49231.0,113752.0,92066623,,
SA,ttd300,50,2,0.25,86.0,343.0,ttd300_n50_L2_f025,2,ok,-40485.526,40937.0,81422.526,1628.4505,750.1111,750.111,47,29,18,19,47236.0,113752.0,36604448,196,
VNS,ttd300,50,2,0.25,86.0,343.0,ttd300_n50_L2_f025,2,ok,-40563.552,40376.0,80939.552,1618.791,750.0001,65.0934,46,26,20,22,46232.0,113752.0,102632185,,
VNS,ttd300,50,3,0.25,95.0,379.0,ttd300_n50_L3_f025,2,ok,-52985.3681,38496.0,91481.3681,1829.6274,750.0001,733.6226,46,29,17,20,46239.0,113752.0,101417129,,
SA,ttd300,50,3,0.25,95.0,379.0,ttd300_n50_L3_f025,2,ok,-54077.2746,38496.0,92573.2746,1851.4655,750.1874,750.1873,46,29,17,19,46239.0,113752.0,36755367,197,
SA,ttd300,50,4,0.25,94.0,375.0,ttd300_n50_L4_f025,2,ok,-55560.6495,36425.0,91985.6495,1839.713,750.0527,344.2821,42,25,17,19,42183.0,113752.0,36687835,196,
VNS,ttd300,50,4,0.25,94.0,375.0,ttd300_n50_L4_f025,2,ok,-54933.1464,37523.0,92456.1464,1849.1229,750.0001,741.45,44,28,16,19,44191.0,113752.0,99885488,,
VNS,ttd300,50,5,0.25,93.0,372.0,ttd300_n50_L5_f025,2,ok,-46179.6638,39322.0,85501.6638,1710.0333,750.0001,505.1681,46,27,19,19,46207.0,113752.0,90340935,,
SA,ttd300,50,5,0.25,93.0,372.0,ttd300_n50_L5_f025,2,ok,-48174.0034,39322.0,87496.0034,1749.9201,750.0571,493.6973,46,30,16,17,46207.0,113752.0,36416954,195,
SA,ttd300,50,1,0.5,187.0,374.0,ttd300_n50_L1_f050,2,ok,-27299.0221,40082.0,67381.0221,1347.6204,750.0688,653.7685,49,30,19,19,49231.0,113752.0,33342705,178,
VNS,ttd300,50,1,0.5,187.0,374.0,ttd300_n50_L1_f050,2,ok,-33101.284,40082.0,73183.284,1463.6657,750.0685,427.4949,49,36,13,13,49231.0,113752.0,33728660,,
VNS,ttd300,50,2,0.5,172.0,343.0,ttd300_n50_L2_f050,2,ok,-27408.2133,42514.0,69922.2133,1398.4443,750.0001,709.9768,50,28,22,22,50253.0,113752.0,71512318,,
SA,ttd300,50,2,0.5,172.0,343.0,ttd300_n50_L2_f050,2,ok,-30408.9058,42514.0,72922.9058,1458.4581,750.0589,353.1603,50,30,20,20,50253.0,113752.0,33397272,178,
SA,ttd300,50,3,0.5,190.0,379.0,ttd300_n50_L3_f050,2,ok,-39635.6205,40423.0,80058.6205,1601.1724,750.1375,750.1374,49,31,18,19,49243.0,113752.0,33190771,177,
VNS,ttd300,50,3,0.5,190.0,379.0,ttd300_n50_L3_f050,2,ok,-43453.8189,38509.0,81962.8189,1639.2564,750.0001,742.2739,46,25,21,22,46231.0,113752.0,82728204,,
VNS,ttd300,50,4,0.5,188.0,375.0,ttd300_n50_L4_f050,2,ok,-36735.7779,39093.0,75828.7779,1516.5756,750.0001,664.8444,46,30,16,17,46194.0,113752.0,37544765,,
SA,ttd300,50,4,0.5,188.0,375.0,ttd300_n50_L4_f050,2,ok,-33335.2181,40596.0,73931.2181,1478.6244,750.107,750.1069,48,31,17,18,48210.0,113752.0,34148633,183,
SA,ttd300,50,5,0.5,186.0,372.0,ttd300_n50_L5_f050,2,ok,-32097.2616,41663.0,73760.2616,1475.2052,750.0951,750.095,50,31,19,19,50221.0,113752.0,32789000,175,
VNS,ttd300,50,5,0.5,186.0,372.0,ttd300_n50_L5_f050,2,ok,-43333.5356,39412.0,82745.5356,1654.9107,750.1376,544.3418,46,37,9,10,46212.0,113752.0,24169363,,
VNS,ttd300,50,1,0.75,280.0,374.0,ttd300_n50_L1_f075,2,ok,-30810.6617,40413.0,71223.6617,1424.4732,750.0001,749.6966,49,31,18,18,49232.0,113752.0,89139088,,
SA,ttd300,50,1,0.75,280.0,374.0,ttd300_n50_L1_f075,2,ok,-29954.9151,40611.0,70565.9151,1411.3183,750.1094,750.1093,50,32,18,18,50238.0,113752.0,33684001,180,
SA,ttd300,50,2,0.75,257.0,343.0,ttd300_n50_L2_f075,2,ok,-26790.7997,42039.0,68829.7997,1376.596,750.11,750.11,49,31,18,18,49246.0,113752.0,33658178,180,
VNS,ttd300,50,2,0.75,257.0,343.0,ttd300_n50_L2_f075,2,ok,-38044.9581,41910.0,79954.9581,1599.0992,750.0334,214.0983,49,39,10,10,49247.0,113752.0,23585035,,
SA,ttd300,50,3,0.75,284.0,379.0,ttd300_n50_L3_f075,2,ok,-39138.504,40423.0,79561.504,1591.2301,750.0656,239.6866,49,32,17,17,49243.0,113752.0,32787983,175,
VNS,ttd300,50,3,0.75,284.0,379.0,ttd300_n50_L3_f075,2,ok,-46203.657,37681.0,83884.657,1677.6931,750.7316,670.9444,45,34,11,12,45225.0,113752.0,14578446,,
SA,ttd300,50,4,0.75,281.0,375.0,ttd300_n50_L4_f075,2,ok,-31414.2605,40073.0,71487.2605,1429.7452,750.1057,750.1056,47,31,16,17,47202.0,113752.0,33575387,180,
VNS,ttd300,50,4,0.75,281.0,375.0,ttd300_n50_L4_f075,2,ok,-39613.7795,39052.0,78665.7795,1573.3156,750.8545,675.5433,46,32,14,16,46199.0,113752.0,21378391,,
SA,ttd300,50,5,0.75,279.0,372.0,ttd300_n50_L5_f075,2,ok,-33756.6314,41195.0,74951.6314,1499.0326,750.1088,750.1088,49,32,17,17,49221.0,113752.0,33771656,181,
VNS,ttd300,50,5,0.75,279.0,372.0,ttd300_n50_L5_f075,2,ok,-42284.4391,40612.0,82896.4391,1657.9288,750.0001,104.9482,48,37,11,11,48221.0,113752.0,13450430,,
SA,ttd300,50,1,1.0,374.0,374.0,ttd300_n50_L1_f100,2,ok,-29701.0783,40611.0,70312.0783,1406.2416,750.1029,750.1028,50,31,19,19,50238.0,113752.0,33753526,181,
VNS,ttd300,50,1,1.0,374.0,374.0,ttd300_n50_L1_f100,2,ok,-33927.1845,39559.0,73486.1845,1469.7237,750.0001,383.0692,48,39,9,10,48230.0,113752.0,21252295,,
SA,ttd300,50,2,1.0,343.0,343.0,ttd300_n50_L2_f100,2,ok,-27439.4625,42039.0,69478.4625,1389.5693,750.1435,750.1435,49,31,18,18,49246.0,113752.0,33677536,180,
VNS,ttd300,50,2,1.0,343.0,343.0,ttd300_n50_L2_f100,2,ok,-39756.8076,41910.0,81666.8076,1633.3362,750.4276,614.9199,49,39,10,10,49247.0,113752.0,14538473,,
SA,ttd300,50,3,1.0,379.0,379.0,ttd300_n50_L3_f100,2,ok,-39365.7243,39201.0,78566.7243,1571.3345,750.1329,750.1328,47,31,16,17,47238.0,113752.0,33763324,181,
VNS,ttd300,50,3,1.0,379.0,379.0,ttd300_n50_L3_f100,2,ok,-47773.7204,40347.0,88120.7204,1762.4144,751.0874,619.1237,49,35,14,14,49247.0,113752.0,10183475,,
SA,ttd300,50,4,1.0,375.0,375.0,ttd300_n50_L4_f100,2,ok,-31714.0778,40596.0,72310.0778,1446.2016,750.146,750.146,48,32,16,17,48210.0,113752.0,33544889,179,
VNS,ttd300,50,4,1.0,375.0,375.0,ttd300_n50_L4_f100,2,ok,-52240.9272,38506.0,90746.9272,1814.9385,750.2526,750.2525,45,35,10,10,45195.0,113752.0,9506658,,
SA,ttd300,50,5,1.0,372.0,372.0,ttd300_n50_L5_f100,2,ok,-34539.8305,39156.0,73695.8305,1473.9166,750.1036,750.1035,46,29,17,18,46207.0,113752.0,33557574,179,
VNS,ttd300,50,5,1.0,372.0,372.0,ttd300_n50_L5_f100,2,ok,-42140.3435,39958.0,82098.3435,1641.9669,750.1886,516.6277,47,37,10,10,47217.0,113752.0,13011329,,
SA,ttd300,50,1,0.25,94.0,374.0,ttd300_n50_L1_f025,3,ok,-45086.1621,39357.0,84443.1621,1688.8632,750.0611,356.8209,48,33,15,15,48222.0,113752.0,36259066,194,
VNS,ttd300,50,1,0.25,94.0,374.0,ttd300_n50_L1_f025,3,ok,-46355.4234,40082.0,86437.4234,1728.7485,750.0001,662.4773,49,34,15,15,49231.0,113752.0,57643642,,
SA,ttd300,50,2,0.25,86.0,343.0,ttd300_n50_L2_f025,3,ok,-42050.433,40184.0,82234.433,1644.6887,750.0553,612.0711,46,30,16,18,46231.0,113752.0,36763511,197,
VNS,ttd300,50,2,0.25,86.0,343.0,ttd300_n50_L2_f025,3,ok,-37379.6049,40937.0,78316.6049,1566.3321,750.0001,552.0123,47,30,17,19,47236.0,113752.0,95360489,,
SA,ttd300,50,3,0.25,95.0,379.0,ttd300_n50_L3_f025,3,ok,-54294.9109,38496.0,92790.9109,1855.8182,750.1143,750.1143,46,28,18,19,46239.0,113752.0,37063775,198,
VNS,ttd300,50,3,0.25,95.0,379.0,ttd300_n50_L3_f025,3,ok,-53134.2389,37925.0,91059.2389,1821.1848,750.0001,405.6533,45,25,20,22,45231.0,113752.0,94579741,,
SA,ttd300,50,4,0.25,94.0,375.0,ttd300_n50_L4_f025,3,ok,-56276.4881,36838.0,93114.4881,1862.2898,750.0913,750.0913,43,29,14,15,43190.0,113752.0,37479505,201,
VNS,ttd300,50,4,0.25,94.0,375.0,ttd300_n50_L4_f025,3,ok,-54495.7329,36899.0,91394.7329,1827.8947,750.0001,415.6068,43,25,18,21,43185.0,113752.0,99466602,,
SA,ttd300,50,5,0.25,93.0,372.0,ttd300_n50_L5_f025,3,ok,-48855.0894,39322.0,88177.0894,1763.5418,750.0541,739.3458,46,28,18,18,46207.0,113752.0,36452290,195,
VNS,ttd300,50,5,0.25,93.0,372.0,ttd300_n50_L5_f025,3,ok,-53498.6996,37892.0,91390.6996,1827.814,750.0001,704.6923,44,26,18,21,44194.0,113752.0,97442018,,
SA,ttd300,50,1,0.5,187.0,374.0,ttd300_n50_L1_f050,3,ok,-28172.3732,40611.0,68783.3732,1375.6675,750.0941,750.094,50,31,19,19,50238.0,113752.0,34001046,182,
VNS,ttd300,50,1,0.5,187.0,374.0,ttd300_n50_L1_f050,3,ok,-38796.0756,40082.0,78878.0756,1577.5615,750.0001,4.3623,49,39,10,10,49231.0,113752.0,50103327,,
SA,ttd300,50,2,0.5,172.0,343.0,ttd300_n50_L2_f050,3,ok,-28081.3872,42514.0,70595.3872,1411.9077,750.1162,750.1162,50,29,21,21,50253.0,113752.0,34192530,183,
VNS,ttd300,50,2,0.5,172.0,343.0,ttd300_n50_L2_f050,3,ok,-30454.9955,41910.0,72364.9955,1447.2999,750.0001,562.5811,49,38,11,11,49247.0,113752.0,60931145,,
SA,ttd300,50,3,0.5,190.0,379.0,ttd300_n50_L3_f050,3,ok,-39530.8581,40423.0,79953.8581,1599.0772,750.0601,176.6573,49,32,17,18,49243.0,113752.0,33983469,182,
VNS,ttd300,50,3,0.5,190.0,379.0,ttd300_n50_L3_f050,3,ok,-38442.445,40917.0,79359.445,1587.1889,750.0001,623.5049,50,29,21,21,50248.0,113752.0,60392437,,
SA,ttd300,50,4,0.5,188.0,375.0,ttd300_n50_L4_f050,3,ok,-32066.4218,41483.0,73549.4218,1470.9884,750.0562,475.8667,50,30,20,20,50219.0,113752.0,33683317,180,
VNS,ttd300,50,4,0.5,188.0,375.0,ttd300_n50_L4_f050,3,ok,-37172.6539,39758.0,76930.6539,1538.6131,750.0001,728.963,47,31,16,17,47200.0,113752.0,33523790,,
SA,ttd300,50,5,0.5,186.0,372.0,ttd300_n50_L5_f050,3,ok,-35158.9346,40066.0,75224.9346,1504.4987,750.0592,581.4185,47,28,19,19,47216.0,113752.0,33461754,179,
VNS,ttd300,50,5,0.5,186.0,372.0,ttd300_n50_L5_f050,3,ok,-33184.2472,41034.0,74218.2472,1484.3649,750.0001,562.0424,49,32,17,17,49219.0,113752.0,45402619,,
SA,ttd300,50,1,0.75,280.0,374.0,ttd300_n50_L1_f075,3,ok,-26611.9205,40611.0,67222.9205,1344.4584,750.1338,750.1338,50,31,19,19,50238.0,113752.0,34079817,182,
VNS,ttd300,50,1,0.75,280.0,374.0,ttd300_n50_L1_f075,3,ok,-38656.0297,40082.0,78738.0297,1574.7606,750.0937,263.6447,49,39,10,10,49231.0,113752.0,24292567,,
SA,ttd300,50,2,0.75,257.0,343.0,ttd300_n50_L2_f075,3,ok,-26101.1917,42514.0,68615.1917,1372.3038,750.063,178.8925,50,31,19,19,50253.0,113752.0,33363281,178,
VNS,ttd300,50,2,0.75,257.0,343.0,ttd300_n50_L2_f075,3,ok,-34923.3359,41910.0,76833.3359,1536.6667,750.2587,693.8356,49,37,12,12,49247.0,113752.0,19066704,,
SA,ttd300,50,3,0.75,284.0,379.0,ttd300_n50_L3_f075,3,ok,-39586.9612,39853.0,79439.9612,1588.7992,750.0952,750.0952,48,32,16,17,48242.0,113752.0,33502086,179,
VNS,ttd300,50,3,0.75,284.0,379.0,ttd300_n50_L3_f075,3,ok,-48732.5537,39161.0,87893.5537,1757.8711,750.4406,268.3385,47,35,12,13,47235.0,113752.0,10325773,,
SA,ttd300,50,4,0.75,281.0,375.0,ttd300_n50_L4_f075,3,ok,-31903.9422,39969.0,71872.9422,1437.4588,750.1702,750.1702,47,30,17,19,47210.0,113752.0,33811300,181,
VNS,ttd300,50,4,0.75,281.0,375.0,ttd300_n50_L4_f075,3,ok,-43125.5474,37745.0,80870.5474,1617.4109,750.9354,476.4788,44,32,12,13,44182.0,113752.0,14522979,,
SA,ttd300,50,5,0.75,279.0,372.0,ttd300_n50_L5_f075,3,ok,-32888.1306,40066.0,72954.1306,1459.0826,750.0983,750.0982,47,32,15,16,47216.0,113752.0,33506804,179,
VNS,ttd300,50,5,0.75,279.0,372.0,ttd300_n50_L5_f075,3,ok,-44091.6499,39155.0,83246.6499,1664.933,750.6627,566.4619,46,34,12,13,46206.0,113752.0,16632013,,
SA,ttd300,50,1,1.0,374.0,374.0,ttd300_n50_L1_f100,3,ok,-30093.8118,40611.0,70704.8118,1414.0962,750.065,730.1754,50,35,15,15,50238.0,113752.0,33749606,180,
VNS,ttd300,50,1,1.0,374.0,374.0,ttd300_n50_L1_f100,3,ok,-37115.2889,40082.0,77197.2889,1543.9458,750.2078,678.4189,49,39,10,10,49231.0,113752.0,15335635,,
SA,ttd300,50,2,1.0,343.0,343.0,ttd300_n50_L2_f100,3,ok,-28205.7099,42039.0,70244.7099,1404.8942,750.0942,750.0942,49,33,16,16,49246.0,113752.0,33690593,180,
VNS,ttd300,50,2,1.0,343.0,343.0,ttd300_n50_L2_f100,3,ok,-39626.3331,41910.0,81536.3331,1630.7267,750.1595,509.8531,49,39,10,10,49247.0,113752.0,14713439,,
SA,ttd300,50,3,1.0,379.0,379.0,ttd300_n50_L3_f100,3,ok,-39828.7936,40917.0,80745.7936,1614.9159,750.1827,750.1826,50,32,18,18,50248.0,113752.0,33272812,178,
VNS,ttd300,50,3,1.0,379.0,379.0,ttd300_n50_L3_f100,3,ok,-52504.7086,39225.0,91729.7086,1834.5942,751.5788,364.5057,47,35,12,13,47234.0,113752.0,9243558,,
SA,ttd300,50,4,1.0,375.0,375.0,ttd300_n50_L4_f100,3,ok,-33604.4049,40596.0,74200.4049,1484.0081,750.109,750.109,48,31,17,17,48210.0,113752.0,33863641,181,
VNS,ttd300,50,4,1.0,375.0,375.0,ttd300_n50_L4_f100,3,ok,-52638.8908,38775.0,91413.8908,1828.2778,750.1669,589.1103,46,38,8,10,46205.0,113752.0,18665387,,
SA,ttd300,50,5,1.0,372.0,372.0,ttd300_n50_L5_f100,3,ok,-34205.494,40415.0,74620.494,1492.4099,750.0727,54.14,48,33,15,16,48217.0,113752.0,33603530,180,
VNS,ttd300,50,5,1.0,372.0,372.0,ttd300_n50_L5_f100,3,ok,-46287.1131,39155.0,85442.1131,1708.8423,750.2496,736.4081,46,36,10,10,46206.0,113752.0,15740755,,
SA,ttd300,50,1,0.25,94.0,374.0,ttd300_n50_L1_f025,4,ok,-45434.5933,39357.0,84791.5933,1695.8319,750.0593,631.7744,48,30,18,18,48222.0,113752.0,37043908,199,
VNS,ttd300,50,1,0.25,94.0,374.0,ttd300_n50_L1_f025,4,ok,-44588.3268,39357.0,83945.3268,1678.9065,750.0001,505.764,48,29,19,19,48222.0,113752.0,89477105,,
SA,ttd300,50,2,0.25,86.0,343.0,ttd300_n50_L2_f025,4,ok,-41404.1021,40376.0,81780.1021,1635.602,750.1129,750.1129,46,30,16,18,46232.0,113752.0,36321043,194,
VNS,ttd300,50,2,0.25,86.0,343.0,ttd300_n50_L2_f025,4,ok,-39273.4897,41910.0,81183.4897,1623.6698,750.0001,186.7613,49,31,18,19,49247.0,113752.0,98982044,,
SA,ttd300,50,3,0.25,95.0,379.0,ttd300_n50_L3_f025,4,ok,-55674.6935,35789.0,91463.6935,1829.2739,750.0565,324.5881,42,29,13,16,42219.0,113752.0,37350363,201,
VNS,ttd300,50,3,0.25,95.0,379.0,ttd300_n50_L3_f025,4,ok,-57286.6431,38162.0,95448.6431,1908.9729,750.0001,710.4797,46,29,17,19,46224.0,113752.0,90293065,,
SA,ttd300,50,4,0.25,94.0,375.0,ttd300_n50_L4_f025,4,ok,-56501.8062,36899.0,93400.8062,1868.0161,750.0919,750.0919,43,27,16,17,43185.0,113752.0,37172704,199,
VNS,ttd300,50,4,0.25,94.0,375.0,ttd300_n50_L4_f025,4,ok,-55272.2548,36789.0,92061.2548,1841.2251,750.0001,218.0471,43,27,16,19,43184.0,113752.0,96868547,,
SA,ttd300,50,5,0.25,93.0,372.0,ttd300_n50_L5_f025,4,ok,-47996.2105,39322.0,87318.2105,1746.3642,750.0544,58.8291,46,27,19,20,46207.0,113752.0,36749892,197,
VNS,ttd300,50,5,0.25,93.0,372.0,ttd300_n50_L5_f025,4,ok,-47485.891,38668.0,86153.891,1723.0778,750.0208,734.6756,45,33,12,13,45203.0,113752.0,63531808,,
SA,ttd300,50,1,0.5,187.0,374.0,ttd300_n50_L1_f050,4,ok,-29815.7493,40611.0,70426.7493,1408.535,750.0645,659.7205,50,30,20,20,50238.0,113752.0,33494242,179,
VNS,ttd300,50,1,0.5,187.0,374.0,ttd300_n50_L1_f050,4,ok,-39298.4207,39578.0,78876.4207,1577.5284,750.1422,403.5091,47,35,12,12,47227.0,113752.0,26260092,,
SA,ttd300,50,2,0.5,172.0,343.0,ttd300_n50_L2_f050,4,ok,-29445.8038,41910.0,71355.8038,1427.1161,750.0891,750.089,49,30,19,19,49247.0,113752.0,33627531,180,
VNS,ttd300,50,2,0.5,172.0,343.0,ttd300_n50_L2_f050,4,ok,-32006.9036,41552.0,73558.9036,1471.1781,750.0361,539.098,48,37,11,11,48242.0,113752.0,50030410,,
SA,ttd300,50,3,0.5,190.0,379.0,ttd300_n50_L3_f050,4,ok,-40383.2507,39771.0,80154.2507,1603.085,750.0924,750.0924,48,31,17,19,48239.0,113752.0,33671016,180,
VNS,ttd300,50,3,0.5,190.0,379.0,ttd300_n50_L3_f050,4,ok,-42578.0467,39194.0,81772.0467,1635.4409,750.0001,539.3747,47,30,17,18,47238.0,113752.0,69851132,,
SA,ttd300,50,4,0.5,188.0,375.0,ttd300_n50_L4_f050,4,ok,-31966.9613,40596.0,72562.9613,1451.2592,750.0932,750.0932,48,29,19,19,48210.0,113752.0,34068662,182,
VNS,ttd300,50,4,0.5,188.0,375.0,ttd300_n50_L4_f050,4,ok,-37450.3987,39758.0,77208.3987,1544.168,750.0001,717.7187,47,27,20,20,47200.0,113752.0,66176611,,
SA,ttd300,50,5,0.5,186.0,372.0,ttd300_n50_L5_f050,4,ok,-32806.3545,41034.0,73840.3545,1476.8071,750.095,750.0949,49,29,20,20,49219.0,113752.0,33477384,179,
VNS,ttd300,50,5,0.5,186.0,372.0,ttd300_n50_L5_f050,4,ok,-34821.0142,40066.0,74887.0142,1497.7403,750.0001,660.981,47,29,18,20,47216.0,113752.0,91984529,,
SA,ttd300,50,1,0.75,280.0,374.0,ttd300_n50_L1_f075,4,ok,-26803.0537,40082.0,66885.0537,1337.7011,750.1115,750.1115,49,31,18,18,49231.0,113752.0,34167365,183,
VNS,ttd300,50,1,0.75,280.0,374.0,ttd300_n50_L1_f075,4,ok,-40482.5135,39578.0,80060.5135,1601.2103,750.0,669.5483,47,37,10,10,47227.0,113752.0,20097355,,
SA,ttd300,50,2,0.75,257.0,343.0,ttd300_n50_L2_f075,4,ok,-27231.978,42039.0,69270.978,1385.4196,750.0654,494.3732,49,33,16,17,49246.0,113752.0,33725172,180,
VNS,ttd300,50,2,0.75,257.0,343.0,ttd300_n50_L2_f075,4,ok,-31926.8624,41910.0,73836.8624,1476.7372,750.0569,465.0129,49,38,11,11,49247.0,113752.0,26061673,,
SA,ttd300,50,3,0.75,284.0,379.0,ttd300_n50_L3_f075,4,ok,-38240.5217,40423.0,78663.5217,1573.2704,750.0622,457.727,49,29,20,20,49243.0,113752.0,33153752,177,
VNS,ttd300,50,3,0.75,284.0,379.0,ttd300_n50_L3_f075,4,ok,-45450.0127,39166.0,84616.0127,1692.3203,750.0425,746.8056,47,37,10,12,47238.0,113752.0,11569518,,
SA,ttd300,50,4,0.75,281.0,375.0,ttd300_n50_L4_f075,4,ok,-32411.7427,40596.0,73007.7427,1460.1549,750.0584,6.1952,48,27,21,22,48210.0,113752.0,33785997,181,
VNS,ttd300,50,4,0.75,281.0,375.0,ttd300_n50_L4_f075,4,ok,-57648.1859,37863.0,95511.1859,1910.2237,750.0493,445.6034,44,35,9,10,44191.0,113752.0,23124565,,
SA,ttd300,50,5,0.75,279.0,372.0,ttd300_n50_L5_f075,4,ok,-33337.7374,41663.0,75000.7374,1500.0147,750.1199,750.1199,50,33,17,17,50221.0,113752.0,33964900,182,
VNS,ttd300,50,5,0.75,279.0,372.0,ttd300_n50_L5_f075,4,ok,-43533.6628,38609.0,82142.6628,1642.8533,750.0783,618.4486,45,36,9,10,45201.0,113752.0,35334472,,
SA,ttd300,50,1,1.0,374.0,374.0,ttd300_n50_L1_f100,4,ok,-28129.6126,40611.0,68740.6126,1374.8123,750.0675,471.6509,50,33,17,17,50238.0,113752.0,33936757,181,
VNS,ttd300,50,1,1.0,374.0,374.0,ttd300_n50_L1_f100,4,ok,-42275.4575,39578.0,81853.4575,1637.0692,750.0829,46.3054,47,37,10,10,47227.0,113752.0,12439073,,
SA,ttd300,50,2,1.0,343.0,343.0,ttd300_n50_L2_f100,4,ok,-26813.9267,42514.0,69327.9267,1386.5585,750.105,750.1049,50,32,18,18,50253.0,113752.0,33541059,180,
VNS,ttd300,50,2,1.0,343.0,343.0,ttd300_n50_L2_f100,4,ok,-38627.5309,41910.0,80537.5309,1610.7506,750.0001,151.7681,49,38,11,11,49247.0,113752.0,15052286,,
SA,ttd300,50,3,1.0,379.0,379.0,ttd300_n50_L3_f100,4,ok,-39776.2595,39853.0,79629.2595,1592.5852,750.1154,750.1154,48,33,15,16,48242.0,113752.0,33245282,178,
VNS,ttd300,50,3,1.0,379.0,379.0,ttd300_n50_L3_f100,4,ok,-51692.9644,37694.0,89386.9644,1787.7393,751.0294,527.8039,45,35,10,11,45228.0,113752.0,11477183,,
SA,ttd300,50,4,1.0,375.0,375.0,ttd300_n50_L4_f100,4,ok,-33107.9466,40596.0,73703.9466,1474.0789,750.068,247.9628,48,31,17,17,48210.0,113752.0,34095215,182,
VNS,ttd300,50,4,1.0,375.0,375.0,ttd300_n50_L4_f100,4,ok,-55487.7531,38601.0,94088.7531,1881.7751,750.3278,234.9665,45,36,9,11,45180.0,113752.0,14406113,,
SA,ttd300,50,5,1.0,372.0,372.0,ttd300_n50_L5_f100,4,ok,-35338.9279,40612.0,75950.9279,1519.0186,750.0766,188.9704,48,33,15,15,48221.0,113752.0,33436348,179,
VNS,ttd300,50,5,1.0,372.0,372.0,ttd300_n50_L5_f100,4,ok,-43660.6332,38476.0,82136.6332,1642.7327,750.089,727.1822,45,35,10,10,45198.0,113752.0,19036112,,
SA,ttd300,75,1,0.25,94.0,374.0,ttd300_n75_L1_f025,1,ok,-42879.8254,57688.0,100567.8254,2011.3565,975.3572,975.3571,72,42,30,30,72302.0,170628.0,34869193,125,
VNS,ttd300,75,1,0.25,94.0,374.0,ttd300_n75_L1_f025,1,ok,-55957.7139,55339.0,111296.7139,2225.9343,976.1108,943.6542,68,55,13,15,68273.0,170628.0,32177617,,
SA,ttd300,75,2,0.25,97.0,387.0,ttd300_n75_L2_f025,1,ok,-34161.5953,64498.0,98659.5953,1973.1919,975.1458,75.96,74,46,28,28,74377.0,170628.0,33945149,121,
VNS,ttd300,75,2,0.25,97.0,387.0,ttd300_n75_L2_f025,1,ok,-39069.2476,64263.0,103332.2476,2066.645,975.0001,266.8668,74,58,16,16,74376.0,170628.0,65571064,,
SA,ttd300,75,3,0.25,91.0,363.0,ttd300_n75_L3_f025,1,ok,-43110.2817,62788.0,105898.2817,2117.9656,975.5385,975.5385,73,48,25,26,73370.0,170628.0,35064709,125,
VNS,ttd300,75,3,0.25,91.0,363.0,ttd300_n75_L3_f025,1,ok,-43854.016,62788.0,106642.016,2132.8403,975.0001,859.08,73,53,20,20,73370.0,170628.0,63573124,,
SA,ttd300,75,4,0.25,88.0,354.0,ttd300_n75_L4_f025,1,ok,-36126.9215,63016.0,99142.9215,1982.8584,975.3403,975.3403,75,49,26,26,75307.0,170628.0,34876739,125,
VNS,ttd300,75,4,0.25,88.0,354.0,ttd300_n75_L4_f025,1,ok,-45541.4233,62315.0,107856.4233,2157.1285,975.0001,871.3395,74,58,16,16,74299.0,170628.0,54527386,,
SA,ttd300,75,5,0.25,100.0,398.0,ttd300_n75_L5_f025,1,ok,-42197.7292,63291.0,105488.7292,2109.7746,975.2499,975.2499,75,52,23,23,75311.0,170628.0,34823596,124,
VNS,ttd300,75,5,0.25,100.0,398.0,ttd300_n75_L5_f025,1,ok,-49227.5098,61166.0,110393.5098,2207.8702,975.0001,764.381,71,53,18,20,71294.0,170628.0,77058938,,
SA,ttd300,75,1,0.5,187.0,374.0,ttd300_n75_L1_f050,1,ok,-33963.2147,58031.0,91994.2147,1839.8843,975.3859,975.3858,73,47,26,26,73308.0,170628.0,33212215,118,
VNS,ttd300,75,1,0.5,187.0,374.0,ttd300_n75_L1_f050,1,ok,-41064.7803,58411.0,99475.7803,1989.5156,975.0001,954.7098,74,52,22,22,74316.0,170628.0,55393494,,
SA,ttd300,75,2,0.5,194.0,387.0,ttd300_n75_L2_f050,1,ok,-25569.1377,64498.0,90067.1377,1801.3428,975.1581,187.2372,74,48,26,26,74377.0,170628.0,32770951,117,
VNS,ttd300,75,2,0.5,194.0,387.0,ttd300_n75_L2_f050,1,ok,-28801.577,64021.0,92822.577,1856.4515,975.0001,590.4721,73,53,20,21,73368.0,170628.0,69320542,,
SA,ttd300,75,3,0.5,182.0,363.0,ttd300_n75_L3_f050,1,ok,-30891.3001,63928.0,94819.3001,1896.386,975.3631,975.363,75,53,22,22,75381.0,170628.0,32932906,117,
VNS,ttd300,75,3,0.5,182.0,363.0,ttd300_n75_L3_f050,1,ok,-37412.5155,62788.0,100200.5155,2004.0103,975.7445,872.4804,73,60,13,14,73370.0,170628.0,21586730,,
SA,ttd300,75,4,0.5,177.0,354.0,ttd300_n75_L4_f050,1,ok,-29777.085,62490.0,92267.085,1845.3417,975.3403,975.3402,74,47,27,28,74298.0,170628.0,32889850,117,
VNS,ttd300,75,4,0.5,177.0,354.0,ttd300_n75_L4_f050,1,ok,-51560.6761,62315.0,113875.6761,2277.5135,975.0001,682.5059,74,65,9,10,74299.0,170628.0,25188132,,
SA,ttd300,75,5,0.5,199.0,398.0,ttd300_n75_L5_f050,1,ok,-30501.9542,63291.0,93792.9542,1875.8591,975.3984,975.3984,75,48,27,27,75311.0,170628.0,32185022,115,
VNS,ttd300,75,5,0.5,199.0,398.0,ttd300_n75_L5_f050,1,ok,-51928.7232,61166.0,113094.7232,2261.8945,975.8182,910.0227,71,60,11,12,71294.0,170628.0,15718084,,
SA,ttd300,75,1,0.75,280.0,374.0,ttd300_n75_L1_f075,1,ok,-34560.7144,58888.0,93448.7144,1868.9743,975.3809,975.3808,75,52,23,23,75317.0,170628.0,32860847,117,
VNS,ttd300,75,1,0.75,280.0,374.0,ttd300_n75_L1_f075,1,ok,-41486.4154,58888.0,100374.4154,2007.4883,975.1518,298.864,75,63,12,12,75317.0,170628.0,11501301,,
SA,ttd300,75,2,0.75,290.0,387.0,ttd300_n75_L2_f075,1,ok,-28006.7891,64846.0,92852.7891,1857.0558,975.3705,975.3704,75,50,25,25,75382.0,170628.0,32459205,116,
VNS,ttd300,75,2,0.75,290.0,387.0,ttd300_n75_L2_f075,1,ok,-34668.693,64498.0,99166.693,1983.3339,975.0001,940.3101,74,59,15,16,74377.0,170628.0,20111553,,
SA,ttd300,75,3,0.75,272.0,363.0,ttd300_n75_L3_f075,1,ok,-32319.4832,63928.0,96247.4832,1924.9497,975.2696,975.2695,75,49,26,26,75381.0,170628.0,31917653,114,
SA,ttd300,75,4,0.75,266.0,354.0,ttd300_n75_L4_f075,1,ok,-36063.1517,63016.0,99079.1517,1981.583,975.3014,975.3014,75,52,23,23,75307.0,170628.0,32605180,116,
VNS,ttd300,75,3,0.75,272.0,363.0,ttd300_n75_L3_f075,1,ok,-51417.6089,62823.0,114240.6089,2284.8122,979.2196,322.4161,73,60,13,13,73372.0,170628.0,7959475,,
VNS,ttd300,75,4,0.75,266.0,354.0,ttd300_n75_L4_f075,1,ok,-32149.4608,62537.0,94686.4608,1893.7292,975.0001,960.0564,74,49,25,25,74304.0,170628.0,64881477,,
SA,ttd300,75,5,0.75,298.0,398.0,ttd300_n75_L5_f075,1,ok,-31603.0556,63291.0,94894.0556,1897.8811,975.3852,975.3851,75,52,23,23,75311.0,170628.0,31921686,113,
SA,ttd300,75,1,1.0,374.0,374.0,ttd300_n75_L1_f100,1,ok,-31553.7415,58888.0,90441.7415,1808.8348,975.6435,975.6434,75,53,22,22,75317.0,170628.0,32224024,115,
VNS,ttd300,75,5,0.75,298.0,398.0,ttd300_n75_L5_f075,1,ok,-42251.5916,62709.0,104960.5916,2099.2118,978.1493,889.1956,74,61,13,13,74311.0,170628.0,7210906,,
VNS,ttd300,75,1,1.0,374.0,374.0,ttd300_n75_L1_f100,1,ok,-41789.2576,57918.0,99707.2576,1994.1452,975.2878,903.3611,73,64,9,10,73313.0,170628.0,12875502,,
SA,ttd300,75,2,1.0,387.0,387.0,ttd300_n75_L2_f100,1,ok,-28183.2255,64498.0,92681.2255,1853.6245,975.3873,975.3872,74,49,25,25,74377.0,170628.0,32728799,117,
VNS,ttd300,75,2,1.0,387.0,387.0,ttd300_n75_L2_f100,1,ok,-39989.0449,64498.0,104487.0449,2089.7409,975.2103,579.2069,74,63,11,11,74377.0,170628.0,13847241,,
SA,ttd300,75,3,1.0,363.0,363.0,ttd300_n75_L3_f100,1,ok,-35289.758,63928.0,99217.758,1984.3552,975.2948,975.2948,75,53,22,22,75381.0,170628.0,31827291,113,
VNS,ttd300,75,3,1.0,363.0,363.0,ttd300_n75_L3_f100,1,ok,-47035.927,62125.0,109160.927,2183.2185,978.6841,749.3095,72,61,11,12,72363.0,170628.0,7661700,,
SA,ttd300,75,4,1.0,354.0,354.0,ttd300_n75_L4_f100,1,ok,-32434.9981,63016.0,95450.9981,1909.02,975.3583,975.3583,75,52,23,23,75307.0,170628.0,32353396,115,
VNS,ttd300,75,4,1.0,354.0,354.0,ttd300_n75_L4_f100,1,ok,-40831.0366,62490.0,103321.0366,2066.4207,975.0001,935.8926,74,54,20,20,74298.0,170628.0,15033306,,
SA,ttd300,75,5,1.0,398.0,398.0,ttd300_n75_L5_f100,1,ok,-36326.1227,62298.0,98624.1227,1972.4825,975.6691,975.669,73,50,23,24,73305.0,170628.0,32376726,115,
VNS,ttd300,75,5,1.0,398.0,398.0,ttd300_n75_L5_f100,1,ok,-51480.1568,60987.0,112467.1568,2249.3431,975.2318,894.4898,71,61,10,10,71299.0,170628.0,9215190,,
SA,ttd300,75,1,0.25,94.0,374.0,ttd300_n75_L1_f025,2,ok,-39246.5354,58114.0,97360.5354,1947.2107,975.3226,975.3225,73,46,27,27,73309.0,170628.0,34690584,124,
VNS,ttd300,75,1,0.25,94.0,374.0,ttd300_n75_L1_f025,2,ok,-44512.2898,56671.0,101183.2898,2023.6658,975.0001,881.3684,70,39,31,32,70293.0,170628.0,81399257,,
SA,ttd300,75,2,0.25,97.0,387.0,ttd300_n75_L2_f025,2,ok,-31770.023,64498.0,96268.023,1925.3605,975.2592,975.2591,74,48,26,26,74377.0,170628.0,34573203,123,
VNS,ttd300,75,2,0.25,97.0,387.0,ttd300_n75_L2_f025,2,ok,-46144.3852,63609.0,109753.3852,2195.0677,975.0001,971.9712,73,60,13,14,73368.0,170628.0,28688988,,
SA,ttd300,75,3,0.25,91.0,363.0,ttd300_n75_L3_f025,2,ok,-41108.7256,62788.0,103896.7256,2077.9345,975.375,975.375,73,46,27,27,73370.0,170628.0,35024872,125,
VNS,ttd300,75,3,0.25,91.0,363.0,ttd300_n75_L3_f025,2,ok,-45469.8469,62725.0,108194.8469,2163.8969,975.0001,942.7873,73,53,20,20,73374.0,170628.0,45654824,,
SA,ttd300,75,4,0.25,88.0,354.0,ttd300_n75_L4_f025,2,ok,-36752.0797,63016.0,99768.0797,1995.3616,975.5997,975.5997,75,49,26,26,75307.0,170628.0,34770041,124,
VNS,ttd300,75,4,0.25,88.0,354.0,ttd300_n75_L4_f025,2,ok,-43646.792,63016.0,106662.792,2133.2558,975.0001,946.2785,75,56,19,19,75307.0,170628.0,46029201,,
SA,ttd300,75,5,0.25,100.0,398.0,ttd300_n75_L5_f025,2,ok,-39578.3846,63291.0,102869.3846,2057.3877,975.216,975.2159,75,45,30,30,75311.0,170628.0,35067645,125,
VNS,ttd300,75,5,0.25,100.0,398.0,ttd300_n75_L5_f025,2,ok,-54414.6341,61166.0,115580.6341,2311.6127,975.0001,888.6353,71,58,13,14,71294.0,170628.0,29217058,,
SA,ttd300,75,1,0.5,187.0,374.0,ttd300_n75_L1_f050,2,ok,-33211.9506,58888.0,92099.9506,1841.999,975.4473,975.4472,75,49,26,26,75317.0,170628.0,32884375,117,
VNS,ttd300,75,1,0.5,187.0,374.0,ttd300_n75_L1_f050,2,ok,-50092.8854,56144.0,106236.8854,2124.7377,975.3841,929.7348,69,58,11,12,69283.0,170628.0,20810497,,
SA,ttd300,75,2,0.5,194.0,387.0,ttd300_n75_L2_f050,2,ok,-26975.9607,64846.0,91821.9607,1836.4392,975.2572,975.2571,75,52,23,23,75382.0,170628.0,32784240,117,
VNS,ttd300,75,2,0.5,194.0,387.0,ttd300_n75_L2_f050,2,ok,-39383.7837,64210.0,103593.7837,2071.8757,975.0001,621.2187,74,60,14,14,74373.0,170628.0,18793602,,
SA,ttd300,75,3,0.5,182.0,363.0,ttd300_n75_L3_f050,2,ok,-33407.6238,63928.0,97335.6238,1946.7125,975.3639,975.3638,75,47,28,28,75381.0,170628.0,32500809,116,
VNS,ttd300,75,3,0.5,182.0,363.0,ttd300_n75_L3_f050,2,ok,-44787.256,62823.0,107610.256,2152.2051,977.2499,961.1715,73,58,15,15,73372.0,170628.0,14086018,,
SA,ttd300,75,4,0.5,177.0,354.0,ttd300_n75_L4_f050,2,ok,-33168.7354,63016.0,96184.7354,1923.6947,975.2637,975.2636,75,50,25,25,75307.0,170628.0,33143002,118,
VNS,ttd300,75,4,0.5,177.0,354.0,ttd300_n75_L4_f050,2,ok,-49069.0885,61240.0,110309.0885,2206.1818,977.3197,931.5687,72,59,13,13,72289.0,170628.0,17492170,,
SA,ttd300,75,5,0.5,199.0,398.0,ttd300_n75_L5_f050,2,ok,-29569.9239,63291.0,92860.9239,1857.2185,975.4379,975.4379,75,50,25,25,75311.0,170628.0,32501466,116,
VNS,ttd300,75,5,0.5,199.0,398.0,ttd300_n75_L5_f050,2,ok,-45492.9514,61763.0,107255.9514,2145.119,976.7123,710.5131,72,60,12,12,72299.0,170628.0,21577676,,
SA,ttd300,75,1,0.75,280.0,374.0,ttd300_n75_L1_f075,2,ok,-33973.7341,58114.0,92087.7341,1841.7547,975.2808,975.2807,73,53,20,20,73309.0,170628.0,32570083,116,
VNS,ttd300,75,1,0.75,280.0,374.0,ttd300_n75_L1_f075,2,ok,-51747.4385,55513.0,107260.4385,2145.2088,975.9293,242.0459,68,59,9,10,68279.0,170628.0,19575892,,
SA,ttd300,75,2,0.75,290.0,387.0,ttd300_n75_L2_f075,2,ok,-25232.1143,64498.0,89730.1143,1794.6023,975.4016,975.4016,74,52,22,22,74377.0,170628.0,32742245,117,
VNS,ttd300,75,2,0.75,290.0,387.0,ttd300_n75_L2_f075,2,ok,-41293.7157,63733.0,105026.7157,2100.5343,975.5629,766.1483,73,62,11,11,73364.0,170628.0,14045759,,
SA,ttd300,75,3,0.75,272.0,363.0,ttd300_n75_L3_f075,2,ok,-33352.8307,63928.0,97280.8307,1945.6166,975.2786,975.2785,75,53,22,22,75381.0,170628.0,32120671,115,
SA,ttd300,75,4,0.75,266.0,354.0,ttd300_n75_L4_f075,2,ok,-36304.006,63016.0,99320.006,1986.4001,975.1743,140.6592,75,53,22,22,75307.0,170628.0,32487661,116,
VNS,ttd300,75,3,0.75,272.0,363.0,ttd300_n75_L3_f075,2,ok,-37804.2435,63390.0,101194.2435,2023.8849,976.7992,873.4014,74,60,14,14,74377.0,170628.0,10951768,,
VNS,ttd300,75,4,0.75,266.0,354.0,ttd300_n75_L4_f075,2,ok,-47399.3503,62490.0,109889.3503,2197.787,975.6278,478.3513,74,64,10,10,74298.0,170628.0,24541599,,
SA,ttd300,75,5,0.75,298.0,398.0,ttd300_n75_L5_f075,2,ok,-35251.5552,63291.0,98542.5552,1970.8511,975.1626,333.0527,75,52,23,23,75311.0,170628.0,32423101,116,
VNS,ttd300,75,5,0.75,298.0,398.0,ttd300_n75_L5_f075,2,ok,-47635.3241,61202.0,108837.3241,2176.7465,975.0001,737.7349,71,61,10,10,71298.0,170628.0,18903779,,
SA,ttd300,75,1,1.0,374.0,374.0,ttd300_n75_L1_f100,2,ok,-33504.0911,58114.0,91618.0911,1832.3618,975.4805,975.4804,73,48,25,26,73309.0,170628.0,32772173,117,
VNS,ttd300,75,1,1.0,374.0,374.0,ttd300_n75_L1_f100,2,ok,-52764.6239,55513.0,108277.6239,2165.5525,975.0242,105.4654,68,59,9,10,68279.0,170628.0,14995415,,
SA,ttd300,75,2,1.0,387.0,387.0,ttd300_n75_L2_f100,2,ok,-30788.0975,64846.0,95634.0975,1912.682,975.2731,975.273,75,53,22,22,75382.0,170628.0,32045318,114,
VNS,ttd300,75,2,1.0,387.0,387.0,ttd300_n75_L2_f100,2,ok,-42468.6516,64210.0,106678.6516,2133.573,976.2257,635.8466,74,64,10,10,74373.0,170628.0,12330357,,
SA,ttd300,75,3,1.0,363.0,363.0,ttd300_n75_L3_f100,2,ok,-32514.7062,63928.0,96442.7062,1928.8541,975.979,975.9789,75,52,23,23,75381.0,170628.0,32168968,114,
VNS,ttd300,75,3,1.0,363.0,363.0,ttd300_n75_L3_f100,2,ok,-51586.2638,62788.0,114374.2638,2287.4853,976.0775,632.5523,73,62,11,11,73370.0,170628.0,10300806,,
SA,ttd300,75,4,1.0,354.0,354.0,ttd300_n75_L4_f100,2,ok,-33154.9402,62537.0,95691.9402,1913.8388,975.3915,975.3914,74,52,22,22,74304.0,170628.0,32091873,114,
VNS,ttd300,75,4,1.0,354.0,354.0,ttd300_n75_L4_f100,2,ok,-52647.5872,61937.0,114584.5872,2291.6917,975.0001,373.3898,73,64,9,10,73295.0,170628.0,15316874,,
SA,ttd300,75,5,1.0,398.0,398.0,ttd300_n75_L5_f100,2,ok,-30800.5461,63291.0,94091.5461,1881.8309,975.5036,975.5036,75,49,26,26,75311.0,170628.0,32693986,116,
VNS,ttd300,75,5,1.0,398.0,398.0,ttd300_n75_L5_f100,2,ok,-49757.0948,61166.0,110923.0948,2218.4619,975.1969,600.5918,71,61,10,10,71294.0,170628.0,14305432,,
SA,ttd300,75,1,0.25,94.0,374.0,ttd300_n75_L1_f025,3,ok,-44739.4338,57622.0,102361.4338,2047.2287,975.4145,975.4144,72,47,25,26,72302.0,170628.0,34465971,123,
VNS,ttd300,75,1,0.25,94.0,374.0,ttd300_n75_L1_f025,3,ok,-55905.8913,55513.0,111418.8913,2228.3778,975.0857,970.0642,68,56,12,13,68279.0,170628.0,48438020,,
SA,ttd300,75,2,0.25,97.0,387.0,ttd300_n75_L2_f025,3,ok,-34009.5237,64263.0,98272.5237,1965.4505,975.1479,743.09,74,48,26,26,74376.0,170628.0,34490475,123,
VNS,ttd300,75,2,0.25,97.0,387.0,ttd300_n75_L2_f025,3,ok,-39122.9422,64846.0,103968.9422,2079.3788,975.0001,876.2763,75,56,19,19,75382.0,170628.0,43299781,,
SA,ttd300,75,3,0.25,91.0,363.0,ttd300_n75_L3_f025,3,ok,-41290.8299,62788.0,104078.8299,2081.5766,975.4171,975.4171,73,47,26,26,73370.0,170628.0,34812771,124,
VNS,ttd300,75,3,0.25,91.0,363.0,ttd300_n75_L3_f025,3,ok,-48946.8724,61381.0,110327.8724,2206.5574,975.0001,298.9126,71,55,16,19,71353.0,170628.0,76107405,,
SA,ttd300,75,4,0.25,88.0,354.0,ttd300_n75_L4_f025,3,ok,-37256.2964,63016.0,100272.2964,2005.4459,975.2452,975.2451,75,47,28,28,75307.0,170628.0,34939832,125,
VNS,ttd300,75,4,0.25,88.0,354.0,ttd300_n75_L4_f025,3,ok,-40674.9617,63016.0,103690.9617,2073.8192,975.0001,967.0344,75,53,22,22,75307.0,170628.0,53963521,,
SA,ttd300,75,5,0.25,100.0,398.0,ttd300_n75_L5_f025,3,ok,-41824.7412,62859.0,104683.7412,2093.6748,975.6817,975.6817,74,46,28,28,74306.0,170628.0,34265198,122,
VNS,ttd300,75,5,0.25,100.0,398.0,ttd300_n75_L5_f025,3,ok,-47467.8339,61598.0,109065.8339,2181.3167,975.0001,972.1134,72,53,19,20,72299.0,170628.0,70946150,,
SA,ttd300,75,1,0.5,187.0,374.0,ttd300_n75_L1_f050,3,ok,-34743.8438,58114.0,92857.8438,1857.1569,975.4056,975.4056,73,47,26,26,73309.0,170628.0,32992890,118,
VNS,ttd300,75,1,0.5,187.0,374.0,ttd300_n75_L1_f050,3,ok,-43526.899,57346.0,100872.899,2017.458,975.0001,952.0811,72,57,15,17,72310.0,170628.0,26401920,,
SA,ttd300,75,2,0.5,194.0,387.0,ttd300_n75_L2_f050,3,ok,-28770.6652,64498.0,93268.6652,1865.3733,975.451,975.451,74,53,21,21,74377.0,170628.0,32574616,116,
VNS,ttd300,75,2,0.5,194.0,387.0,ttd300_n75_L2_f050,3,ok,-36488.3736,64498.0,100986.3736,2019.7275,975.2765,961.0456,74,60,14,14,74377.0,170628.0,19821060,,
SA,ttd300,75,3,0.5,182.0,363.0,ttd300_n75_L3_f050,3,ok,-32747.7179,63390.0,96137.7179,1922.7544,975.1554,686.6398,74,49,25,26,74377.0,170628.0,32993793,118,
VNS,ttd300,75,3,0.5,182.0,363.0,ttd300_n75_L3_f050,3,ok,-45135.2931,62779.0,107914.2931,2158.2859,976.2455,885.5646,73,61,12,12,73368.0,170628.0,12951432,,
SA,ttd300,75,4,0.5,177.0,354.0,ttd300_n75_L4_f050,3,ok,-34188.8426,62490.0,96678.8426,1933.5769,975.259,975.2589,74,49,25,26,74298.0,170628.0,32471328,116,
VNS,ttd300,75,4,0.5,177.0,354.0,ttd300_n75_L4_f050,3,ok,-48790.4775,61937.0,110727.4775,2214.5496,975.3819,341.7156,73,61,12,12,73295.0,170628.0,19445696,,
SA,ttd300,75,5,0.5,199.0,398.0,ttd300_n75_L5_f050,3,ok,-32852.2146,63291.0,96143.2146,1922.8643,975.3097,975.3097,75,50,25,25,75311.0,170628.0,32914969,117,
VNS,ttd300,75,5,0.5,199.0,398.0,ttd300_n75_L5_f050,3,ok,-53895.8052,61419.0,115314.8052,2306.2961,975.8576,443.9504,72,61,11,11,72304.0,170628.0,21982044,,
SA,ttd300,75,1,0.75,280.0,374.0,ttd300_n75_L1_f075,3,ok,-34379.5976,58114.0,92493.5976,1849.872,975.3806,975.3806,73,50,23,23,73309.0,170628.0,32275536,115,
VNS,ttd300,75,1,0.75,280.0,374.0,ttd300_n75_L1_f075,3,ok,-50556.0863,56530.0,107086.0863,2141.7217,975.8533,95.0875,70,61,9,10,70288.0,170628.0,20060559,,
SA,ttd300,75,2,0.75,290.0,387.0,ttd300_n75_L2_f075,3,ok,-27647.1893,64498.0,92145.1893,1842.9038,975.3771,975.3771,74,50,24,24,74377.0,170628.0,32609153,116,
VNS,ttd300,75,2,0.75,290.0,387.0,ttd300_n75_L2_f075,3,ok,-40676.1547,64290.0,104966.1547,2099.3231,978.0607,953.4378,74,59,15,15,74377.0,170628.0,6800617,,
SA,ttd300,75,3,0.75,272.0,363.0,ttd300_n75_L3_f075,3,ok,-33328.2791,63390.0,96718.2791,1934.3656,975.1769,537.4183,74,51,23,23,74377.0,170628.0,32289335,115,
VNS,ttd300,75,3,0.75,272.0,363.0,ttd300_n75_L3_f075,3,ok,-42262.3609,62823.0,105085.3609,2101.7072,975.0127,674.9302,73,61,12,14,73372.0,170628.0,13060888,,
SA,ttd300,75,4,0.75,266.0,354.0,ttd300_n75_L4_f075,3,ok,-34395.9652,62490.0,96885.9652,1937.7193,975.3883,975.3882,74,52,22,22,74298.0,170628.0,32522712,116,
VNS,ttd300,75,4,0.75,266.0,354.0,ttd300_n75_L4_f075,3,ok,-52284.9001,61937.0,114221.9001,2284.438,975.0001,845.8741,73,62,11,11,73295.0,170628.0,14406330,,
SA,ttd300,75,5,0.75,298.0,398.0,ttd300_n75_L5_f075,3,ok,-31299.6635,63291.0,94590.6635,1891.8133,975.3242,975.3242,75,46,29,29,75311.0,170628.0,32498898,116,
VNS,ttd300,75,5,0.75,298.0,398.0,ttd300_n75_L5_f075,3,ok,-50764.7961,61416.0,112180.7961,2243.6159,975.3304,323.2359,72,59,13,13,72301.0,170628.0,8281158,,
SA,ttd300,75,1,1.0,374.0,374.0,ttd300_n75_L1_f100,3,ok,-35710.1372,58396.0,94106.1372,1882.1227,975.3977,975.3977,74,53,21,22,74310.0,170628.0,32954809,118,
VNS,ttd300,75,1,1.0,374.0,374.0,ttd300_n75_L1_f100,3,ok,-52764.6239,55513.0,108277.6239,2165.5525,975.4134,193.561,68,59,9,10,68279.0,170628.0,16759970,,
SA,ttd300,75,2,1.0,387.0,387.0,ttd300_n75_L2_f100,3,ok,-28703.3181,64498.0,93201.3181,1864.0264,975.3527,975.3526,74,48,26,26,74377.0,170628.0,32422514,115,
VNS,ttd300,75,2,1.0,387.0,387.0,ttd300_n75_L2_f100,3,ok,-42614.4977,64498.0,107112.4977,2142.25,975.6404,940.7512,74,61,13,13,74377.0,170628.0,13012150,,
SA,ttd300,75,3,1.0,363.0,363.0,ttd300_n75_L3_f100,3,ok,-34234.8906,63928.0,98162.8906,1963.2578,975.3701,975.37,75,52,23,23,75381.0,170628.0,32621830,116,
VNS,ttd300,75,3,1.0,363.0,363.0,ttd300_n75_L3_f100,3,ok,-48170.1689,62823.0,110993.1689,2219.8634,975.1984,749.0402,73,62,11,11,73372.0,170628.0,7846293,,
SA,ttd300,75,4,1.0,354.0,354.0,ttd300_n75_L4_f100,3,ok,-36145.482,62490.0,98635.482,1972.7096,975.4893,975.4893,74,50,24,24,74298.0,170628.0,32309167,115,
VNS,ttd300,75,4,1.0,354.0,354.0,ttd300_n75_L4_f100,3,ok,-47699.3823,61890.0,109589.3823,2191.7876,975.7483,472.32,73,63,10,11,73289.0,170628.0,12092853,,
SA,ttd300,75,5,1.0,398.0,398.0,ttd300_n75_L5_f100,3,ok,-33033.4533,63291.0,96324.4533,1926.4891,975.3701,975.3701,75,51,24,24,75311.0,170628.0,32649932,116,
VNS,ttd300,75,5,1.0,398.0,398.0,ttd300_n75_L5_f100,3,ok,-51703.3388,61694.0,113397.3388,2267.9468,976.967,727.1209,72,61,11,12,72304.0,170628.0,6229356,,
SA,ttd300,75,1,0.25,94.0,374.0,ttd300_n75_L1_f025,4,ok,-41944.5855,57560.0,99504.5855,1990.0917,975.3886,975.3886,72,45,27,27,72301.0,170628.0,34504637,123,
VNS,ttd300,75,1,0.25,94.0,374.0,ttd300_n75_L1_f025,4,ok,-56747.4613,55513.0,112260.4613,2245.2092,975.0605,530.4583,68,56,12,13,68279.0,170628.0,41358590,,
SA,ttd300,75,2,0.25,97.0,387.0,ttd300_n75_L2_f025,4,ok,-32217.9555,64263.0,96480.9555,1929.6191,975.4218,975.4217,74,49,25,25,74376.0,170628.0,34204414,122,
VNS,ttd300,75,2,0.25,97.0,387.0,ttd300_n75_L2_f025,4,ok,-42215.4152,64498.0,106713.4152,2134.2683,975.0001,966.2327,74,54,20,20,74377.0,170628.0,46323148,,
SA,ttd300,75,3,0.25,91.0,363.0,ttd300_n75_L3_f025,4,ok,-43029.3984,62788.0,105817.3984,2116.348,975.4853,975.4852,73,47,26,26,73370.0,170628.0,34755907,124,
VNS,ttd300,75,3,0.25,91.0,363.0,ttd300_n75_L3_f025,4,ok,-48178.5549,62808.0,110986.5549,2219.7311,975.0001,895.8405,73,51,22,23,73369.0,170628.0,68500907,,
SA,ttd300,75,4,0.25,88.0,354.0,ttd300_n75_L4_f025,4,ok,-34064.2042,63016.0,97080.2042,1941.6041,975.5672,975.5671,75,50,25,25,75307.0,170628.0,34751453,124,
VNS,ttd300,75,4,0.25,88.0,354.0,ttd300_n75_L4_f025,4,ok,-36365.7105,62537.0,98902.7105,1978.0542,975.0001,776.331,74,42,32,32,74304.0,170628.0,85541666,,
SA,ttd300,75,5,0.25,100.0,398.0,ttd300_n75_L5_f025,4,ok,-37768.5927,63291.0,101059.5927,2021.1919,975.3077,975.3076,75,47,28,28,75311.0,170628.0,34826995,124,
VNS,ttd300,75,5,0.25,100.0,398.0,ttd300_n75_L5_f025,4,ok,-45345.0822,61763.0,107108.0822,2142.1616,975.0001,897.4166,72,54,18,18,72299.0,170628.0,59737507,,
SA,ttd300,75,1,0.5,187.0,374.0,ttd300_n75_L1_f050,4,ok,-32776.1646,58114.0,90890.1646,1817.8033,975.5709,975.5708,73,46,27,27,73309.0,170628.0,33538704,120,
VNS,ttd300,75,1,0.5,187.0,374.0,ttd300_n75_L1_f050,4,ok,-47480.8096,56543.0,104023.8096,2080.4762,975.0001,912.2158,70,57,13,14,70286.0,170628.0,37292991,,
SA,ttd300,75,2,0.5,194.0,387.0,ttd300_n75_L2_f050,4,ok,-26139.5212,64846.0,90985.5212,1819.7104,975.5766,975.5765,75,53,22,22,75382.0,170628.0,32990777,117,
VNS,ttd300,75,2,0.5,194.0,387.0,ttd300_n75_L2_f050,4,ok,-30600.4841,64021.0,94621.4841,1892.4297,975.0001,973.5325,73,54,19,19,73368.0,170628.0,27471214,,
SA,ttd300,75,3,0.5,182.0,363.0,ttd300_n75_L3_f050,4,ok,-32862.1148,63928.0,96790.1148,1935.8023,975.2673,975.2672,75,49,26,26,75381.0,170628.0,32606257,116,
VNS,ttd300,75,3,0.5,182.0,363.0,ttd300_n75_L3_f050,4,ok,-42219.1739,63419.0,105638.1739,2112.7635,975.0001,905.2414,74,55,19,19,74378.0,170628.0,38173992,,
SA,ttd300,75,4,0.5,177.0,354.0,ttd300_n75_L4_f050,4,ok,-33878.3257,63016.0,96894.3257,1937.8865,975.2319,975.2318,75,47,28,28,75307.0,170628.0,32728508,117,
VNS,ttd300,75,4,0.5,177.0,354.0,ttd300_n75_L4_f050,4,ok,-39639.0028,62011.0,101650.0028,2033.0001,975.0001,969.5272,73,57,16,16,73295.0,170628.0,44152560,,
SA,ttd300,75,5,0.5,199.0,398.0,ttd300_n75_L5_f050,4,ok,-33034.1281,63291.0,96325.1281,1926.5026,975.262,975.262,75,47,28,28,75311.0,170628.0,32909055,118,
VNS,ttd300,75,5,0.5,199.0,398.0,ttd300_n75_L5_f050,4,ok,-50669.4701,62345.0,113014.4701,2260.2894,975.0001,919.8006,73,60,13,13,73303.0,170628.0,31409484,,
SA,ttd300,75,1,0.75,280.0,374.0,ttd300_n75_L1_f075,4,ok,-34249.9104,58545.0,92794.9104,1855.8982,975.3858,975.3857,74,51,23,23,74311.0,170628.0,32736223,116,
VNS,ttd300,75,1,0.75,280.0,374.0,ttd300_n75_L1_f075,4,ok,-49224.0973,56463.0,105687.0973,2113.7419,975.5755,959.3571,70,59,11,13,70292.0,170628.0,18157021,,
SA,ttd300,75,2,0.75,290.0,387.0,ttd300_n75_L2_f075,4,ok,-26854.6378,64498.0,91352.6378,1827.0528,975.2667,975.2667,74,48,26,26,74377.0,170628.0,32767692,117,
VNS,ttd300,75,2,0.75,290.0,387.0,ttd300_n75_L2_f075,4,ok,-48578.1941,62973.0,111551.1941,2231.0239,975.1495,964.7253,72,62,10,10,72360.0,170628.0,16702438,,
SA,ttd300,75,3,0.75,272.0,363.0,ttd300_n75_L3_f075,4,ok,-32400.6629,63928.0,96328.6629,1926.5733,975.4245,975.4245,75,51,24,24,75381.0,170628.0,32159263,114,
SA,ttd300,75,4,0.75,266.0,354.0,ttd300_n75_L4_f075,4,ok,-31469.8161,62490.0,93959.8161,1879.1963,975.4503,975.4503,74,48,26,27,74298.0,170628.0,32722023,116,
VNS,ttd300,75,3,0.75,272.0,363.0,ttd300_n75_L3_f075,4,ok,-41226.3519,63419.0,104645.3519,2092.907,980.2963,674.7994,74,58,16,16,74378.0,170628.0,19085769,,
VNS,ttd300,75,4,0.75,266.0,354.0,ttd300_n75_L4_f075,4,ok,-45334.8934,62011.0,107345.8934,2146.9179,977.8068,783.1127,73,59,14,14,73295.0,170628.0,10661185,,
SA,ttd300,75,5,0.75,298.0,398.0,ttd300_n75_L5_f075,4,ok,-35404.5988,62777.0,98181.5988,1963.632,975.1679,906.4839,74,51,23,23,74308.0,170628.0,32147533,115,
VNS,ttd300,75,5,0.75,298.0,398.0,ttd300_n75_L5_f075,4,ok,-53550.8675,61133.0,114683.8675,2293.6774,975.0001,915.4695,71,62,9,10,71303.0,170628.0,18175594,,
SA,ttd300,75,1,1.0,374.0,374.0,ttd300_n75_L1_f100,4,ok,-33607.9846,58888.0,92495.9846,1849.9197,975.2623,975.2622,75,54,21,21,75317.0,170628.0,32590214,116,
VNS,ttd300,75,1,1.0,374.0,374.0,ttd300_n75_L1_f100,4,ok,-54161.0803,56402.0,110563.0803,2211.2616,975.4499,139.1465,70,60,10,10,70287.0,170628.0,15002275,,
SA,ttd300,75,2,1.0,387.0,387.0,ttd300_n75_L2_f100,4,ok,-25999.8115,64498.0,90497.8115,1809.9562,975.593,975.5929,74,52,22,22,74377.0,170628.0,30958381,110,
VNS,ttd300,75,2,1.0,387.0,387.0,ttd300_n75_L2_f100,4,ok,-45613.1372,64498.0,110111.1372,2202.2227,976.0731,843.9973,74,63,11,11,74377.0,170628.0,10377080,,
SA,ttd300,75,3,1.0,363.0,363.0,ttd300_n75_L3_f100,4,ok,-32892.3175,63928.0,96820.3175,1936.4063,975.3994,975.3994,75,51,24,24,75381.0,170628.0,32075718,114,
VNS,ttd300,75,3,1.0,363.0,363.0,ttd300_n75_L3_f100,4,ok,-48429.9893,62153.0,110582.9893,2211.6598,975.2245,956.754,72,62,10,10,72367.0,170628.0,12070067,,
SA,ttd300,75,4,1.0,354.0,354.0,ttd300_n75_L4_f100,4,ok,-34209.9631,63016.0,97225.9631,1944.5193,975.3012,975.3011,75,51,24,24,75307.0,170628.0,32401747,115,
VNS,ttd300,75,4,1.0,354.0,354.0,ttd300_n75_L4_f100,4,ok,-48166.3638,63016.0,111182.3638,2223.6473,975.3692,796.6774,75,65,10,10,75307.0,170628.0,16800311,,
SA,ttd300,75,5,1.0,398.0,398.0,ttd300_n75_L5_f100,4,ok,-36155.0424,63291.0,99446.0424,1988.9208,975.4647,975.4646,75,50,25,25,75311.0,170628.0,32654731,117,
VNS,ttd300,75,5,1.0,398.0,398.0,ttd300_n75_L5_f100,4,ok,-52434.0352,61567.0,114001.0352,2280.0207,975.0001,695.7562,72,62,10,10,72298.0,170628.0,11743891,,
SA,ttd300,100,1,0.25,98.0,393.0,ttd300_n100_L1_f025,1,ok,-44719.495,82710.0,127429.495,2548.5899,1200.5527,1200.5527,97,66,31,31,97482.0,227504.0,34402694,92,
VNS,ttd300,100,1,0.25,98.0,393.0,ttd300_n100_L1_f025,1,ok,-60653.457,82144.0,142797.457,2855.9491,1200.4457,816.1117,96,85,11,11,96477.0,227504.0,29938491,,
SA,ttd300,100,2,0.25,98.0,390.0,ttd300_n100_L2_f025,1,ok,-29810.8238,85234.0,115044.8238,2300.8965,1200.8787,1200.8786,100,72,28,28,100418.0,227504.0,34128809,91,
VNS,ttd300,100,2,0.25,98.0,390.0,ttd300_n100_L2_f025,1,ok,-50069.8664,84048.0,134117.8664,2682.3573,1200.0001,1118.7067,98,87,11,12,98416.0,227504.0,37471610,,
SA,ttd300,100,3,0.25,94.0,376.0,ttd300_n100_L3_f025,1,ok,-38249.1315,86159.0,124408.1315,2488.1626,1200.4196,1200.4196,100,68,32,32,100519.0,227504.0,34186135,92,
VNS,ttd300,100,3,0.25,94.0,376.0,ttd300_n100_L3_f025,1,ok,-54889.2759,85124.0,140013.2759,2800.2655,1200.0001,1107.9386,98,87,11,11,98512.0,227504.0,42119698,,
SA,ttd300,100,4,0.25,93.0,371.0,ttd300_n100_L4_f025,1,ok,-36738.5184,84259.0,120997.5184,2419.9504,1200.726,1200.726,98,68,30,31,98424.0,227504.0,34270730,91,
VNS,ttd300,100,4,0.25,93.0,371.0,ttd300_n100_L4_f025,1,ok,-45320.3714,83668.0,128988.3714,2579.7674,1200.0001,1176.5622,97,75,22,22,97418.0,227504.0,55544540,,
SA,ttd300,100,5,0.25,92.0,366.0,ttd300_n100_L5_f025,1,ok,-37777.3925,83403.0,121180.3925,2423.6079,1200.4185,1200.4184,99,68,31,31,99506.0,227504.0,34479555,92,
VNS,ttd300,100,5,0.25,92.0,366.0,ttd300_n100_L5_f025,1,ok,-49084.7775,81744.0,130828.7775,2616.5755,1200.0001,1119.751,96,85,11,11,96491.0,227504.0,29149953,,
SA,ttd300,100,1,0.5,196.0,393.0,ttd300_n100_L1_f050,1,ok,-36373.4734,83464.0,119837.4734,2396.7495,1200.8033,1200.8032,99,68,31,31,99489.0,227504.0,32653861,87,
VNS,ttd300,100,1,0.5,196.0,393.0,ttd300_n100_L1_f050,1,ok,-59178.9838,81075.0,140253.9838,2805.0797,1200.0001,827.5892,94,85,9,10,94467.0,227504.0,24145108,,
SA,ttd300,100,2,0.5,195.0,390.0,ttd300_n100_L2_f050,1,ok,-30408.6885,85234.0,115642.6885,2312.8538,1200.286,621.3103,100,71,29,29,100418.0,227504.0,32835763,87,
VNS,ttd300,100,2,0.5,195.0,390.0,ttd300_n100_L2_f050,1,ok,-42476.6881,85234.0,127710.6881,2554.2138,1200.0001,1105.7567,100,82,18,18,100418.0,227504.0,28744753,,
SA,ttd300,100,3,0.5,188.0,376.0,ttd300_n100_L3_f050,1,ok,-31120.0293,86159.0,117279.0293,2345.5806,1200.5857,1200.5856,100,68,32,32,100519.0,227504.0,32674634,87,
VNS,ttd300,100,3,0.5,188.0,376.0,ttd300_n100_L3_f050,1,ok,-52655.1209,85124.0,137779.1209,2755.5824,1201.6823,1181.0557,98,86,12,12,98512.0,227504.0,10276902,,
SA,ttd300,100,4,0.5,186.0,371.0,ttd300_n100_L4_f050,1,ok,-28947.265,84996.0,113943.265,2278.8653,1200.6939,1200.6938,100,69,31,31,100434.0,227504.0,32982837,88,
VNS,ttd300,100,4,0.5,186.0,371.0,ttd300_n100_L4_f050,1,ok,-51921.7195,83121.0,135042.7195,2700.8544,1200.2475,907.786,96,86,10,10,96418.0,227504.0,26214838,,
SA,ttd300,100,5,0.5,183.0,366.0,ttd300_n100_L5_f050,1,ok,-30629.339,83859.0,114488.339,2289.7668,1200.2812,803.4004,100,69,31,31,100506.0,227504.0,32850853,88,
VNS,ttd300,100,5,0.5,183.0,366.0,ttd300_n100_L5_f050,1,ok,-40889.6392,82368.0,123257.6392,2465.1528,1200.0001,1088.8,97,80,17,19,97496.0,227504.0,30275449,,
SA,ttd300,100,1,0.75,295.0,393.0,ttd300_n100_L1_f075,1,ok,-32453.3845,82708.0,115161.3845,2303.2277,1200.4991,1200.499,97,72,25,25,97483.0,227504.0,32148250,86,
SA,ttd300,100,2,0.75,292.0,390.0,ttd300_n100_L2_f075,1,ok,-27716.7984,85234.0,112950.7984,2259.016,1200.9296,1200.9296,100,73,27,27,100418.0,227504.0,32663928,87,
VNS,ttd300,100,2,0.75,292.0,390.0,ttd300_n100_L2_f075,1,ok,-40832.6686,84207.0,125039.6686,2500.7934,1200.0001,796.4693,98,82,16,17,98407.0,227504.0,27595279,,
VNS,ttd300,100,1,0.75,295.0,393.0,ttd300_n100_L1_f075,1,ok,-53468.7744,82220.0,135688.7744,2713.7755,1215.2631,1191.4094,96,81,15,15,96477.0,227504.0,8811816,,
SA,ttd300,100,3,0.75,282.0,376.0,ttd300_n100_L3_f075,1,ok,-35206.0852,86159.0,121365.0852,2427.3017,1200.4737,1200.4737,100,71,29,29,100519.0,227504.0,32286529,86,
VNS,ttd300,100,3,0.75,282.0,376.0,ttd300_n100_L3_f075,1,ok,-49760.8834,85751.0,135511.8834,2710.2377,1204.6228,526.3644,99,85,14,14,99516.0,227504.0,4983748,,
SA,ttd300,100,4,0.75,278.0,371.0,ttd300_n100_L4_f075,1,ok,-31444.5433,84693.0,116137.5433,2322.7509,1200.4392,1200.4391,99,69,30,30,99433.0,227504.0,32227061,86,
VNS,ttd300,100,4,0.75,278.0,371.0,ttd300_n100_L4_f075,1,ok,-53033.0764,83121.0,136154.0764,2723.0815,1200.8601,672.4359,96,86,10,10,96418.0,227504.0,19048782,,
SA,ttd300,100,5,0.75,274.0,366.0,ttd300_n100_L5_f075,1,ok,-30720.5544,83859.0,114579.5544,2291.5911,1200.7179,1200.7178,100,73,27,27,100506.0,227504.0,32002175,85,
VNS,ttd300,100,5,0.75,274.0,366.0,ttd300_n100_L5_f075,1,ok,-46276.9177,83282.0,129558.9177,2591.1784,1200.8217,1116.4232,99,89,10,10,99506.0,227504.0,10767191,,
SA,ttd300,100,1,1.0,393.0,393.0,ttd300_n100_L1_f100,1,ok,-38740.2899,83251.0,121991.2899,2439.8258,1201.2864,1201.2864,98,68,30,30,98488.0,227504.0,32047457,85,
VNS,ttd300,100,1,1.0,393.0,393.0,ttd300_n100_L1_f100,1,ok,-59608.5902,81654.0,141262.5902,2825.2518,1200.0001,989.8249,95,84,11,11,95472.0,227504.0,10088941,,
SA,ttd300,100,2,1.0,390.0,390.0,ttd300_n100_L2_f100,1,ok,-32462.3956,85234.0,117696.3956,2353.9279,1200.6561,1200.656,100,74,26,26,100418.0,227504.0,31710707,84,
VNS,ttd300,100,2,1.0,390.0,390.0,ttd300_n100_L2_f100,1,ok,-48303.767,84207.0,132510.767,2650.2153,1201.0589,721.4631,98,88,10,10,98407.0,227504.0,10617762,,
SA,ttd300,100,3,1.0,376.0,376.0,ttd300_n100_L3_f100,1,ok,-38467.3929,85751.0,124218.3929,2484.3679,1201.059,1201.0589,99,76,23,23,99516.0,227504.0,31733661,85,
VNS,ttd300,100,3,1.0,376.0,376.0,ttd300_n100_L3_f100,1,ok,-51669.0813,85751.0,137420.0813,2748.4016,1201.475,1201.4749,99,89,10,10,99516.0,227504.0,10772947,,
SA,ttd300,100,4,1.0,371.0,371.0,ttd300_n100_L4_f100,1,ok,-30687.2923,84996.0,115683.2923,2313.6658,1201.1175,1201.1175,100,71,29,29,100434.0,227504.0,31782489,84,
VNS,ttd300,100,4,1.0,371.0,371.0,ttd300_n100_L4_f100,1,ok,-50186.4177,84153.0,134339.4177,2686.7884,1200.0001,1193.3851,98,87,11,11,98426.0,227504.0,10375455,,
SA,ttd300,100,5,1.0,366.0,366.0,ttd300_n100_L5_f100,1,ok,-35043.7242,83859.0,118902.7242,2378.0545,1200.9059,1200.9059,100,77,23,23,100506.0,227504.0,31676270,84,
VNS,ttd300,100,5,1.0,366.0,366.0,ttd300_n100_L5_f100,1,ok,-46282.5396,82368.0,128650.5396,2573.0108,1200.4855,1200.4855,97,86,11,11,97496.0,227504.0,8346851,,
SA,ttd300,100,1,0.25,98.0,393.0,ttd300_n100_L1_f025,2,ok,-44390.4821,83189.0,127579.4821,2551.5896,1200.4044,1200.4043,98,72,26,27,98482.0,227504.0,34285474,92,
VNS,ttd300,100,1,0.25,98.0,393.0,ttd300_n100_L1_f025,2,ok,-65070.4746,79205.0,144275.4746,2885.5095,1200.3129,253.0703,91,84,7,10,91453.0,227504.0,21360504,,
SA,ttd300,100,2,0.25,98.0,390.0,ttd300_n100_L2_f025,2,ok,-32501.4441,85234.0,117735.4441,2354.7089,1200.6817,1200.6816,100,66,34,34,100418.0,227504.0,33187401,89,
VNS,ttd300,100,2,0.25,98.0,390.0,ttd300_n100_L2_f025,2,ok,-51392.2809,84719.0,136111.2809,2722.2256,1200.1896,782.671,99,87,12,12,99409.0,227504.0,29924048,,
SA,ttd300,100,3,0.25,94.0,376.0,ttd300_n100_L3_f025,2,ok,-36670.2321,86159.0,122829.2321,2456.5846,1200.5599,1200.5599,100,67,33,33,100519.0,227504.0,34275148,92,
VNS,ttd300,100,3,0.25,94.0,376.0,ttd300_n100_L3_f025,2,ok,-54010.5567,85179.0,139189.5567,2783.7911,1200.2761,473.6306,98,85,13,14,98516.0,227504.0,36412713,,
SA,ttd300,100,4,0.25,93.0,371.0,ttd300_n100_L4_f025,2,ok,-40565.7499,84259.0,124824.7499,2496.495,1200.5933,1200.5932,98,70,28,28,98424.0,227504.0,33899754,91,
VNS,ttd300,100,4,0.25,93.0,371.0,ttd300_n100_L4_f025,2,ok,-47500.3414,83594.0,131094.3414,2621.8868,1200.0001,891.9537,97,83,14,14,97423.0,227504.0,44095504,,
SA,ttd300,100,5,0.25,92.0,366.0,ttd300_n100_L5_f025,2,ok,-33563.3251,83345.0,116908.3251,2338.1665,1200.843,1200.8429,99,68,31,31,99499.0,227504.0,33785230,90,
VNS,ttd300,100,5,0.25,92.0,366.0,ttd300_n100_L5_f025,2,ok,-48563.1534,81744.0,130307.1534,2606.1431,1200.0001,1074.1734,96,87,9,10,96491.0,227504.0,29241144,,
SA,ttd300,100,1,0.5,196.0,393.0,ttd300_n100_L1_f050,2,ok,-41581.9831,82608.0,124189.9831,2483.7997,1200.6222,1200.6221,97,71,26,28,97478.0,227504.0,32400296,86,
VNS,ttd300,100,1,0.5,196.0,393.0,ttd300_n100_L1_f050,2,ok,-56196.7413,81654.0,137850.7413,2757.0148,1200.8393,1125.5433,95,84,11,12,95472.0,227504.0,16144572,,
SA,ttd300,100,2,0.5,195.0,390.0,ttd300_n100_L2_f050,2,ok,-28115.8164,85234.0,113349.8164,2266.9963,1200.7308,1200.7308,100,74,26,26,100418.0,227504.0,32049174,85,
VNS,ttd300,100,2,0.5,195.0,390.0,ttd300_n100_L2_f050,2,ok,-51365.8561,85234.0,136599.8561,2731.9971,1201.1594,1163.8013,100,88,12,12,100418.0,227504.0,22308897,,
SA,ttd300,100,3,0.5,188.0,376.0,ttd300_n100_L3_f050,2,ok,-35899.7598,86159.0,122058.7598,2441.1752,1200.7342,1200.7341,100,71,29,29,100519.0,227504.0,32256809,86,
VNS,ttd300,100,3,0.5,188.0,376.0,ttd300_n100_L3_f050,2,ok,-43851.9312,85751.0,129602.9312,2592.0586,1200.0001,1178.22,99,81,18,18,99516.0,227504.0,51742563,,
SA,ttd300,100,4,0.5,186.0,371.0,ttd300_n100_L4_f050,2,ok,-28249.5874,84693.0,112942.5874,2258.8517,1200.4494,1200.4493,99,69,30,30,99433.0,227504.0,32420408,87,
VNS,ttd300,100,4,0.5,186.0,371.0,ttd300_n100_L4_f050,2,ok,-44379.194,83712.0,128091.194,2561.8239,1201.067,742.0795,97,84,13,13,97424.0,227504.0,17681882,,
SA,ttd300,100,5,0.5,183.0,366.0,ttd300_n100_L5_f050,2,ok,-30947.7804,83859.0,114806.7804,2296.1356,1200.8818,1200.8817,100,70,30,30,100506.0,227504.0,32617662,87,
VNS,ttd300,100,5,0.5,183.0,366.0,ttd300_n100_L5_f050,2,ok,-49226.3249,82368.0,131594.3249,2631.8865,1200.2052,160.0277,97,87,10,10,97496.0,227504.0,25587933,,
SA,ttd300,100,1,0.75,295.0,393.0,ttd300_n100_L1_f075,2,ok,-37148.6537,83251.0,120399.6537,2407.9931,1200.7992,1200.7991,98,72,26,28,98488.0,227504.0,32134391,86,
VNS,ttd300,100,1,0.75,295.0,393.0,ttd300_n100_L1_f075,2,ok,-58584.3771,81654.0,140238.3771,2804.7675,1201.7855,1181.2142,95,85,10,10,95472.0,227504.0,14278032,,
SA,ttd300,100,2,0.75,292.0,390.0,ttd300_n100_L2_f075,2,ok,-32467.2747,85234.0,117701.2747,2354.0255,1201.1352,1201.1351,100,74,26,26,100418.0,227504.0,32179880,86,
VNS,ttd300,100,2,0.75,292.0,390.0,ttd300_n100_L2_f075,2,ok,-46953.8566,84588.0,131541.8566,2630.8371,1200.5798,488.7847,99,87,12,12,99416.0,227504.0,8058607,,
SA,ttd300,100,3,0.75,282.0,376.0,ttd300_n100_L3_f075,2,ok,-34492.4233,86159.0,120651.4233,2413.0285,1200.5171,1200.517,100,75,25,25,100519.0,227504.0,31028422,82,
SA,ttd300,100,4,0.75,278.0,371.0,ttd300_n100_L4_f075,2,ok,-28214.3728,84693.0,112907.3728,2258.1475,1200.6465,1200.6464,99,70,29,29,99433.0,227504.0,31940599,85,
VNS,ttd300,100,4,0.75,278.0,371.0,ttd300_n100_L4_f075,2,ok,-44395.1323,84259.0,128654.1323,2573.0826,1201.0121,1096.8981,98,85,13,13,98424.0,227504.0,7325362,,
VNS,ttd300,100,3,0.75,282.0,376.0,ttd300_n100_L3_f075,2,ok,-52450.5249,84591.0,137041.5249,2740.8305,1209.1891,1098.3534,97,84,13,14,97512.0,227504.0,5465237,,
SA,ttd300,100,5,0.75,274.0,366.0,ttd300_n100_L5_f075,2,ok,-32352.6669,83403.0,115755.6669,2315.1133,1201.1619,1201.1618,99,75,24,24,99506.0,227504.0,32255813,86,
VNS,ttd300,100,5,0.75,274.0,366.0,ttd300_n100_L5_f075,2,ok,-46060.3254,82368.0,128428.3254,2568.5665,1201.2304,1191.3174,97,84,13,13,97496.0,227504.0,17644605,,
SA,ttd300,100,1,1.0,393.0,393.0,ttd300_n100_L1_f100,2,ok,-40677.9115,83198.0,123875.9115,2477.5182,1200.8299,1200.8298,98,71,27,27,98488.0,227504.0,32259036,86,
VNS,ttd300,100,1,1.0,393.0,393.0,ttd300_n100_L1_f100,2,ok,-62923.5273,81044.0,143967.5273,2879.3505,1201.5712,888.8796,94,85,9,10,94465.0,227504.0,13871318,,
SA,ttd300,100,2,1.0,390.0,390.0,ttd300_n100_L2_f100,2,ok,-33984.6349,85234.0,119218.6349,2384.3727,1200.3003,483.6892,100,74,26,26,100418.0,227504.0,32206713,86,
SA,ttd300,100,3,1.0,376.0,376.0,ttd300_n100_L3_f100,2,ok,-37407.5744,86159.0,123566.5744,2471.3315,1200.5311,1200.5311,100,70,30,30,100519.0,227504.0,31725884,85,
VNS,ttd300,100,2,1.0,390.0,390.0,ttd300_n100_L2_f100,2,ok,-48038.5994,84207.0,132245.5994,2644.912,1202.4618,516.9399,98,87,11,11,98407.0,227504.0,10505774,,
VNS,ttd300,100,3,1.0,376.0,376.0,ttd300_n100_L3_f100,2,ok,-49407.3146,85138.0,134545.3146,2690.9063,1214.6835,555.4136,98,85,13,13,98516.0,227504.0,3942060,,
SA,ttd300,100,4,1.0,371.0,371.0,ttd300_n100_L4_f100,2,ok,-33508.0368,84693.0,118201.0368,2364.0207,1200.4767,1200.4766,99,71,28,28,99433.0,227504.0,31947502,85,
SA,ttd300,100,5,1.0,366.0,366.0,ttd300_n100_L5_f100,2,ok,-32668.236,83859.0,116527.236,2330.5447,1200.6248,1200.6247,100,75,25,25,100506.0,227504.0,32097416,86,
VNS,ttd300,100,4,1.0,371.0,371.0,ttd300_n100_L4_f100,2,ok,-43564.5969,84259.0,127823.5969,2556.4719,1203.368,1123.2853,98,86,12,12,98424.0,227504.0,9111047,,
VNS,ttd300,100,5,1.0,366.0,366.0,ttd300_n100_L5_f100,2,ok,-48283.6467,82368.0,130651.6467,2613.0329,1200.0001,1127.556,97,87,10,10,97496.0,227504.0,10750773,,
SA,ttd300,100,1,0.25,98.0,393.0,ttd300_n100_L1_f025,3,ok,-45770.4732,83455.0,129225.4732,2584.5095,1200.9432,1200.9431,99,68,31,31,99483.0,227504.0,34356332,92,
VNS,ttd300,100,1,0.25,98.0,393.0,ttd300_n100_L1_f025,3,ok,-58958.4845,82699.0,141657.4845,2833.1497,1200.0001,266.7545,97,83,14,14,97477.0,227504.0,43151475,,
SA,ttd300,100,2,0.25,98.0,390.0,ttd300_n100_L2_f025,3,ok,-32942.5515,85234.0,118176.5515,2363.531,1200.4487,1200.4486,100,70,30,30,100418.0,227504.0,33392906,89,
VNS,ttd300,100,2,0.25,98.0,390.0,ttd300_n100_L2_f025,3,ok,-49130.8958,83650.0,132780.8958,2655.6179,1200.377,1045.224,97,84,13,13,97399.0,227504.0,35149924,,
SA,ttd300,100,3,0.25,94.0,376.0,ttd300_n100_L3_f025,3,ok,-38364.3591,86159.0,124523.3591,2490.4672,1200.8652,1200.8652,100,69,31,31,100519.0,227504.0,34403499,92,
SA,ttd300,100,4,0.25,93.0,371.0,ttd300_n100_L4_f025,3,ok,-39598.6461,84259.0,123857.6461,2477.1529,1200.5754,1200.5753,98,67,31,31,98424.0,227504.0,33663492,90,
VNS,ttd300,100,3,0.25,94.0,376.0,ttd300_n100_L3_f025,3,ok,-53774.647,84290.0,138064.647,2761.2929,1202.2755,436.689,97,85,12,12,97502.0,227504.0,27178023,,
VNS,ttd300,100,4,0.25,93.0,371.0,ttd300_n100_L4_f025,3,ok,-46773.1888,83668.0,130441.1888,2608.8238,1200.0001,1101.3623,97,84,13,13,97418.0,227504.0,43602066,,
SA,ttd300,100,5,0.25,92.0,366.0,ttd300_n100_L5_f025,3,ok,-38044.9571,83345.0,121389.9571,2427.7991,1200.5754,1200.5753,99,73,26,26,99499.0,227504.0,34660054,93,
VNS,ttd300,100,5,0.25,92.0,366.0,ttd300_n100_L5_f025,3,ok,-45782.4913,82368.0,128150.4913,2563.0098,1200.3189,1197.9448,97,85,12,12,97496.0,227504.0,36581263,,
SA,ttd300,100,1,0.5,196.0,393.0,ttd300_n100_L1_f050,3,ok,-34799.072,83677.0,118476.072,2369.5214,1200.6194,1200.6193,99,70,29,29,99488.0,227504.0,32063898,85,
VNS,ttd300,100,1,0.5,196.0,393.0,ttd300_n100_L1_f050,3,ok,-56880.065,82623.0,139503.065,2790.0613,1204.593,1050.4787,97,84,13,13,97477.0,227504.0,12834515,,
SA,ttd300,100,2,0.5,195.0,390.0,ttd300_n100_L2_f050,3,ok,-27825.4695,85234.0,113059.4695,2261.1894,1200.5899,1200.5899,100,68,32,32,100418.0,227504.0,32093542,85,
SA,ttd300,100,3,0.5,188.0,376.0,ttd300_n100_L3_f050,3,ok,-30744.0199,86159.0,116903.0199,2338.0604,1200.8671,1200.8671,100,71,29,29,100519.0,227504.0,32350815,86,
VNS,ttd300,100,2,0.5,195.0,390.0,ttd300_n100_L2_f050,3,ok,-46959.1062,84697.0,131656.1062,2633.1221,1202.4045,807.8221,99,87,12,13,99416.0,227504.0,8240349,,
VNS,ttd300,100,3,0.5,188.0,376.0,ttd300_n100_L3_f050,3,ok,-48554.7802,85179.0,133733.7802,2674.6756,1200.0001,1145.6739,98,85,13,14,98516.0,227504.0,17749503,,
SA,ttd300,100,4,0.5,186.0,371.0,ttd300_n100_L4_f050,3,ok,-30079.8172,84693.0,114772.8172,2295.4563,1200.5728,1200.5727,99,66,33,33,99433.0,227504.0,32902498,87,
VNS,ttd300,100,4,0.5,186.0,371.0,ttd300_n100_L4_f050,3,ok,-42290.3986,83668.0,125958.3986,2519.168,1201.5309,380.3101,97,83,14,14,97418.0,227504.0,18631192,,
SA,ttd300,100,5,0.5,183.0,366.0,ttd300_n100_L5_f050,3,ok,-28705.7166,83859.0,112564.7166,2251.2943,1202.0391,1202.039,100,70,30,30,100506.0,227504.0,32734230,87,
VNS,ttd300,100,5,0.5,183.0,366.0,ttd300_n100_L5_f050,3,ok,-44935.6737,83282.0,128217.6737,2564.3535,1201.1601,1097.3444,99,88,11,11,99506.0,227504.0,25150926,,
SA,ttd300,100,1,0.75,295.0,393.0,ttd300_n100_L1_f075,3,ok,-35746.3366,83198.0,118944.3366,2378.8867,1201.5876,1201.5875,98,68,30,30,98488.0,227504.0,31483779,84,
SA,ttd300,100,2,0.75,292.0,390.0,ttd300_n100_L2_f075,3,ok,-32403.9169,84786.0,117189.9169,2343.7983,1200.47,1200.4699,99,73,26,26,99415.0,227504.0,31414363,84,
VNS,ttd300,100,1,0.75,295.0,393.0,ttd300_n100_L1_f075,3,ok,-56703.8678,82133.0,138836.8678,2776.7374,1214.4953,192.7107,96,85,11,11,96472.0,227504.0,7960432,,
VNS,ttd300,100,2,0.75,292.0,390.0,ttd300_n100_L2_f075,3,ok,-48377.1865,84722.0,133099.1865,2661.9837,1205.0709,273.6968,99,88,11,11,99416.0,227504.0,8868369,,
SA,ttd300,100,3,0.75,282.0,376.0,ttd300_n100_L3_f075,3,ok,-36627.4801,85751.0,122378.4801,2447.5696,1201.4423,1201.4422,99,71,28,28,99516.0,227504.0,32188558,86,
VNS,ttd300,100,3,0.75,282.0,376.0,ttd300_n100_L3_f075,3,ok,-52559.6907,85751.0,138310.6907,2766.2138,1205.0141,805.5726,99,87,12,12,99516.0,227504.0,6214864,,
SA,ttd300,100,4,0.75,278.0,371.0,ttd300_n100_L4_f075,3,ok,-31596.4881,84996.0,116592.4881,2331.8498,1200.2842,854.0374,100,72,28,28,100434.0,227504.0,31717929,84,
VNS,ttd300,100,4,0.75,278.0,371.0,ttd300_n100_L4_f075,3,ok,-40247.1725,84259.0,124506.1725,2490.1235,1206.1377,1195.3764,98,85,13,13,98424.0,227504.0,5532441,,
SA,ttd300,100,5,0.75,274.0,366.0,ttd300_n100_L5_f075,3,ok,-31483.4253,83859.0,115342.4253,2306.8485,1200.8373,1200.8372,100,77,23,23,100506.0,227504.0,32207105,86,
VNS,ttd300,100,5,0.75,274.0,366.0,ttd300_n100_L5_f075,3,ok,-45753.4754,82368.0,128121.4754,2562.4295,1206.0864,887.9424,97,86,11,11,97496.0,227504.0,13131534,,
SA,ttd300,100,1,1.0,393.0,393.0,ttd300_n100_L1_f100,3,ok,-34929.1367,83251.0,118180.1367,2363.6027,1201.0945,1201.0945,98,71,27,28,98488.0,227504.0,31002345,82,
VNS,ttd300,100,1,1.0,393.0,393.0,ttd300_n100_L1_f100,3,ok,-54765.8429,83455.0,138220.8429,2764.4169,1209.9365,527.234,99,86,13,14,99483.0,227504.0,3716264,,
SA,ttd300,100,2,1.0,390.0,390.0,ttd300_n100_L2_f100,3,ok,-30362.3155,85234.0,115596.3155,2311.9263,1201.9982,1201.9982,100,73,27,27,100418.0,227504.0,31164850,83,
VNS,ttd300,100,2,1.0,390.0,390.0,ttd300_n100_L2_f100,3,ok,-48543.218,83650.0,132193.218,2643.8644,1200.0001,987.2173,97,87,10,10,97399.0,227504.0,9581424,,
SA,ttd300,100,3,1.0,376.0,376.0,ttd300_n100_L3_f100,3,ok,-34851.7105,86159.0,121010.7105,2420.2142,1201.1574,1201.1574,100,69,31,31,100519.0,227504.0,31675245,84,
VNS,ttd300,100,3,1.0,376.0,376.0,ttd300_n100_L3_f100,3,ok,-50979.199,85751.0,136730.199,2734.604,1200.8404,975.7635,99,89,10,10,99516.0,227504.0,9273757,,
SA,ttd300,100,4,1.0,371.0,371.0,ttd300_n100_L4_f100,3,ok,-31752.8821,84259.0,116011.8821,2320.2376,1200.9326,1200.9325,98,74,24,24,98424.0,227504.0,32632820,87,
VNS,ttd300,100,4,1.0,371.0,371.0,ttd300_n100_L4_f100,3,ok,-47800.929,83594.0,131394.929,2627.8986,1200.6802,740.3174,97,87,10,10,97423.0,227504.0,11816724,,
SA,ttd300,100,5,1.0,366.0,366.0,ttd300_n100_L5_f100,3,ok,-34423.2776,83859.0,118282.2776,2365.6456,1200.8425,1200.8425,100,74,26,26,100506.0,227504.0,31833533,85,
VNS,ttd300,100,5,1.0,366.0,366.0,ttd300_n100_L5_f100,3,ok,-48233.4092,82368.0,130601.4092,2612.0282,1201.445,780.9883,97,87,10,10,97496.0,227504.0,10025713,,
SA,ttd300,100,1,0.25,98.0,393.0,ttd300_n100_L1_f025,4,ok,-42315.4998,82220.0,124535.4998,2490.71,1201.1763,1201.1762,96,65,31,32,96477.0,227504.0,33824908,90,
VNS,ttd300,100,1,0.25,98.0,393.0,ttd300_n100_L1_f025,4,ok,-58255.8681,81654.0,139909.8681,2798.1974,1200.0001,1134.3206,95,83,12,12,95472.0,227504.0,39302121,,
SA,ttd300,100,2,0.25,98.0,390.0,ttd300_n100_L2_f025,4,ok,-32767.7596,84694.0,117461.7596,2349.2352,1200.8301,1200.83,99,66,33,33,99418.0,227504.0,33774285,90,
VNS,ttd300,100,2,0.25,98.0,390.0,ttd300_n100_L2_f025,4,ok,-46940.1033,84746.0,131686.1033,2633.7221,1200.0001,1045.1462,99,81,18,18,99418.0,227504.0,43727490,,
SA,ttd300,100,3,0.25,94.0,376.0,ttd300_n100_L3_f025,4,ok,-39418.9867,86159.0,125577.9867,2511.5597,1200.5484,1200.5484,100,67,33,33,100519.0,227504.0,34351535,92,
VNS,ttd300,100,3,0.25,94.0,376.0,ttd300_n100_L3_f025,4,ok,-48987.0376,85113.0,134100.0376,2682.0008,1200.0001,1134.419,98,78,20,21,98508.0,227504.0,69750544,,
SA,ttd300,100,4,0.25,93.0,371.0,ttd300_n100_L4_f025,4,ok,-37435.895,84693.0,122128.895,2442.5779,1200.8486,1200.8485,99,68,31,31,99433.0,227504.0,33620380,90,
VNS,ttd300,100,4,0.25,93.0,371.0,ttd300_n100_L4_f025,4,ok,-50597.3226,83197.0,133794.3226,2675.8865,1200.2434,820.5265,96,82,14,16,96418.0,227504.0,47842101,,
SA,ttd300,100,5,0.25,92.0,366.0,ttd300_n100_L5_f025,4,ok,-34784.6913,83345.0,118129.6913,2362.5938,1200.8871,1200.887,99,66,33,33,99499.0,227504.0,34496712,92,
VNS,ttd300,100,5,0.25,92.0,366.0,ttd300_n100_L5_f025,4,ok,-48614.7416,81744.0,130358.7416,2607.1748,1200.0779,973.2294,96,85,11,12,96491.0,227504.0,30364196,,
SA,ttd300,100,1,0.5,196.0,393.0,ttd300_n100_L1_f050,4,ok,-38791.6663,82220.0,121011.6663,2420.2333,1200.2716,1144.1952,96,66,30,30,96477.0,227504.0,32408283,87,
VNS,ttd300,100,1,0.5,196.0,393.0,ttd300_n100_L1_f050,4,ok,-57603.621,82710.0,140313.621,2806.2724,1200.0001,895.0095,97,87,10,10,97482.0,227504.0,27020132,,
SA,ttd300,100,2,0.5,195.0,390.0,ttd300_n100_L2_f050,4,ok,-28195.5009,85234.0,113429.5009,2268.59,1200.4468,1200.4467,100,73,27,27,100418.0,227504.0,32043147,86,
VNS,ttd300,100,2,0.5,195.0,390.0,ttd300_n100_L2_f050,4,ok,-47267.8502,84207.0,131474.8502,2629.497,1200.0001,1060.597,98,87,11,11,98407.0,227504.0,20946386,,
SA,ttd300,100,3,0.5,188.0,376.0,ttd300_n100_L3_f050,4,ok,-32468.657,86159.0,118627.657,2372.5531,1200.5943,1200.5943,100,65,35,35,100519.0,227504.0,32514032,87,
VNS,ttd300,100,3,0.5,188.0,376.0,ttd300_n100_L3_f050,4,ok,-53860.8411,85751.0,139611.8411,2792.2368,1200.9929,220.856,99,89,10,10,99516.0,227504.0,22999804,,
SA,ttd300,100,4,0.5,186.0,371.0,ttd300_n100_L4_f050,4,ok,-30183.1058,84693.0,114876.1058,2297.5221,1200.9547,1200.9546,99,73,26,26,99433.0,227504.0,32911393,88,
VNS,ttd300,100,4,0.5,186.0,371.0,ttd300_n100_L4_f050,4,ok,-38472.7019,84259.0,122731.7019,2454.634,1200.0001,1187.9576,98,80,18,18,98424.0,227504.0,37682595,,
SA,ttd300,100,5,0.5,183.0,366.0,ttd300_n100_L5_f050,4,ok,-27830.8755,83859.0,111689.8755,2233.7975,1201.4838,1201.4837,100,69,31,31,100506.0,227504.0,32641991,87,
VNS,ttd300,100,5,0.5,183.0,366.0,ttd300_n100_L5_f050,4,ok,-49226.3249,82368.0,131594.3249,2631.8865,1200.0001,1007.7266,97,87,10,10,97496.0,227504.0,23748738,,
SA,ttd300,100,1,0.75,295.0,393.0,ttd300_n100_L1_f075,4,ok,-40149.3922,83198.0,123347.3922,2466.9478,1200.5391,1200.539,98,68,30,31,98488.0,227504.0,32176758,86,
VNS,ttd300,100,1,0.75,295.0,393.0,ttd300_n100_L1_f075,4,ok,-56496.9377,79919.0,136415.9377,2728.3188,1200.3766,982.2652,92,78,14,15,92461.0,227504.0,11930113,,
SA,ttd300,100,2,0.75,292.0,390.0,ttd300_n100_L2_f075,4,ok,-28350.8076,85234.0,113584.8076,2271.6962,1200.6377,1200.6376,100,72,28,28,100418.0,227504.0,32182913,86,
VNS,ttd300,100,2,0.75,292.0,390.0,ttd300_n100_L2_f075,4,ok,-46945.5729,85234.0,132179.5729,2643.5915,1202.1342,1171.3814,100,89,11,11,100418.0,227504.0,12927936,,
SA,ttd300,100,3,0.75,282.0,376.0,ttd300_n100_L3_f075,4,ok,-34530.9423,86159.0,120689.9423,2413.7988,1200.794,1200.7939,100,69,31,31,100519.0,227504.0,32560692,87,
VNS,ttd300,100,3,0.75,282.0,376.0,ttd300_n100_L3_f075,4,ok,-49789.6617,85751.0,135540.6617,2710.8132,1201.4117,853.7706,99,87,12,12,99516.0,227504.0,10851644,,
SA,ttd300,100,4,0.75,278.0,371.0,ttd300_n100_L4_f075,4,ok,-29147.9232,84693.0,113840.9232,2276.8185,1200.4507,1200.4506,99,73,26,26,99433.0,227504.0,32115325,85,
VNS,ttd300,100,4,0.75,278.0,371.0,ttd300_n100_L4_f075,4,ok,-46618.9688,83712.0,130330.9688,2606.6194,1200.0001,831.4332,97,86,11,11,97424.0,227504.0,8687563,,
SA,ttd300,100,5,0.75,274.0,366.0,ttd300_n100_L5_f075,4,ok,-32597.5677,83859.0,116456.5677,2329.1314,1201.024,1201.024,100,73,27,27,100506.0,227504.0,32403550,86,
VNS,ttd300,100,5,0.75,274.0,366.0,ttd300_n100_L5_f075,4,ok,-43307.8061,82368.0,125675.8061,2513.5161,1202.0126,542.3022,97,82,15,15,97496.0,227504.0,9544940,,
SA,ttd300,100,1,1.0,393.0,393.0,ttd300_n100_L1_f100,4,ok,-38516.1401,83198.0,121714.1401,2434.2828,1200.4941,1200.494,98,72,26,26,98488.0,227504.0,31840645,85,
VNS,ttd300,100,1,1.0,393.0,393.0,ttd300_n100_L1_f100,4,ok,-54542.5954,81490.0,136032.5954,2720.6519,1200.0001,1008.8546,95,84,11,11,95471.0,227504.0,10955587,,
SA,ttd300,100,2,1.0,390.0,390.0,ttd300_n100_L2_f100,4,ok,-32673.3641,85234.0,117907.3641,2358.1473,1200.5245,1200.5245,100,74,26,26,100418.0,227504.0,32297430,86,
VNS,ttd300,100,2,1.0,390.0,390.0,ttd300_n100_L2_f100,4,ok,-48617.9856,85234.0,133851.9856,2677.0397,1201.0264,785.6979,100,88,12,12,100418.0,227504.0,4571366,,
SA,ttd300,100,3,1.0,376.0,376.0,ttd300_n100_L3_f100,4,ok,-34996.228,86159.0,121155.228,2423.1046,1201.6013,1201.6012,100,74,26,26,100519.0,227504.0,32092468,85,
VNS,ttd300,100,3,1.0,376.0,376.0,ttd300_n100_L3_f100,4,ok,-52615.5989,85751.0,138366.5989,2767.332,1200.5277,875.3165,99,89,10,10,99516.0,227504.0,11719762,,
SA,ttd300,100,4,1.0,371.0,371.0,ttd300_n100_L4_f100,4,ok,-31230.0537,84693.0,115923.0537,2318.4611,1200.8643,1200.8643,99,70,29,29,99433.0,227504.0,32297052,86,
VNS,ttd300,100,4,1.0,371.0,371.0,ttd300_n100_L4_f100,4,ok,-44657.3161,84259.0,128916.3161,2578.3263,1200.0001,844.655,98,87,11,11,98424.0,227504.0,9233874,,
SA,ttd300,100,5,1.0,366.0,366.0,ttd300_n100_L5_f100,4,ok,-31380.945,83403.0,114783.945,2295.6789,1200.9463,1200.9462,99,74,25,26,99506.0,227504.0,31527883,84,
VNS,ttd300,100,5,1.0,366.0,366.0,ttd300_n100_L5_f100,4,ok,-46113.6445,82368.0,128481.6445,2569.6329,1205.6924,948.5959,97,84,13,14,97496.0,227504.0,6230636,,
