timestamp,n,wall_s,solve_s,objective,bound,gap_%,profit,rental,arrival,n_items,n_truck,n_drone,n_rendv,W_final,n_nodes,collected_node_ids,truck_node_ids,drone_node_ids,rendezvous_node_ids,truck_route_node_ids,drone_arc_node_ids,W_sequence
2026-06-18 12:24:35,20,1.0,1.0,-88457.65,-5644.07,93.62,16454.0,104911.65,1443.0763,20,20,0,0,20094.0,0,"[79, 135, 53, 169, 88, 15, 212, 210, 40, 54, 66, 165, 244, 232, 108, 104, 164, 173, 170, 220]","[79, 135, 53, 169, 88, 15, 212, 210, 40, 54, 66, 165, 244, 232, 108, 104, 164, 173, 170, 220]",[],[],"[1, 244, 232, 210, 212, 220, 135, 15, 40, 54, 53, 66, 88, 108, 104, 169, 170, 173, 164, 165, 79, 1]","[(1, 1)]","[(1, 0.0), (244, 1008.0), (232, 2011.0), (210, 3013.0), (212, 4017.0), (220, 5020.0), (135, 6022.0), (15, 7031.0), (40, 8035.0), (54, 9042.0), (53, 10047.0), (66, 11051.0), (88, 12055.0), (108, 13064.0), (104, 14070.0), (169, 15076.0), (170, 16079.0), (173, 17083.0), (164, 18087.0), (165, 19089.0), (79, 20094.0), (1, 20094.0)]"
2026-06-18 12:24:39,20,4.5,4.4,-85636.48,-19234.17,77.54,11696.0,97332.48,1338.8236,14,13,0,1,15064.0,69,"[79, 135, 53, 88, 15, 212, 210, 40, 66, 165, 244, 232, 164, 173]","[79, 135, 53, 88, 15, 210, 40, 66, 165, 244, 232, 164, 173]",[],[212],"[1, 244, 232, 210, 212, 220, 135, 15, 40, 54, 53, 66, 88, 108, 104, 169, 170, 173, 164, 165, 79, 1]","[(1, 212), (212, 220), (220, 1)]","[(1, 0.0), (244, 1008.0), (232, 2011.0), (210, 3013.0), (212, 4017.0), (220, 5021.0), (135, 6023.0), (15, 7032.0), (40, 8036.0), (54, 8036.0), (53, 9041.0), (66, 10045.0), (88, 11049.0), (108, 11049.0), (104, 11049.0), (169, 11049.0), (170, 11049.0), (173, 12053.0), (164, 13057.0), (165, 14059.0), (79, 15064.0), (1, 15064.0)]"
2026-06-18 12:24:39,20,4.6,4.5,-84997.33,-19275.4,77.32,12333.0,97330.33,1338.7941,15,15,0,0,15063.0,70,"[79, 135, 53, 88, 15, 212, 210, 40, 66, 165, 244, 232, 164, 173, 220]","[79, 135, 53, 88, 15, 212, 210, 40, 66, 165, 244, 232, 164, 173, 220]",[],[],"[1, 244, 232, 210, 212, 220, 135, 15, 40, 54, 53, 66, 88, 108, 104, 169, 170, 173, 164, 165, 79, 1]","[(1, 1)]","[(1, 0.0), (244, 1008.0), (232, 2011.0), (210, 3013.0), (212, 4017.0), (220, 5020.0), (135, 6022.0), (15, 7031.0), (40, 8035.0), (54, 8035.0), (53, 9040.0), (66, 10044.0), (88, 11048.0), (108, 11048.0), (104, 11048.0), (169, 11048.0), (170, 11048.0), (173, 12052.0), (164, 13056.0), (165, 14058.0), (79, 15063.0), (1, 15063.0)]"
2026-06-18 12:24:39,20,4.6,4.6,-83842.37,-19329.24,76.95,12524.0,96366.37,1325.5346,15,15,0,0,15063.0,73,"[79, 135, 53, 88, 15, 212, 210, 40, 66, 165, 244, 232, 164, 173, 170]","[79, 135, 53, 88, 15, 212, 210, 40, 66, 165, 244, 232, 164, 173, 170]",[],[],"[1, 244, 232, 210, 212, 220, 135, 15, 40, 54, 53, 66, 88, 108, 104, 169, 170, 173, 164, 165, 79, 1]","[(1, 1)]","[(1, 0.0), (244, 1008.0), (232, 2011.0), (210, 3013.0), (212, 4017.0), (220, 4017.0), (135, 5019.0), (15, 6028.0), (40, 7032.0), (54, 7032.0), (53, 8037.0), (66, 9041.0), (88, 10045.0), (108, 10045.0), (104, 10045.0), (169, 10045.0), (170, 11048.0), (173, 12052.0), (164, 13056.0), (165, 14058.0), (79, 15063.0), (1, 15063.0)]"
2026-06-18 12:24:39,20,5.0,5.0,-82953.37,-19600.23,76.37,13413.0,96366.37,1325.5346,16,14,1,1,16069.0,91,"[79, 135, 53, 88, 15, 212, 210, 40, 66, 165, 244, 232, 104, 164, 173, 170]","[79, 53, 88, 15, 212, 210, 40, 66, 165, 244, 232, 164, 173, 170]",[104],[135],"[1, 244, 232, 210, 212, 220, 135, 15, 40, 54, 53, 66, 88, 169, 170, 173, 164, 165, 79, 1]","[(1, 108), (135, 104), (108, 135), (104, 1)]","[(1, 0.0), (244, 1008.0), (232, 2011.0), (210, 3013.0), (212, 4017.0), (220, 4017.0), (135, 5019.0), (15, 6028.0), (40, 7032.0), (54, 7032.0), (53, 8037.0), (66, 9041.0), (88, 10045.0), (169, 10045.0), (170, 11048.0), (173, 12052.0), (164, 13056.0), (165, 14058.0), (79, 15063.0), (1, 16069.0)]"
2026-06-18 12:24:40,20,5.2,5.1,-82681.19,-19606.14,76.29,13413.0,96094.19,1321.7907,16,14,1,1,16069.0,93,"[79, 135, 53, 88, 15, 212, 210, 40, 66, 165, 244, 232, 104, 164, 173, 170]","[79, 53, 88, 15, 212, 210, 40, 66, 165, 244, 232, 164, 173, 170]",[104],[135],"[1, 244, 232, 210, 212, 220, 135, 15, 40, 54, 53, 66, 88, 169, 170, 173, 164, 165, 79, 1]","[(1, 108), (135, 104), (108, 135), (104, 1)]","[(1, 0.0), (244, 1008.0), (232, 2011.0), (210, 3013.0), (212, 4017.0), (220, 4017.0), (135, 5019.0), (15, 6028.0), (40, 7032.0), (54, 7032.0), (53, 8037.0), (66, 9041.0), (88, 10045.0), (169, 10045.0), (170, 11048.0), (173, 12052.0), (164, 13056.0), (165, 14058.0), (79, 15063.0), (1, 16069.0)]"
2026-06-18 12:24:40,20,5.2,5.1,-82681.19,-19686.58,76.19,13413.0,96094.19,1321.7907,16,14,1,1,16069.0,97,"[79, 135, 53, 88, 15, 212, 210, 40, 66, 165, 244, 232, 104, 164, 173, 170]","[79, 53, 88, 15, 212, 210, 40, 66, 165, 244, 232, 164, 173, 170]",[104],[135],"[1, 244, 232, 210, 212, 220, 135, 15, 40, 54, 53, 66, 88, 169, 170, 173, 164, 165, 79, 1]","[(1, 108), (135, 104), (108, 135), (104, 1)]","[(1, 0.0), (244, 1008.0), (232, 2011.0), (210, 3013.0), (212, 4017.0), (220, 4017.0), (135, 5019.0), (15, 6028.0), (40, 7032.0), (54, 7032.0), (53, 8037.0), (66, 9041.0), (88, 10045.0), (169, 10045.0), (170, 11048.0), (173, 12052.0), (164, 13056.0), (165, 14058.0), (79, 15063.0), (1, 16069.0)]"
2026-06-18 12:24:42,20,7.6,7.5,-78543.05,-20293.56,74.16,13413.0,91956.05,1264.87,16,9,3,4,16069.0,137,"[79, 135, 53, 88, 15, 212, 210, 40, 66, 165, 244, 232, 104, 164, 173, 170]","[79, 15, 212, 210, 165, 244, 232, 164, 170]","[53, 66, 104]","[135, 88, 40, 173]","[1, 244, 232, 210, 212, 220, 135, 15, 40, 88, 169, 170, 173, 164, 165, 79, 1]","[(1, 108), (135, 54), (53, 88), (88, 66), (40, 53), (54, 40), (66, 173), (108, 135), (104, 1), (173, 104)]","[(1, 0.0), (244, 1008.0), (232, 2011.0), (210, 3013.0), (212, 4017.0), (220, 4017.0), (135, 5019.0), (15, 6028.0), (40, 7032.0), (88, 9041.0), (169, 9041.0), (170, 10044.0), (173, 12052.0), (164, 13056.0), (165, 14058.0), (79, 15063.0), (1, 16069.0)]"
2026-06-18 12:24:42,20,7.8,7.7,-78543.04,-20305.81,74.15,13413.0,91956.04,1264.8699,16,9,3,4,16069.0,142,"[79, 135, 53, 88, 15, 212, 210, 40, 66, 165, 244, 232, 104, 164, 173, 170]","[79, 15, 212, 210, 165, 244, 232, 164, 170]","[53, 66, 104]","[135, 88, 40, 173]","[1, 244, 232, 210, 212, 220, 135, 15, 40, 88, 169, 170, 173, 164, 165, 79, 1]","[(1, 108), (135, 54), (53, 88), (88, 66), (40, 53), (54, 40), (66, 173), (108, 135), (104, 1), (173, 104)]","[(1, 0.0), (244, 1008.0), (232, 2011.0), (210, 3013.0), (212, 4017.0), (220, 4017.0), (135, 5019.0), (15, 6028.0), (40, 7032.0), (88, 9041.0), (169, 9041.0), (170, 10044.0), (173, 12052.0), (164, 13056.0), (165, 14058.0), (79, 15063.0), (1, 16069.0)]"
2026-06-18 12:24:45,20,10.1,10.0,-78205.65,-20332.2,74.0,13413.0,91618.65,1260.229,16,9,3,4,16069.0,181,"[79, 135, 53, 88, 15, 212, 210, 40, 66, 165, 244, 232, 104, 164, 173, 170]","[79, 15, 212, 210, 165, 244, 232, 164, 170]","[53, 66, 104]","[135, 88, 40, 173]","[1, 244, 232, 220, 212, 210, 135, 15, 40, 88, 169, 170, 173, 164, 165, 79, 1]","[(1, 108), (135, 54), (53, 88), (88, 66), (40, 53), (54, 40), (66, 173), (108, 135), (104, 1), (173, 104)]","[(1, 0.0), (244, 1008.0), (232, 2011.0), (220, 2011.0), (212, 3015.0), (210, 4017.0), (135, 5019.0), (15, 6028.0), (40, 7032.0), (88, 9041.0), (169, 9041.0), (170, 10044.0), (173, 12052.0), (164, 13056.0), (165, 14058.0), (79, 15063.0), (1, 16069.0)]"
2026-06-18 12:24:46,20,11.4,11.4,-78205.64,-20332.2,74.0,13413.0,91618.64,1260.2289,16,9,3,4,16069.0,203,"[79, 135, 53, 88, 15, 212, 210, 40, 66, 165, 244, 232, 104, 164, 173, 170]","[79, 15, 212, 210, 165, 244, 232, 164, 170]","[53, 66, 104]","[135, 88, 40, 173]","[1, 244, 232, 220, 212, 210, 135, 15, 40, 88, 169, 170, 173, 164, 165, 79, 1]","[(1, 108), (135, 54), (53, 88), (88, 66), (40, 53), (54, 40), (66, 173), (108, 135), (104, 1), (173, 104)]","[(1, 0.0), (244, 1008.0), (232, 2011.0), (220, 2011.0), (212, 3015.0), (210, 4017.0), (135, 5019.0), (15, 6028.0), (40, 7032.0), (88, 9041.0), (169, 9041.0), (170, 10044.0), (173, 12052.0), (164, 13056.0), (165, 14058.0), (79, 15063.0), (1, 16069.0)]"
2026-06-18 12:24:48,20,13.1,13.1,-78205.64,-20332.2,74.0,13413.0,91618.64,1260.2289,16,9,3,4,16069.0,429,"[79, 135, 53, 88, 15, 212, 210, 40, 66, 165, 244, 232, 104, 164, 173, 170]","[79, 15, 212, 210, 165, 244, 232, 164, 170]","[53, 66, 104]","[135, 88, 40, 173]","[1, 244, 232, 220, 212, 210, 135, 15, 40, 88, 169, 170, 173, 164, 165, 79, 1]","[(1, 108), (135, 54), (53, 88), (88, 66), (40, 53), (54, 40), (66, 173), (108, 135), (104, 1), (173, 104)]","[(1, 0.0), (244, 1008.0), (232, 2011.0), (220, 2011.0), (212, 3015.0), (210, 4017.0), (135, 5019.0), (15, 6028.0), (40, 7032.0), (88, 9041.0), (169, 9041.0), (170, 10044.0), (173, 12052.0), (164, 13056.0), (165, 14058.0), (79, 15063.0), (1, 16069.0)]"
2026-06-18 12:24:51,20,16.8,16.7,-78205.64,-20332.2,74.0,13413.0,91618.64,1260.2289,16,9,3,4,16069.0,947,"[79, 135, 53, 88, 15, 212, 210, 40, 66, 165, 244, 232, 104, 164, 173, 170]","[79, 15, 212, 210, 165, 244, 232, 164, 170]","[53, 66, 104]","[135, 88, 40, 173]","[1, 244, 232, 220, 212, 210, 135, 15, 40, 88, 169, 170, 173, 164, 165, 79, 1]","[(1, 108), (135, 54), (53, 88), (88, 66), (40, 53), (54, 40), (66, 173), (108, 135), (104, 1), (173, 104)]","[(1, 0.0), (244, 1008.0), (232, 2011.0), (220, 2011.0), (212, 3015.0), (210, 4017.0), (135, 5019.0), (15, 6028.0), (40, 7032.0), (88, 9041.0), (169, 9041.0), (170, 10044.0), (173, 12052.0), (164, 13056.0), (165, 14058.0), (79, 15063.0), (1, 16069.0)]"
2026-06-18 12:24:52,20,17.7,17.6,-77945.04,-20332.2,73.91,13678.0,91623.04,1260.2895,16,9,4,3,16072.0,1055,"[79, 135, 53, 88, 15, 212, 210, 54, 66, 165, 244, 232, 104, 164, 173, 170]","[79, 15, 212, 210, 165, 244, 232, 164, 170]","[53, 54, 66, 104]","[135, 88, 173]","[1, 244, 232, 220, 212, 210, 135, 15, 40, 88, 169, 170, 173, 164, 165, 79, 1]","[(1, 108), (135, 54), (53, 88), (88, 66), (40, 53), (54, 40), (66, 173), (108, 135), (104, 1), (173, 104)]","[(1, 0.0), (244, 1008.0), (232, 2011.0), (220, 2011.0), (212, 3015.0), (210, 4017.0), (135, 5019.0), (15, 6028.0), (40, 7035.0), (88, 9044.0), (169, 9044.0), (170, 10047.0), (173, 12055.0), (164, 13059.0), (165, 14061.0), (79, 15066.0), (1, 16072.0)]"
2026-06-18 12:24:52,20,17.9,17.8,-77945.04,-20332.2,73.91,13678.0,91623.04,1260.2894,16,9,4,3,16072.0,1055,"[79, 135, 53, 88, 15, 212, 210, 54, 66, 165, 244, 232, 104, 164, 173, 170]","[79, 15, 212, 210, 165, 244, 232, 164, 170]","[53, 54, 66, 104]","[135, 88, 173]","[1, 244, 232, 220, 212, 210, 135, 15, 40, 88, 169, 170, 173, 164, 165, 79, 1]","[(1, 108), (135, 54), (53, 88), (88, 66), (40, 53), (54, 40), (66, 173), (108, 135), (104, 1), (173, 104)]","[(1, 0.0), (244, 1008.0), (232, 2011.0), (220, 2011.0), (212, 3015.0), (210, 4017.0), (135, 5019.0), (15, 6028.0), (40, 7035.0), (88, 9044.0), (169, 9044.0), (170, 10047.0), (173, 12055.0), (164, 13059.0), (165, 14061.0), (79, 15066.0), (1, 16072.0)]"
2026-06-18 12:24:52,20,17.9,17.9,-76599.57,-20332.2,73.46,13026.0,89625.57,1232.8139,15,7,4,4,15065.0,1055,"[79, 135, 53, 88, 15, 212, 210, 66, 165, 244, 232, 104, 164, 173, 170]","[15, 212, 210, 165, 244, 232, 170]","[53, 66, 104, 164]","[79, 135, 88, 173]","[1, 244, 232, 220, 212, 210, 135, 15, 40, 88, 169, 170, 173, 165, 79, 1]","[(1, 108), (79, 104), (135, 54), (53, 88), (88, 66), (40, 53), (54, 40), (66, 173), (108, 135), (104, 1), (164, 79), (173, 164)]","[(1, 0.0), (244, 1008.0), (232, 2011.0), (220, 2011.0), (212, 3015.0), (210, 4017.0), (135, 5019.0), (15, 6028.0), (40, 6028.0), (88, 8037.0), (169, 8037.0), (170, 9040.0), (173, 11048.0), (165, 12050.0), (79, 14059.0), (1, 15065.0)]"
2026-06-18 12:24:56,20,21.6,21.6,-76269.37,-20332.2,73.34,12411.0,88680.37,1219.8126,14,6,4,4,14063.0,1062,"[79, 135, 53, 88, 15, 212, 210, 66, 244, 232, 104, 164, 173, 170]","[15, 212, 210, 244, 232, 170]","[53, 66, 104, 164]","[79, 135, 88, 173]","[1, 244, 232, 220, 212, 210, 135, 15, 40, 88, 169, 170, 173, 165, 79, 1]","[(1, 108), (79, 104), (135, 54), (53, 88), (88, 66), (40, 53), (54, 40), (66, 173), (108, 135), (104, 1), (164, 79), (173, 164)]","[(1, 0.0), (244, 1008.0), (232, 2011.0), (220, 2011.0), (212, 3015.0), (210, 4017.0), (135, 5019.0), (15, 6028.0), (40, 6028.0), (88, 8037.0), (169, 8037.0), (170, 9040.0), (173, 11048.0), (165, 11048.0), (79, 13057.0), (1, 14063.0)]"
2026-06-18 12:24:58,20,23.6,23.5,-76269.37,-20332.2,73.34,12411.0,88680.37,1219.8126,14,6,4,4,14063.0,1063,"[79, 135, 53, 88, 15, 212, 210, 66, 244, 232, 104, 164, 173, 170]","[15, 212, 210, 244, 232, 170]","[53, 66, 104, 164]","[79, 135, 88, 173]","[1, 244, 232, 220, 212, 210, 135, 15, 40, 88, 169, 170, 173, 165, 79, 1]","[(1, 108), (79, 104), (135, 54), (53, 88), (88, 66), (40, 53), (54, 40), (66, 173), (108, 135), (104, 1), (164, 79), (173, 164)]","[(1, 0.0), (244, 1008.0), (232, 2011.0), (220, 2011.0), (212, 3015.0), (210, 4017.0), (135, 5019.0), (15, 6028.0), (40, 6028.0), (88, 8037.0), (169, 8037.0), (170, 9040.0), (173, 11048.0), (165, 11048.0), (79, 13057.0), (1, 14063.0)]"
2026-06-18 12:25:00,20,25.3,25.3,-76269.37,-20332.2,73.34,12411.0,88680.37,1219.8126,14,6,4,4,14063.0,1065,"[79, 135, 53, 88, 15, 212, 210, 66, 244, 232, 104, 164, 173, 170]","[15, 212, 210, 244, 232, 170]","[53, 66, 104, 164]","[79, 135, 88, 173]","[1, 244, 232, 220, 212, 210, 135, 15, 40, 88, 169, 170, 173, 165, 79, 1]","[(1, 108), (79, 104), (135, 54), (53, 88), (88, 66), (40, 53), (54, 40), (66, 173), (108, 135), (104, 1), (164, 79), (173, 164)]","[(1, 0.0), (244, 1008.0), (232, 2011.0), (220, 2011.0), (212, 3015.0), (210, 4017.0), (135, 5019.0), (15, 6028.0), (40, 6028.0), (88, 8037.0), (169, 8037.0), (170, 9040.0), (173, 11048.0), (165, 11048.0), (79, 13057.0), (1, 14063.0)]"
2026-06-18 12:25:01,20,26.8,26.7,-76269.37,-20332.2,73.34,12411.0,88680.37,1219.8125,14,6,4,4,14063.0,1090,"[79, 135, 53, 88, 15, 212, 210, 66, 244, 232, 104, 164, 173, 170]","[15, 212, 210, 244, 232, 170]","[53, 66, 104, 164]","[79, 135, 88, 173]","[1, 244, 232, 220, 212, 210, 135, 15, 40, 88, 169, 170, 173, 165, 79, 1]","[(1, 108), (79, 104), (135, 54), (53, 88), (88, 66), (40, 53), (54, 40), (66, 173), (108, 135), (104, 1), (164, 79), (173, 164)]","[(1, 0.0), (244, 1008.0), (232, 2011.0), (220, 2011.0), (212, 3015.0), (210, 4017.0), (135, 5019.0), (15, 6028.0), (40, 6028.0), (88, 8037.0), (169, 8037.0), (170, 9040.0), (173, 11048.0), (165, 11048.0), (79, 13057.0), (1, 14063.0)]"
2026-06-18 12:25:01,20,26.8,26.7,-76269.37,-20332.2,73.34,12411.0,88680.37,1219.8125,14,6,4,4,14063.0,1093,"[79, 135, 53, 88, 15, 212, 210, 66, 244, 232, 104, 164, 173, 170]","[15, 212, 210, 244, 232, 170]","[53, 66, 104, 164]","[79, 135, 88, 173]","[1, 244, 232, 220, 212, 210, 135, 15, 40, 88, 169, 170, 173, 165, 79, 1]","[(1, 108), (79, 104), (135, 54), (53, 88), (88, 66), (40, 53), (54, 40), (66, 173), (108, 135), (104, 1), (164, 79), (173, 164)]","[(1, 0.0), (244, 1008.0), (232, 2011.0), (220, 2011.0), (212, 3015.0), (210, 4017.0), (135, 5019.0), (15, 6028.0), (40, 6028.0), (88, 8037.0), (169, 8037.0), (170, 9040.0), (173, 11048.0), (165, 11048.0), (79, 13057.0), (1, 14063.0)]"
2026-06-18 12:25:02,20,27.1,27.0,-75243.07,-20332.2,72.98,10766.0,86009.07,1183.0684,12,5,3,4,12055.0,1119,"[79, 135, 53, 88, 15, 210, 66, 244, 232, 104, 173, 170]","[15, 210, 244, 232, 170]","[53, 66, 104]","[79, 135, 88, 173]","[1, 244, 232, 220, 212, 210, 135, 15, 40, 88, 169, 170, 173, 165, 79, 1]","[(1, 108), (79, 104), (135, 54), (53, 79), (169, 173), (88, 164), (40, 66), (54, 40), (66, 88), (108, 135), (104, 1), (164, 169), (173, 53)]","[(1, 0.0), (244, 1008.0), (232, 2011.0), (220, 2011.0), (212, 2011.0), (210, 3013.0), (135, 4015.0), (15, 5024.0), (40, 5024.0), (88, 7032.0), (169, 7032.0), (170, 8035.0), (173, 9039.0), (165, 9039.0), (79, 11049.0), (1, 12055.0)]"
2026-06-18 12:25:02,20,27.4,27.3,-75243.07,-20332.2,72.98,10766.0,86009.07,1183.0684,12,5,3,4,12055.0,1143,"[79, 135, 53, 88, 15, 210, 66, 244, 232, 104, 173, 170]","[15, 210, 244, 232, 170]","[53, 66, 104]","[79, 135, 88, 173]","[1, 244, 232, 220, 212, 210, 135, 15, 40, 88, 169, 170, 173, 165, 79, 1]","[(1, 108), (79, 104), (135, 54), (53, 79), (169, 173), (88, 164), (40, 66), (54, 40), (66, 88), (108, 135), (104, 1), (164, 169), (173, 53)]","[(1, 0.0), (244, 1008.0), (232, 2011.0), (220, 2011.0), (212, 2011.0), (210, 3013.0), (135, 4015.0), (15, 5024.0), (40, 5024.0), (88, 7032.0), (169, 7032.0), (170, 8035.0), (173, 9039.0), (165, 9039.0), (79, 11049.0), (1, 12055.0)]"
2026-06-18 12:25:02,20,27.4,27.3,-75243.07,-20332.2,72.98,10766.0,86009.07,1183.0684,12,5,3,4,12055.0,1145,"[79, 135, 53, 88, 15, 210, 66, 244, 232, 104, 173, 170]","[15, 210, 244, 232, 170]","[53, 66, 104]","[79, 135, 88, 173]","[1, 244, 232, 220, 212, 210, 135, 15, 40, 88, 169, 170, 173, 165, 79, 1]","[(1, 108), (79, 104), (135, 54), (53, 79), (169, 173), (88, 164), (40, 66), (54, 40), (66, 88), (108, 135), (104, 1), (164, 169), (173, 53)]","[(1, 0.0), (244, 1008.0), (232, 2011.0), (220, 2011.0), (212, 2011.0), (210, 3013.0), (135, 4015.0), (15, 5024.0), (40, 5024.0), (88, 7032.0), (169, 7032.0), (170, 8035.0), (173, 9039.0), (165, 9039.0), (79, 11049.0), (1, 12055.0)]"
2026-06-18 12:25:02,20,27.4,27.3,-75243.07,-20332.2,72.98,10766.0,86009.07,1183.0684,12,5,3,4,12055.0,1149,"[79, 135, 53, 88, 15, 210, 66, 244, 232, 104, 173, 170]","[15, 210, 244, 232, 170]","[53, 66, 104]","[79, 135, 88, 173]","[1, 244, 232, 220, 212, 210, 135, 15, 40, 88, 169, 170, 173, 165, 79, 1]","[(1, 108), (79, 104), (135, 54), (53, 79), (169, 173), (88, 164), (40, 66), (54, 40), (66, 88), (108, 135), (104, 1), (164, 169), (173, 53)]","[(1, 0.0), (244, 1008.0), (232, 2011.0), (220, 2011.0), (212, 2011.0), (210, 3013.0), (135, 4015.0), (15, 5024.0), (40, 5024.0), (88, 7032.0), (169, 7032.0), (170, 8035.0), (173, 9039.0), (165, 9039.0), (79, 11049.0), (1, 12055.0)]"
2026-06-18 12:25:02,20,27.4,27.4,-75243.07,-20332.2,72.98,10766.0,86009.07,1183.0684,12,5,3,4,12055.0,1152,"[79, 135, 53, 88, 15, 210, 66, 244, 232, 104, 173, 170]","[15, 210, 244, 232, 170]","[53, 66, 104]","[79, 135, 88, 173]","[1, 244, 232, 220, 212, 210, 135, 15, 40, 88, 169, 170, 173, 165, 79, 1]","[(1, 108), (79, 104), (135, 54), (53, 79), (169, 173), (88, 164), (40, 66), (54, 40), (66, 88), (108, 135), (104, 1), (164, 169), (173, 53)]","[(1, 0.0), (244, 1008.0), (232, 2011.0), (220, 2011.0), (212, 2011.0), (210, 3013.0), (135, 4015.0), (15, 5024.0), (40, 5024.0), (88, 7032.0), (169, 7032.0), (170, 8035.0), (173, 9039.0), (165, 9039.0), (79, 11049.0), (1, 12055.0)]"
2026-06-18 12:25:02,20,27.9,27.9,-75110.74,-20332.2,72.93,9938.0,85048.74,1169.8588,11,4,3,4,11052.0,1180,"[79, 135, 53, 88, 15, 210, 66, 244, 232, 104, 173]","[15, 210, 244, 232]","[53, 66, 104]","[79, 135, 88, 173]","[1, 244, 232, 220, 212, 210, 135, 15, 40, 88, 169, 170, 173, 165, 79, 1]","[(1, 108), (79, 53), (135, 54), (53, 1), (169, 173), (88, 164), (40, 66), (54, 40), (66, 88), (108, 135), (104, 79), (164, 169), (173, 104)]","[(1, 0.0), (244, 1008.0), (232, 2011.0), (220, 2011.0), (212, 2011.0), (210, 3013.0), (135, 4015.0), (15, 5024.0), (40, 5024.0), (88, 7032.0), (169, 7032.0), (170, 7032.0), (173, 8036.0), (165, 8036.0), (79, 10047.0), (1, 11052.0)]"
2026-06-18 12:25:03,20,28.1,28.1,-75093.72,-20332.2,72.92,9062.0,84155.72,1157.5752,10,4,2,4,10048.0,1208,"[79, 135, 53, 88, 15, 210, 244, 232, 104, 173]","[15, 210, 244, 232]","[53, 104]","[79, 135, 88, 173]","[1, 244, 232, 220, 212, 210, 135, 15, 40, 88, 169, 170, 173, 165, 79, 1]","[(1, 108), (79, 53), (135, 54), (53, 1), (169, 173), (88, 164), (40, 66), (54, 40), (66, 88), (108, 135), (104, 79), (164, 169), (173, 104)]","[(1, 0.0), (244, 1008.0), (232, 2011.0), (220, 2011.0), (212, 2011.0), (210, 3013.0), (135, 4015.0), (15, 5024.0), (40, 5024.0), (88, 6028.0), (169, 6028.0), (170, 6028.0), (173, 7032.0), (165, 7032.0), (79, 9043.0), (1, 10048.0)]"
2026-06-18 12:25:04,20,29.7,29.7,-74524.01,-20457.51,72.55,8262.0,82786.01,1138.7347,9,4,2,3,9046.0,1312,"[79, 53, 88, 15, 210, 244, 232, 104, 173]","[15, 210, 244, 232]","[53, 104]","[79, 88, 173]","[1, 244, 232, 220, 212, 210, 135, 15, 40, 88, 169, 170, 173, 165, 79, 1]","[(1, 108), (79, 53), (135, 54), (53, 1), (169, 173), (88, 164), (40, 66), (54, 40), (66, 88), (108, 135), (104, 79), (164, 169), (173, 104)]","[(1, 0.0), (244, 1008.0), (232, 2011.0), (220, 2011.0), (212, 2011.0), (210, 3013.0), (135, 3013.0), (15, 4022.0), (40, 4022.0), (88, 5026.0), (169, 5026.0), (170, 5026.0), (173, 6030.0), (165, 6030.0), (79, 8041.0), (1, 9046.0)]"
2026-06-18 12:25:06,20,31.8,31.7,-74157.3,-20768.4,71.99,8255.0,82412.3,1133.5942,9,3,3,3,9041.0,1408,"[79, 53, 88, 210, 66, 244, 232, 104, 173]","[210, 244, 232]","[53, 66, 104]","[79, 88, 173]","[1, 244, 232, 220, 212, 210, 135, 15, 40, 88, 169, 170, 173, 165, 79, 1]","[(1, 108), (79, 53), (135, 54), (53, 1), (169, 173), (88, 164), (40, 66), (54, 40), (66, 88), (108, 135), (104, 79), (164, 169), (173, 104)]","[(1, 0.0), (244, 1008.0), (232, 2011.0), (220, 2011.0), (212, 2011.0), (210, 3013.0), (135, 3013.0), (15, 3013.0), (40, 3013.0), (88, 5021.0), (169, 5021.0), (170, 5021.0), (173, 6025.0), (165, 6025.0), (79, 8036.0), (1, 9041.0)]"
2026-06-18 12:25:11,20,36.7,36.6,-74157.3,-20768.4,71.99,8255.0,82412.3,1133.5942,9,3,3,3,9041.0,2393,"[79, 53, 88, 210, 66, 244, 232, 104, 173]","[210, 244, 232]","[53, 66, 104]","[79, 88, 173]","[1, 244, 232, 220, 212, 210, 135, 15, 40, 88, 169, 170, 173, 165, 79, 1]","[(1, 108), (79, 53), (135, 54), (53, 1), (169, 173), (88, 164), (40, 66), (54, 40), (66, 88), (108, 135), (104, 79), (164, 169), (173, 104)]","[(1, 0.0), (244, 1008.0), (232, 2011.0), (220, 2011.0), (212, 2011.0), (210, 3013.0), (135, 3013.0), (15, 3013.0), (40, 3013.0), (88, 5021.0), (169, 5021.0), (170, 5021.0), (173, 6025.0), (165, 6025.0), (79, 8036.0), (1, 9041.0)]"
2026-06-18 12:25:11,20,36.7,36.6,-72231.02,-20768.4,71.25,9138.0,81369.02,1119.2438,10,3,4,3,10050.0,2428,"[79, 53, 88, 15, 210, 66, 244, 232, 104, 173]","[210, 244, 232]","[53, 15, 66, 104]","[79, 88, 173]","[1, 244, 232, 220, 212, 210, 135, 40, 88, 169, 170, 173, 165, 79, 1]","[(1, 108), (79, 53), (135, 54), (53, 1), (169, 164), (88, 104), (15, 79), (40, 66), (54, 40), (66, 88), (108, 135), (104, 169), (164, 173), (173, 15)]","[(1, 0.0), (244, 1008.0), (232, 2011.0), (220, 2011.0), (212, 2011.0), (210, 3013.0), (135, 3013.0), (40, 3013.0), (88, 5021.0), (169, 6027.0), (170, 6027.0), (173, 7031.0), (165, 7031.0), (79, 9045.0), (1, 10050.0)]"
2026-06-18 12:25:14,20,39.6,39.5,-72223.26,-20768.4,71.24,9753.0,81976.26,1127.5964,11,4,4,3,11052.0,3240,"[79, 53, 88, 15, 210, 66, 165, 244, 232, 104, 173]","[210, 165, 244, 232]","[53, 15, 66, 104]","[79, 88, 173]","[1, 244, 232, 220, 212, 210, 135, 40, 88, 169, 170, 173, 165, 79, 1]","[(1, 108), (79, 53), (135, 54), (53, 1), (169, 164), (88, 104), (15, 79), (40, 66), (54, 40), (66, 88), (108, 135), (104, 169), (164, 173), (173, 15)]","[(1, 0.0), (244, 1008.0), (232, 2011.0), (220, 2011.0), (212, 2011.0), (210, 3013.0), (135, 3013.0), (40, 3013.0), (88, 5021.0), (169, 6027.0), (170, 6027.0), (173, 7031.0), (165, 8033.0), (79, 10047.0), (1, 11052.0)]"
2026-06-18 12:25:14,20,39.6,39.5,-62096.75,-20768.4,66.55,7379.0,69475.75,955.65,8,4,1,3,8037.0,3256,"[79, 53, 88, 210, 244, 232, 104, 173]","[210, 244, 232, 104]",[53],"[79, 88, 173]","[1, 244, 232, 220, 212, 210, 135, 40, 88, 79, 169, 104, 170, 173, 1]","[(1, 165), (79, 53), (135, 54), (53, 170), (88, 108), (15, 1), (40, 66), (54, 40), (66, 88), (165, 135), (108, 79), (164, 173), (173, 15), (170, 164)]","[(1, 0.0), (244, 1008.0), (232, 2011.0), (220, 2011.0), (212, 2011.0), (210, 3013.0), (135, 3013.0), (40, 3013.0), (88, 4017.0), (79, 5022.0), (169, 5022.0), (104, 6028.0), (170, 7033.0), (173, 8037.0), (1, 8037.0)]"
2026-06-18 12:25:15,20,40.5,40.4,-61213.75,-20768.4,66.07,8262.0,69475.75,955.65,9,4,2,3,9046.0,3456,"[79, 53, 88, 15, 210, 244, 232, 104, 173]","[210, 244, 232, 104]","[53, 15]","[79, 88, 173]","[1, 244, 232, 220, 212, 210, 135, 40, 88, 79, 169, 104, 170, 173, 1]","[(1, 165), (79, 53), (135, 54), (53, 170), (88, 108), (15, 1), (40, 66), (54, 40), (66, 88), (165, 135), (108, 79), (164, 173), (173, 15), (170, 164)]","[(1, 0.0), (244, 1008.0), (232, 2011.0), (220, 2011.0), (212, 2011.0), (210, 3013.0), (135, 3013.0), (40, 3013.0), (88, 4017.0), (79, 5022.0), (169, 5022.0), (104, 6028.0), (170, 7033.0), (173, 8037.0), (1, 9046.0)]"
2026-06-18 12:25:16,20,41.7,41.6,-59871.52,-20768.4,65.31,11745.0,71616.52,985.0965,13,4,5,4,13066.0,3836,"[79, 53, 88, 15, 210, 66, 244, 232, 108, 104, 164, 173, 170]","[210, 244, 232, 104]","[53, 15, 66, 108, 164]","[79, 88, 173, 170]","[1, 244, 232, 220, 212, 210, 135, 40, 88, 79, 169, 104, 170, 173, 1]","[(1, 165), (79, 53), (135, 54), (53, 170), (88, 108), (15, 1), (40, 66), (54, 40), (66, 88), (165, 135), (108, 79), (164, 173), (173, 15), (170, 164)]","[(1, 0.0), (244, 1008.0), (232, 2011.0), (220, 2011.0), (212, 2011.0), (210, 3013.0), (135, 3013.0), (40, 3013.0), (88, 5021.0), (79, 7035.0), (169, 7035.0), (104, 8041.0), (170, 10049.0), (173, 12057.0), (1, 13066.0)]"
2026-06-18 12:25:16,20,41.7,41.6,-59651.01,-20768.4,65.18,12584.0,72235.01,993.604,14,5,5,4,14072.0,3896,"[79, 53, 169, 88, 15, 210, 66, 244, 232, 108, 104, 164, 173, 170]","[169, 210, 244, 232, 104]","[53, 15, 66, 108, 164]","[79, 88, 173, 170]","[1, 244, 232, 220, 212, 210, 135, 40, 88, 79, 169, 104, 170, 173, 1]","[(1, 165), (79, 53), (135, 54), (53, 170), (88, 108), (15, 1), (40, 66), (54, 40), (66, 88), (165, 135), (108, 79), (164, 173), (173, 15), (170, 164)]","[(1, 0.0), (244, 1008.0), (232, 2011.0), (220, 2011.0), (212, 2011.0), (210, 3013.0), (135, 3013.0), (40, 3013.0), (88, 5021.0), (79, 7035.0), (169, 8041.0), (104, 9047.0), (170, 11055.0), (173, 13063.0), (1, 14072.0)]"
2026-06-18 12:25:19,20,44.4,44.4,-58692.82,-20768.4,64.62,12584.0,71276.82,980.4239,14,5,5,4,14072.0,4449,"[79, 53, 169, 88, 15, 210, 66, 244, 232, 108, 104, 164, 173, 170]","[169, 210, 244, 232, 104]","[53, 15, 66, 108, 164]","[79, 88, 173, 170]","[1, 244, 232, 220, 212, 210, 135, 40, 88, 79, 169, 104, 170, 173, 1]","[(1, 165), (79, 66), (135, 54), (53, 88), (88, 108), (15, 1), (212, 135), (40, 53), (54, 40), (66, 170), (165, 212), (108, 79), (164, 173), (173, 15), (170, 164)]","[(1, 0.0), (244, 1008.0), (232, 2011.0), (220, 2011.0), (212, 2011.0), (210, 3013.0), (135, 3013.0), (40, 3013.0), (88, 5022.0), (79, 7036.0), (169, 8042.0), (104, 9048.0), (170, 11055.0), (173, 13063.0), (1, 14072.0)]"
2026-06-18 12:25:19,20,44.4,44.4,-58630.77,-20768.4,64.58,11673.0,70303.77,967.0395,13,4,5,4,13068.0,4497,"[79, 53, 169, 15, 210, 66, 244, 232, 108, 104, 164, 173, 170]","[169, 210, 244, 232]","[53, 15, 66, 108, 164]","[79, 104, 173, 170]","[1, 244, 232, 220, 212, 210, 135, 40, 88, 79, 169, 104, 170, 173, 1]","[(1, 165), (79, 66), (135, 54), (53, 88), (88, 79), (15, 1), (40, 53), (54, 40), (66, 104), (165, 135), (108, 170), (104, 108), (164, 173), (173, 15), (170, 164)]","[(1, 0.0), (244, 1008.0), (232, 2011.0), (220, 2011.0), (212, 2011.0), (210, 3013.0), (135, 3013.0), (40, 3013.0), (88, 4018.0), (79, 5023.0), (169, 6029.0), (104, 8039.0), (170, 10051.0), (173, 12059.0), (1, 13068.0)]"
2026-06-18 12:25:19,20,44.5,44.4,-58590.75,-20768.4,64.55,10738.0,69328.75,953.6279,12,4,4,4,12065.0,4584,"[79, 169, 88, 15, 66, 244, 232, 108, 104, 164, 173, 170]","[79, 244, 232, 104]","[15, 66, 108, 164]","[169, 88, 173, 170]","[1, 244, 232, 220, 212, 210, 135, 40, 88, 79, 169, 104, 170, 173, 1]","[(1, 53), (135, 54), (53, 135), (169, 165), (88, 108), (15, 1), (40, 66), (54, 40), (66, 88), (165, 170), (108, 169), (164, 173), (173, 15), (170, 164)]","[(1, 0.0), (244, 1008.0), (232, 2011.0), (220, 2011.0), (212, 2011.0), (210, 2011.0), (135, 2011.0), (40, 2011.0), (88, 4019.0), (79, 5024.0), (169, 7039.0), (104, 8045.0), (170, 9048.0), (173, 11056.0), (1, 12065.0)]"
2026-06-18 12:25:23,20,48.3,48.2,-58590.75,-20768.4,64.55,10738.0,69328.75,953.6279,12,4,4,4,12065.0,5443,"[79, 169, 88, 15, 66, 244, 232, 108, 104, 164, 173, 170]","[79, 244, 232, 104]","[15, 66, 108, 164]","[169, 88, 173, 170]","[1, 244, 232, 220, 212, 210, 135, 40, 88, 79, 169, 104, 170, 173, 1]","[(1, 53), (135, 54), (53, 135), (169, 165), (88, 108), (15, 1), (40, 66), (54, 40), (66, 88), (165, 170), (108, 169), (164, 173), (173, 15), (170, 164)]","[(1, 0.0), (244, 1008.0), (232, 2011.0), (220, 2011.0), (212, 2011.0), (210, 2011.0), (135, 2011.0), (40, 2011.0), (88, 4019.0), (79, 5024.0), (169, 7039.0), (104, 8045.0), (170, 9048.0), (173, 11056.0), (1, 12065.0)]"
2026-06-18 12:25:23,20,48.3,48.2,-58284.47,-20768.4,64.37,10738.0,69022.47,949.415,12,4,4,4,12065.0,5443,"[79, 169, 88, 15, 66, 244, 232, 108, 104, 164, 173, 170]","[79, 244, 232, 104]","[15, 66, 108, 164]","[169, 88, 173, 170]","[1, 244, 232, 220, 212, 210, 135, 40, 88, 79, 169, 104, 170, 173, 1]","[(1, 53), (135, 54), (53, 135), (169, 164), (88, 165), (15, 1), (40, 66), (54, 40), (66, 88), (165, 169), (108, 173), (164, 170), (173, 15), (170, 108)]","[(1, 0.0), (244, 1008.0), (232, 2011.0), (220, 2011.0), (212, 2011.0), (210, 2011.0), (135, 2011.0), (40, 2011.0), (88, 4019.0), (79, 5024.0), (169, 6030.0), (104, 7036.0), (170, 9043.0), (173, 11056.0), (1, 12065.0)]"
2026-06-18 12:25:25,20,50.5,50.4,-56697.61,-20768.4,63.37,11718.0,68415.61,941.0675,13,3,5,5,13070.0,5784,"[79, 53, 169, 88, 15, 66, 244, 232, 108, 104, 164, 173, 170]","[79, 244, 104]","[53, 15, 66, 108, 164]","[169, 88, 232, 173, 170]","[1, 244, 232, 212, 210, 135, 40, 88, 79, 169, 104, 170, 173, 1]","[(1, 232), (135, 54), (53, 88), (169, 164), (88, 66), (15, 1), (212, 165), (40, 53), (54, 40), (66, 169), (165, 135), (232, 220), (108, 173), (164, 170), (173, 15), (170, 108), (220, 212)]","[(1, 0.0), (244, 1008.0), (232, 2011.0), (212, 2011.0), (210, 2011.0), (135, 2011.0), (40, 2011.0), (88, 4020.0), (79, 5025.0), (169, 7035.0), (104, 8041.0), (170, 10048.0), (173, 12061.0), (1, 13070.0)]"
2026-06-18 12:25:30,20,55.2,55.1,-56697.61,-20768.4,63.37,11718.0,68415.61,941.0675,13,3,5,5,13070.0,6869,"[79, 53, 169, 88, 15, 66, 244, 232, 108, 104, 164, 173, 170]","[79, 244, 104]","[53, 15, 66, 108, 164]","[169, 88, 232, 173, 170]","[1, 244, 232, 212, 210, 135, 40, 88, 79, 169, 104, 170, 173, 1]","[(1, 232), (135, 54), (53, 88), (169, 164), (88, 66), (15, 1), (212, 165), (40, 53), (54, 40), (66, 169), (165, 135), (232, 220), (108, 173), (164, 170), (173, 15), (170, 108), (220, 212)]","[(1, 0.0), (244, 1008.0), (232, 2011.0), (212, 2011.0), (210, 2011.0), (135, 2011.0), (40, 2011.0), (88, 4020.0), (79, 5025.0), (169, 7035.0), (104, 8041.0), (170, 10048.0), (173, 12061.0), (1, 13070.0)]"
2026-06-18 12:25:30,20,55.2,55.1,-56697.6,-20768.4,63.37,11718.0,68415.6,941.0675,13,3,5,5,13070.0,6871,"[79, 53, 169, 88, 15, 66, 244, 232, 108, 104, 164, 173, 170]","[79, 244, 104]","[53, 15, 66, 108, 164]","[169, 88, 232, 173, 170]","[1, 244, 232, 212, 210, 135, 40, 88, 79, 169, 104, 170, 173, 1]","[(1, 232), (135, 54), (53, 88), (169, 164), (88, 66), (15, 1), (212, 165), (40, 53), (54, 40), (66, 169), (165, 135), (232, 220), (108, 173), (164, 170), (173, 15), (170, 108), (220, 212)]","[(1, 0.0), (244, 1008.0), (232, 2011.0), (212, 2011.0), (210, 2011.0), (135, 2011.0), (40, 2011.0), (88, 4020.0), (79, 5025.0), (169, 7035.0), (104, 8041.0), (170, 10048.0), (173, 12061.0), (1, 13070.0)]"
2026-06-18 12:25:30,20,55.2,55.1,-56697.6,-20768.4,63.37,11718.0,68415.6,941.0675,13,3,5,5,13070.0,6874,"[79, 53, 169, 88, 15, 66, 244, 232, 108, 104, 164, 173, 170]","[79, 244, 104]","[53, 15, 66, 108, 164]","[169, 88, 232, 173, 170]","[1, 244, 232, 212, 210, 135, 40, 88, 79, 169, 104, 170, 173, 1]","[(1, 232), (135, 54), (53, 88), (169, 164), (88, 66), (15, 1), (212, 165), (40, 53), (54, 40), (66, 169), (165, 135), (232, 220), (108, 173), (164, 170), (173, 15), (170, 108), (220, 212)]","[(1, 0.0), (244, 1008.0), (232, 2011.0), (212, 2011.0), (210, 2011.0), (135, 2011.0), (40, 2011.0), (88, 4020.0), (79, 5025.0), (169, 7035.0), (104, 8041.0), (170, 10048.0), (173, 12061.0), (1, 13070.0)]"
2026-06-18 12:25:33,20,58.1,58.0,-54705.5,-20768.4,62.04,10835.0,65540.5,901.52,12,3,4,5,12061.0,7132,"[79, 53, 169, 88, 66, 244, 232, 108, 104, 164, 173, 170]","[79, 244, 104]","[53, 66, 108, 164]","[169, 88, 232, 173, 170]","[1, 244, 232, 212, 210, 135, 40, 88, 79, 169, 104, 170, 173, 1]","[(1, 232), (135, 54), (53, 88), (169, 164), (88, 165), (15, 135), (212, 15), (40, 53), (54, 40), (66, 1), (165, 169), (232, 220), (108, 173), (164, 170), (173, 66), (170, 108), (220, 212)]","[(1, 0.0), (244, 1008.0), (232, 2011.0), (212, 2011.0), (210, 2011.0), (135, 2011.0), (40, 2011.0), (88, 4020.0), (79, 5025.0), (169, 6031.0), (104, 7037.0), (170, 9044.0), (173, 11057.0), (1, 12061.0)]"
2026-06-18 12:25:38,20,63.7,63.6,-54705.5,-20768.4,62.04,10835.0,65540.5,901.52,12,3,4,5,12061.0,8237,"[79, 53, 169, 88, 66, 244, 232, 108, 104, 164, 173, 170]","[79, 244, 104]","[53, 66, 108, 164]","[169, 88, 232, 173, 170]","[1, 244, 232, 212, 210, 135, 40, 88, 79, 169, 104, 170, 173, 1]","[(1, 232), (135, 54), (53, 88), (169, 164), (88, 165), (15, 135), (212, 15), (40, 53), (54, 40), (66, 1), (165, 169), (232, 220), (108, 173), (164, 170), (173, 66), (170, 108), (220, 212)]","[(1, 0.0), (244, 1008.0), (232, 2011.0), (212, 2011.0), (210, 2011.0), (135, 2011.0), (40, 2011.0), (88, 4020.0), (79, 5025.0), (169, 6031.0), (104, 7037.0), (170, 9044.0), (173, 11057.0), (1, 12061.0)]"
2026-06-18 12:25:38,20,63.7,63.6,-54705.5,-20768.4,62.04,10835.0,65540.5,901.5199,12,3,4,5,12061.0,8238,"[79, 53, 169, 88, 66, 244, 232, 108, 104, 164, 173, 170]","[79, 244, 104]","[53, 66, 108, 164]","[169, 88, 232, 173, 170]","[1, 244, 232, 212, 210, 135, 40, 88, 79, 169, 104, 170, 173, 1]","[(1, 232), (135, 54), (53, 88), (169, 164), (88, 165), (15, 135), (212, 15), (40, 53), (54, 40), (66, 1), (165, 169), (232, 220), (108, 173), (164, 170), (173, 66), (170, 108), (220, 212)]","[(1, 0.0), (244, 1008.0), (232, 2011.0), (212, 2011.0), (210, 2011.0), (135, 2011.0), (40, 2011.0), (88, 4020.0), (79, 5025.0), (169, 6031.0), (104, 7037.0), (170, 9044.0), (173, 11057.0), (1, 12061.0)]"
2026-06-18 12:25:38,20,63.7,63.6,-54705.5,-20768.4,62.04,10835.0,65540.5,901.5199,12,3,4,5,12061.0,8239,"[79, 53, 169, 88, 66, 244, 232, 108, 104, 164, 173, 170]","[79, 244, 104]","[53, 66, 108, 164]","[169, 88, 232, 173, 170]","[1, 244, 232, 212, 210, 135, 40, 88, 79, 169, 104, 170, 173, 1]","[(1, 232), (135, 54), (53, 88), (169, 164), (88, 165), (15, 135), (212, 15), (40, 53), (54, 40), (66, 1), (165, 169), (232, 220), (108, 173), (164, 170), (173, 66), (170, 108), (220, 212)]","[(1, 0.0), (244, 1008.0), (232, 2011.0), (212, 2011.0), (210, 2011.0), (135, 2011.0), (40, 2011.0), (88, 4020.0), (79, 5025.0), (169, 6031.0), (104, 7037.0), (170, 9044.0), (173, 11057.0), (1, 12061.0)]"
2026-06-18 12:25:38,20,63.7,63.6,-54447.19,-20768.4,61.86,10450.0,64897.19,892.6711,12,3,5,4,12060.0,8241,"[79, 53, 169, 88, 66, 165, 244, 108, 104, 164, 173, 170]","[79, 244, 104]","[53, 66, 165, 108, 164]","[169, 88, 173, 170]","[1, 244, 232, 212, 210, 135, 40, 88, 79, 169, 104, 170, 173, 1]","[(1, 220), (135, 54), (53, 88), (169, 164), (88, 165), (15, 135), (212, 15), (40, 53), (54, 40), (66, 1), (165, 169), (108, 173), (164, 170), (173, 66), (170, 108), (220, 212)]","[(1, 0.0), (244, 1008.0), (232, 1008.0), (212, 1008.0), (210, 1008.0), (135, 1008.0), (40, 1008.0), (88, 3017.0), (79, 4022.0), (169, 6030.0), (104, 7036.0), (170, 9043.0), (173, 11056.0), (1, 12060.0)]"
2026-06-18 12:25:38,20,63.7,63.6,-54024.1,-20768.4,61.56,10835.0,64859.1,892.1471,12,3,4,5,12061.0,8242,"[79, 53, 169, 88, 66, 244, 232, 108, 104, 164, 173, 170]","[79, 244, 104]","[53, 66, 108, 164]","[169, 88, 232, 173, 170]","[1, 244, 232, 210, 212, 135, 40, 88, 79, 169, 104, 170, 173, 1]","[(1, 232), (135, 54), (53, 88), (169, 164), (88, 165), (15, 135), (212, 15), (40, 53), (54, 40), (66, 1), (165, 169), (232, 220), (108, 173), (164, 170), (173, 66), (170, 108), (220, 212)]","[(1, 0.0), (244, 1008.0), (232, 2011.0), (210, 2011.0), (212, 2011.0), (135, 2011.0), (40, 2011.0), (88, 4020.0), (79, 5025.0), (169, 6031.0), (104, 7037.0), (170, 9044.0), (173, 11057.0), (1, 12061.0)]"
2026-06-18 12:25:42,20,67.4,67.3,-53485.04,-20768.4,61.17,9859.0,63344.04,871.3074,11,2,5,4,11059.0,8508,"[79, 53, 169, 88, 15, 66, 108, 104, 164, 173, 170]","[79, 104]","[53, 15, 66, 108, 164]","[169, 88, 173, 170]","[1, 244, 232, 210, 212, 135, 40, 88, 79, 169, 104, 170, 173, 1]","[(1, 232), (135, 54), (53, 88), (169, 164), (88, 165), (15, 135), (212, 15), (40, 53), (54, 40), (66, 1), (165, 169), (232, 220), (108, 173), (164, 170), (173, 66), (170, 108), (220, 212)]","[(1, 0.0), (244, 0.0), (232, 0.0), (210, 0.0), (212, 0.0), (135, 1009.0), (40, 1009.0), (88, 3018.0), (79, 4023.0), (169, 5029.0), (104, 6035.0), (170, 8042.0), (173, 10055.0), (1, 11059.0)]"
2026-06-18 12:25:47,20,72.9,72.8,-53485.03,-20768.4,61.17,9859.0,63344.03,871.3072,11,2,5,4,11059.0,9586,"[79, 53, 169, 88, 15, 66, 108, 104, 164, 173, 170]","[79, 104]","[53, 15, 66, 108, 164]","[169, 88, 173, 170]","[1, 244, 232, 210, 212, 135, 40, 88, 79, 169, 104, 170, 173, 1]","[(1, 232), (135, 54), (53, 88), (169, 164), (88, 165), (15, 135), (212, 15), (40, 53), (54, 40), (66, 1), (165, 169), (232, 220), (108, 173), (164, 170), (173, 66), (170, 108), (220, 212)]","[(1, 0.0), (244, 0.0), (232, 0.0), (210, 0.0), (212, 0.0), (135, 1009.0), (40, 1009.0), (88, 3018.0), (79, 4023.0), (169, 5029.0), (104, 6035.0), (170, 8042.0), (173, 10055.0), (1, 11059.0)]"
2026-06-18 12:25:47,20,72.9,72.8,-53485.03,-20768.4,61.17,9859.0,63344.03,871.3072,11,2,5,4,11059.0,9589,"[79, 53, 169, 88, 15, 66, 108, 104, 164, 173, 170]","[79, 104]","[53, 15, 66, 108, 164]","[169, 88, 173, 170]","[1, 244, 232, 210, 212, 135, 40, 88, 79, 169, 104, 170, 173, 1]","[(1, 232), (135, 54), (53, 88), (169, 164), (88, 165), (15, 135), (212, 15), (40, 53), (54, 40), (66, 1), (165, 169), (232, 220), (108, 173), (164, 170), (173, 66), (170, 108), (220, 212)]","[(1, 0.0), (244, 0.0), (232, 0.0), (210, 0.0), (212, 0.0), (135, 1009.0), (40, 1009.0), (88, 3018.0), (79, 4023.0), (169, 5029.0), (104, 6035.0), (170, 8042.0), (173, 10055.0), (1, 11059.0)]"
2026-06-18 12:25:47,20,72.9,72.8,-52503.59,-20768.4,60.44,9859.0,62362.59,857.8074,11,2,5,4,11059.0,9590,"[79, 53, 169, 88, 15, 66, 108, 104, 164, 173, 170]","[79, 104]","[53, 15, 66, 108, 164]","[169, 88, 173, 170]","[1, 244, 210, 212, 135, 40, 88, 79, 169, 104, 170, 173, 1]","[(1, 232), (135, 54), (53, 88), (169, 164), (88, 165), (15, 135), (212, 15), (40, 53), (54, 40), (66, 1), (165, 169), (244, 220), (232, 244), (108, 173), (164, 170), (173, 66), (170, 108), (220, 212)]","[(1, 0.0), (244, 0.0), (210, 0.0), (212, 0.0), (135, 1009.0), (40, 1009.0), (88, 3018.0), (79, 4023.0), (169, 5029.0), (104, 6035.0), (170, 8042.0), (173, 10055.0), (1, 11059.0)]"
2026-06-18 12:25:53,20,78.6,78.5,-52503.59,-20768.4,60.44,9859.0,62362.59,857.8073,11,2,5,4,11059.0,10288,"[79, 53, 169, 88, 15, 66, 108, 104, 164, 173, 170]","[79, 104]","[53, 15, 66, 108, 164]","[169, 88, 173, 170]","[1, 244, 210, 212, 135, 40, 88, 79, 169, 104, 170, 173, 1]","[(1, 232), (135, 54), (53, 88), (169, 164), (88, 165), (15, 135), (212, 15), (40, 53), (54, 40), (66, 1), (165, 169), (244, 220), (232, 244), (108, 173), (164, 170), (173, 66), (170, 108), (220, 212)]","[(1, 0.0), (244, 0.0), (210, 0.0), (212, 0.0), (135, 1009.0), (40, 1009.0), (88, 3018.0), (79, 4023.0), (169, 5029.0), (104, 6035.0), (170, 8042.0), (173, 10055.0), (1, 11059.0)]"
2026-06-18 12:25:53,20,78.6,78.5,-52503.59,-20768.4,60.44,9859.0,62362.59,857.8073,11,2,5,4,11059.0,10466,"[79, 53, 169, 88, 15, 66, 108, 104, 164, 173, 170]","[79, 104]","[53, 15, 66, 108, 164]","[169, 88, 173, 170]","[1, 244, 210, 212, 135, 40, 88, 79, 169, 104, 170, 173, 1]","[(1, 232), (135, 54), (53, 88), (169, 164), (88, 165), (15, 135), (212, 15), (40, 53), (54, 40), (66, 1), (165, 169), (244, 220), (232, 244), (108, 173), (164, 170), (173, 66), (170, 108), (220, 212)]","[(1, 0.0), (244, 0.0), (210, 0.0), (212, 0.0), (135, 1009.0), (40, 1009.0), (88, 3018.0), (79, 4023.0), (169, 5029.0), (104, 6035.0), (170, 8042.0), (173, 10055.0), (1, 11059.0)]"
2026-06-18 12:25:53,20,78.6,78.5,-52503.59,-20768.4,60.44,9859.0,62362.59,857.8073,11,2,5,4,11059.0,10507,"[79, 53, 169, 88, 15, 66, 108, 104, 164, 173, 170]","[79, 104]","[53, 15, 66, 108, 164]","[169, 88, 173, 170]","[1, 244, 210, 212, 135, 40, 88, 79, 169, 104, 170, 173, 1]","[(1, 232), (135, 54), (53, 88), (169, 164), (88, 165), (15, 135), (212, 15), (40, 53), (54, 40), (66, 1), (165, 169), (244, 220), (232, 244), (108, 173), (164, 170), (173, 66), (170, 108), (220, 212)]","[(1, 0.0), (244, 0.0), (210, 0.0), (212, 0.0), (135, 1009.0), (40, 1009.0), (88, 3018.0), (79, 4023.0), (169, 5029.0), (104, 6035.0), (170, 8042.0), (173, 10055.0), (1, 11059.0)]"
2026-06-18 12:25:53,20,78.6,78.5,-52092.49,-20768.4,60.13,10474.0,62566.49,860.612,12,2,6,4,12061.0,10542,"[79, 53, 169, 88, 15, 66, 165, 108, 104, 164, 173, 170]","[79, 104]","[53, 15, 66, 165, 108, 164]","[169, 88, 173, 170]","[1, 244, 210, 212, 135, 40, 88, 79, 104, 169, 170, 173, 1]","[(1, 232), (135, 54), (53, 88), (169, 164), (88, 165), (15, 135), (212, 15), (40, 53), (54, 40), (66, 1), (165, 169), (244, 220), (232, 244), (108, 173), (164, 170), (173, 66), (170, 108), (220, 212)]","[(1, 0.0), (244, 0.0), (210, 0.0), (212, 0.0), (135, 1009.0), (40, 1009.0), (88, 3018.0), (79, 4023.0), (104, 5029.0), (169, 7037.0), (170, 9044.0), (173, 11057.0), (1, 12061.0)]"
2026-06-18 12:25:59,20,84.1,84.0,-51801.69,-20768.4,59.91,10474.0,62275.69,856.612,12,2,6,4,12061.0,11544,"[79, 53, 169, 88, 15, 66, 165, 108, 104, 164, 173, 170]","[79, 104]","[53, 15, 66, 165, 108, 164]","[169, 88, 173, 170]","[1, 244, 210, 212, 135, 40, 88, 79, 104, 169, 170, 173, 1]","[(1, 232), (135, 54), (53, 88), (169, 108), (88, 165), (15, 135), (212, 15), (40, 53), (54, 40), (66, 1), (165, 169), (244, 220), (232, 244), (108, 170), (164, 173), (173, 66), (170, 164), (220, 212)]","[(1, 0.0), (244, 0.0), (210, 0.0), (212, 0.0), (135, 1009.0), (40, 1009.0), (88, 3018.0), (79, 4023.0), (104, 5029.0), (169, 7037.0), (170, 9049.0), (173, 11057.0), (1, 12061.0)]"
2026-06-18 12:25:59,20,84.1,84.1,-51305.2,-20768.4,59.52,9585.0,60890.2,837.5544,11,2,6,3,11055.0,11703,"[79, 53, 169, 88, 15, 66, 165, 108, 164, 173, 170]","[79, 169]","[53, 15, 66, 165, 108, 164]","[88, 173, 170]","[1, 244, 210, 212, 135, 40, 88, 79, 104, 169, 170, 173, 1]","[(1, 232), (135, 54), (53, 88), (88, 165), (15, 135), (212, 15), (40, 53), (54, 40), (66, 1), (165, 104), (244, 220), (232, 244), (108, 173), (104, 164), (164, 170), (173, 66), (170, 108), (220, 212)]","[(1, 0.0), (244, 0.0), (210, 0.0), (212, 0.0), (135, 1009.0), (40, 1009.0), (88, 3018.0), (79, 4023.0), (104, 5025.0), (169, 6031.0), (170, 8038.0), (173, 10051.0), (1, 11055.0)]"
2026-06-18 12:26:05,20,90.1,90.1,-51305.2,-20768.4,59.52,9585.0,60890.2,837.5543,11,2,6,3,11055.0,12684,"[79, 53, 169, 88, 15, 66, 165, 108, 164, 173, 170]","[79, 169]","[53, 15, 66, 165, 108, 164]","[88, 173, 170]","[1, 244, 210, 212, 135, 40, 88, 79, 104, 169, 170, 173, 1]","[(1, 232), (135, 54), (53, 88), (88, 165), (15, 135), (212, 15), (40, 53), (54, 40), (66, 1), (165, 104), (244, 220), (232, 244), (108, 173), (104, 164), (164, 170), (173, 66), (170, 108), (220, 212)]","[(1, 0.0), (244, 0.0), (210, 0.0), (212, 0.0), (135, 1009.0), (40, 1009.0), (88, 3018.0), (79, 4023.0), (104, 5025.0), (169, 6031.0), (170, 8038.0), (173, 10051.0), (1, 11055.0)]"
2026-06-18 12:26:05,20,90.1,90.1,-50973.34,-20768.4,59.26,10474.0,61447.34,845.2178,12,2,6,4,12061.0,12738,"[79, 53, 169, 88, 15, 66, 165, 108, 104, 164, 173, 170]","[79, 169]","[53, 15, 66, 165, 108, 164]","[88, 104, 173, 170]","[1, 244, 210, 212, 135, 40, 88, 79, 104, 169, 170, 173, 1]","[(1, 232), (135, 54), (53, 88), (88, 165), (15, 135), (212, 15), (40, 53), (54, 40), (66, 1), (165, 104), (244, 220), (232, 244), (108, 173), (104, 164), (164, 170), (173, 66), (170, 108), (220, 212)]","[(1, 0.0), (244, 0.0), (210, 0.0), (212, 0.0), (135, 1009.0), (40, 1009.0), (88, 3018.0), (79, 4023.0), (104, 6031.0), (169, 7037.0), (170, 9044.0), (173, 11057.0), (1, 12061.0)]"
2026-06-18 12:26:07,20,92.8,92.7,-50973.33,-20768.4,59.26,10474.0,61447.33,845.2177,12,2,6,4,12061.0,12980,"[79, 53, 169, 88, 15, 66, 165, 108, 104, 164, 173, 170]","[79, 169]","[53, 15, 66, 165, 108, 164]","[88, 104, 173, 170]","[1, 244, 210, 212, 135, 40, 88, 79, 104, 169, 170, 173, 1]","[(1, 232), (135, 54), (53, 88), (88, 165), (15, 135), (212, 15), (40, 53), (54, 40), (66, 1), (165, 104), (244, 220), (232, 244), (108, 173), (104, 164), (164, 170), (173, 66), (170, 108), (220, 212)]","[(1, 0.0), (244, 0.0), (210, 0.0), (212, 0.0), (135, 1009.0), (40, 1009.0), (88, 3018.0), (79, 4023.0), (104, 6031.0), (169, 7037.0), (170, 9044.0), (173, 11057.0), (1, 12061.0)]"
2026-06-18 12:26:26,20,111.2,111.1,-50973.33,-20768.4,59.26,10474.0,61447.33,845.2177,12,2,6,4,12061.0,16045,"[79, 53, 169, 88, 15, 66, 165, 108, 104, 164, 173, 170]","[79, 169]","[53, 15, 66, 165, 108, 164]","[88, 104, 173, 170]","[1, 244, 210, 212, 135, 40, 88, 79, 104, 169, 170, 173, 1]","[(1, 232), (135, 54), (53, 88), (88, 165), (15, 135), (212, 15), (40, 53), (54, 40), (66, 1), (165, 104), (244, 220), (232, 244), (108, 173), (104, 164), (164, 170), (173, 66), (170, 108), (220, 212)]","[(1, 0.0), (244, 0.0), (210, 0.0), (212, 0.0), (135, 1009.0), (40, 1009.0), (88, 3018.0), (79, 4023.0), (104, 6031.0), (169, 7037.0), (170, 9044.0), (173, 11057.0), (1, 12061.0)]"
2026-06-18 12:26:29,20,115.0,115.0,-50864.29,-20768.4,59.17,10474.0,61338.29,843.7178,12,2,6,4,12061.0,16560,"[79, 53, 169, 88, 15, 66, 165, 108, 104, 164, 173, 170]","[79, 169]","[53, 15, 66, 165, 108, 164]","[88, 104, 173, 170]","[1, 244, 210, 212, 135, 40, 88, 79, 104, 169, 170, 173, 1]","[(1, 232), (135, 54), (53, 88), (88, 164), (15, 135), (212, 15), (40, 53), (54, 40), (66, 1), (165, 170), (244, 220), (232, 244), (108, 173), (104, 165), (164, 104), (173, 66), (170, 108), (220, 212)]","[(1, 0.0), (244, 0.0), (210, 0.0), (212, 0.0), (135, 1009.0), (40, 1009.0), (88, 3018.0), (79, 4023.0), (104, 6033.0), (169, 7039.0), (170, 9044.0), (173, 11057.0), (1, 12061.0)]"
2026-06-18 12:26:29,20,115.0,115.0,-50714.71,-20768.4,59.05,10474.0,61188.71,841.6604,12,2,6,4,12061.0,16643,"[79, 53, 169, 88, 15, 66, 165, 108, 104, 164, 173, 170]","[79, 169]","[53, 15, 66, 165, 108, 164]","[88, 104, 173, 170]","[1, 244, 210, 212, 135, 40, 88, 79, 104, 169, 170, 173, 1]","[(1, 232), (135, 54), (53, 88), (88, 164), (15, 135), (212, 15), (40, 53), (54, 40), (66, 1), (165, 173), (244, 220), (232, 244), (108, 170), (104, 108), (164, 104), (173, 66), (170, 165), (220, 212)]","[(1, 0.0), (244, 0.0), (210, 0.0), (212, 0.0), (135, 1009.0), (40, 1009.0), (88, 3018.0), (79, 4023.0), (104, 6033.0), (169, 7039.0), (170, 9051.0), (173, 11057.0), (1, 12061.0)]"
2026-06-18 12:26:29,20,115.0,115.0,-50294.16,-20768.4,58.71,9591.0,59885.16,823.7299,11,2,5,4,11052.0,16817,"[79, 53, 169, 88, 66, 165, 108, 104, 164, 173, 170]","[79, 170]","[53, 66, 165, 108, 164]","[169, 88, 104, 173]","[1, 244, 210, 212, 135, 40, 88, 79, 104, 169, 170, 173, 1]","[(1, 232), (135, 54), (53, 88), (169, 164), (88, 165), (15, 135), (212, 15), (40, 53), (54, 40), (66, 1), (165, 104), (244, 220), (232, 244), (108, 169), (104, 108), (164, 173), (173, 66), (220, 212)]","[(1, 0.0), (244, 0.0), (210, 0.0), (212, 0.0), (135, 0.0), (40, 0.0), (88, 2009.0), (79, 3014.0), (104, 5022.0), (169, 7037.0), (170, 8040.0), (173, 10048.0), (1, 11052.0)]"
2026-06-18 12:26:40,20,125.2,125.1,-50294.15,-20768.4,58.71,9591.0,59885.15,823.7298,11,2,5,4,11052.0,18935,"[79, 53, 169, 88, 66, 165, 108, 104, 164, 173, 170]","[79, 170]","[53, 66, 165, 108, 164]","[169, 88, 104, 173]","[1, 244, 210, 212, 135, 40, 88, 79, 104, 169, 170, 173, 1]","[(1, 232), (135, 54), (53, 88), (169, 164), (88, 165), (15, 135), (212, 15), (40, 53), (54, 40), (66, 1), (165, 104), (244, 220), (232, 244), (108, 169), (104, 108), (164, 173), (173, 66), (220, 212)]","[(1, 0.0), (244, 0.0), (210, 0.0), (212, 0.0), (135, 0.0), (40, 0.0), (88, 2009.0), (79, 3014.0), (104, 5022.0), (169, 7037.0), (170, 8040.0), (173, 10048.0), (1, 11052.0)]"
2026-06-18 12:26:53,20,138.1,138.1,-50293.57,-20768.4,58.71,9591.0,59884.57,823.7217,11,2,5,4,11052.0,20760,"[79, 53, 169, 88, 66, 165, 108, 104, 164, 173, 170]","[79, 170]","[53, 66, 165, 108, 164]","[169, 88, 104, 173]","[1, 244, 210, 212, 135, 40, 88, 79, 104, 169, 170, 173, 1]","[(1, 232), (135, 54), (53, 1), (169, 164), (88, 165), (15, 135), (212, 15), (40, 66), (54, 40), (66, 88), (165, 104), (244, 220), (232, 244), (108, 169), (104, 108), (164, 173), (173, 53), (220, 212)]","[(1, 0.0), (244, 0.0), (210, 0.0), (212, 0.0), (135, 0.0), (40, 0.0), (88, 2008.0), (79, 3013.0), (104, 5021.0), (169, 7036.0), (170, 8039.0), (173, 10047.0), (1, 11052.0)]"
2026-06-18 12:26:53,20,138.2,138.1,-50221.53,-20768.4,58.65,9591.0,59812.53,822.7308,11,2,5,4,11052.0,20831,"[79, 53, 169, 88, 66, 165, 108, 104, 164, 173, 170]","[79, 170]","[53, 66, 165, 108, 164]","[169, 88, 104, 173]","[1, 244, 210, 212, 135, 40, 88, 79, 104, 169, 170, 173, 1]","[(1, 232), (135, 54), (53, 88), (169, 165), (88, 164), (15, 135), (212, 15), (40, 53), (54, 40), (66, 1), (165, 173), (244, 220), (232, 244), (108, 169), (104, 108), (164, 104), (173, 66), (220, 212)]","[(1, 0.0), (244, 0.0), (210, 0.0), (212, 0.0), (135, 0.0), (40, 0.0), (88, 2009.0), (79, 3014.0), (104, 5024.0), (169, 7039.0), (170, 8042.0), (173, 10048.0), (1, 11052.0)]"
2026-06-18 12:27:26,20,171.4,171.4,-50221.53,-20768.4,58.65,9591.0,59812.53,822.7308,11,2,5,4,11052.0,25314,"[79, 53, 169, 88, 66, 165, 108, 104, 164, 173, 170]","[79, 170]","[53, 66, 165, 108, 164]","[169, 88, 104, 173]","[1, 244, 210, 212, 135, 40, 88, 79, 104, 169, 170, 173, 1]","[(1, 232), (135, 54), (53, 88), (169, 165), (88, 164), (15, 135), (212, 15), (40, 53), (54, 40), (66, 1), (165, 173), (244, 220), (232, 244), (108, 169), (104, 108), (164, 104), (173, 66), (220, 212)]","[(1, 0.0), (244, 0.0), (210, 0.0), (212, 0.0), (135, 0.0), (40, 0.0), (88, 2009.0), (79, 3014.0), (104, 5024.0), (169, 7039.0), (170, 8042.0), (173, 10048.0), (1, 11052.0)]"
2026-06-18 12:27:55,20,200.7,200.6,-49903.1,-20768.4,58.38,9591.0,59494.1,818.3508,11,0,6,5,11052.0,29994,"[79, 53, 169, 88, 66, 165, 108, 104, 164, 173, 170]",[],"[79, 53, 66, 165, 108, 164]","[169, 88, 104, 173, 170]","[1, 244, 210, 212, 135, 40, 88, 104, 169, 170, 173, 1]","[(1, 232), (79, 104), (135, 54), (53, 88), (169, 165), (88, 79), (15, 135), (212, 15), (40, 53), (54, 40), (66, 1), (165, 170), (244, 220), (232, 244), (108, 169), (104, 108), (164, 173), (173, 66), (170, 164), (220, 212)]","[(1, 0.0), (244, 0.0), (210, 0.0), (212, 0.0), (135, 0.0), (40, 0.0), (88, 2009.0), (104, 4020.0), (169, 6035.0), (170, 8040.0), (173, 10048.0), (1, 11052.0)]"
2026-06-18 12:27:58,20,203.5,203.4,-49903.09,-20768.4,58.38,9591.0,59494.09,818.3507,11,0,6,5,11052.0,29998,"[79, 53, 169, 88, 66, 165, 108, 104, 164, 173, 170]",[],"[79, 53, 66, 165, 108, 164]","[169, 88, 104, 173, 170]","[1, 244, 210, 212, 135, 40, 88, 104, 169, 170, 173, 1]","[(1, 232), (79, 104), (135, 54), (53, 88), (169, 165), (88, 79), (15, 135), (212, 15), (40, 53), (54, 40), (66, 1), (165, 170), (244, 220), (232, 244), (108, 169), (104, 108), (164, 173), (173, 66), (170, 164), (220, 212)]","[(1, 0.0), (244, 0.0), (210, 0.0), (212, 0.0), (135, 0.0), (40, 0.0), (88, 2009.0), (104, 4020.0), (169, 6035.0), (170, 8040.0), (173, 10048.0), (1, 11052.0)]"
2026-06-18 12:28:01,20,206.7,206.6,-49903.09,-20768.4,58.38,9591.0,59494.09,818.3507,11,0,6,5,11052.0,30001,"[79, 53, 169, 88, 66, 165, 108, 104, 164, 173, 170]",[],"[79, 53, 66, 165, 108, 164]","[169, 88, 104, 173, 170]","[1, 244, 210, 212, 135, 40, 88, 104, 169, 170, 173, 1]","[(1, 232), (79, 104), (135, 54), (53, 88), (169, 165), (88, 79), (15, 135), (212, 15), (40, 53), (54, 40), (66, 1), (165, 170), (244, 220), (232, 244), (108, 169), (104, 108), (164, 173), (173, 66), (170, 164), (220, 212)]","[(1, 0.0), (244, 0.0), (210, 0.0), (212, 0.0), (135, 0.0), (40, 0.0), (88, 2009.0), (104, 4020.0), (169, 6035.0), (170, 8040.0), (173, 10048.0), (1, 11052.0)]"
2026-06-18 12:29:03,20,268.3,268.3,-49903.09,-20768.4,58.38,9591.0,59494.09,818.3507,11,0,6,5,11052.0,43005,"[79, 53, 169, 88, 66, 165, 108, 104, 164, 173, 170]",[],"[79, 53, 66, 165, 108, 164]","[169, 88, 104, 173, 170]","[1, 244, 210, 212, 135, 40, 88, 104, 169, 170, 173, 1]","[(1, 232), (79, 104), (135, 54), (53, 88), (169, 165), (88, 79), (15, 135), (212, 15), (40, 53), (54, 40), (66, 1), (165, 170), (244, 220), (232, 244), (108, 169), (104, 108), (164, 173), (173, 66), (170, 164), (220, 212)]","[(1, 0.0), (244, 0.0), (210, 0.0), (212, 0.0), (135, 0.0), (40, 0.0), (88, 2009.0), (104, 4020.0), (169, 6035.0), (170, 8040.0), (173, 10048.0), (1, 11052.0)]"
2026-06-18 12:37:15,20,760.2,760.2,-49903.09,-20913.8,58.09,9591.0,59494.09,818.3506,11,0,6,5,11052.0,153825,"[79, 53, 169, 88, 66, 165, 108, 104, 164, 173, 170]",[],"[79, 53, 66, 165, 108, 164]","[169, 88, 104, 173, 170]","[1, 244, 210, 212, 135, 40, 88, 104, 169, 170, 173, 1]","[(1, 232), (79, 104), (135, 54), (53, 88), (169, 165), (88, 79), (15, 135), (212, 15), (40, 53), (54, 40), (66, 1), (165, 170), (244, 220), (232, 244), (108, 169), (104, 108), (164, 173), (173, 66), (170, 164), (220, 212)]","[(1, 0.0), (244, 0.0), (210, 0.0), (212, 0.0), (135, 0.0), (40, 0.0), (88, 2009.0), (104, 4020.0), (169, 6035.0), (170, 8040.0), (173, 10048.0), (1, 11052.0)]"
2026-06-18 12:37:27,20,772.3,772.3,-49903.08,-20913.8,58.09,9591.0,59494.08,818.3505,11,0,6,5,11052.0,155958,"[79, 53, 169, 88, 66, 165, 108, 104, 164, 173, 170]",[],"[79, 53, 66, 165, 108, 164]","[169, 88, 104, 173, 170]","[1, 244, 210, 212, 135, 40, 88, 104, 169, 170, 173, 1]","[(1, 232), (79, 104), (135, 54), (53, 88), (169, 165), (88, 79), (15, 135), (212, 15), (40, 53), (54, 40), (66, 1), (165, 170), (244, 220), (232, 244), (108, 169), (104, 108), (164, 173), (173, 66), (170, 164), (220, 212)]","[(1, 0.0), (244, 0.0), (210, 0.0), (212, 0.0), (135, 0.0), (40, 0.0), (88, 2009.0), (104, 4020.0), (169, 6035.0), (170, 8040.0), (173, 10048.0), (1, 11052.0)]"
2026-06-18 12:52:51,20,1696.5,1696.4,-49849.64,-20913.8,58.05,9859.0,59708.64,821.3017,11,1,6,4,11059.0,326440,"[79, 53, 169, 88, 15, 66, 108, 104, 164, 173, 170]",[170],"[79, 53, 15, 66, 108, 164]","[169, 88, 104, 173]","[1, 244, 210, 212, 135, 40, 54, 88, 104, 169, 170, 173, 1]","[(1, 232), (79, 104), (135, 165), (53, 88), (169, 164), (88, 79), (15, 135), (212, 15), (40, 54), (54, 53), (66, 1), (165, 40), (244, 220), (232, 244), (108, 169), (104, 108), (164, 173), (173, 66), (220, 212)]","[(1, 0.0), (244, 0.0), (210, 0.0), (212, 0.0), (135, 1009.0), (40, 1009.0), (54, 1009.0), (88, 3018.0), (104, 5029.0), (169, 7044.0), (170, 8047.0), (173, 10055.0), (1, 11059.0)]"
2026-06-18 12:52:55,20,1701.0,1700.9,-49849.63,-20913.8,58.05,9859.0,59708.63,821.3016,11,1,6,4,11059.0,326989,"[79, 53, 169, 88, 15, 66, 108, 104, 164, 173, 170]",[170],"[79, 53, 15, 66, 108, 164]","[169, 88, 104, 173]","[1, 244, 210, 212, 135, 40, 54, 88, 104, 169, 170, 173, 1]","[(1, 232), (79, 104), (135, 165), (53, 88), (169, 164), (88, 79), (15, 135), (212, 15), (40, 53), (66, 1), (165, 40), (244, 220), (232, 244), (108, 169), (104, 108), (164, 173), (173, 66), (220, 212)]","[(1, 0.0), (244, 0.0), (210, 0.0), (212, 0.0), (135, 1009.0), (40, 1009.0), (54, 1009.0), (88, 3018.0), (104, 5029.0), (169, 7044.0), (170, 8047.0), (173, 10055.0), (1, 11059.0)]"
2026-06-18 12:52:55,20,1701.0,1700.9,-49792.13,-20913.8,58.0,9859.0,59651.13,820.5108,11,1,6,4,11059.0,327014,"[79, 53, 169, 88, 15, 66, 108, 104, 164, 173, 170]",[170],"[79, 53, 15, 66, 108, 164]","[169, 88, 104, 173]","[1, 244, 210, 212, 135, 40, 54, 88, 104, 169, 170, 173, 1]","[(1, 232), (79, 104), (135, 165), (53, 88), (169, 164), (88, 79), (15, 135), (212, 15), (54, 53), (66, 1), (165, 54), (244, 220), (232, 244), (108, 169), (104, 108), (164, 173), (173, 66), (220, 212)]","[(1, 0.0), (244, 0.0), (210, 0.0), (212, 0.0), (135, 1009.0), (40, 1009.0), (54, 1009.0), (88, 3018.0), (104, 5029.0), (169, 7044.0), (170, 8047.0), (173, 10055.0), (1, 11059.0)]"
2026-06-18 12:53:31,20,1736.7,1736.6,-49376.66,-20913.8,57.64,9859.0,59235.66,814.7958,11,1,6,4,11059.0,327103,"[79, 53, 169, 88, 15, 66, 108, 104, 164, 173, 170]",[170],"[79, 53, 15, 66, 108, 164]","[169, 88, 104, 173]","[1, 244, 210, 212, 135, 40, 54, 88, 104, 169, 170, 173, 1]","[(1, 232), (79, 104), (135, 165), (53, 88), (169, 164), (88, 79), (15, 135), (212, 15), (54, 53), (66, 1), (165, 54), (244, 220), (232, 244), (108, 169), (104, 108), (164, 173), (173, 66), (220, 212)]","[(1, 0.0), (244, 0.0), (210, 0.0), (212, 0.0), (135, 1009.0), (40, 1009.0), (54, 1009.0), (88, 3018.0), (104, 5029.0), (169, 7044.0), (170, 8047.0), (173, 10055.0), (1, 11059.0)]"
2026-06-18 12:53:31,20,1736.7,1736.6,-49376.65,-20913.8,57.64,9859.0,59235.65,814.7957,11,1,6,4,11059.0,328103,"[79, 53, 169, 88, 15, 66, 108, 104, 164, 173, 170]",[170],"[79, 53, 15, 66, 108, 164]","[169, 88, 104, 173]","[1, 244, 210, 212, 135, 40, 54, 88, 104, 169, 170, 173, 1]","[(1, 232), (79, 104), (135, 165), (53, 88), (169, 164), (88, 79), (15, 135), (212, 15), (54, 53), (66, 1), (165, 54), (244, 220), (232, 244), (108, 169), (104, 108), (164, 173), (173, 66), (220, 212)]","[(1, 0.0), (244, 0.0), (210, 0.0), (212, 0.0), (135, 1009.0), (40, 1009.0), (54, 1009.0), (88, 3018.0), (104, 5029.0), (169, 7044.0), (170, 8047.0), (173, 10055.0), (1, 11059.0)]"
2026-06-18 12:53:36,20,1741.7,1741.7,-49376.65,-20913.8,57.64,9859.0,59235.65,814.7957,11,1,6,4,11059.0,334762,"[79, 53, 169, 88, 15, 66, 108, 104, 164, 173, 170]",[170],"[79, 53, 15, 66, 108, 164]","[169, 88, 104, 173]","[1, 244, 210, 212, 135, 40, 54, 88, 104, 169, 170, 173, 1]","[(1, 232), (79, 104), (135, 165), (53, 88), (169, 164), (88, 79), (15, 135), (212, 15), (54, 53), (66, 1), (165, 54), (244, 220), (232, 244), (108, 169), (104, 108), (164, 173), (173, 66), (220, 212)]","[(1, 0.0), (244, 0.0), (210, 0.0), (212, 0.0), (135, 1009.0), (40, 1009.0), (54, 1009.0), (88, 3018.0), (104, 5029.0), (169, 7044.0), (170, 8047.0), (173, 10055.0), (1, 11059.0)]"
2026-06-18 12:53:45,20,1750.7,1750.6,-49324.93,-20913.8,57.6,8976.0,58300.93,801.9385,10,1,5,4,10050.0,336235,"[79, 53, 169, 88, 66, 108, 104, 164, 173, 170]",[170],"[79, 53, 66, 108, 164]","[169, 88, 104, 173]","[1, 244, 210, 212, 135, 40, 54, 88, 104, 169, 170, 173, 1]","[(1, 232), (79, 104), (135, 165), (53, 88), (169, 164), (88, 79), (15, 135), (212, 15), (54, 53), (66, 1), (165, 54), (244, 220), (232, 244), (108, 169), (104, 108), (164, 173), (173, 66), (220, 212)]","[(1, 0.0), (244, 0.0), (210, 0.0), (212, 0.0), (135, 0.0), (40, 0.0), (54, 0.0), (88, 2009.0), (104, 4020.0), (169, 6035.0), (170, 7038.0), (173, 9046.0), (1, 10050.0)]"
2026-06-18 12:53:50,20,1755.2,1755.1,-49324.91,-20913.8,57.6,8976.0,58300.91,801.9383,10,1,5,4,10050.0,337329,"[79, 53, 169, 88, 66, 108, 104, 164, 173, 170]",[170],"[79, 53, 66, 108, 164]","[169, 88, 104, 173]","[1, 244, 210, 212, 135, 40, 54, 88, 104, 169, 170, 173, 1]","[(1, 232), (79, 104), (135, 165), (53, 88), (169, 164), (88, 79), (15, 135), (212, 15), (54, 53), (66, 1), (165, 54), (244, 220), (232, 244), (108, 169), (104, 108), (164, 173), (173, 66), (220, 212)]","[(1, 0.0), (244, 0.0), (210, 0.0), (212, 0.0), (135, 0.0), (40, 0.0), (54, 0.0), (88, 2009.0), (104, 4020.0), (169, 6035.0), (170, 7038.0), (173, 9046.0), (1, 10050.0)]"
2026-06-18 12:54:33,20,1798.4,1798.3,-49248.39,-20913.8,57.53,8976.0,58224.39,800.8857,10,3,4,3,10050.0,343910,"[79, 53, 169, 88, 66, 108, 104, 164, 173, 170]","[169, 108, 170]","[79, 53, 66, 164]","[88, 104, 173]","[1, 244, 210, 212, 135, 40, 54, 88, 108, 104, 169, 170, 173, 1]","[(1, 232), (79, 104), (135, 165), (53, 88), (88, 79), (15, 135), (212, 15), (54, 53), (66, 1), (165, 54), (244, 220), (232, 244), (104, 164), (164, 173), (173, 66), (220, 212)]","[(1, 0.0), (244, 0.0), (210, 0.0), (212, 0.0), (135, 0.0), (40, 0.0), (54, 0.0), (88, 2009.0), (108, 3018.0), (104, 5029.0), (169, 6035.0), (170, 7038.0), (173, 9046.0), (1, 10050.0)]"
2026-06-18 12:54:43,20,1808.8,1808.8,-49248.39,-20913.8,57.53,8976.0,58224.39,800.8857,10,3,4,3,10050.0,345438,"[79, 53, 169, 88, 66, 108, 104, 164, 173, 170]","[169, 108, 170]","[79, 53, 66, 164]","[88, 104, 173]","[1, 244, 210, 212, 135, 40, 54, 88, 108, 104, 169, 170, 173, 1]","[(1, 232), (79, 104), (135, 165), (53, 88), (88, 79), (15, 135), (212, 15), (54, 53), (66, 1), (165, 54), (244, 220), (232, 244), (104, 164), (164, 173), (173, 66), (220, 212)]","[(1, 0.0), (244, 0.0), (210, 0.0), (212, 0.0), (135, 0.0), (40, 0.0), (54, 0.0), (88, 2009.0), (108, 3018.0), (104, 5029.0), (169, 6035.0), (170, 7038.0), (173, 9046.0), (1, 10050.0)]"
2026-06-18 12:54:54,20,1819.2,1819.1,-49015.34,-20913.8,57.33,9100.0,58115.34,799.3857,10,3,4,3,10049.0,346623,"[79, 53, 169, 88, 232, 108, 104, 164, 173, 170]","[169, 108, 170]","[79, 53, 232, 164]","[88, 104, 173]","[1, 244, 210, 212, 135, 40, 54, 66, 88, 108, 104, 169, 170, 173, 1]","[(1, 244), (79, 104), (135, 165), (53, 88), (88, 79), (15, 135), (212, 15), (54, 53), (165, 54), (244, 220), (232, 1), (104, 164), (164, 173), (173, 232), (220, 212)]","[(1, 0.0), (244, 0.0), (210, 0.0), (212, 0.0), (135, 0.0), (40, 0.0), (54, 0.0), (66, 0.0), (88, 2009.0), (108, 3018.0), (104, 5029.0), (169, 6035.0), (170, 7038.0), (173, 9046.0), (1, 10049.0)]"
2026-06-18 12:55:04,20,1829.2,1829.1,-48830.42,-20913.8,57.17,9976.0,58806.42,808.8916,11,4,4,3,11053.0,347900,"[79, 53, 169, 88, 66, 232, 108, 104, 164, 173, 170]","[169, 66, 108, 170]","[79, 53, 232, 164]","[88, 104, 173]","[1, 244, 210, 212, 135, 40, 54, 66, 88, 108, 104, 169, 170, 173, 1]","[(1, 244), (79, 104), (135, 165), (53, 88), (88, 79), (15, 135), (212, 15), (54, 53), (165, 54), (244, 220), (232, 1), (104, 164), (164, 173), (173, 232), (220, 212)]","[(1, 0.0), (244, 0.0), (210, 0.0), (212, 0.0), (135, 0.0), (40, 0.0), (54, 0.0), (66, 1004.0), (88, 3013.0), (108, 4022.0), (104, 6033.0), (169, 7039.0), (170, 8042.0), (173, 10050.0), (1, 11053.0)]"
2026-06-18 12:55:04,20,1829.2,1829.1,-48830.41,-20913.8,57.17,9976.0,58806.41,808.8915,11,4,4,3,11053.0,348096,"[79, 53, 169, 88, 66, 232, 108, 104, 164, 173, 170]","[169, 66, 108, 170]","[79, 53, 232, 164]","[88, 104, 173]","[1, 244, 210, 212, 135, 40, 54, 66, 88, 108, 104, 169, 170, 173, 1]","[(1, 244), (79, 104), (135, 165), (53, 88), (88, 79), (15, 135), (212, 15), (54, 53), (165, 54), (244, 220), (232, 1), (104, 164), (164, 173), (173, 232), (220, 212)]","[(1, 0.0), (244, 0.0), (210, 0.0), (212, 0.0), (135, 0.0), (40, 0.0), (54, 0.0), (66, 1004.0), (88, 3013.0), (108, 4022.0), (104, 6033.0), (169, 7039.0), (170, 8042.0), (173, 10050.0), (1, 11053.0)]"
2026-06-18 12:55:14,20,1839.8,1839.7,-48830.41,-20913.8,57.17,9976.0,58806.41,808.8915,11,4,4,3,11053.0,349557,"[79, 53, 169, 88, 66, 232, 108, 104, 164, 173, 170]","[169, 66, 108, 170]","[79, 53, 232, 164]","[88, 104, 173]","[1, 244, 210, 212, 135, 40, 54, 66, 88, 108, 104, 169, 170, 173, 1]","[(1, 244), (79, 104), (135, 165), (53, 88), (88, 79), (15, 135), (212, 15), (54, 53), (165, 54), (244, 220), (232, 1), (104, 164), (164, 173), (173, 232), (220, 212)]","[(1, 0.0), (244, 0.0), (210, 0.0), (212, 0.0), (135, 0.0), (40, 0.0), (54, 0.0), (66, 1004.0), (88, 3013.0), (108, 4022.0), (104, 6033.0), (169, 7039.0), (170, 8042.0), (173, 10050.0), (1, 11053.0)]"
2026-06-18 12:55:14,20,1839.9,1839.8,-48830.41,-20913.8,57.17,9976.0,58806.41,808.8914,11,4,4,3,11053.0,350341,"[79, 53, 169, 88, 66, 232, 108, 104, 164, 173, 170]","[169, 66, 108, 170]","[79, 53, 232, 164]","[88, 104, 173]","[1, 244, 210, 212, 135, 40, 54, 66, 88, 108, 104, 169, 170, 173, 1]","[(1, 244), (79, 104), (135, 165), (53, 88), (88, 79), (15, 135), (212, 15), (54, 53), (165, 54), (244, 220), (232, 1), (104, 164), (164, 173), (173, 232), (220, 212)]","[(1, 0.0), (244, 0.0), (210, 0.0), (212, 0.0), (135, 0.0), (40, 0.0), (54, 0.0), (66, 1004.0), (88, 3013.0), (108, 4022.0), (104, 6033.0), (169, 7039.0), (170, 8042.0), (173, 10050.0), (1, 11053.0)]"
2026-06-18 12:58:14,20,2019.5,2019.5,-48813.64,-20913.8,57.16,9976.0,58789.64,808.6607,11,2,5,4,11053.0,378420,"[79, 53, 169, 88, 66, 232, 108, 104, 164, 173, 170]","[66, 108]","[79, 53, 169, 232, 164]","[88, 104, 173, 170]","[1, 244, 210, 212, 135, 40, 54, 66, 88, 108, 104, 170, 173, 1]","[(1, 244), (79, 104), (135, 165), (53, 88), (169, 170), (88, 79), (15, 135), (212, 15), (54, 53), (165, 54), (244, 220), (232, 1), (104, 169), (164, 173), (173, 232), (170, 164), (220, 212)]","[(1, 0.0), (244, 0.0), (210, 0.0), (212, 0.0), (135, 0.0), (40, 0.0), (54, 0.0), (66, 1004.0), (88, 3013.0), (108, 4022.0), (104, 6033.0), (170, 8042.0), (173, 10050.0), (1, 11053.0)]"
2026-06-18 12:58:19,20,2024.6,2024.5,-48813.63,-20913.8,57.16,9976.0,58789.63,808.6606,11,2,5,4,11053.0,379082,"[79, 53, 169, 88, 66, 232, 108, 104, 164, 173, 170]","[66, 108]","[79, 53, 169, 232, 164]","[88, 104, 173, 170]","[1, 244, 210, 212, 135, 40, 54, 66, 88, 108, 104, 170, 173, 1]","[(1, 244), (79, 104), (135, 165), (53, 88), (169, 170), (88, 79), (15, 135), (212, 15), (54, 53), (165, 54), (244, 220), (232, 1), (104, 169), (164, 173), (173, 232), (170, 164), (220, 212)]","[(1, 0.0), (244, 0.0), (210, 0.0), (212, 0.0), (135, 0.0), (40, 0.0), (54, 0.0), (66, 1004.0), (88, 3013.0), (108, 4022.0), (104, 6033.0), (170, 8042.0), (173, 10050.0), (1, 11053.0)]"
2026-06-18 12:59:45,20,2110.8,2110.8,-48410.42,-20913.8,56.8,9976.0,58386.42,803.1145,11,2,5,4,11053.0,393156,"[79, 53, 169, 88, 66, 232, 108, 104, 164, 173, 170]","[108, 104]","[79, 53, 169, 232, 164]","[88, 66, 173, 170]","[1, 244, 210, 212, 135, 40, 54, 66, 88, 108, 104, 170, 173, 1]","[(1, 244), (79, 88), (135, 165), (53, 66), (169, 173), (88, 164), (15, 135), (212, 15), (54, 53), (66, 79), (165, 54), (244, 220), (232, 1), (164, 170), (173, 232), (170, 169), (220, 212)]","[(1, 0.0), (244, 0.0), (210, 0.0), (212, 0.0), (135, 0.0), (40, 0.0), (54, 0.0), (66, 2009.0), (88, 4018.0), (108, 5027.0), (104, 6033.0), (170, 8040.0), (173, 10050.0), (1, 11053.0)]"
2026-06-18 13:00:01,20,2126.8,2126.7,-48410.42,-20913.8,56.8,9976.0,58386.42,803.1145,11,2,5,4,11053.0,394723,"[79, 53, 169, 88, 66, 232, 108, 104, 164, 173, 170]","[108, 104]","[79, 53, 169, 232, 164]","[88, 66, 173, 170]","[1, 244, 210, 212, 135, 40, 54, 66, 88, 108, 104, 170, 173, 1]","[(1, 244), (79, 88), (135, 165), (53, 66), (169, 173), (88, 164), (15, 135), (212, 15), (54, 53), (66, 79), (165, 54), (244, 220), (232, 1), (164, 170), (173, 232), (170, 169), (220, 212)]","[(1, 0.0), (244, 0.0), (210, 0.0), (212, 0.0), (135, 0.0), (40, 0.0), (54, 0.0), (66, 2009.0), (88, 4018.0), (108, 5027.0), (104, 6033.0), (170, 8040.0), (173, 10050.0), (1, 11053.0)]"
2026-06-18 13:00:01,20,2126.8,2126.8,-48410.42,-20913.8,56.8,9976.0,58386.42,803.1144,11,2,5,4,11053.0,394787,"[79, 53, 169, 88, 66, 232, 108, 104, 164, 173, 170]","[108, 104]","[79, 53, 169, 232, 164]","[88, 66, 173, 170]","[1, 244, 210, 212, 135, 40, 54, 66, 88, 108, 104, 170, 173, 1]","[(1, 244), (79, 88), (135, 165), (53, 66), (169, 173), (88, 164), (15, 135), (212, 15), (54, 53), (66, 79), (165, 54), (244, 220), (232, 1), (164, 170), (173, 232), (170, 169), (220, 212)]","[(1, 0.0), (244, 0.0), (210, 0.0), (212, 0.0), (135, 0.0), (40, 0.0), (54, 0.0), (66, 2009.0), (88, 4018.0), (108, 5027.0), (104, 6033.0), (170, 8040.0), (173, 10050.0), (1, 11053.0)]"
2026-06-18 13:01:45,20,2230.1,2230.0,-48410.42,-20913.8,56.8,9976.0,58386.42,803.1144,11,2,5,4,11053.0,411325,"[79, 53, 169, 88, 66, 232, 108, 104, 164, 173, 170]","[108, 104]","[79, 53, 169, 232, 164]","[88, 66, 173, 170]","[1, 244, 210, 212, 135, 40, 54, 66, 88, 108, 104, 170, 173, 1]","[(1, 244), (79, 88), (135, 165), (53, 66), (169, 173), (88, 164), (15, 135), (212, 15), (54, 53), (66, 79), (165, 54), (244, 220), (232, 1), (164, 170), (173, 232), (170, 169), (220, 212)]","[(1, 0.0), (244, 0.0), (210, 0.0), (212, 0.0), (135, 0.0), (40, 0.0), (54, 0.0), (66, 2009.0), (88, 4018.0), (108, 5027.0), (104, 6033.0), (170, 8040.0), (173, 10050.0), (1, 11053.0)]"
2026-06-18 13:01:54,20,2239.9,2239.9,-48410.41,-20913.8,56.8,9976.0,58386.41,803.1144,11,2,5,4,11053.0,413120,"[79, 53, 169, 88, 66, 232, 108, 104, 164, 173, 170]","[108, 104]","[79, 53, 169, 232, 164]","[88, 66, 173, 170]","[1, 244, 210, 212, 135, 40, 54, 66, 88, 108, 104, 170, 173, 1]","[(1, 244), (79, 88), (135, 165), (53, 66), (169, 173), (88, 164), (15, 135), (212, 15), (54, 53), (66, 79), (165, 54), (244, 220), (232, 1), (164, 170), (173, 232), (170, 169), (220, 212)]","[(1, 0.0), (244, 0.0), (210, 0.0), (212, 0.0), (135, 0.0), (40, 0.0), (54, 0.0), (66, 2009.0), (88, 4018.0), (108, 5027.0), (104, 6033.0), (170, 8040.0), (173, 10050.0), (1, 11053.0)]"
2026-06-18 13:05:42,20,2467.9,2467.9,-48319.9,-20913.8,56.72,10859.0,59178.9,814.0151,12,2,6,4,12062.0,451290,"[79, 53, 169, 88, 15, 66, 232, 108, 104, 164, 173, 170]","[108, 104]","[79, 53, 169, 15, 232, 164]","[88, 66, 173, 170]","[1, 244, 210, 135, 40, 54, 66, 88, 108, 104, 170, 173, 1]","[(1, 232), (79, 88), (135, 165), (53, 66), (169, 173), (88, 164), (15, 1), (212, 210), (210, 220), (54, 53), (66, 79), (165, 54), (244, 212), (232, 244), (164, 170), (173, 15), (170, 169), (220, 135)]","[(1, 0.0), (244, 1003.0), (210, 1003.0), (135, 1003.0), (40, 1003.0), (54, 1003.0), (66, 3012.0), (88, 5021.0), (108, 6030.0), (104, 7036.0), (170, 9043.0), (173, 11053.0), (1, 12062.0)]"
2026-06-18 13:05:47,20,2472.5,2472.4,-48319.89,-20913.8,56.72,10859.0,59178.89,814.015,12,2,6,4,12062.0,452565,"[79, 53, 169, 88, 15, 66, 232, 108, 104, 164, 173, 170]","[108, 104]","[79, 53, 169, 15, 232, 164]","[88, 66, 173, 170]","[1, 244, 210, 135, 40, 54, 66, 88, 108, 104, 170, 173, 1]","[(1, 232), (79, 88), (135, 165), (53, 66), (169, 173), (88, 164), (15, 1), (212, 210), (210, 220), (54, 53), (66, 79), (165, 54), (244, 212), (232, 244), (164, 170), (173, 15), (170, 169), (220, 135)]","[(1, 0.0), (244, 1003.0), (210, 1003.0), (135, 1003.0), (40, 1003.0), (54, 1003.0), (66, 3012.0), (88, 5021.0), (108, 6030.0), (104, 7036.0), (170, 9043.0), (173, 11053.0), (1, 12062.0)]"
2026-06-18 13:06:02,20,2487.1,2487.0,-48289.56,-20913.8,56.69,10474.0,58763.56,808.3021,12,2,6,4,12061.0,454088,"[79, 53, 169, 88, 15, 66, 165, 108, 104, 164, 173, 170]","[108, 104]","[79, 53, 169, 15, 165, 164]","[88, 66, 173, 170]","[1, 244, 210, 135, 40, 54, 66, 88, 108, 104, 170, 173, 1]","[(1, 232), (79, 88), (135, 165), (53, 66), (169, 173), (88, 164), (15, 1), (212, 210), (210, 220), (54, 53), (66, 79), (165, 54), (244, 212), (232, 244), (164, 170), (173, 15), (170, 169), (220, 135)]","[(1, 0.0), (244, 0.0), (210, 0.0), (135, 0.0), (40, 0.0), (54, 1002.0), (66, 3011.0), (88, 5020.0), (108, 6029.0), (104, 7035.0), (170, 9042.0), (173, 11052.0), (1, 12061.0)]"
2026-06-18 13:06:02,20,2487.1,2487.0,-48256.44,-20913.8,56.66,10511.0,58767.44,808.3554,12,2,5,5,12066.0,454139,"[79, 53, 169, 88, 15, 54, 66, 108, 104, 164, 173, 170]","[108, 104]","[79, 53, 169, 15, 164]","[88, 54, 66, 173, 170]","[1, 244, 210, 135, 40, 54, 66, 88, 108, 104, 170, 173, 1]","[(1, 232), (79, 88), (135, 165), (53, 66), (169, 173), (88, 164), (15, 1), (212, 210), (210, 220), (54, 53), (66, 79), (165, 54), (244, 212), (232, 244), (164, 170), (173, 15), (170, 169), (220, 135)]","[(1, 0.0), (244, 0.0), (210, 0.0), (135, 0.0), (40, 0.0), (54, 1007.0), (66, 3016.0), (88, 5025.0), (108, 6034.0), (104, 7040.0), (170, 9047.0), (173, 11057.0), (1, 12066.0)]"
2026-06-18 13:06:16,20,2501.5,2501.4,-48256.44,-20913.8,56.66,10511.0,58767.44,808.3554,12,2,5,5,12066.0,456616,"[79, 53, 169, 88, 15, 54, 66, 108, 104, 164, 173, 170]","[108, 104]","[79, 53, 169, 15, 164]","[88, 54, 66, 173, 170]","[1, 244, 210, 135, 40, 54, 66, 88, 108, 104, 170, 173, 1]","[(1, 232), (79, 88), (135, 165), (53, 66), (169, 173), (88, 164), (15, 1), (212, 210), (210, 220), (54, 53), (66, 79), (165, 54), (244, 212), (232, 244), (164, 170), (173, 15), (170, 169), (220, 135)]","[(1, 0.0), (244, 0.0), (210, 0.0), (135, 0.0), (40, 0.0), (54, 1007.0), (66, 3016.0), (88, 5025.0), (108, 6034.0), (104, 7040.0), (170, 9047.0), (173, 11057.0), (1, 12066.0)]"
2026-06-18 13:06:25,20,2511.0,2511.0,-48256.44,-20913.8,56.66,10511.0,58767.44,808.3554,12,2,5,5,12066.0,457960,"[79, 53, 169, 88, 15, 54, 66, 108, 104, 164, 173, 170]","[108, 104]","[79, 53, 169, 15, 164]","[88, 54, 66, 173, 170]","[1, 244, 210, 135, 40, 54, 66, 88, 108, 104, 170, 173, 1]","[(1, 232), (79, 88), (135, 165), (53, 66), (169, 173), (88, 164), (15, 1), (212, 210), (210, 220), (54, 53), (66, 79), (165, 54), (244, 212), (232, 244), (164, 170), (173, 15), (170, 169), (220, 135)]","[(1, 0.0), (244, 0.0), (210, 0.0), (135, 0.0), (40, 0.0), (54, 1007.0), (66, 3016.0), (88, 5025.0), (108, 6034.0), (104, 7040.0), (170, 9047.0), (173, 11057.0), (1, 12066.0)]"
2026-06-18 13:08:46,20,2651.9,2651.8,-48127.57,-20913.8,56.55,9859.0,57986.57,797.6144,11,2,5,4,11059.0,479938,"[79, 53, 169, 88, 15, 66, 108, 104, 164, 173, 170]","[108, 104]","[79, 53, 169, 15, 164]","[88, 66, 173, 170]","[1, 244, 210, 135, 40, 54, 66, 88, 108, 104, 170, 173, 1]","[(1, 232), (79, 88), (135, 165), (53, 66), (169, 173), (88, 164), (15, 1), (212, 210), (210, 220), (54, 53), (66, 79), (165, 54), (244, 212), (232, 244), (164, 170), (173, 15), (170, 169), (220, 135)]","[(1, 0.0), (244, 0.0), (210, 0.0), (135, 0.0), (40, 0.0), (54, 0.0), (66, 2009.0), (88, 4018.0), (108, 5027.0), (104, 6033.0), (170, 8040.0), (173, 10050.0), (1, 11059.0)]"
2026-06-18 13:09:28,20,2693.1,2693.1,-48127.57,-20913.8,56.55,9859.0,57986.57,797.6144,11,2,5,4,11059.0,486698,"[79, 53, 169, 88, 15, 66, 108, 104, 164, 173, 170]","[108, 104]","[79, 53, 169, 15, 164]","[88, 66, 173, 170]","[1, 244, 210, 135, 40, 54, 66, 88, 108, 104, 170, 173, 1]","[(1, 232), (79, 88), (135, 165), (53, 66), (169, 173), (88, 164), (15, 1), (212, 210), (210, 220), (54, 53), (66, 79), (165, 54), (244, 212), (232, 244), (164, 170), (173, 15), (170, 169), (220, 135)]","[(1, 0.0), (244, 0.0), (210, 0.0), (135, 0.0), (40, 0.0), (54, 0.0), (66, 2009.0), (88, 4018.0), (108, 5027.0), (104, 6033.0), (170, 8040.0), (173, 10050.0), (1, 11059.0)]"
2026-06-18 13:09:28,20,2693.2,2693.1,-48127.56,-20913.8,56.55,9859.0,57986.56,797.6144,11,2,5,4,11059.0,486871,"[79, 53, 169, 88, 15, 66, 108, 104, 164, 173, 170]","[108, 104]","[79, 53, 169, 15, 164]","[88, 66, 173, 170]","[1, 244, 210, 135, 40, 54, 66, 88, 108, 104, 170, 173, 1]","[(1, 232), (79, 88), (135, 165), (53, 66), (169, 173), (88, 164), (15, 1), (212, 210), (210, 220), (54, 53), (66, 79), (165, 54), (244, 212), (232, 244), (164, 170), (173, 15), (170, 169), (220, 135)]","[(1, 0.0), (244, 0.0), (210, 0.0), (135, 0.0), (40, 0.0), (54, 0.0), (66, 2009.0), (88, 4018.0), (108, 5027.0), (104, 6033.0), (170, 8040.0), (173, 10050.0), (1, 11059.0)]"
2026-06-18 13:15:05,20,3030.2,3030.2,-48127.56,-20913.8,56.55,9859.0,57986.56,797.6144,11,2,5,4,11059.0,539724,"[79, 53, 169, 88, 15, 66, 108, 104, 164, 173, 170]","[108, 104]","[79, 53, 169, 15, 164]","[88, 66, 173, 170]","[1, 244, 210, 135, 40, 54, 66, 88, 108, 104, 170, 173, 1]","[(1, 232), (79, 88), (135, 165), (53, 66), (169, 173), (88, 164), (15, 1), (212, 210), (210, 220), (54, 53), (66, 79), (165, 54), (244, 212), (232, 244), (164, 170), (173, 15), (170, 169), (220, 135)]","[(1, 0.0), (244, 0.0), (210, 0.0), (135, 0.0), (40, 0.0), (54, 0.0), (66, 2009.0), (88, 4018.0), (108, 5027.0), (104, 6033.0), (170, 8040.0), (173, 10050.0), (1, 11059.0)]"
2026-06-18 13:15:15,20,3040.5,3040.4,-48127.56,-20913.8,56.55,9859.0,57986.56,797.6144,11,2,5,4,11059.0,541341,"[79, 53, 169, 88, 15, 66, 108, 104, 164, 173, 170]","[108, 104]","[79, 53, 169, 15, 164]","[88, 66, 173, 170]","[1, 244, 210, 135, 40, 54, 66, 88, 108, 104, 170, 173, 1]","[(1, 232), (79, 88), (135, 165), (53, 66), (169, 173), (88, 164), (15, 1), (212, 210), (210, 220), (54, 53), (66, 79), (165, 54), (244, 212), (232, 244), (164, 170), (173, 15), (170, 169), (220, 135)]","[(1, 0.0), (244, 0.0), (210, 0.0), (135, 0.0), (40, 0.0), (54, 0.0), (66, 2009.0), (88, 4018.0), (108, 5027.0), (104, 6033.0), (170, 8040.0), (173, 10050.0), (1, 11059.0)]"
2026-06-18 13:15:15,20,3040.5,3040.5,-48127.56,-20913.8,56.55,9859.0,57986.56,797.6143,11,2,5,4,11059.0,541458,"[79, 53, 169, 88, 15, 66, 108, 104, 164, 173, 170]","[108, 104]","[79, 53, 169, 15, 164]","[88, 66, 173, 170]","[1, 244, 210, 135, 40, 54, 66, 88, 108, 104, 170, 173, 1]","[(1, 232), (79, 88), (135, 165), (53, 66), (169, 173), (88, 164), (15, 1), (212, 210), (210, 220), (54, 53), (66, 79), (165, 54), (244, 212), (232, 244), (164, 170), (173, 15), (170, 169), (220, 135)]","[(1, 0.0), (244, 0.0), (210, 0.0), (135, 0.0), (40, 0.0), (54, 0.0), (66, 2009.0), (88, 4018.0), (108, 5027.0), (104, 6033.0), (170, 8040.0), (173, 10050.0), (1, 11059.0)]"
2026-06-18 13:40:18,20,4543.8,4543.8,-48127.55,-20913.8,56.55,9859.0,57986.55,797.6142,11,2,5,4,11059.0,785605,"[79, 53, 169, 88, 15, 66, 108, 104, 164, 173, 170]","[108, 104]","[79, 53, 169, 15, 164]","[88, 66, 173, 170]","[1, 244, 210, 135, 40, 54, 66, 88, 108, 104, 170, 173, 1]","[(1, 232), (79, 88), (135, 165), (53, 66), (169, 173), (88, 164), (15, 1), (212, 210), (210, 220), (54, 53), (66, 79), (165, 54), (244, 212), (232, 244), (164, 170), (173, 15), (170, 169), (220, 135)]","[(1, 0.0), (244, 0.0), (210, 0.0), (135, 0.0), (40, 0.0), (54, 0.0), (66, 2009.0), (88, 4018.0), (108, 5027.0), (104, 6033.0), (170, 8040.0), (173, 10050.0), (1, 11059.0)]"
2026-06-18 13:43:39,20,4744.6,4744.5,-46085.05,-20913.8,54.62,14000.0,60085.05,826.4794,16,2,8,6,16079.0,813294,"[79, 53, 169, 88, 15, 212, 210, 66, 244, 232, 108, 104, 164, 173, 170, 220]","[108, 104]","[79, 53, 169, 15, 212, 210, 164, 220]","[88, 66, 244, 232, 173, 170]","[1, 135, 40, 54, 66, 88, 108, 104, 170, 173, 232, 244, 1]","[(1, 15), (79, 88), (135, 165), (53, 66), (169, 173), (88, 164), (15, 135), (212, 244), (210, 1), (54, 53), (66, 79), (165, 54), (244, 210), (232, 212), (164, 170), (173, 220), (170, 169), (220, 232)]","[(1, 0.0), (135, 1009.0), (40, 1009.0), (54, 1009.0), (66, 3018.0), (88, 5027.0), (108, 6036.0), (104, 7042.0), (170, 9049.0), (173, 11059.0), (232, 13065.0), (244, 15077.0), (1, 16079.0)]"
2026-06-18 13:43:45,20,4750.3,4750.3,-46085.05,-20913.8,54.62,14000.0,60085.05,826.4794,16,2,8,6,16079.0,813799,"[79, 53, 169, 88, 15, 212, 210, 66, 244, 232, 108, 104, 164, 173, 170, 220]","[108, 104]","[79, 53, 169, 15, 212, 210, 164, 220]","[88, 66, 244, 232, 173, 170]","[1, 135, 40, 54, 66, 88, 108, 104, 170, 173, 232, 244, 1]","[(1, 15), (79, 88), (135, 165), (53, 66), (169, 173), (88, 164), (15, 135), (212, 244), (210, 1), (54, 53), (66, 79), (165, 54), (244, 210), (232, 212), (164, 170), (173, 220), (170, 169), (220, 232)]","[(1, 0.0), (135, 1009.0), (40, 1009.0), (54, 1009.0), (66, 3018.0), (88, 5027.0), (108, 6036.0), (104, 7042.0), (170, 9049.0), (173, 11059.0), (232, 13065.0), (244, 15077.0), (1, 16079.0)]"
2026-06-18 13:43:50,20,4755.8,4755.7,-46085.05,-20913.8,54.62,14000.0,60085.05,826.4793,16,2,8,6,16079.0,814992,"[79, 53, 169, 88, 15, 212, 210, 66, 244, 232, 108, 104, 164, 173, 170, 220]","[108, 104]","[79, 53, 169, 15, 212, 210, 164, 220]","[88, 66, 244, 232, 173, 170]","[1, 135, 40, 54, 66, 88, 108, 104, 170, 173, 232, 244, 1]","[(1, 15), (79, 88), (135, 165), (53, 66), (169, 173), (88, 164), (15, 135), (212, 244), (210, 1), (54, 53), (66, 79), (165, 54), (244, 210), (232, 212), (164, 170), (173, 220), (170, 169), (220, 232)]","[(1, 0.0), (135, 1009.0), (40, 1009.0), (54, 1009.0), (66, 3018.0), (88, 5027.0), (108, 6036.0), (104, 7042.0), (170, 9049.0), (173, 11059.0), (232, 13065.0), (244, 15077.0), (1, 16079.0)]"
2026-06-18 13:43:55,20,4760.9,4760.9,-46085.04,-20913.8,54.62,14000.0,60085.04,826.4793,16,2,8,6,16079.0,815561,"[79, 53, 169, 88, 15, 212, 210, 66, 244, 232, 108, 104, 164, 173, 170, 220]","[108, 104]","[79, 53, 169, 15, 212, 210, 164, 220]","[88, 66, 244, 232, 173, 170]","[1, 135, 40, 54, 66, 88, 108, 104, 170, 173, 232, 244, 1]","[(1, 15), (79, 88), (135, 165), (53, 66), (169, 173), (88, 164), (15, 135), (212, 244), (210, 1), (54, 53), (66, 79), (165, 54), (244, 210), (232, 212), (164, 170), (173, 220), (170, 169), (220, 232)]","[(1, 0.0), (135, 1009.0), (40, 1009.0), (54, 1009.0), (66, 3018.0), (88, 5027.0), (108, 6036.0), (104, 7042.0), (170, 9049.0), (173, 11059.0), (232, 13065.0), (244, 15077.0), (1, 16079.0)]"
2026-06-18 13:43:55,20,4761.0,4760.9,-46085.04,-20913.8,54.62,14000.0,60085.04,826.4793,16,2,8,6,16079.0,815822,"[79, 53, 169, 88, 15, 212, 210, 66, 244, 232, 108, 104, 164, 173, 170, 220]","[108, 104]","[79, 53, 169, 15, 212, 210, 164, 220]","[88, 66, 244, 232, 173, 170]","[1, 135, 40, 54, 66, 88, 108, 104, 170, 173, 232, 244, 1]","[(1, 15), (79, 88), (135, 165), (53, 66), (169, 173), (88, 164), (15, 135), (212, 244), (210, 1), (54, 53), (66, 79), (165, 54), (244, 210), (232, 212), (164, 170), (173, 220), (170, 169), (220, 232)]","[(1, 0.0), (135, 1009.0), (40, 1009.0), (54, 1009.0), (66, 3018.0), (88, 5027.0), (108, 6036.0), (104, 7042.0), (170, 9049.0), (173, 11059.0), (232, 13065.0), (244, 15077.0), (1, 16079.0)]"
2026-06-18 13:44:07,20,4772.8,4772.7,-46079.62,-20913.8,54.61,14000.0,60079.62,826.4047,16,2,8,6,16079.0,817208,"[79, 53, 169, 88, 15, 212, 210, 66, 244, 232, 108, 104, 164, 173, 170, 220]","[108, 104]","[79, 53, 169, 15, 212, 210, 164, 220]","[88, 66, 244, 232, 173, 170]","[1, 135, 40, 54, 66, 88, 108, 104, 170, 173, 232, 244, 1]","[(1, 220), (79, 88), (135, 165), (53, 66), (169, 173), (88, 164), (15, 232), (212, 244), (210, 1), (54, 53), (66, 79), (165, 54), (244, 210), (232, 212), (164, 170), (173, 15), (170, 169), (220, 135)]","[(1, 0.0), (135, 1003.0), (40, 1003.0), (54, 1003.0), (66, 3012.0), (88, 5021.0), (108, 6030.0), (104, 7036.0), (170, 9043.0), (173, 11053.0), (232, 13065.0), (244, 15077.0), (1, 16079.0)]"
2026-06-18 13:44:12,20,4778.0,4777.9,-46079.61,-20913.8,54.61,14000.0,60079.61,826.4046,16,2,8,6,16079.0,818265,"[79, 53, 169, 88, 15, 212, 210, 66, 244, 232, 108, 104, 164, 173, 170, 220]","[108, 104]","[79, 53, 169, 15, 212, 210, 164, 220]","[88, 66, 244, 232, 173, 170]","[1, 135, 40, 54, 66, 88, 108, 104, 170, 173, 232, 244, 1]","[(1, 220), (79, 88), (135, 165), (53, 66), (169, 173), (88, 164), (15, 232), (212, 244), (210, 1), (54, 53), (66, 79), (165, 54), (244, 210), (232, 212), (164, 170), (173, 15), (170, 169), (220, 135)]","[(1, 0.0), (135, 1003.0), (40, 1003.0), (54, 1003.0), (66, 3012.0), (88, 5021.0), (108, 6030.0), (104, 7036.0), (170, 9043.0), (173, 11053.0), (232, 13065.0), (244, 15077.0), (1, 16079.0)]"
2026-06-18 13:44:18,20,4783.1,4783.0,-46079.61,-20913.8,54.61,14000.0,60079.61,826.4046,16,2,8,6,16079.0,819066,"[79, 53, 169, 88, 15, 212, 210, 66, 244, 232, 108, 104, 164, 173, 170, 220]","[108, 104]","[79, 53, 169, 15, 212, 210, 164, 220]","[88, 66, 244, 232, 173, 170]","[1, 135, 40, 54, 66, 88, 108, 104, 170, 173, 232, 244, 1]","[(1, 220), (79, 88), (135, 165), (53, 66), (169, 173), (88, 164), (15, 232), (212, 244), (210, 1), (54, 53), (66, 79), (165, 54), (244, 210), (232, 212), (164, 170), (173, 15), (170, 169), (220, 135)]","[(1, 0.0), (135, 1003.0), (40, 1003.0), (54, 1003.0), (66, 3012.0), (88, 5021.0), (108, 6030.0), (104, 7036.0), (170, 9043.0), (173, 11053.0), (232, 13065.0), (244, 15077.0), (1, 16079.0)]"
2026-06-18 13:44:27,20,4792.3,4792.2,-45851.09,-20913.8,54.39,14015.0,59866.09,823.4675,16,2,7,7,16083.0,820991,"[79, 53, 169, 88, 15, 212, 210, 54, 66, 244, 232, 108, 104, 164, 173, 170]","[108, 104]","[79, 53, 169, 15, 212, 210, 164]","[88, 54, 66, 244, 232, 173, 170]","[1, 135, 40, 54, 66, 88, 108, 104, 170, 173, 232, 244, 1]","[(1, 220), (79, 88), (135, 165), (53, 66), (169, 173), (88, 164), (15, 232), (212, 244), (210, 1), (54, 53), (66, 79), (165, 54), (244, 210), (232, 212), (164, 170), (173, 15), (170, 169), (220, 135)]","[(1, 0.0), (135, 0.0), (40, 0.0), (54, 1007.0), (66, 3016.0), (88, 5025.0), (108, 6034.0), (104, 7040.0), (170, 9047.0), (173, 11057.0), (232, 13069.0), (244, 15081.0), (1, 16083.0)]"
2026-06-18 13:44:36,20,4801.8,4801.8,-45851.08,-20913.8,54.39,14015.0,59866.08,823.4674,16,2,7,7,16083.0,822184,"[79, 53, 169, 88, 15, 212, 210, 54, 66, 244, 232, 108, 104, 164, 173, 170]","[108, 104]","[79, 53, 169, 15, 212, 210, 164]","[88, 54, 66, 244, 232, 173, 170]","[1, 135, 40, 54, 66, 88, 108, 104, 170, 173, 232, 244, 1]","[(1, 220), (79, 88), (135, 165), (53, 66), (169, 173), (88, 164), (15, 232), (212, 244), (210, 1), (54, 53), (66, 79), (165, 54), (244, 210), (232, 212), (164, 170), (173, 15), (170, 169), (220, 135)]","[(1, 0.0), (135, 0.0), (40, 0.0), (54, 1007.0), (66, 3016.0), (88, 5025.0), (108, 6034.0), (104, 7040.0), (170, 9047.0), (173, 11057.0), (232, 13069.0), (244, 15081.0), (1, 16083.0)]"
2026-06-18 13:44:36,20,4801.9,4801.8,-45851.08,-20913.8,54.39,14015.0,59866.08,823.4674,16,2,7,7,16083.0,822375,"[79, 53, 169, 88, 15, 212, 210, 54, 66, 244, 232, 108, 104, 164, 173, 170]","[108, 104]","[79, 53, 169, 15, 212, 210, 164]","[88, 54, 66, 244, 232, 173, 170]","[1, 135, 40, 54, 66, 88, 108, 104, 170, 173, 232, 244, 1]","[(1, 220), (79, 88), (135, 165), (53, 66), (169, 173), (88, 164), (15, 232), (212, 244), (210, 1), (54, 53), (66, 79), (165, 54), (244, 210), (232, 212), (164, 170), (173, 15), (170, 169), (220, 135)]","[(1, 0.0), (135, 0.0), (40, 0.0), (54, 1007.0), (66, 3016.0), (88, 5025.0), (108, 6034.0), (104, 7040.0), (170, 9047.0), (173, 11057.0), (232, 13069.0), (244, 15081.0), (1, 16083.0)]"
2026-06-18 13:44:52,20,4817.2,4817.1,-45851.08,-20913.8,54.39,14015.0,59866.08,823.4674,16,2,7,7,16083.0,824477,"[79, 53, 169, 88, 15, 212, 210, 54, 66, 244, 232, 108, 104, 164, 173, 170]","[108, 104]","[79, 53, 169, 15, 212, 210, 164]","[88, 54, 66, 244, 232, 173, 170]","[1, 135, 40, 54, 66, 88, 108, 104, 170, 173, 232, 244, 1]","[(1, 220), (79, 88), (135, 165), (53, 66), (169, 173), (88, 164), (15, 232), (212, 244), (210, 1), (54, 53), (66, 79), (165, 54), (244, 210), (232, 212), (164, 170), (173, 15), (170, 169), (220, 135)]","[(1, 0.0), (135, 0.0), (40, 0.0), (54, 1007.0), (66, 3016.0), (88, 5025.0), (108, 6034.0), (104, 7040.0), (170, 9047.0), (173, 11057.0), (232, 13069.0), (244, 15081.0), (1, 16083.0)]"
2026-06-18 13:45:32,20,4857.4,4857.3,-45851.08,-20913.8,54.39,14015.0,59866.08,823.4674,16,2,7,7,16083.0,830647,"[79, 53, 169, 88, 15, 212, 210, 54, 66, 244, 232, 108, 104, 164, 173, 170]","[108, 104]","[79, 53, 169, 15, 212, 210, 164]","[88, 54, 66, 244, 232, 173, 170]","[1, 135, 40, 54, 66, 88, 108, 104, 170, 173, 232, 244, 1]","[(1, 220), (79, 88), (135, 165), (53, 66), (169, 173), (88, 164), (15, 232), (212, 244), (210, 1), (54, 53), (66, 79), (165, 54), (244, 210), (232, 212), (164, 170), (173, 15), (170, 169), (220, 135)]","[(1, 0.0), (135, 0.0), (40, 0.0), (54, 1007.0), (66, 3016.0), (88, 5025.0), (108, 6034.0), (104, 7040.0), (170, 9047.0), (173, 11057.0), (232, 13069.0), (244, 15081.0), (1, 16083.0)]"
2026-06-18 13:46:33,20,4918.2,4918.1,-45810.02,-20913.8,54.35,13363.0,59173.02,813.9342,15,2,7,6,15076.0,839225,"[79, 53, 169, 88, 15, 212, 210, 66, 244, 232, 108, 104, 164, 173, 170]","[108, 104]","[79, 53, 169, 15, 212, 210, 164]","[88, 66, 244, 232, 173, 170]","[1, 135, 40, 54, 66, 88, 108, 104, 170, 173, 232, 244, 1]","[(1, 220), (79, 88), (135, 165), (53, 66), (169, 173), (88, 164), (15, 232), (212, 244), (210, 1), (54, 53), (66, 79), (165, 54), (244, 210), (232, 212), (164, 170), (173, 15), (170, 169), (220, 135)]","[(1, 0.0), (135, 0.0), (40, 0.0), (54, 0.0), (66, 2009.0), (88, 4018.0), (108, 5027.0), (104, 6033.0), (170, 8040.0), (173, 10050.0), (232, 12062.0), (244, 14074.0), (1, 15076.0)]"
2026-06-18 13:46:33,20,4918.2,4918.2,-45810.02,-20913.8,54.35,13363.0,59173.02,813.9342,15,2,7,6,15076.0,839570,"[79, 53, 169, 88, 15, 212, 210, 66, 244, 232, 108, 104, 164, 173, 170]","[108, 104]","[79, 53, 169, 15, 212, 210, 164]","[88, 66, 244, 232, 173, 170]","[1, 135, 40, 54, 66, 88, 108, 104, 170, 173, 232, 244, 1]","[(1, 220), (79, 88), (135, 165), (53, 66), (169, 173), (88, 164), (15, 232), (212, 244), (210, 1), (54, 53), (66, 79), (165, 54), (244, 210), (232, 212), (164, 170), (173, 15), (170, 169), (220, 135)]","[(1, 0.0), (135, 0.0), (40, 0.0), (54, 0.0), (66, 2009.0), (88, 4018.0), (108, 5027.0), (104, 6033.0), (170, 8040.0), (173, 10050.0), (232, 12062.0), (244, 14074.0), (1, 15076.0)]"
2026-06-18 13:46:45,20,4930.8,4930.7,-45810.01,-20913.8,54.35,13363.0,59173.01,813.9342,15,2,7,6,15076.0,840628,"[79, 53, 169, 88, 15, 212, 210, 66, 244, 232, 108, 104, 164, 173, 170]","[108, 104]","[79, 53, 169, 15, 212, 210, 164]","[88, 66, 244, 232, 173, 170]","[1, 135, 40, 54, 66, 88, 108, 104, 170, 173, 232, 244, 1]","[(1, 220), (79, 88), (135, 165), (53, 66), (169, 173), (88, 164), (15, 232), (212, 244), (210, 1), (54, 53), (66, 79), (165, 54), (244, 210), (232, 212), (164, 170), (173, 15), (170, 169), (220, 135)]","[(1, 0.0), (135, 0.0), (40, 0.0), (54, 0.0), (66, 2009.0), (88, 4018.0), (108, 5027.0), (104, 6033.0), (170, 8040.0), (173, 10050.0), (232, 12062.0), (244, 14074.0), (1, 15076.0)]"
2026-06-18 13:46:45,20,4930.8,4930.7,-45810.01,-20913.8,54.35,13363.0,59173.01,813.9341,15,2,7,6,15076.0,840634,"[79, 53, 169, 88, 15, 212, 210, 66, 244, 232, 108, 104, 164, 173, 170]","[108, 104]","[79, 53, 169, 15, 212, 210, 164]","[88, 66, 244, 232, 173, 170]","[1, 135, 40, 54, 66, 88, 108, 104, 170, 173, 232, 244, 1]","[(1, 220), (79, 88), (135, 165), (53, 66), (169, 173), (88, 164), (15, 232), (212, 244), (210, 1), (54, 53), (66, 79), (165, 54), (244, 210), (232, 212), (164, 170), (173, 15), (170, 169), (220, 135)]","[(1, 0.0), (135, 0.0), (40, 0.0), (54, 0.0), (66, 2009.0), (88, 4018.0), (108, 5027.0), (104, 6033.0), (170, 8040.0), (173, 10050.0), (232, 12062.0), (244, 14074.0), (1, 15076.0)]"
2026-06-18 13:47:03,20,4948.6,4948.6,-43980.96,-20913.8,52.45,13917.0,57897.96,796.3957,16,3,7,6,16072.0,842135,"[79, 135, 53, 169, 88, 212, 210, 66, 244, 232, 108, 104, 164, 173, 170, 220]","[244, 108, 104]","[79, 135, 53, 169, 212, 164, 220]","[88, 210, 66, 232, 173, 170]","[1, 15, 40, 54, 66, 88, 108, 104, 170, 173, 210, 232, 244, 1]","[(1, 165), (79, 88), (135, 210), (53, 66), (169, 173), (88, 164), (212, 1), (210, 220), (54, 53), (66, 79), (165, 54), (232, 212), (164, 170), (173, 135), (170, 169), (220, 232)]","[(1, 0.0), (15, 0.0), (40, 0.0), (54, 0.0), (66, 2009.0), (88, 4018.0), (108, 5027.0), (104, 6033.0), (170, 8040.0), (173, 10050.0), (210, 12054.0), (232, 14060.0), (244, 15068.0), (1, 16072.0)]"
2026-06-18 13:47:10,20,4955.2,4955.1,-43980.96,-20913.8,52.45,13917.0,57897.96,796.3956,16,3,7,6,16072.0,842783,"[79, 135, 53, 169, 88, 212, 210, 66, 244, 232, 108, 104, 164, 173, 170, 220]","[244, 108, 104]","[79, 135, 53, 169, 212, 164, 220]","[88, 210, 66, 232, 173, 170]","[1, 15, 40, 54, 66, 88, 108, 104, 170, 173, 210, 232, 244, 1]","[(1, 165), (79, 88), (135, 210), (53, 66), (169, 173), (88, 164), (212, 1), (210, 220), (54, 53), (66, 79), (165, 54), (232, 212), (164, 170), (173, 135), (170, 169), (220, 232)]","[(1, 0.0), (15, 0.0), (40, 0.0), (54, 0.0), (66, 2009.0), (88, 4018.0), (108, 5027.0), (104, 6033.0), (170, 8040.0), (173, 10050.0), (210, 12054.0), (232, 14060.0), (244, 15068.0), (1, 16072.0)]"
2026-06-18 13:47:10,20,4955.2,4955.2,-43980.96,-20913.8,52.45,13917.0,57897.96,796.3956,16,3,7,6,16072.0,842785,"[79, 135, 53, 169, 88, 212, 210, 66, 244, 232, 108, 104, 164, 173, 170, 220]","[244, 108, 104]","[79, 135, 53, 169, 212, 164, 220]","[88, 210, 66, 232, 173, 170]","[1, 15, 40, 54, 66, 88, 108, 104, 170, 173, 210, 232, 244, 1]","[(1, 165), (79, 88), (135, 210), (53, 66), (169, 173), (88, 164), (212, 1), (210, 220), (54, 53), (66, 79), (165, 54), (232, 212), (164, 170), (173, 135), (170, 169), (220, 232)]","[(1, 0.0), (15, 0.0), (40, 0.0), (54, 0.0), (66, 2009.0), (88, 4018.0), (108, 5027.0), (104, 6033.0), (170, 8040.0), (173, 10050.0), (210, 12054.0), (232, 14060.0), (244, 15068.0), (1, 16072.0)]"
2026-06-18 13:47:21,20,4966.7,4966.6,-43980.96,-20913.8,52.45,13917.0,57897.96,796.3956,16,3,7,6,16072.0,844427,"[79, 135, 53, 169, 88, 212, 210, 66, 244, 232, 108, 104, 164, 173, 170, 220]","[244, 108, 104]","[79, 135, 53, 169, 212, 164, 220]","[88, 210, 66, 232, 173, 170]","[1, 15, 40, 54, 66, 88, 108, 104, 170, 173, 210, 232, 244, 1]","[(1, 165), (79, 88), (135, 210), (53, 66), (169, 173), (88, 164), (212, 1), (210, 220), (54, 53), (66, 79), (165, 54), (232, 212), (164, 170), (173, 135), (170, 169), (220, 232)]","[(1, 0.0), (15, 0.0), (40, 0.0), (54, 0.0), (66, 2009.0), (88, 4018.0), (108, 5027.0), (104, 6033.0), (170, 8040.0), (173, 10050.0), (210, 12054.0), (232, 14060.0), (244, 15068.0), (1, 16072.0)]"
2026-06-18 13:48:47,20,5053.0,5052.9,-43980.95,-20913.8,52.45,13917.0,57897.95,796.3955,16,3,7,6,16072.0,858211,"[79, 135, 53, 169, 88, 212, 210, 66, 244, 232, 108, 104, 164, 173, 170, 220]","[244, 108, 104]","[79, 135, 53, 169, 212, 164, 220]","[88, 210, 66, 232, 173, 170]","[1, 15, 40, 54, 66, 88, 108, 104, 170, 173, 210, 232, 244, 1]","[(1, 165), (79, 88), (135, 210), (53, 66), (169, 173), (88, 164), (212, 1), (210, 220), (54, 53), (66, 79), (165, 54), (232, 212), (164, 170), (173, 135), (170, 169), (220, 232)]","[(1, 0.0), (15, 0.0), (40, 0.0), (54, 0.0), (66, 2009.0), (88, 4018.0), (108, 5027.0), (104, 6033.0), (170, 8040.0), (173, 10050.0), (210, 12054.0), (232, 14060.0), (244, 15068.0), (1, 16072.0)]"
2026-06-18 13:48:54,20,5059.7,5059.6,-43980.95,-20913.8,52.45,13917.0,57897.95,796.3955,16,3,7,6,16072.0,858352,"[79, 135, 53, 169, 88, 212, 210, 66, 244, 232, 108, 104, 164, 173, 170, 220]","[244, 108, 104]","[79, 135, 53, 169, 212, 164, 220]","[88, 210, 66, 232, 173, 170]","[1, 15, 40, 54, 66, 88, 108, 104, 170, 173, 210, 232, 244, 1]","[(1, 165), (79, 88), (135, 210), (53, 66), (169, 173), (88, 164), (212, 1), (210, 220), (54, 53), (66, 79), (165, 54), (232, 212), (164, 170), (173, 135), (170, 169), (220, 232)]","[(1, 0.0), (15, 0.0), (40, 0.0), (54, 0.0), (66, 2009.0), (88, 4018.0), (108, 5027.0), (104, 6033.0), (170, 8040.0), (173, 10050.0), (210, 12054.0), (232, 14060.0), (244, 15068.0), (1, 16072.0)]"
2026-06-18 13:52:37,20,5282.4,5282.3,-43933.52,-20913.8,52.4,13117.0,57050.52,784.739,15,2,7,6,15070.0,884207,"[79, 53, 169, 88, 212, 210, 66, 244, 232, 108, 104, 164, 173, 170, 220]","[244, 108]","[79, 53, 169, 212, 104, 164, 220]","[88, 210, 66, 232, 173, 170]","[1, 15, 40, 54, 66, 88, 108, 170, 173, 210, 232, 244, 1]","[(1, 135), (79, 88), (135, 15), (53, 66), (169, 173), (88, 164), (15, 165), (212, 1), (210, 220), (54, 53), (66, 79), (165, 54), (232, 212), (104, 210), (164, 170), (173, 104), (170, 169), (220, 232)]","[(1, 0.0), (15, 0.0), (40, 0.0), (54, 0.0), (66, 2009.0), (88, 4018.0), (108, 5027.0), (170, 7034.0), (173, 9044.0), (210, 11052.0), (232, 13058.0), (244, 14066.0), (1, 15070.0)]"
2026-06-18 13:52:42,20,5288.0,5288.0,-43933.52,-20913.8,52.4,13117.0,57050.52,784.739,15,2,7,6,15070.0,884747,"[79, 53, 169, 88, 212, 210, 66, 244, 232, 108, 104, 164, 173, 170, 220]","[244, 108]","[79, 53, 169, 212, 104, 164, 220]","[88, 210, 66, 232, 173, 170]","[1, 15, 40, 54, 66, 88, 108, 170, 173, 210, 232, 244, 1]","[(1, 135), (79, 88), (135, 15), (53, 66), (169, 173), (88, 164), (15, 165), (212, 1), (210, 220), (54, 53), (66, 79), (165, 54), (232, 212), (104, 210), (164, 170), (173, 104), (170, 169), (220, 232)]","[(1, 0.0), (15, 0.0), (40, 0.0), (54, 0.0), (66, 2009.0), (88, 4018.0), (108, 5027.0), (170, 7034.0), (173, 9044.0), (210, 11052.0), (232, 13058.0), (244, 14066.0), (1, 15070.0)]"
2026-06-18 13:52:43,20,5288.1,5288.0,-43737.12,-20913.8,52.18,13117.0,56854.12,782.0374,15,2,7,6,15070.0,885144,"[79, 53, 169, 88, 212, 210, 66, 244, 232, 108, 104, 164, 173, 170, 220]","[88, 244]","[79, 53, 169, 212, 104, 164, 220]","[210, 66, 232, 108, 173, 170]","[1, 15, 40, 54, 66, 88, 108, 170, 173, 210, 232, 244, 1]","[(1, 135), (79, 108), (135, 15), (53, 66), (169, 173), (15, 165), (212, 1), (210, 220), (54, 53), (66, 79), (165, 54), (232, 212), (108, 104), (104, 170), (164, 210), (173, 164), (170, 169), (220, 232)]","[(1, 0.0), (15, 0.0), (40, 0.0), (54, 0.0), (66, 2009.0), (88, 3013.0), (108, 5027.0), (170, 7036.0), (173, 9046.0), (210, 11052.0), (232, 13058.0), (244, 14066.0), (1, 15070.0)]"
2026-06-18 13:52:54,20,5299.9,5299.8,-43737.12,-20913.8,52.18,13117.0,56854.12,782.0373,15,2,7,6,15070.0,886223,"[79, 53, 169, 88, 212, 210, 66, 244, 232, 108, 104, 164, 173, 170, 220]","[88, 244]","[79, 53, 169, 212, 104, 164, 220]","[210, 66, 232, 108, 173, 170]","[1, 15, 40, 54, 66, 88, 108, 170, 173, 210, 232, 244, 1]","[(1, 135), (79, 108), (135, 15), (53, 66), (169, 173), (15, 165), (212, 1), (210, 220), (54, 53), (66, 79), (165, 54), (232, 212), (108, 104), (104, 170), (164, 210), (173, 164), (170, 169), (220, 232)]","[(1, 0.0), (15, 0.0), (40, 0.0), (54, 0.0), (66, 2009.0), (88, 3013.0), (108, 5027.0), (170, 7036.0), (173, 9046.0), (210, 11052.0), (232, 13058.0), (244, 14066.0), (1, 15070.0)]"
2026-06-18 13:52:54,20,5300.0,5299.9,-43737.11,-20913.8,52.18,13117.0,56854.11,782.0373,15,2,7,6,15070.0,886295,"[79, 53, 169, 88, 212, 210, 66, 244, 232, 108, 104, 164, 173, 170, 220]","[88, 244]","[79, 53, 169, 212, 104, 164, 220]","[210, 66, 232, 108, 173, 170]","[1, 15, 40, 54, 66, 88, 108, 170, 173, 210, 232, 244, 1]","[(1, 135), (79, 108), (135, 15), (53, 66), (169, 173), (15, 165), (212, 1), (210, 220), (54, 53), (66, 79), (165, 54), (232, 212), (108, 104), (104, 170), (164, 210), (173, 164), (170, 169), (220, 232)]","[(1, 0.0), (15, 0.0), (40, 0.0), (54, 0.0), (66, 2009.0), (88, 3013.0), (108, 5027.0), (170, 7036.0), (173, 9046.0), (210, 11052.0), (232, 13058.0), (244, 14066.0), (1, 15070.0)]"
2026-06-18 13:52:54,20,5300.0,5299.9,-43680.92,-20913.8,52.12,13117.0,56797.92,781.2643,15,2,7,6,15070.0,886346,"[79, 53, 169, 88, 212, 210, 66, 244, 232, 108, 104, 164, 173, 170, 220]","[88, 244]","[79, 53, 169, 212, 104, 164, 220]","[210, 66, 232, 108, 173, 170]","[1, 15, 40, 54, 66, 88, 108, 170, 173, 210, 232, 244, 1]","[(1, 135), (79, 108), (135, 15), (53, 66), (169, 173), (15, 165), (212, 232), (210, 212), (54, 53), (66, 79), (165, 54), (232, 220), (108, 104), (104, 170), (164, 210), (173, 164), (170, 169), (220, 1)]","[(1, 0.0), (15, 0.0), (40, 0.0), (54, 0.0), (66, 2009.0), (88, 3013.0), (108, 5027.0), (170, 7036.0), (173, 9046.0), (210, 11052.0), (232, 13059.0), (244, 14067.0), (1, 15070.0)]"
2026-06-18 13:53:05,20,5310.9,5310.8,-43680.91,-20913.8,52.12,13117.0,56797.91,781.2643,15,2,7,6,15070.0,887481,"[79, 53, 169, 88, 212, 210, 66, 244, 232, 108, 104, 164, 173, 170, 220]","[88, 244]","[79, 53, 169, 212, 104, 164, 220]","[210, 66, 232, 108, 173, 170]","[1, 15, 40, 54, 66, 88, 108, 170, 173, 210, 232, 244, 1]","[(1, 135), (79, 108), (135, 15), (53, 66), (169, 173), (15, 165), (212, 232), (210, 212), (54, 53), (66, 79), (165, 54), (232, 220), (108, 104), (104, 170), (164, 210), (173, 164), (170, 169), (220, 1)]","[(1, 0.0), (15, 0.0), (40, 0.0), (54, 0.0), (66, 2009.0), (88, 3013.0), (108, 5027.0), (170, 7036.0), (173, 9046.0), (210, 11052.0), (232, 13059.0), (244, 14067.0), (1, 15070.0)]"
2026-06-18 13:53:05,20,5310.9,5310.9,-43680.91,-20913.8,52.12,13117.0,56797.91,781.2643,15,2,7,6,15070.0,887571,"[79, 53, 169, 88, 212, 210, 66, 244, 232, 108, 104, 164, 173, 170, 220]","[88, 244]","[79, 53, 169, 212, 104, 164, 220]","[210, 66, 232, 108, 173, 170]","[1, 15, 40, 54, 66, 88, 108, 170, 173, 210, 232, 244, 1]","[(1, 135), (79, 108), (135, 15), (53, 66), (169, 173), (15, 165), (212, 232), (210, 212), (54, 53), (66, 79), (165, 54), (232, 220), (108, 104), (104, 170), (164, 210), (173, 164), (170, 169), (220, 1)]","[(1, 0.0), (15, 0.0), (40, 0.0), (54, 0.0), (66, 2009.0), (88, 3013.0), (108, 5027.0), (170, 7036.0), (173, 9046.0), (210, 11052.0), (232, 13059.0), (244, 14067.0), (1, 15070.0)]"
2026-06-18 13:53:05,20,5311.0,5310.9,-43680.91,-20913.8,52.12,13117.0,56797.91,781.2643,15,2,7,6,15070.0,887804,"[79, 53, 169, 88, 212, 210, 66, 244, 232, 108, 104, 164, 173, 170, 220]","[88, 244]","[79, 53, 169, 212, 104, 164, 220]","[210, 66, 232, 108, 173, 170]","[1, 15, 40, 54, 66, 88, 108, 170, 173, 210, 232, 244, 1]","[(1, 135), (79, 108), (135, 15), (53, 66), (169, 173), (15, 165), (212, 232), (210, 212), (54, 53), (66, 79), (165, 54), (232, 220), (108, 104), (104, 170), (164, 210), (173, 164), (170, 169), (220, 1)]","[(1, 0.0), (15, 0.0), (40, 0.0), (54, 0.0), (66, 2009.0), (88, 3013.0), (108, 5027.0), (170, 7036.0), (173, 9046.0), (210, 11052.0), (232, 13059.0), (244, 14067.0), (1, 15070.0)]"
2026-06-18 13:53:05,20,5311.0,5311.0,-43680.91,-20913.8,52.12,13117.0,56797.91,781.2642,15,2,7,6,15070.0,887883,"[79, 53, 169, 88, 212, 210, 66, 244, 232, 108, 104, 164, 173, 170, 220]","[88, 244]","[79, 53, 169, 212, 104, 164, 220]","[210, 66, 232, 108, 173, 170]","[1, 15, 40, 54, 66, 88, 108, 170, 173, 210, 232, 244, 1]","[(1, 135), (79, 108), (135, 15), (53, 66), (169, 173), (15, 165), (212, 232), (210, 212), (54, 53), (66, 79), (165, 54), (232, 220), (108, 104), (104, 170), (164, 210), (173, 164), (170, 169), (220, 1)]","[(1, 0.0), (15, 0.0), (40, 0.0), (54, 0.0), (66, 2009.0), (88, 3013.0), (108, 5027.0), (170, 7036.0), (173, 9046.0), (210, 11052.0), (232, 13059.0), (244, 14067.0), (1, 15070.0)]"
2026-06-18 13:56:04,20,5489.3,5489.2,-43680.91,-20913.8,52.12,13117.0,56797.91,781.2642,15,2,7,6,15070.0,914586,"[79, 53, 169, 88, 212, 210, 66, 244, 232, 108, 104, 164, 173, 170, 220]","[88, 244]","[79, 53, 169, 212, 104, 164, 220]","[210, 66, 232, 108, 173, 170]","[1, 15, 40, 54, 66, 88, 108, 170, 173, 210, 232, 244, 1]","[(1, 135), (79, 108), (135, 15), (53, 66), (169, 173), (15, 165), (212, 232), (210, 212), (54, 53), (66, 79), (165, 54), (232, 220), (108, 104), (104, 170), (164, 210), (173, 164), (170, 169), (220, 1)]","[(1, 0.0), (15, 0.0), (40, 0.0), (54, 0.0), (66, 2009.0), (88, 3013.0), (108, 5027.0), (170, 7036.0), (173, 9046.0), (210, 11052.0), (232, 13059.0), (244, 14067.0), (1, 15070.0)]"
2026-06-18 13:59:51,20,5717.0,5716.9,-43680.91,-20913.8,52.12,13117.0,56797.91,781.2642,15,2,7,6,15070.0,949439,"[79, 53, 169, 88, 212, 210, 66, 244, 232, 108, 104, 164, 173, 170, 220]","[88, 244]","[79, 53, 169, 212, 104, 164, 220]","[210, 66, 232, 108, 173, 170]","[1, 15, 40, 54, 66, 88, 108, 170, 173, 210, 232, 244, 1]","[(1, 135), (79, 108), (135, 15), (53, 66), (169, 173), (15, 165), (212, 232), (210, 212), (54, 53), (66, 79), (165, 54), (232, 220), (108, 104), (104, 170), (164, 210), (173, 164), (170, 169), (220, 1)]","[(1, 0.0), (15, 0.0), (40, 0.0), (54, 0.0), (66, 2009.0), (88, 3013.0), (108, 5027.0), (170, 7036.0), (173, 9046.0), (210, 11052.0), (232, 13059.0), (244, 14067.0), (1, 15070.0)]"
2026-06-18 14:00:43,20,5768.9,5768.8,-43680.9,-20913.8,52.12,13117.0,56797.9,781.2642,15,2,7,6,15070.0,957232,"[79, 53, 169, 88, 212, 210, 66, 244, 232, 108, 104, 164, 173, 170, 220]","[88, 244]","[79, 53, 169, 212, 104, 164, 220]","[210, 66, 232, 108, 173, 170]","[1, 15, 40, 54, 66, 88, 108, 170, 173, 210, 232, 244, 1]","[(1, 135), (79, 108), (135, 15), (53, 66), (169, 173), (15, 165), (212, 232), (210, 212), (54, 53), (66, 79), (165, 54), (232, 220), (108, 104), (104, 170), (164, 210), (173, 164), (170, 169), (220, 1)]","[(1, 0.0), (15, 0.0), (40, 0.0), (54, 0.0), (66, 2009.0), (88, 3013.0), (108, 5027.0), (170, 7036.0), (173, 9046.0), (210, 11052.0), (232, 13059.0), (244, 14067.0), (1, 15070.0)]"
2026-06-18 14:04:11,20,5976.3,5976.3,-43680.9,-20913.8,52.12,13117.0,56797.9,781.2641,15,2,7,6,15070.0,988030,"[79, 53, 169, 88, 212, 210, 66, 244, 232, 108, 104, 164, 173, 170, 220]","[88, 244]","[79, 53, 169, 212, 104, 164, 220]","[210, 66, 232, 108, 173, 170]","[1, 15, 40, 54, 66, 88, 108, 170, 173, 210, 232, 244, 1]","[(1, 135), (79, 108), (135, 15), (53, 66), (169, 173), (15, 165), (212, 232), (210, 212), (54, 53), (66, 79), (165, 54), (232, 220), (108, 104), (104, 170), (164, 210), (173, 164), (170, 169), (220, 1)]","[(1, 0.0), (15, 0.0), (40, 0.0), (54, 0.0), (66, 2009.0), (88, 3013.0), (108, 5027.0), (170, 7036.0), (173, 9046.0), (210, 11052.0), (232, 13059.0), (244, 14067.0), (1, 15070.0)]"
2026-06-18 14:09:29,20,6294.4,6294.4,-43680.9,-20913.8,52.12,13117.0,56797.9,781.2641,15,2,7,6,15070.0,1037452,"[79, 53, 169, 88, 212, 210, 66, 244, 232, 108, 104, 164, 173, 170, 220]","[88, 244]","[79, 53, 169, 212, 104, 164, 220]","[210, 66, 232, 108, 173, 170]","[1, 15, 40, 54, 66, 88, 108, 170, 173, 210, 232, 244, 1]","[(1, 135), (79, 108), (135, 15), (53, 66), (169, 173), (15, 165), (212, 232), (210, 212), (54, 53), (66, 79), (165, 54), (232, 220), (108, 104), (104, 170), (164, 210), (173, 164), (170, 169), (220, 1)]","[(1, 0.0), (15, 0.0), (40, 0.0), (54, 0.0), (66, 2009.0), (88, 3013.0), (108, 5027.0), (170, 7036.0), (173, 9046.0), (210, 11052.0), (232, 13059.0), (244, 14067.0), (1, 15070.0)]"
2026-06-18 14:09:47,20,6312.4,6312.3,-43680.9,-20913.8,52.12,13117.0,56797.9,781.2641,15,2,7,6,15070.0,1039072,"[79, 53, 169, 88, 212, 210, 66, 244, 232, 108, 104, 164, 173, 170, 220]","[88, 244]","[79, 53, 169, 212, 104, 164, 220]","[210, 66, 232, 108, 173, 170]","[1, 15, 40, 54, 66, 88, 108, 170, 173, 210, 232, 244, 1]","[(1, 135), (79, 108), (135, 15), (53, 66), (169, 173), (15, 165), (212, 232), (210, 212), (54, 53), (66, 79), (165, 54), (232, 220), (108, 104), (104, 170), (164, 210), (173, 164), (170, 169), (220, 1)]","[(1, 0.0), (15, 0.0), (40, 0.0), (54, 0.0), (66, 2009.0), (88, 3013.0), (108, 5027.0), (170, 7036.0), (173, 9046.0), (210, 11052.0), (232, 13059.0), (244, 14067.0), (1, 15070.0)]"
2026-06-18 14:13:24,20,6529.6,6529.5,-43582.6,-20913.8,52.01,13117.0,56699.6,779.912,15,1,7,7,16074.0,1072267,"[79, 53, 169, 88, 212, 210, 66, 244, 232, 108, 104, 164, 173, 170, 220]",[88],"[79, 53, 169, 212, 232, 104, 220]","[210, 66, 244, 108, 164, 173, 170]","[1, 15, 40, 54, 66, 88, 108, 170, 173, 164, 210, 244, 1]","[(1, 135), (79, 108), (135, 15), (53, 66), (169, 173), (15, 165), (212, 244), (210, 212), (54, 53), (66, 79), (165, 54), (244, 232), (232, 1), (108, 104), (104, 170), (164, 220), (173, 164), (170, 169), (220, 210)]","[(1, 0.0), (15, 0.0), (40, 0.0), (54, 0.0), (66, 2009.0), (88, 3013.0), (108, 5027.0), (170, 7036.0), (173, 9046.0), (164, 11054.0), (210, 13059.0), (244, 15071.0), (1, 16074.0)]"
2026-06-18 14:13:29,20,6534.8,6534.8,-43361.7,-20913.8,51.77,12204.0,55565.7,764.315,14,1,7,6,14061.0,1072532,"[79, 53, 169, 88, 212, 210, 66, 244, 232, 104, 164, 173, 170, 220]",[88],"[79, 53, 169, 212, 232, 104, 220]","[210, 66, 244, 164, 173, 170]","[1, 15, 40, 54, 66, 88, 108, 170, 173, 164, 210, 244, 1]","[(1, 135), (79, 108), (135, 15), (53, 66), (169, 173), (15, 165), (212, 244), (210, 212), (54, 53), (66, 79), (165, 54), (244, 232), (232, 1), (108, 170), (104, 164), (164, 220), (173, 104), (170, 169), (220, 210)]","[(1, 0.0), (15, 0.0), (40, 0.0), (54, 0.0), (66, 2009.0), (88, 3013.0), (108, 4018.0), (170, 5021.0), (173, 7031.0), (164, 9041.0), (210, 11046.0), (244, 13058.0), (1, 14061.0)]"
2026-06-18 14:13:29,20,6534.9,6534.9,-43346.59,-20913.8,51.75,12122.0,55468.59,762.9793,14,1,7,6,14066.0,1072682,"[79, 53, 169, 88, 212, 210, 66, 244, 232, 108, 104, 164, 170, 220]",[88],"[79, 53, 169, 212, 232, 104, 220]","[210, 66, 244, 108, 164, 170]","[1, 15, 40, 54, 66, 88, 108, 170, 173, 164, 210, 244, 1]","[(1, 135), (79, 108), (135, 15), (53, 66), (169, 173), (15, 165), (212, 244), (210, 212), (54, 53), (66, 79), (165, 54), (244, 232), (232, 1), (108, 104), (104, 170), (164, 220), (173, 164), (170, 169), (220, 210)]","[(1, 0.0), (15, 0.0), (40, 0.0), (54, 0.0), (66, 2009.0), (88, 3013.0), (108, 5027.0), (170, 7036.0), (173, 8042.0), (164, 9046.0), (210, 11051.0), (244, 13063.0), (1, 14066.0)]"
2026-06-18 14:13:35,20,6540.3,6540.2,-43346.59,-20913.8,51.75,12122.0,55468.59,762.9793,14,1,7,6,14066.0,1073399,"[79, 53, 169, 88, 212, 210, 66, 244, 232, 108, 104, 164, 170, 220]",[88],"[79, 53, 169, 212, 232, 104, 220]","[210, 66, 244, 108, 164, 170]","[1, 15, 40, 54, 66, 88, 108, 170, 173, 164, 210, 244, 1]","[(1, 135), (79, 108), (135, 15), (53, 66), (169, 173), (15, 165), (212, 244), (210, 212), (54, 53), (66, 79), (165, 54), (244, 232), (232, 1), (108, 104), (104, 170), (164, 220), (173, 164), (170, 169), (220, 210)]","[(1, 0.0), (15, 0.0), (40, 0.0), (54, 0.0), (66, 2009.0), (88, 3013.0), (108, 5027.0), (170, 7036.0), (173, 8042.0), (164, 9046.0), (210, 11051.0), (244, 13063.0), (1, 14066.0)]"
2026-06-18 14:13:35,20,6540.3,6540.3,-42966.38,-20913.8,51.33,13732.0,56698.38,779.8952,16,1,8,7,16072.0,1073510,"[79, 53, 169, 88, 212, 210, 66, 165, 244, 232, 108, 104, 164, 173, 170, 220]",[88],"[79, 53, 169, 212, 165, 232, 104, 220]","[210, 66, 244, 108, 164, 173, 170]","[1, 15, 40, 54, 66, 88, 108, 170, 173, 164, 210, 244, 1]","[(1, 135), (79, 108), (135, 15), (53, 66), (169, 173), (15, 54), (212, 244), (210, 212), (54, 53), (66, 79), (165, 164), (244, 232), (232, 1), (108, 104), (104, 170), (164, 220), (173, 165), (170, 169), (220, 210)]","[(1, 0.0), (15, 0.0), (40, 0.0), (54, 0.0), (66, 2009.0), (88, 3013.0), (108, 5027.0), (170, 7036.0), (173, 9046.0), (164, 11052.0), (210, 13057.0), (244, 15069.0), (1, 16072.0)]"
2026-06-18 14:13:40,20,6545.5,6545.4,-42966.38,-20913.8,51.33,13732.0,56698.38,779.8952,16,1,8,7,16072.0,1073887,"[79, 53, 169, 88, 212, 210, 66, 165, 244, 232, 108, 104, 164, 173, 170, 220]",[88],"[79, 53, 169, 212, 165, 232, 104, 220]","[210, 66, 244, 108, 164, 173, 170]","[1, 15, 40, 54, 66, 88, 108, 170, 173, 164, 210, 244, 1]","[(1, 135), (79, 108), (135, 15), (53, 66), (169, 173), (15, 54), (212, 244), (210, 212), (54, 53), (66, 79), (165, 164), (244, 232), (232, 1), (108, 104), (104, 170), (164, 220), (173, 165), (170, 169), (220, 210)]","[(1, 0.0), (15, 0.0), (40, 0.0), (54, 0.0), (66, 2009.0), (88, 3013.0), (108, 5027.0), (170, 7036.0), (173, 9046.0), (164, 11052.0), (210, 13057.0), (244, 15069.0), (1, 16072.0)]"
2026-06-18 14:13:46,20,6551.4,6551.4,-42966.37,-20913.8,51.33,13732.0,56698.37,779.8951,16,1,8,7,16072.0,1074992,"[79, 53, 169, 88, 212, 210, 66, 165, 244, 232, 108, 104, 164, 173, 170, 220]",[88],"[79, 53, 169, 212, 165, 232, 104, 220]","[210, 66, 244, 108, 164, 173, 170]","[1, 15, 40, 54, 66, 88, 108, 170, 173, 164, 210, 244, 1]","[(1, 135), (79, 108), (135, 15), (53, 66), (169, 173), (15, 54), (212, 244), (210, 212), (54, 53), (66, 79), (165, 164), (244, 232), (232, 1), (108, 104), (104, 170), (164, 220), (173, 165), (170, 169), (220, 210)]","[(1, 0.0), (15, 0.0), (40, 0.0), (54, 0.0), (66, 2009.0), (88, 3013.0), (108, 5027.0), (170, 7036.0), (173, 9046.0), (164, 11052.0), (210, 13057.0), (244, 15069.0), (1, 16072.0)]"
2026-06-18 14:14:03,20,6568.2,6568.2,-41803.18,-20913.8,49.97,13732.0,55535.18,763.8952,16,1,8,7,16072.0,1077450,"[79, 53, 169, 88, 212, 210, 66, 165, 244, 232, 108, 104, 164, 173, 170, 220]",[88],"[79, 53, 169, 212, 165, 232, 104, 220]","[210, 66, 244, 108, 164, 173, 170]","[1, 15, 40, 66, 88, 108, 170, 173, 164, 210, 244, 1]","[(1, 135), (79, 108), (135, 15), (53, 66), (169, 173), (15, 54), (212, 244), (210, 212), (40, 53), (54, 40), (66, 79), (165, 164), (244, 232), (232, 1), (108, 104), (104, 170), (164, 220), (173, 165), (170, 169), (220, 210)]","[(1, 0.0), (15, 0.0), (40, 0.0), (66, 2009.0), (88, 3013.0), (108, 5027.0), (170, 7036.0), (173, 9046.0), (164, 11052.0), (210, 13057.0), (244, 15069.0), (1, 16072.0)]"
2026-06-18 14:14:13,20,6578.9,6578.9,-41803.17,-20913.8,49.97,13732.0,55535.17,763.8951,16,1,8,7,16072.0,1078690,"[79, 53, 169, 88, 212, 210, 66, 165, 244, 232, 108, 104, 164, 173, 170, 220]",[88],"[79, 53, 169, 212, 165, 232, 104, 220]","[210, 66, 244, 108, 164, 173, 170]","[1, 15, 40, 66, 88, 108, 170, 173, 164, 210, 244, 1]","[(1, 135), (79, 108), (135, 15), (53, 66), (169, 173), (15, 54), (212, 244), (210, 212), (40, 53), (54, 40), (66, 79), (165, 164), (244, 232), (232, 1), (108, 104), (104, 170), (164, 220), (173, 165), (170, 169), (220, 210)]","[(1, 0.0), (15, 0.0), (40, 0.0), (66, 2009.0), (88, 3013.0), (108, 5027.0), (170, 7036.0), (173, 9046.0), (164, 11052.0), (210, 13057.0), (244, 15069.0), (1, 16072.0)]"
2026-06-18 14:14:31,20,6596.3,6596.2,-41803.17,-20913.8,49.97,13732.0,55535.17,763.8951,16,1,8,7,16072.0,1081305,"[79, 53, 169, 88, 212, 210, 66, 165, 244, 232, 108, 104, 164, 173, 170, 220]",[88],"[79, 53, 169, 212, 165, 232, 104, 220]","[210, 66, 244, 108, 164, 173, 170]","[1, 15, 40, 66, 88, 108, 170, 173, 164, 210, 244, 1]","[(1, 135), (79, 108), (135, 15), (53, 66), (169, 173), (15, 54), (212, 244), (210, 212), (40, 53), (54, 40), (66, 79), (165, 164), (244, 232), (232, 1), (108, 104), (104, 170), (164, 220), (173, 165), (170, 169), (220, 210)]","[(1, 0.0), (15, 0.0), (40, 0.0), (66, 2009.0), (88, 3013.0), (108, 5027.0), (170, 7036.0), (173, 9046.0), (164, 11052.0), (210, 13057.0), (244, 15069.0), (1, 16072.0)]"
2026-06-18 14:16:08,20,6693.6,6693.5,-41468.26,-20930.0,49.53,13732.0,55200.26,759.2883,16,1,8,7,16072.0,1091573,"[79, 53, 169, 88, 212, 210, 66, 165, 244, 232, 108, 104, 164, 173, 170, 220]",[104],"[79, 53, 169, 212, 165, 232, 170, 220]","[88, 210, 66, 244, 108, 164, 173]","[1, 15, 40, 66, 88, 104, 108, 173, 164, 210, 244, 1]","[(1, 135), (79, 88), (135, 15), (53, 66), (169, 173), (88, 170), (15, 54), (212, 244), (210, 212), (40, 53), (54, 40), (66, 79), (165, 164), (244, 232), (232, 1), (108, 169), (164, 220), (173, 165), (170, 108), (220, 210)]","[(1, 0.0), (15, 0.0), (40, 0.0), (66, 2009.0), (88, 4018.0), (104, 5024.0), (108, 7036.0), (173, 9046.0), (164, 11052.0), (210, 13057.0), (244, 15069.0), (1, 16072.0)]"
2026-06-18 14:16:13,20,6698.6,6698.6,-41468.26,-20930.23,49.53,13732.0,55200.26,759.2882,16,1,8,7,16072.0,1092296,"[79, 53, 169, 88, 212, 210, 66, 165, 244, 232, 108, 104, 164, 173, 170, 220]",[104],"[79, 53, 169, 212, 165, 232, 170, 220]","[88, 210, 66, 244, 108, 164, 173]","[1, 15, 40, 66, 88, 104, 108, 173, 164, 210, 244, 1]","[(1, 135), (79, 88), (135, 15), (53, 66), (169, 173), (88, 170), (15, 54), (212, 244), (210, 212), (40, 53), (54, 40), (66, 79), (165, 164), (244, 232), (232, 1), (108, 169), (164, 220), (173, 165), (170, 108), (220, 210)]","[(1, 0.0), (15, 0.0), (40, 0.0), (66, 2009.0), (88, 4018.0), (104, 5024.0), (108, 7036.0), (173, 9046.0), (164, 11052.0), (210, 13057.0), (244, 15069.0), (1, 16072.0)]"
2026-06-18 14:16:24,20,6709.2,6709.1,-41468.25,-20934.15,49.52,13732.0,55200.25,759.2882,16,1,8,7,16072.0,1093567,"[79, 53, 169, 88, 212, 210, 66, 165, 244, 232, 108, 104, 164, 173, 170, 220]",[104],"[79, 53, 169, 212, 165, 232, 170, 220]","[88, 210, 66, 244, 108, 164, 173]","[1, 15, 40, 66, 88, 104, 108, 173, 164, 210, 244, 1]","[(1, 135), (79, 88), (135, 15), (53, 66), (169, 173), (88, 170), (15, 54), (212, 244), (210, 212), (40, 53), (54, 40), (66, 79), (165, 164), (244, 232), (232, 1), (108, 169), (164, 220), (173, 165), (170, 108), (220, 210)]","[(1, 0.0), (15, 0.0), (40, 0.0), (66, 2009.0), (88, 4018.0), (104, 5024.0), (108, 7036.0), (173, 9046.0), (164, 11052.0), (210, 13057.0), (244, 15069.0), (1, 16072.0)]"
2026-06-18 14:16:24,20,6709.3,6709.2,-41468.25,-20934.49,49.52,13732.0,55200.25,759.2882,16,1,8,7,16072.0,1093887,"[79, 53, 169, 88, 212, 210, 66, 165, 244, 232, 108, 104, 164, 173, 170, 220]",[104],"[79, 53, 169, 212, 165, 232, 170, 220]","[88, 210, 66, 244, 108, 164, 173]","[1, 15, 40, 66, 88, 104, 108, 173, 164, 210, 244, 1]","[(1, 135), (79, 88), (135, 15), (53, 66), (169, 173), (88, 170), (15, 54), (212, 244), (210, 212), (40, 53), (54, 40), (66, 79), (165, 164), (244, 232), (232, 1), (108, 169), (164, 220), (173, 165), (170, 108), (220, 210)]","[(1, 0.0), (15, 0.0), (40, 0.0), (66, 2009.0), (88, 4018.0), (104, 5024.0), (108, 7036.0), (173, 9046.0), (164, 11052.0), (210, 13057.0), (244, 15069.0), (1, 16072.0)]"
2026-06-18 14:21:09,20,6994.5,6994.5,-41197.11,-21030.57,48.95,14532.0,55729.11,766.5627,17,2,8,7,17074.0,1145551,"[79, 135, 53, 169, 88, 212, 210, 66, 165, 244, 232, 108, 104, 164, 173, 170, 220]","[210, 104]","[79, 135, 53, 169, 165, 232, 170, 220]","[88, 212, 66, 244, 108, 164, 173]","[1, 15, 40, 66, 88, 104, 108, 173, 164, 212, 210, 244, 1]","[(1, 15), (79, 88), (135, 212), (53, 66), (169, 173), (88, 170), (15, 54), (212, 220), (40, 53), (54, 40), (66, 79), (165, 164), (244, 232), (232, 1), (108, 169), (164, 135), (173, 165), (170, 108), (220, 244)]","[(1, 0.0), (15, 0.0), (40, 0.0), (66, 2009.0), (88, 4018.0), (104, 5024.0), (108, 7036.0), (173, 9046.0), (164, 11052.0), (212, 13058.0), (210, 14060.0), (244, 16071.0), (1, 17074.0)]"
2026-06-18 14:21:13,20,6999.0,6998.9,-41197.1,-21031.53,48.95,14532.0,55729.1,766.5626,17,2,8,7,17074.0,1146263,"[79, 135, 53, 169, 88, 212, 210, 66, 165, 244, 232, 108, 104, 164, 173, 170, 220]","[210, 104]","[79, 135, 53, 169, 165, 232, 170, 220]","[88, 212, 66, 244, 108, 164, 173]","[1, 15, 40, 66, 88, 104, 108, 173, 164, 212, 210, 244, 1]","[(1, 15), (79, 88), (135, 212), (53, 66), (169, 173), (88, 170), (15, 54), (212, 220), (40, 53), (54, 40), (66, 79), (165, 164), (244, 232), (232, 1), (108, 169), (164, 135), (173, 165), (170, 108), (220, 244)]","[(1, 0.0), (15, 0.0), (40, 0.0), (66, 2009.0), (88, 4018.0), (104, 5024.0), (108, 7036.0), (173, 9046.0), (164, 11052.0), (212, 13058.0), (210, 14060.0), (244, 16071.0), (1, 17074.0)]"
2026-06-18 14:21:18,20,7003.4,7003.4,-41191.01,-21032.81,48.94,13917.0,55108.01,758.0194,16,2,7,7,16072.0,1147014,"[79, 135, 53, 169, 88, 212, 210, 66, 244, 232, 108, 104, 164, 173, 170, 220]","[210, 104]","[79, 135, 53, 169, 232, 170, 220]","[88, 212, 66, 244, 108, 164, 173]","[1, 15, 40, 66, 88, 104, 108, 173, 164, 212, 210, 244, 1]","[(1, 15), (79, 88), (135, 212), (53, 66), (169, 173), (88, 170), (15, 54), (212, 220), (40, 53), (54, 40), (66, 79), (165, 164), (244, 232), (232, 1), (108, 169), (164, 135), (173, 165), (170, 108), (220, 244)]","[(1, 0.0), (15, 0.0), (40, 0.0), (66, 2009.0), (88, 4018.0), (104, 5024.0), (108, 7036.0), (173, 9046.0), (164, 10050.0), (212, 12056.0), (210, 13058.0), (244, 15069.0), (1, 16072.0)]"
2026-06-18 14:21:22,20,7007.9,7007.9,-41191.01,-21034.17,48.94,13917.0,55108.01,758.0194,16,2,7,7,16072.0,1147329,"[79, 135, 53, 169, 88, 212, 210, 66, 244, 232, 108, 104, 164, 173, 170, 220]","[210, 104]","[79, 135, 53, 169, 232, 170, 220]","[88, 212, 66, 244, 108, 164, 173]","[1, 15, 40, 66, 88, 104, 108, 173, 164, 212, 210, 244, 1]","[(1, 15), (79, 88), (135, 212), (53, 66), (169, 173), (88, 170), (15, 54), (212, 220), (40, 53), (54, 40), (66, 79), (165, 164), (244, 232), (232, 1), (108, 169), (164, 135), (173, 165), (170, 108), (220, 244)]","[(1, 0.0), (15, 0.0), (40, 0.0), (66, 2009.0), (88, 4018.0), (104, 5024.0), (108, 7036.0), (173, 9046.0), (164, 10050.0), (212, 12056.0), (210, 13058.0), (244, 15069.0), (1, 16072.0)]"
2026-06-18 14:21:22,20,7008.0,7007.9,-41191.01,-21034.31,48.93,13917.0,55108.01,758.0194,16,2,7,7,16072.0,1147506,"[79, 135, 53, 169, 88, 212, 210, 66, 244, 232, 108, 104, 164, 173, 170, 220]","[210, 104]","[79, 135, 53, 169, 232, 170, 220]","[88, 212, 66, 244, 108, 164, 173]","[1, 15, 40, 66, 88, 104, 108, 173, 164, 212, 210, 244, 1]","[(1, 15), (79, 88), (135, 212), (53, 66), (169, 173), (88, 170), (15, 54), (212, 220), (40, 53), (54, 40), (66, 79), (165, 164), (244, 232), (232, 1), (108, 169), (164, 135), (173, 165), (170, 108), (220, 244)]","[(1, 0.0), (15, 0.0), (40, 0.0), (66, 2009.0), (88, 4018.0), (104, 5024.0), (108, 7036.0), (173, 9046.0), (164, 10050.0), (212, 12056.0), (210, 13058.0), (244, 15069.0), (1, 16072.0)]"
2026-06-18 14:21:22,20,7008.1,7008.0,-41191.01,-21034.36,48.93,13917.0,55108.01,758.0194,16,2,7,7,16072.0,1147572,"[79, 135, 53, 169, 88, 212, 210, 66, 244, 232, 108, 104, 164, 173, 170, 220]","[210, 104]","[79, 135, 53, 169, 232, 170, 220]","[88, 212, 66, 244, 108, 164, 173]","[1, 15, 40, 66, 88, 104, 108, 173, 164, 212, 210, 244, 1]","[(1, 15), (79, 88), (135, 212), (53, 66), (169, 173), (88, 170), (15, 54), (212, 220), (40, 53), (54, 40), (66, 79), (165, 164), (244, 232), (232, 1), (108, 169), (164, 135), (173, 165), (170, 108), (220, 244)]","[(1, 0.0), (15, 0.0), (40, 0.0), (66, 2009.0), (88, 4018.0), (104, 5024.0), (108, 7036.0), (173, 9046.0), (164, 10050.0), (212, 12056.0), (210, 13058.0), (244, 15069.0), (1, 16072.0)]"
2026-06-18 14:21:27,20,7012.6,7012.6,-41162.68,-21035.36,48.9,13917.0,55079.68,757.6297,16,2,7,7,16072.0,1148128,"[79, 135, 53, 169, 88, 212, 210, 66, 244, 232, 108, 104, 164, 173, 170, 220]","[212, 104]","[79, 135, 53, 169, 232, 170, 220]","[88, 210, 66, 244, 108, 164, 173]","[1, 15, 40, 66, 88, 104, 108, 173, 164, 212, 210, 244, 1]","[(1, 15), (79, 88), (135, 210), (53, 66), (169, 173), (88, 170), (15, 54), (210, 220), (40, 53), (54, 40), (66, 79), (165, 164), (244, 232), (232, 1), (108, 169), (164, 135), (173, 165), (170, 108), (220, 244)]","[(1, 0.0), (15, 0.0), (40, 0.0), (66, 2009.0), (88, 4018.0), (104, 5024.0), (108, 7036.0), (173, 9046.0), (164, 10050.0), (212, 11054.0), (210, 13058.0), (244, 15069.0), (1, 16072.0)]"
2026-06-18 14:21:32,20,7017.6,7017.6,-41162.68,-21036.4,48.89,13917.0,55079.68,757.6296,16,2,7,7,16072.0,1148957,"[79, 135, 53, 169, 88, 212, 210, 66, 244, 232, 108, 104, 164, 173, 170, 220]","[212, 104]","[79, 135, 53, 169, 232, 170, 220]","[88, 210, 66, 244, 108, 164, 173]","[1, 15, 40, 66, 88, 104, 108, 173, 164, 212, 210, 244, 1]","[(1, 15), (79, 88), (135, 210), (53, 66), (169, 173), (88, 170), (15, 54), (210, 220), (40, 53), (54, 40), (66, 79), (165, 164), (244, 232), (232, 1), (108, 169), (164, 135), (173, 165), (170, 108), (220, 244)]","[(1, 0.0), (15, 0.0), (40, 0.0), (66, 2009.0), (88, 4018.0), (104, 5024.0), (108, 7036.0), (173, 9046.0), (164, 10050.0), (212, 11054.0), (210, 13058.0), (244, 15069.0), (1, 16072.0)]"
2026-06-18 14:21:32,20,7017.7,7017.7,-41162.67,-21036.45,48.89,13917.0,55079.67,757.6296,16,2,7,7,16072.0,1149181,"[79, 135, 53, 169, 88, 212, 210, 66, 244, 232, 108, 104, 164, 173, 170, 220]","[212, 104]","[79, 135, 53, 169, 232, 170, 220]","[88, 210, 66, 244, 108, 164, 173]","[1, 15, 40, 66, 88, 104, 108, 173, 164, 212, 210, 244, 1]","[(1, 15), (79, 88), (135, 210), (53, 66), (169, 173), (88, 170), (15, 54), (210, 220), (40, 53), (54, 40), (66, 79), (165, 164), (244, 232), (232, 1), (108, 169), (164, 135), (173, 165), (170, 108), (220, 244)]","[(1, 0.0), (15, 0.0), (40, 0.0), (66, 2009.0), (88, 4018.0), (104, 5024.0), (108, 7036.0), (173, 9046.0), (164, 10050.0), (212, 11054.0), (210, 13058.0), (244, 15069.0), (1, 16072.0)]"
2026-06-18 14:21:50,20,7035.9,7035.8,-41162.67,-21042.2,48.88,13917.0,55079.67,757.6296,16,2,7,7,16072.0,1152160,"[79, 135, 53, 169, 88, 212, 210, 66, 244, 232, 108, 104, 164, 173, 170, 220]","[212, 104]","[79, 135, 53, 169, 232, 170, 220]","[88, 210, 66, 244, 108, 164, 173]","[1, 15, 40, 66, 88, 104, 108, 173, 164, 212, 210, 244, 1]","[(1, 15), (79, 88), (135, 210), (53, 66), (169, 173), (88, 170), (15, 54), (210, 220), (40, 53), (54, 40), (66, 79), (165, 164), (244, 232), (232, 1), (108, 169), (164, 135), (173, 165), (170, 108), (220, 244)]","[(1, 0.0), (15, 0.0), (40, 0.0), (66, 2009.0), (88, 4018.0), (104, 5024.0), (108, 7036.0), (173, 9046.0), (164, 10050.0), (212, 11054.0), (210, 13058.0), (244, 15069.0), (1, 16072.0)]"
2026-06-18 14:22:05,20,7050.8,7050.7,-41162.67,-21045.37,48.87,13917.0,55079.67,757.6296,16,2,7,7,16072.0,1153933,"[79, 135, 53, 169, 88, 212, 210, 66, 244, 232, 108, 104, 164, 173, 170, 220]","[212, 104]","[79, 135, 53, 169, 232, 170, 220]","[88, 210, 66, 244, 108, 164, 173]","[1, 15, 40, 66, 88, 104, 108, 173, 164, 212, 210, 244, 1]","[(1, 15), (79, 88), (135, 210), (53, 66), (169, 173), (88, 170), (15, 54), (210, 220), (40, 53), (54, 40), (66, 79), (165, 164), (244, 232), (232, 1), (108, 169), (164, 135), (173, 165), (170, 108), (220, 244)]","[(1, 0.0), (15, 0.0), (40, 0.0), (66, 2009.0), (88, 4018.0), (104, 5024.0), (108, 7036.0), (173, 9046.0), (164, 10050.0), (212, 11054.0), (210, 13058.0), (244, 15069.0), (1, 16072.0)]"
2026-06-18 14:41:20,20,8206.1,8206.0,-41162.67,-21059.2,48.84,13917.0,55079.67,757.6295,16,2,7,7,16072.0,1352060,"[79, 135, 53, 169, 88, 212, 210, 66, 244, 232, 108, 104, 164, 173, 170, 220]","[212, 104]","[79, 135, 53, 169, 232, 170, 220]","[88, 210, 66, 244, 108, 164, 173]","[1, 15, 40, 66, 88, 104, 108, 173, 164, 212, 210, 244, 1]","[(1, 15), (79, 88), (135, 210), (53, 66), (169, 173), (88, 170), (15, 54), (210, 220), (40, 53), (54, 40), (66, 79), (165, 164), (244, 232), (232, 1), (108, 169), (164, 135), (173, 165), (170, 108), (220, 244)]","[(1, 0.0), (15, 0.0), (40, 0.0), (66, 2009.0), (88, 4018.0), (104, 5024.0), (108, 7036.0), (173, 9046.0), (164, 10050.0), (212, 11054.0), (210, 13058.0), (244, 15069.0), (1, 16072.0)]"
2026-06-18 14:50:52,20,8777.9,8777.8,-41162.66,-21121.42,48.69,13917.0,55079.66,757.6295,16,2,7,7,16072.0,1443875,"[79, 135, 53, 169, 88, 212, 210, 66, 244, 232, 108, 104, 164, 173, 170, 220]","[212, 104]","[79, 135, 53, 169, 232, 170, 220]","[88, 210, 66, 244, 108, 164, 173]","[1, 15, 40, 66, 88, 104, 108, 173, 164, 212, 210, 244, 1]","[(1, 15), (79, 88), (135, 210), (53, 66), (169, 173), (88, 170), (15, 54), (210, 220), (40, 53), (54, 40), (66, 79), (165, 164), (244, 232), (232, 1), (108, 169), (164, 135), (173, 165), (170, 108), (220, 244)]","[(1, 0.0), (15, 0.0), (40, 0.0), (66, 2009.0), (88, 4018.0), (104, 5024.0), (108, 7036.0), (173, 9046.0), (164, 10050.0), (212, 11054.0), (210, 13058.0), (244, 15069.0), (1, 16072.0)]"
2026-06-18 15:34:22,20,11387.7,11387.7,-41039.73,-21786.2,46.91,13917.0,54956.73,755.9385,16,1,8,7,16072.0,1871230,"[79, 135, 53, 169, 88, 212, 210, 66, 244, 232, 108, 104, 164, 173, 170, 220]",[212],"[79, 135, 53, 169, 232, 104, 170, 220]","[88, 210, 66, 244, 108, 164, 173]","[1, 15, 40, 66, 88, 108, 173, 165, 164, 212, 210, 244, 1]","[(1, 15), (79, 88), (135, 210), (53, 66), (169, 173), (88, 104), (15, 54), (210, 220), (40, 53), (54, 40), (66, 79), (244, 232), (232, 1), (108, 169), (104, 108), (164, 135), (173, 170), (170, 164), (220, 244)]","[(1, 0.0), (15, 0.0), (40, 0.0), (66, 2009.0), (88, 4018.0), (108, 6033.0), (173, 8043.0), (165, 8043.0), (164, 10050.0), (212, 11054.0), (210, 13058.0), (244, 15069.0), (1, 16072.0)]"
2026-06-18 15:34:29,20,11394.2,11394.1,-41039.73,-21786.2,46.91,13917.0,54956.73,755.9384,16,1,8,7,16072.0,1871412,"[79, 135, 53, 169, 88, 212, 210, 66, 244, 232, 108, 104, 164, 173, 170, 220]",[212],"[79, 135, 53, 169, 232, 104, 170, 220]","[88, 210, 66, 244, 108, 164, 173]","[1, 15, 40, 66, 88, 108, 173, 165, 164, 212, 210, 244, 1]","[(1, 15), (79, 88), (135, 210), (53, 66), (169, 173), (88, 104), (15, 54), (210, 220), (40, 53), (54, 40), (66, 79), (244, 232), (232, 1), (108, 169), (104, 108), (164, 135), (173, 170), (170, 164), (220, 244)]","[(1, 0.0), (15, 0.0), (40, 0.0), (66, 2009.0), (88, 4018.0), (108, 6033.0), (173, 8043.0), (165, 8043.0), (164, 10050.0), (212, 11054.0), (210, 13058.0), (244, 15069.0), (1, 16072.0)]"
2026-06-18 15:34:42,20,11407.8,11407.8,-41039.72,-21786.2,46.91,13917.0,54956.72,755.9384,16,1,8,7,16072.0,1873480,"[79, 135, 53, 169, 88, 212, 210, 66, 244, 232, 108, 104, 164, 173, 170, 220]",[212],"[79, 135, 53, 169, 232, 104, 170, 220]","[88, 210, 66, 244, 108, 164, 173]","[1, 15, 40, 66, 88, 108, 173, 165, 164, 212, 210, 244, 1]","[(1, 15), (79, 88), (135, 210), (53, 66), (169, 173), (88, 104), (15, 54), (210, 220), (40, 53), (54, 40), (66, 79), (244, 232), (232, 1), (108, 169), (104, 108), (164, 135), (173, 170), (170, 164), (220, 244)]","[(1, 0.0), (15, 0.0), (40, 0.0), (66, 2009.0), (88, 4018.0), (108, 6033.0), (173, 8043.0), (165, 8043.0), (164, 10050.0), (212, 11054.0), (210, 13058.0), (244, 15069.0), (1, 16072.0)]"
2026-06-18 15:34:49,20,11414.4,11414.3,-41039.46,-21786.2,46.91,13917.0,54956.46,755.9347,16,1,8,7,16072.0,1874464,"[79, 135, 53, 169, 88, 212, 210, 66, 244, 232, 108, 104, 164, 173, 170, 220]",[212],"[79, 135, 53, 169, 232, 104, 170, 220]","[88, 210, 66, 244, 108, 164, 173]","[1, 15, 40, 66, 88, 108, 173, 165, 164, 212, 210, 244, 1]","[(1, 15), (79, 88), (135, 210), (53, 66), (169, 164), (88, 104), (15, 54), (210, 220), (40, 53), (54, 40), (66, 79), (244, 232), (232, 1), (108, 170), (104, 108), (164, 135), (173, 169), (170, 173), (220, 244)]","[(1, 0.0), (15, 0.0), (40, 0.0), (66, 2009.0), (88, 4018.0), (108, 6033.0), (173, 8040.0), (165, 8040.0), (164, 10050.0), (212, 11054.0), (210, 13058.0), (244, 15069.0), (1, 16072.0)]"
2026-06-18 15:35:01,20,11426.9,11426.9,-41039.46,-21786.2,46.91,13917.0,54956.46,755.9347,16,1,8,7,16072.0,1875660,"[79, 135, 53, 169, 88, 212, 210, 66, 244, 232, 108, 104, 164, 173, 170, 220]",[212],"[79, 135, 53, 169, 232, 104, 170, 220]","[88, 210, 66, 244, 108, 164, 173]","[1, 15, 40, 66, 88, 108, 173, 165, 164, 212, 210, 244, 1]","[(1, 15), (79, 88), (135, 210), (53, 66), (169, 164), (88, 104), (15, 54), (210, 220), (40, 53), (54, 40), (66, 79), (244, 232), (232, 1), (108, 170), (104, 108), (164, 135), (173, 169), (170, 173), (220, 244)]","[(1, 0.0), (15, 0.0), (40, 0.0), (66, 2009.0), (88, 4018.0), (108, 6033.0), (173, 8040.0), (165, 8040.0), (164, 10050.0), (212, 11054.0), (210, 13058.0), (244, 15069.0), (1, 16072.0)]"
2026-06-18 15:35:01,20,11427.0,11427.0,-40823.01,-21786.2,46.63,13917.0,54740.01,752.9575,16,1,8,7,16072.0,1875904,"[79, 135, 53, 169, 88, 212, 210, 66, 244, 232, 108, 104, 164, 173, 170, 220]",[212],"[79, 135, 53, 169, 232, 104, 170, 220]","[88, 210, 66, 244, 108, 164, 173]","[1, 15, 40, 66, 88, 108, 173, 164, 165, 212, 210, 244, 1]","[(1, 54), (79, 88), (135, 210), (53, 66), (169, 164), (88, 104), (210, 220), (40, 53), (54, 40), (66, 79), (244, 232), (232, 1), (108, 170), (104, 108), (164, 135), (173, 169), (170, 173), (220, 244)]","[(1, 0.0), (15, 0.0), (40, 0.0), (66, 2009.0), (88, 4018.0), (108, 6033.0), (173, 8040.0), (164, 10050.0), (165, 10050.0), (212, 11054.0), (210, 13058.0), (244, 15069.0), (1, 16072.0)]"
2026-06-18 15:35:02,20,11427.2,11427.1,-40823.01,-21786.2,46.63,13917.0,54740.01,752.9575,16,1,8,7,16072.0,1876295,"[79, 135, 53, 169, 88, 212, 210, 66, 244, 232, 108, 104, 164, 173, 170, 220]",[212],"[79, 135, 53, 169, 232, 104, 170, 220]","[88, 210, 66, 244, 108, 164, 173]","[1, 15, 40, 66, 88, 108, 173, 164, 165, 212, 210, 244, 1]","[(1, 15), (79, 88), (135, 210), (53, 66), (169, 164), (88, 104), (15, 54), (210, 220), (40, 53), (54, 40), (66, 79), (244, 232), (232, 1), (108, 170), (104, 108), (164, 135), (173, 169), (170, 173), (220, 244)]","[(1, 0.0), (15, 0.0), (40, 0.0), (66, 2009.0), (88, 4018.0), (108, 6033.0), (173, 8040.0), (164, 10050.0), (165, 10050.0), (212, 11054.0), (210, 13058.0), (244, 15069.0), (1, 16072.0)]"
2026-06-18 15:35:14,20,11439.1,11439.0,-40823.01,-21786.2,46.63,13917.0,54740.01,752.9575,16,1,8,7,16072.0,1877564,"[79, 135, 53, 169, 88, 212, 210, 66, 244, 232, 108, 104, 164, 173, 170, 220]",[212],"[79, 135, 53, 169, 232, 104, 170, 220]","[88, 210, 66, 244, 108, 164, 173]","[1, 15, 40, 66, 88, 108, 173, 164, 165, 212, 210, 244, 1]","[(1, 15), (79, 88), (135, 210), (53, 66), (169, 164), (88, 104), (15, 54), (210, 220), (40, 53), (54, 40), (66, 79), (244, 232), (232, 1), (108, 170), (104, 108), (164, 135), (173, 169), (170, 173), (220, 244)]","[(1, 0.0), (15, 0.0), (40, 0.0), (66, 2009.0), (88, 4018.0), (108, 6033.0), (173, 8040.0), (164, 10050.0), (165, 10050.0), (212, 11054.0), (210, 13058.0), (244, 15069.0), (1, 16072.0)]"
2026-06-18 15:35:14,20,11439.2,11439.2,-40805.83,-21786.2,46.61,13917.0,54722.83,752.7213,16,2,8,6,16072.0,1877681,"[79, 135, 53, 169, 88, 212, 210, 66, 244, 232, 108, 104, 164, 173, 170, 220]","[212, 164]","[79, 135, 53, 169, 232, 104, 170, 220]","[88, 210, 66, 244, 108, 173]","[1, 15, 40, 66, 88, 108, 173, 164, 165, 212, 210, 244, 1]","[(1, 15), (79, 88), (135, 210), (53, 66), (169, 165), (88, 104), (15, 54), (210, 220), (40, 53), (54, 40), (66, 79), (165, 135), (244, 232), (232, 1), (108, 170), (104, 108), (173, 169), (170, 173), (220, 244)]","[(1, 0.0), (15, 0.0), (40, 0.0), (66, 2009.0), (88, 4018.0), (108, 6033.0), (173, 8040.0), (164, 9044.0), (165, 10050.0), (212, 11054.0), (210, 13058.0), (244, 15069.0), (1, 16072.0)]"
2026-06-18 15:35:20,20,11445.4,11445.3,-40805.83,-21786.2,46.61,13917.0,54722.83,752.7212,16,2,8,6,16072.0,1878082,"[79, 135, 53, 169, 88, 212, 210, 66, 244, 232, 108, 104, 164, 173, 170, 220]","[212, 164]","[79, 135, 53, 169, 232, 104, 170, 220]","[88, 210, 66, 244, 108, 173]","[1, 15, 40, 66, 88, 108, 173, 164, 165, 212, 210, 244, 1]","[(1, 15), (79, 88), (135, 210), (53, 66), (169, 165), (88, 104), (15, 54), (210, 220), (40, 53), (54, 40), (66, 79), (165, 135), (244, 232), (232, 1), (108, 170), (104, 108), (173, 169), (170, 173), (220, 244)]","[(1, 0.0), (15, 0.0), (40, 0.0), (66, 2009.0), (88, 4018.0), (108, 6033.0), (173, 8040.0), (164, 9044.0), (165, 10050.0), (212, 11054.0), (210, 13058.0), (244, 15069.0), (1, 16072.0)]"
2026-06-18 15:35:20,20,11445.5,11445.5,-40805.83,-21786.2,46.61,13917.0,54722.83,752.7212,16,2,8,6,16072.0,1878315,"[79, 135, 53, 169, 88, 212, 210, 66, 244, 232, 108, 104, 164, 173, 170, 220]","[212, 164]","[79, 135, 53, 169, 232, 104, 170, 220]","[88, 210, 66, 244, 108, 173]","[1, 15, 40, 66, 88, 108, 173, 164, 165, 212, 210, 244, 1]","[(1, 15), (79, 88), (135, 210), (53, 66), (169, 165), (88, 104), (15, 54), (210, 220), (40, 53), (54, 40), (66, 79), (165, 135), (244, 232), (232, 1), (108, 170), (104, 108), (173, 169), (170, 173), (220, 244)]","[(1, 0.0), (15, 0.0), (40, 0.0), (66, 2009.0), (88, 4018.0), (108, 6033.0), (173, 8040.0), (164, 9044.0), (165, 10050.0), (212, 11054.0), (210, 13058.0), (244, 15069.0), (1, 16072.0)]"
2026-06-18 15:35:20,20,11445.6,11445.6,-40805.83,-21786.2,46.61,13917.0,54722.83,752.7212,16,2,8,6,16072.0,1878630,"[79, 135, 53, 169, 88, 212, 210, 66, 244, 232, 108, 104, 164, 173, 170, 220]","[212, 164]","[79, 135, 53, 169, 232, 104, 170, 220]","[88, 210, 66, 244, 108, 173]","[1, 15, 40, 66, 88, 108, 173, 164, 165, 212, 210, 244, 1]","[(1, 15), (79, 88), (135, 210), (53, 66), (169, 165), (88, 104), (15, 54), (210, 220), (40, 53), (54, 40), (66, 79), (165, 135), (244, 232), (232, 1), (108, 170), (104, 108), (173, 169), (170, 173), (220, 244)]","[(1, 0.0), (15, 0.0), (40, 0.0), (66, 2009.0), (88, 4018.0), (108, 6033.0), (173, 8040.0), (164, 9044.0), (165, 10050.0), (212, 11054.0), (210, 13058.0), (244, 15069.0), (1, 16072.0)]"
2026-06-18 15:35:26,20,11451.7,11451.6,-40805.83,-21786.2,46.61,13917.0,54722.83,752.7212,16,2,8,6,16072.0,1879380,"[79, 135, 53, 169, 88, 212, 210, 66, 244, 232, 108, 104, 164, 173, 170, 220]","[212, 164]","[79, 135, 53, 169, 232, 104, 170, 220]","[88, 210, 66, 244, 108, 173]","[1, 15, 40, 66, 88, 108, 173, 164, 165, 212, 210, 244, 1]","[(1, 15), (79, 88), (135, 210), (53, 66), (169, 165), (88, 104), (15, 54), (210, 220), (40, 53), (54, 40), (66, 79), (165, 135), (244, 232), (232, 1), (108, 170), (104, 108), (173, 169), (170, 173), (220, 244)]","[(1, 0.0), (15, 0.0), (40, 0.0), (66, 2009.0), (88, 4018.0), (108, 6033.0), (173, 8040.0), (164, 9044.0), (165, 10050.0), (212, 11054.0), (210, 13058.0), (244, 15069.0), (1, 16072.0)]"
2026-06-18 15:35:39,20,11464.8,11464.8,-40805.83,-21786.2,46.61,13917.0,54722.83,752.7212,16,2,8,6,16072.0,1880625,"[79, 135, 53, 169, 88, 212, 210, 66, 244, 232, 108, 104, 164, 173, 170, 220]","[212, 164]","[79, 135, 53, 169, 232, 104, 170, 220]","[88, 210, 66, 244, 108, 173]","[1, 15, 40, 66, 88, 108, 173, 164, 165, 212, 210, 244, 1]","[(1, 15), (79, 88), (135, 210), (53, 66), (169, 165), (88, 104), (15, 54), (210, 220), (40, 53), (54, 40), (66, 79), (165, 135), (244, 232), (232, 1), (108, 170), (104, 108), (173, 169), (170, 173), (220, 244)]","[(1, 0.0), (15, 0.0), (40, 0.0), (66, 2009.0), (88, 4018.0), (108, 6033.0), (173, 8040.0), (164, 9044.0), (165, 10050.0), (212, 11054.0), (210, 13058.0), (244, 15069.0), (1, 16072.0)]"
2026-06-18 16:43:50,20,15555.3,15555.3,-40805.83,-21786.2,46.61,13917.0,54722.83,752.7212,16,2,8,6,16072.0,2497054,"[79, 135, 53, 169, 88, 212, 210, 66, 244, 232, 108, 104, 164, 173, 170, 220]","[212, 164]","[79, 135, 53, 169, 232, 104, 170, 220]","[88, 210, 66, 244, 108, 173]","[1, 15, 40, 66, 88, 108, 173, 164, 165, 212, 210, 244, 1]","[(1, 15), (79, 88), (135, 210), (53, 66), (169, 165), (88, 104), (15, 54), (210, 220), (40, 53), (54, 40), (66, 79), (165, 135), (244, 232), (232, 1), (108, 170), (104, 108), (173, 169), (170, 173), (220, 244)]","[(1, 0.0), (15, 0.0), (40, 0.0), (66, 2009.0), (88, 4018.0), (108, 6033.0), (173, 8040.0), (164, 9044.0), (165, 10050.0), (212, 11054.0), (210, 13058.0), (244, 15069.0), (1, 16072.0)]"
2026-06-18 17:07:42,20,16987.1,16987.0,-40805.83,-21786.2,46.61,13917.0,54722.83,752.7211,16,2,8,6,16072.0,2694689,"[79, 135, 53, 169, 88, 212, 210, 66, 244, 232, 108, 104, 164, 173, 170, 220]","[212, 164]","[79, 135, 53, 169, 232, 104, 170, 220]","[88, 210, 66, 244, 108, 173]","[1, 15, 40, 66, 88, 108, 173, 164, 165, 212, 210, 244, 1]","[(1, 15), (79, 88), (135, 210), (53, 66), (169, 165), (88, 104), (15, 54), (210, 220), (40, 53), (54, 40), (66, 79), (165, 135), (244, 232), (232, 1), (108, 170), (104, 108), (173, 169), (170, 173), (220, 244)]","[(1, 0.0), (15, 0.0), (40, 0.0), (66, 2009.0), (88, 4018.0), (108, 6033.0), (173, 8040.0), (164, 9044.0), (165, 10050.0), (212, 11054.0), (210, 13058.0), (244, 15069.0), (1, 16072.0)]"
2026-06-18 17:10:41,20,17167.0,17167.0,-40805.83,-21786.2,46.61,13917.0,54722.83,752.7211,16,2,8,6,16072.0,2717307,"[79, 135, 53, 169, 88, 212, 210, 66, 244, 232, 108, 104, 164, 173, 170, 220]","[212, 164]","[79, 135, 53, 169, 232, 104, 170, 220]","[88, 210, 66, 244, 108, 173]","[1, 15, 40, 66, 88, 108, 173, 164, 165, 212, 210, 244, 1]","[(1, 15), (79, 88), (135, 210), (53, 66), (169, 165), (88, 104), (15, 54), (210, 220), (40, 53), (54, 40), (66, 79), (165, 135), (244, 232), (232, 1), (108, 170), (104, 108), (173, 169), (170, 173), (220, 244)]","[(1, 0.0), (15, 0.0), (40, 0.0), (66, 2009.0), (88, 4018.0), (108, 6033.0), (173, 8040.0), (164, 9044.0), (165, 10050.0), (212, 11054.0), (210, 13058.0), (244, 15069.0), (1, 16072.0)]"
2026-06-18 17:17:40,20,17586.1,17586.0,-40375.11,-21786.2,46.04,13917.0,54292.11,746.7965,16,1,8,7,16072.0,2777149,"[79, 135, 53, 169, 88, 212, 210, 66, 244, 232, 108, 104, 164, 173, 170, 220]",[212],"[79, 135, 53, 169, 232, 104, 170, 220]","[88, 210, 66, 244, 108, 164, 173]","[1, 15, 40, 66, 88, 108, 173, 164, 212, 210, 244, 1]","[(1, 135), (79, 88), (135, 15), (53, 66), (169, 210), (88, 104), (15, 54), (210, 220), (40, 53), (54, 40), (66, 79), (165, 164), (244, 232), (232, 1), (108, 170), (104, 108), (164, 169), (173, 165), (170, 173), (220, 244)]","[(1, 0.0), (15, 1002.0), (40, 1002.0), (66, 3011.0), (88, 5020.0), (108, 7035.0), (173, 9042.0), (164, 10046.0), (212, 11050.0), (210, 13058.0), (244, 15069.0), (1, 16072.0)]"
2026-06-18 17:17:46,20,17592.0,17591.9,-40099.32,-21786.2,45.67,13732.0,53831.32,740.4584,16,1,8,7,16072.0,2777404,"[79, 53, 169, 88, 212, 210, 66, 165, 244, 232, 108, 104, 164, 173, 170, 220]",[212],"[79, 53, 169, 165, 232, 104, 170, 220]","[88, 210, 66, 244, 108, 164, 173]","[1, 15, 40, 66, 88, 108, 173, 164, 212, 210, 244, 1]","[(1, 135), (79, 88), (135, 15), (53, 66), (169, 210), (88, 104), (15, 54), (210, 220), (40, 53), (54, 40), (66, 79), (165, 164), (244, 232), (232, 1), (108, 170), (104, 108), (164, 169), (173, 165), (170, 173), (220, 244)]","[(1, 0.0), (15, 0.0), (40, 0.0), (66, 2009.0), (88, 4018.0), (108, 6033.0), (173, 8040.0), (164, 10046.0), (212, 11050.0), (210, 13058.0), (244, 15069.0), (1, 16072.0)]"
2026-06-18 17:17:53,20,17598.2,17598.1,-40099.32,-21786.2,45.67,13732.0,53831.32,740.4584,16,1,8,7,16072.0,2777675,"[79, 53, 169, 88, 212, 210, 66, 165, 244, 232, 108, 104, 164, 173, 170, 220]",[212],"[79, 53, 169, 165, 232, 104, 170, 220]","[88, 210, 66, 244, 108, 164, 173]","[1, 15, 40, 66, 88, 108, 173, 164, 212, 210, 244, 1]","[(1, 135), (79, 88), (135, 15), (53, 66), (169, 210), (88, 104), (15, 54), (210, 220), (40, 53), (54, 40), (66, 79), (165, 164), (244, 232), (232, 1), (108, 170), (104, 108), (164, 169), (173, 165), (170, 173), (220, 244)]","[(1, 0.0), (15, 0.0), (40, 0.0), (66, 2009.0), (88, 4018.0), (108, 6033.0), (173, 8040.0), (164, 10046.0), (212, 11050.0), (210, 13058.0), (244, 15069.0), (1, 16072.0)]"
2026-06-18 17:18:05,20,17610.1,17610.1,-40099.32,-21786.2,45.67,13732.0,53831.32,740.4584,16,1,8,7,16072.0,2779388,"[79, 53, 169, 88, 212, 210, 66, 165, 244, 232, 108, 104, 164, 173, 170, 220]",[212],"[79, 53, 169, 165, 232, 104, 170, 220]","[88, 210, 66, 244, 108, 164, 173]","[1, 15, 40, 66, 88, 108, 173, 164, 212, 210, 244, 1]","[(1, 135), (79, 88), (135, 15), (53, 66), (169, 210), (88, 104), (15, 54), (210, 220), (40, 53), (54, 40), (66, 79), (165, 164), (244, 232), (232, 1), (108, 170), (104, 108), (164, 169), (173, 165), (170, 173), (220, 244)]","[(1, 0.0), (15, 0.0), (40, 0.0), (66, 2009.0), (88, 4018.0), (108, 6033.0), (173, 8040.0), (164, 10046.0), (212, 11050.0), (210, 13058.0), (244, 15069.0), (1, 16072.0)]"
2026-06-18 17:18:43,20,17649.0,17649.0,-40099.32,-21786.2,45.67,13732.0,53831.32,740.4583,16,1,8,7,16072.0,2785489,"[79, 53, 169, 88, 212, 210, 66, 165, 244, 232, 108, 104, 164, 173, 170, 220]",[212],"[79, 53, 169, 165, 232, 104, 170, 220]","[88, 210, 66, 244, 108, 164, 173]","[1, 15, 40, 66, 88, 108, 173, 164, 212, 210, 244, 1]","[(1, 135), (79, 88), (135, 15), (53, 66), (169, 210), (88, 104), (15, 54), (210, 220), (40, 53), (54, 40), (66, 79), (165, 164), (244, 232), (232, 1), (108, 170), (104, 108), (164, 169), (173, 165), (170, 173), (220, 244)]","[(1, 0.0), (15, 0.0), (40, 0.0), (66, 2009.0), (88, 4018.0), (108, 6033.0), (173, 8040.0), (164, 10046.0), (212, 11050.0), (210, 13058.0), (244, 15069.0), (1, 16072.0)]"
2026-06-18 17:20:06,20,17731.1,17731.1,-40099.32,-21786.2,45.67,13732.0,53831.32,740.4583,16,1,8,7,16072.0,2795624,"[79, 53, 169, 88, 212, 210, 66, 165, 244, 232, 108, 104, 164, 173, 170, 220]",[212],"[79, 53, 169, 165, 232, 104, 170, 220]","[88, 210, 66, 244, 108, 164, 173]","[1, 15, 40, 66, 88, 108, 173, 164, 212, 210, 244, 1]","[(1, 135), (79, 88), (135, 15), (53, 66), (169, 210), (88, 104), (15, 54), (210, 220), (40, 53), (54, 40), (66, 79), (165, 164), (244, 232), (232, 1), (108, 170), (104, 108), (164, 169), (173, 165), (170, 173), (220, 244)]","[(1, 0.0), (15, 0.0), (40, 0.0), (66, 2009.0), (88, 4018.0), (108, 6033.0), (173, 8040.0), (164, 10046.0), (212, 11050.0), (210, 13058.0), (244, 15069.0), (1, 16072.0)]"
2026-06-18 17:23:18,20,17923.5,17923.5,-40099.32,-21786.2,45.67,13732.0,53831.32,740.4583,16,1,8,7,16072.0,2819765,"[79, 53, 169, 88, 212, 210, 66, 165, 244, 232, 108, 104, 164, 173, 170, 220]",[212],"[79, 53, 169, 165, 232, 104, 170, 220]","[88, 210, 66, 244, 108, 164, 173]","[1, 15, 40, 66, 88, 108, 173, 164, 212, 210, 244, 1]","[(1, 135), (79, 88), (135, 15), (53, 66), (169, 210), (88, 104), (15, 54), (210, 220), (40, 53), (54, 40), (66, 79), (165, 164), (244, 232), (232, 1), (108, 170), (104, 108), (164, 169), (173, 165), (170, 173), (220, 244)]","[(1, 0.0), (15, 0.0), (40, 0.0), (66, 2009.0), (88, 4018.0), (108, 6033.0), (173, 8040.0), (164, 10046.0), (212, 11050.0), (210, 13058.0), (244, 15069.0), (1, 16072.0)]"
2026-06-18 17:23:18,20,17923.8,17923.7,-40099.32,-21786.2,45.67,13732.0,53831.32,740.4583,16,1,8,7,16072.0,2820047,"[79, 53, 169, 88, 212, 210, 66, 165, 244, 232, 108, 104, 164, 173, 170, 220]",[212],"[79, 53, 169, 165, 232, 104, 170, 220]","[88, 210, 66, 244, 108, 164, 173]","[1, 15, 40, 66, 88, 108, 173, 164, 212, 210, 244, 1]","[(1, 135), (79, 88), (135, 15), (53, 66), (169, 210), (88, 104), (15, 54), (210, 220), (40, 53), (54, 40), (66, 79), (165, 164), (244, 232), (232, 1), (108, 170), (104, 108), (164, 169), (173, 165), (170, 173), (220, 244)]","[(1, 0.0), (15, 0.0), (40, 0.0), (66, 2009.0), (88, 4018.0), (108, 6033.0), (173, 8040.0), (164, 10046.0), (212, 11050.0), (210, 13058.0), (244, 15069.0), (1, 16072.0)]"
2026-06-18 17:25:33,20,18058.3,18058.2,-40099.32,-21786.2,45.67,13732.0,53831.32,740.4583,16,1,8,7,16072.0,2835597,"[79, 53, 169, 88, 212, 210, 66, 165, 244, 232, 108, 104, 164, 173, 170, 220]",[212],"[79, 53, 169, 165, 232, 104, 170, 220]","[88, 210, 66, 244, 108, 164, 173]","[1, 15, 40, 66, 88, 108, 173, 164, 212, 210, 244, 1]","[(1, 135), (79, 88), (135, 15), (53, 66), (169, 210), (88, 104), (15, 54), (210, 220), (40, 53), (54, 40), (66, 79), (165, 164), (244, 232), (232, 1), (108, 170), (104, 108), (164, 169), (173, 165), (170, 173), (220, 244)]","[(1, 0.0), (15, 0.0), (40, 0.0), (66, 2009.0), (88, 4018.0), (108, 6033.0), (173, 8040.0), (164, 10046.0), (212, 11050.0), (210, 13058.0), (244, 15069.0), (1, 16072.0)]"
2026-06-18 17:30:01,20,18326.7,18326.6,-40099.32,-21786.2,45.67,13732.0,53831.32,740.4583,16,1,8,7,16072.0,2868008,"[79, 53, 169, 88, 212, 210, 66, 165, 244, 232, 108, 104, 164, 173, 170, 220]",[212],"[79, 53, 169, 165, 232, 104, 170, 220]","[88, 210, 66, 244, 108, 164, 173]","[1, 15, 40, 66, 88, 108, 173, 164, 212, 210, 244, 1]","[(1, 135), (79, 88), (135, 15), (53, 66), (169, 210), (88, 104), (15, 54), (210, 220), (40, 53), (54, 40), (66, 79), (165, 164), (244, 232), (232, 1), (108, 170), (104, 108), (164, 169), (173, 165), (170, 173), (220, 244)]","[(1, 0.0), (15, 0.0), (40, 0.0), (66, 2009.0), (88, 4018.0), (108, 6033.0), (173, 8040.0), (164, 10046.0), (212, 11050.0), (210, 13058.0), (244, 15069.0), (1, 16072.0)]"
2026-06-18 17:34:11,20,18577.0,18576.9,-40099.31,-21786.2,45.67,13732.0,53831.31,740.4583,16,1,8,7,16072.0,2898812,"[79, 53, 169, 88, 212, 210, 66, 165, 244, 232, 108, 104, 164, 173, 170, 220]",[212],"[79, 53, 169, 165, 232, 104, 170, 220]","[88, 210, 66, 244, 108, 164, 173]","[1, 15, 40, 66, 88, 108, 173, 164, 212, 210, 244, 1]","[(1, 135), (79, 88), (135, 15), (53, 66), (169, 210), (88, 104), (15, 54), (210, 220), (40, 53), (54, 40), (66, 79), (165, 164), (244, 232), (232, 1), (108, 170), (104, 108), (164, 169), (173, 165), (170, 173), (220, 244)]","[(1, 0.0), (15, 0.0), (40, 0.0), (66, 2009.0), (88, 4018.0), (108, 6033.0), (173, 8040.0), (164, 10046.0), (212, 11050.0), (210, 13058.0), (244, 15069.0), (1, 16072.0)]"
2026-06-18 18:15:01,20,21026.8,21026.8,-40099.31,-21786.2,45.67,13732.0,53831.31,740.4582,16,1,8,7,16072.0,3209495,"[79, 53, 169, 88, 212, 210, 66, 165, 244, 232, 108, 104, 164, 173, 170, 220]",[212],"[79, 53, 169, 165, 232, 104, 170, 220]","[88, 210, 66, 244, 108, 164, 173]","[1, 15, 40, 66, 88, 108, 173, 164, 212, 210, 244, 1]","[(1, 135), (79, 88), (135, 15), (53, 66), (169, 210), (88, 104), (15, 54), (210, 220), (40, 53), (54, 40), (66, 79), (165, 164), (244, 232), (232, 1), (108, 170), (104, 108), (164, 169), (173, 165), (170, 173), (220, 244)]","[(1, 0.0), (15, 0.0), (40, 0.0), (66, 2009.0), (88, 4018.0), (108, 6033.0), (173, 8040.0), (164, 10046.0), (212, 11050.0), (210, 13058.0), (244, 15069.0), (1, 16072.0)]"
2026-06-18 19:12:31,20,24476.9,24476.8,-40099.31,-21786.2,45.67,13732.0,53831.31,740.4582,16,1,8,7,16072.0,3638745,"[79, 53, 169, 88, 212, 210, 66, 165, 244, 232, 108, 104, 164, 173, 170, 220]",[212],"[79, 53, 169, 165, 232, 104, 170, 220]","[88, 210, 66, 244, 108, 164, 173]","[1, 15, 40, 66, 88, 108, 173, 164, 212, 210, 244, 1]","[(1, 135), (79, 88), (135, 15), (53, 66), (169, 210), (88, 104), (15, 54), (210, 220), (40, 53), (54, 40), (66, 79), (165, 164), (244, 232), (232, 1), (108, 170), (104, 108), (164, 169), (173, 165), (170, 173), (220, 244)]","[(1, 0.0), (15, 0.0), (40, 0.0), (66, 2009.0), (88, 4018.0), (108, 6033.0), (173, 8040.0), (164, 10046.0), (212, 11050.0), (210, 13058.0), (244, 15069.0), (1, 16072.0)]"
2026-06-18 19:14:22,20,24587.1,24587.0,-40099.31,-21786.2,45.67,13732.0,53831.31,740.4582,16,1,8,7,16072.0,3652488,"[79, 53, 169, 88, 212, 210, 66, 165, 244, 232, 108, 104, 164, 173, 170, 220]",[212],"[79, 53, 169, 165, 232, 104, 170, 220]","[88, 210, 66, 244, 108, 164, 173]","[1, 15, 40, 66, 88, 108, 173, 164, 212, 210, 244, 1]","[(1, 135), (79, 88), (135, 15), (53, 66), (169, 210), (88, 104), (15, 54), (210, 220), (40, 53), (54, 40), (66, 79), (165, 164), (244, 232), (232, 1), (108, 170), (104, 108), (164, 169), (173, 165), (170, 173), (220, 244)]","[(1, 0.0), (15, 0.0), (40, 0.0), (66, 2009.0), (88, 4018.0), (108, 6033.0), (173, 8040.0), (164, 10046.0), (212, 11050.0), (210, 13058.0), (244, 15069.0), (1, 16072.0)]"
2026-06-19 00:11:37,20,42423.0,42422.9,-40099.31,-22433.85,44.05,13732.0,53831.31,740.4582,16,1,8,7,16072.0,6179394,"[79, 53, 169, 88, 212, 210, 66, 165, 244, 232, 108, 104, 164, 173, 170, 220]",[212],"[79, 53, 169, 165, 232, 104, 170, 220]","[88, 210, 66, 244, 108, 164, 173]","[1, 15, 40, 66, 88, 108, 173, 164, 212, 210, 244, 1]","[(1, 135), (79, 88), (135, 15), (53, 66), (169, 210), (88, 104), (15, 54), (210, 220), (40, 53), (54, 40), (66, 79), (165, 164), (244, 232), (232, 1), (108, 170), (104, 108), (164, 169), (173, 165), (170, 173), (220, 244)]","[(1, 0.0), (15, 0.0), (40, 0.0), (66, 2009.0), (88, 4018.0), (108, 6033.0), (173, 8040.0), (164, 10046.0), (212, 11050.0), (210, 13058.0), (244, 15069.0), (1, 16072.0)]"
2026-06-19 07:53:37,20,70142.5,70142.5,-40099.31,-22949.4,42.77,13732.0,53831.31,740.4582,16,1,8,7,16072.0,9834501,"[79, 53, 169, 88, 212, 210, 66, 165, 244, 232, 108, 104, 164, 173, 170, 220]",[212],"[79, 53, 169, 165, 232, 104, 170, 220]","[88, 210, 66, 244, 108, 164, 173]","[1, 15, 40, 66, 88, 108, 173, 164, 212, 210, 244, 1]","[(1, 135), (79, 88), (135, 15), (53, 66), (169, 210), (88, 104), (15, 54), (210, 220), (40, 53), (54, 40), (66, 79), (165, 164), (244, 232), (232, 1), (108, 170), (104, 108), (164, 169), (173, 165), (170, 173), (220, 244)]","[(1, 0.0), (15, 0.0), (40, 0.0), (66, 2009.0), (88, 4018.0), (108, 6033.0), (173, 8040.0), (164, 10046.0), (212, 11050.0), (210, 13058.0), (244, 15069.0), (1, 16072.0)]"
