method,n,seed,instance,status,objective,gap_%,time_s,n_items,n_truck,n_drone,n_rendv,profit,rental,arrival,W_final,W_capacity,W_actual,evals,time_to_best_s,reheats,collected_node_ids,truck_node_ids,drone_node_ids,rendezvous_node_ids,truck_route_node_ids,drone_arc_node_ids,W_sequence
SA,5,0,bench_5_1,ok,-30367.6626,-0.0001,10.0003,2,1,1,3,1944.0,32311.6626,444.452,2006.0,11375.0,5015.0,1451482,0.0026,66,"[2, 6]",[2],[6],"[2, 5, 1]","[1, 2, 5, 1]","[(1, 4), (4, 2), (2, 3), (3, 5), (5, 6), (6, 1)]","[(1, 0.0), (2, 0.0), (5, 1002.0), (1, 1002.0)]"
SA,5,2,bench_5_1,ok,-30367.6626,-0.0001,10.0003,2,1,1,3,1944.0,32311.6626,444.452,2006.0,11375.0,5015.0,1450110,0.0025,66,"[2, 6]",[2],[6],"[2, 5, 1]","[1, 2, 5, 1]","[(1, 4), (4, 2), (2, 3), (3, 5), (5, 6), (6, 1)]","[(1, 0.0), (2, 0.0), (5, 1002.0), (1, 1002.0)]"
SA,5,4,bench_5_1,ok,-30367.6626,-0.0001,10.0003,2,1,1,3,1944.0,32311.6626,444.452,2006.0,11375.0,5015.0,1435130,0.0026,65,"[2, 6]",[2],[6],"[2, 5, 1]","[1, 2, 5, 1]","[(1, 4), (4, 2), (2, 3), (3, 5), (5, 6), (6, 1)]","[(1, 0.0), (2, 0.0), (5, 1002.0), (1, 1002.0)]"
SA,5,6,bench_5_1,ok,-30367.6626,-0.0001,10.0003,2,1,1,3,1944.0,32311.6626,444.452,2006.0,11375.0,5015.0,1416686,0.0025,64,"[2, 6]",[2],[6],"[2, 5, 1]","[1, 2, 5, 1]","[(1, 4), (4, 2), (2, 3), (3, 5), (5, 6), (6, 1)]","[(1, 0.0), (2, 0.0), (5, 1002.0), (1, 1002.0)]"
SA,5,8,bench_5_1,ok,-30367.6626,-0.0001,10.0003,2,1,1,3,1944.0,32311.6626,444.452,2006.0,11375.0,5015.0,1456819,0.0046,66,"[2, 6]",[2],[6],"[2, 5, 1]","[1, 2, 5, 1]","[(1, 4), (4, 2), (2, 3), (3, 5), (5, 6), (6, 1)]","[(1, 0.0), (2, 0.0), (5, 1002.0), (1, 1002.0)]"
SA,5,0,bench_5_2,ok,-35293.6,0.0,10.0003,1,0,1,3,911.0,36204.6,498.0,1004.0,11375.0,5032.0,1379194,0.3425,63,[5],[],[5],"[2, 4, 1]","[1, 2, 4, 1]","[(1, 6), (6, 2), (2, 3), (3, 4), (4, 5), (5, 1)]","[(1, 0.0), (2, 0.0), (4, 0.0), (1, 0.0)]"
SA,5,2,bench_5_2,ok,-35293.6,0.0,10.0003,1,0,1,3,911.0,36204.6,498.0,1004.0,11375.0,5032.0,1382423,0.0662,63,[5],[],[5],"[2, 4, 1]","[1, 2, 4, 1]","[(1, 6), (6, 2), (2, 3), (3, 4), (4, 5), (5, 1)]","[(1, 0.0), (2, 0.0), (4, 0.0), (1, 0.0)]"
SA,5,4,bench_5_2,ok,-35293.6,0.0,10.0003,1,0,1,3,911.0,36204.6,498.0,1004.0,11375.0,5032.0,1359515,0.2001,62,[5],[],[5],"[2, 4, 1]","[1, 2, 4, 1]","[(1, 6), (6, 2), (2, 3), (3, 4), (4, 5), (5, 1)]","[(1, 0.0), (2, 0.0), (4, 0.0), (1, 0.0)]"
SA,5,6,bench_5_2,ok,-35293.6,0.0,10.0003,1,0,1,3,911.0,36204.6,498.0,1004.0,11375.0,5032.0,1369059,0.0501,62,[5],[],[5],"[2, 4, 1]","[1, 2, 4, 1]","[(1, 6), (6, 2), (2, 3), (3, 4), (4, 5), (5, 1)]","[(1, 0.0), (2, 0.0), (4, 0.0), (1, 0.0)]"
SA,5,8,bench_5_2,ok,-35293.6,0.0,10.0003,1,0,1,3,911.0,36204.6,498.0,1004.0,11375.0,5032.0,1378899,0.2155,63,[5],[],[5],"[2, 4, 1]","[1, 2, 4, 1]","[(1, 6), (6, 2), (2, 3), (3, 4), (4, 5), (5, 1)]","[(1, 0.0), (2, 0.0), (4, 0.0), (1, 0.0)]"
SA,5,0,bench_5_3,ok,-27075.2,0.0,10.0003,3,1,2,3,2441.0,29516.2,406.0,3017.0,11375.0,5030.0,1460469,0.1544,66,"[6, 2, 5]",[6],"[2, 5]","[3, 6, 1]","[1, 3, 6, 1]","[(1, 4), (4, 3), (3, 2), (2, 6), (6, 5), (5, 1)]","[(1, 0.0), (3, 0.0), (6, 0.0), (1, 2009.0)]"
SA,5,2,bench_5_3,ok,-27075.2,0.0,10.0003,3,1,2,3,2441.0,29516.2,406.0,3017.0,11375.0,5030.0,1479275,0.0493,67,"[6, 2, 5]",[6],"[2, 5]","[3, 6, 1]","[1, 3, 6, 1]","[(1, 4), (4, 3), (3, 2), (2, 6), (6, 5), (5, 1)]","[(1, 0.0), (3, 0.0), (6, 0.0), (1, 2009.0)]"
SA,5,4,bench_5_3,ok,-27075.2,0.0,10.0003,3,1,2,3,2441.0,29516.2,406.0,3017.0,11375.0,5030.0,1471587,0.0245,67,"[6, 2, 5]",[6],"[2, 5]","[3, 6, 1]","[1, 3, 6, 1]","[(1, 4), (4, 3), (3, 2), (2, 6), (6, 5), (5, 1)]","[(1, 0.0), (3, 0.0), (6, 0.0), (1, 2009.0)]"
SA,5,6,bench_5_3,ok,-27075.2,0.0,10.0003,3,1,2,3,2441.0,29516.2,406.0,3017.0,11375.0,5030.0,1487166,0.0289,68,"[6, 2, 5]",[6],"[2, 5]","[3, 6, 1]","[1, 3, 6, 1]","[(1, 4), (4, 3), (3, 2), (2, 6), (6, 5), (5, 1)]","[(1, 0.0), (3, 0.0), (6, 0.0), (1, 2009.0)]"
SA,5,8,bench_5_3,ok,-27075.2,0.0,10.0003,3,1,2,3,2441.0,29516.2,406.0,3017.0,11375.0,5030.0,1468550,0.1685,67,"[6, 2, 5]",[6],"[2, 5]","[3, 6, 1]","[1, 3, 6, 1]","[(1, 4), (4, 3), (3, 2), (2, 6), (6, 5), (5, 1)]","[(1, 0.0), (3, 0.0), (6, 0.0), (1, 2009.0)]"
SA,5,0,bench_5_4,ok,-29738.1319,-0.0002,10.0003,2,0,2,3,1870.0,31608.1319,434.7749,2010.0,11375.0,5025.0,1587740,0.177,72,"[3, 6]",[],"[3, 6]","[4, 5, 1]","[1, 4, 5, 1]","[(1, 2), (2, 4), (4, 3), (3, 5), (5, 6), (6, 1)]","[(1, 0.0), (4, 0.0), (5, 0.0), (1, 1003.0)]"
SA,5,2,bench_5_4,ok,-29738.1319,-0.0002,10.0003,2,0,2,3,1870.0,31608.1319,434.7749,2010.0,11375.0,5025.0,1586660,0.1866,72,"[3, 6]",[],"[3, 6]","[4, 5, 1]","[1, 4, 5, 1]","[(1, 2), (2, 4), (4, 3), (3, 5), (5, 6), (6, 1)]","[(1, 0.0), (4, 0.0), (5, 0.0), (1, 1003.0)]"
SA,5,4,bench_5_4,ok,-29738.1319,-0.0002,10.0003,2,0,2,3,1870.0,31608.1319,434.7749,2010.0,11375.0,5025.0,1592262,0.0595,72,"[3, 6]",[],"[3, 6]","[4, 5, 1]","[1, 4, 5, 1]","[(1, 2), (2, 4), (4, 3), (3, 5), (5, 6), (6, 1)]","[(1, 0.0), (4, 0.0), (5, 0.0), (1, 1003.0)]"
SA,5,6,bench_5_4,ok,-29738.1319,-0.0002,10.0003,2,0,2,3,1870.0,31608.1319,434.7749,2010.0,11375.0,5025.0,1582168,0.0468,72,"[3, 6]",[],"[3, 6]","[4, 5, 1]","[1, 4, 5, 1]","[(1, 2), (2, 4), (4, 3), (3, 5), (5, 6), (6, 1)]","[(1, 0.0), (4, 0.0), (5, 0.0), (1, 1003.0)]"
SA,5,8,bench_5_4,ok,-29738.1319,-0.0002,10.0003,2,0,2,3,1870.0,31608.1319,434.7749,2010.0,11375.0,5025.0,1588119,0.0462,72,"[3, 6]",[],"[3, 6]","[4, 5, 1]","[1, 4, 5, 1]","[(1, 2), (2, 4), (4, 3), (3, 5), (5, 6), (6, 1)]","[(1, 0.0), (4, 0.0), (5, 0.0), (1, 1003.0)]"
SA,5,0,bench_5_5,ok,-16725.35,0.0,10.0003,5,2,3,3,4394.0,21119.35,290.5,5021.0,11375.0,5021.0,1583512,0.1814,72,"[6, 2, 5, 3, 4]","[6, 2]","[5, 3, 4]","[6, 2, 1]","[1, 6, 2, 1]","[(1, 5), (5, 6), (6, 3), (3, 2), (2, 4), (4, 1)]","[(1, 0.0), (6, 0.0), (2, 2007.0), (1, 4017.0)]"
SA,5,2,bench_5_5,ok,-16725.35,0.0,10.0003,5,2,3,3,4394.0,21119.35,290.5,5021.0,11375.0,5021.0,1593284,0.0531,73,"[6, 2, 5, 3, 4]","[6, 2]","[5, 3, 4]","[6, 2, 1]","[1, 6, 2, 1]","[(1, 5), (5, 6), (6, 3), (3, 2), (2, 4), (4, 1)]","[(1, 0.0), (6, 0.0), (2, 2007.0), (1, 4017.0)]"
SA,5,4,bench_5_5,ok,-16725.35,0.0,10.0003,5,2,3,3,4394.0,21119.35,290.5,5021.0,11375.0,5021.0,1603057,0.5858,73,"[6, 2, 5, 3, 4]","[6, 2]","[5, 3, 4]","[6, 2, 1]","[1, 6, 2, 1]","[(1, 5), (5, 6), (6, 3), (3, 2), (2, 4), (4, 1)]","[(1, 0.0), (6, 0.0), (2, 2007.0), (1, 4017.0)]"
SA,5,6,bench_5_5,ok,-16725.35,0.0,10.0003,5,2,3,3,4394.0,21119.35,290.5,5021.0,11375.0,5021.0,1599135,0.0478,73,"[6, 2, 5, 3, 4]","[6, 2]","[5, 3, 4]","[6, 2, 1]","[1, 6, 2, 1]","[(1, 5), (5, 6), (6, 3), (3, 2), (2, 4), (4, 1)]","[(1, 0.0), (6, 0.0), (2, 2007.0), (1, 4017.0)]"
SA,5,8,bench_5_5,ok,-16725.35,0.0,10.0003,5,2,3,3,4394.0,21119.35,290.5,5021.0,11375.0,5021.0,1593122,0.0474,72,"[6, 2, 5, 3, 4]","[6, 2]","[5, 3, 4]","[6, 2, 1]","[1, 6, 2, 1]","[(1, 5), (5, 6), (6, 3), (3, 2), (2, 4), (4, 1)]","[(1, 0.0), (6, 0.0), (2, 2007.0), (1, 4017.0)]"
SA,10,0,bench_10_1,ok,-37643.0869,,30.0041,5,3,2,5,4841.0,42484.0869,584.3753,5011.0,22750.0,10028.0,3133824,1.7698,78,"[4, 11, 10, 6, 9]","[4, 11, 10]","[6, 9]","[7, 2, 4, 11, 1]","[1, 7, 2, 4, 11, 10, 1]","[(1, 8), (8, 7), (7, 3), (3, 2), (2, 5), (5, 4), (4, 6), (6, 11), (11, 9), (9, 1)]","[(1, 0.0), (7, 0.0), (2, 0.0), (4, 0.0), (11, 1002.0), (10, 3008.0), (1, 4008.0)]"
SA,10,2,bench_10_1,ok,-37643.0869,,30.004,5,3,2,5,4841.0,42484.0869,584.3753,5011.0,22750.0,10028.0,3127378,27.8485,78,"[4, 11, 10, 6, 9]","[4, 11, 10]","[6, 9]","[7, 2, 4, 11, 1]","[1, 7, 2, 4, 11, 10, 1]","[(1, 8), (8, 7), (7, 3), (3, 2), (2, 5), (5, 4), (4, 6), (6, 11), (11, 9), (9, 1)]","[(1, 0.0), (7, 0.0), (2, 0.0), (4, 0.0), (11, 1002.0), (10, 3008.0), (1, 4008.0)]"
SA,10,4,bench_10_1,ok,-37643.0869,,30.004,5,3,2,5,4841.0,42484.0869,584.3753,5011.0,22750.0,10028.0,3125466,1.3002,77,"[4, 11, 10, 6, 9]","[4, 11, 10]","[6, 9]","[7, 2, 4, 11, 1]","[1, 7, 2, 4, 11, 10, 1]","[(1, 8), (8, 7), (7, 3), (3, 2), (2, 5), (5, 4), (4, 6), (6, 11), (11, 9), (9, 1)]","[(1, 0.0), (7, 0.0), (2, 0.0), (4, 0.0), (11, 1002.0), (10, 3008.0), (1, 4008.0)]"
SA,10,6,bench_10_1,ok,-37643.0869,,30.0037,5,3,2,5,4841.0,42484.0869,584.3753,5011.0,22750.0,10028.0,3160928,12.7801,78,"[4, 11, 10, 6, 9]","[4, 11, 10]","[6, 9]","[7, 2, 4, 11, 1]","[1, 7, 2, 4, 11, 10, 1]","[(1, 8), (8, 7), (7, 3), (3, 2), (2, 5), (5, 4), (4, 6), (6, 11), (11, 9), (9, 1)]","[(1, 0.0), (7, 0.0), (2, 0.0), (4, 0.0), (11, 1002.0), (10, 3008.0), (1, 4008.0)]"
SA,10,8,bench_10_1,ok,-37643.0869,,30.0035,5,3,2,5,4841.0,42484.0869,584.3753,5011.0,22750.0,10028.0,3198436,16.7082,79,"[4, 11, 10, 6, 9]","[4, 11, 10]","[6, 9]","[7, 2, 4, 11, 1]","[1, 7, 2, 4, 11, 10, 1]","[(1, 8), (8, 7), (7, 3), (3, 2), (2, 5), (5, 4), (4, 6), (6, 11), (11, 9), (9, 1)]","[(1, 0.0), (7, 0.0), (2, 0.0), (4, 0.0), (11, 1002.0), (10, 3008.0), (1, 4008.0)]"
SA,10,0,bench_10_2,ok,-38951.4253,,30.0047,4,2,2,4,3299.0,42250.4253,581.1613,4025.0,22750.0,10050.0,3285292,1.7207,81,"[9, 2, 5, 11]","[9, 2]","[5, 11]","[10, 6, 9, 1]","[1, 10, 8, 7, 6, 9, 2, 1]","[(1, 3), (3, 10), (10, 4), (4, 6), (6, 5), (5, 9), (9, 11), (11, 1)]","[(1, 0.0), (10, 0.0), (8, 0.0), (7, 0.0), (6, 0.0), (9, 0.0), (2, 2011.0), (1, 3019.0)]"
SA,10,2,bench_10_2,ok,-38951.4253,,30.0045,4,2,2,4,3299.0,42250.4253,581.1613,4025.0,22750.0,10050.0,3300981,4.9369,82,"[9, 2, 5, 11]","[9, 2]","[5, 11]","[10, 6, 9, 1]","[1, 10, 8, 7, 6, 9, 2, 1]","[(1, 3), (3, 10), (10, 4), (4, 6), (6, 5), (5, 9), (9, 11), (11, 1)]","[(1, 0.0), (10, 0.0), (8, 0.0), (7, 0.0), (6, 0.0), (9, 0.0), (2, 2011.0), (1, 3019.0)]"
SA,10,4,bench_10_2,ok,-38951.4253,,30.0046,4,2,2,4,3299.0,42250.4253,581.1613,4025.0,22750.0,10050.0,3311701,27.4728,82,"[9, 2, 5, 11]","[9, 2]","[5, 11]","[10, 6, 9, 1]","[1, 10, 8, 7, 6, 9, 2, 1]","[(1, 3), (3, 10), (10, 4), (4, 6), (6, 5), (5, 9), (9, 11), (11, 1)]","[(1, 0.0), (10, 0.0), (8, 0.0), (7, 0.0), (6, 0.0), (9, 0.0), (2, 2011.0), (1, 3019.0)]"
SA,10,6,bench_10_2,ok,-38915.5372,,30.0041,5,2,3,5,4211.0,43126.5372,593.2123,5026.0,22750.0,10050.0,3266757,15.4614,81,"[5, 2, 6, 9, 11]","[5, 2]","[6, 9, 11]","[10, 4, 3, 2, 1]","[1, 10, 4, 5, 3, 2, 1]","[(1, 8), (8, 10), (10, 7), (7, 4), (4, 6), (6, 3), (3, 9), (9, 2), (2, 11), (11, 1)]","[(1, 0.0), (10, 0.0), (4, 0.0), (5, 0.0), (3, 1009.0), (2, 2010.0), (1, 4020.0)]"
SA,10,8,bench_10_2,ok,-38918.7159,,30.0036,5,2,3,5,4210.0,43128.7159,593.2423,5029.0,22750.0,10050.0,3309601,25.217,82,"[5, 2, 7, 9, 11]","[5, 2]","[7, 9, 11]","[10, 4, 3, 2, 1]","[1, 10, 4, 5, 3, 2, 1]","[(1, 8), (8, 10), (10, 6), (6, 4), (4, 7), (7, 3), (3, 9), (9, 2), (2, 11), (11, 1)]","[(1, 0.0), (10, 0.0), (4, 0.0), (5, 0.0), (3, 1009.0), (2, 2013.0), (1, 4023.0)]"
SA,10,0,bench_10_3,ok,-28382.9589,,30.0043,10,5,5,5,7897.0,36279.9589,499.0366,10056.0,22750.0,10056.0,3398578,6.8894,84,"[2, 6, 5, 7, 11, 10, 4, 3, 8, 9]","[2, 6, 5, 7, 11]","[10, 4, 3, 8, 9]","[2, 5, 7, 11, 1]","[1, 2, 6, 5, 7, 11, 1]","[(1, 10), (10, 2), (2, 4), (4, 5), (5, 3), (3, 7), (7, 8), (8, 11), (11, 9), (9, 1)]","[(1, 0.0), (2, 0.0), (6, 2010.0), (5, 3016.0), (7, 5033.0), (11, 7049.0), (1, 9056.0)]"
SA,10,2,bench_10_3,ok,-28382.9589,,30.0036,10,5,5,5,7897.0,36279.9589,499.0366,10056.0,22750.0,10056.0,3422410,1.8838,85,"[2, 6, 5, 7, 11, 10, 4, 3, 8, 9]","[2, 6, 5, 7, 11]","[10, 4, 3, 8, 9]","[2, 5, 7, 11, 1]","[1, 2, 6, 5, 7, 11, 1]","[(1, 10), (10, 2), (2, 4), (4, 5), (5, 3), (3, 7), (7, 8), (8, 11), (11, 9), (9, 1)]","[(1, 0.0), (2, 0.0), (6, 2010.0), (5, 3016.0), (7, 5033.0), (11, 7049.0), (1, 9056.0)]"
SA,10,4,bench_10_3,ok,-28382.9589,,30.0042,10,5,5,5,7897.0,36279.9589,499.0366,10056.0,22750.0,10056.0,3422433,2.2207,85,"[2, 6, 5, 7, 11, 10, 4, 3, 8, 9]","[2, 6, 5, 7, 11]","[10, 4, 3, 8, 9]","[2, 5, 7, 11, 1]","[1, 2, 6, 5, 7, 11, 1]","[(1, 10), (10, 2), (2, 4), (4, 5), (5, 3), (3, 7), (7, 8), (8, 11), (11, 9), (9, 1)]","[(1, 0.0), (2, 0.0), (6, 2010.0), (5, 3016.0), (7, 5033.0), (11, 7049.0), (1, 9056.0)]"
SA,10,6,bench_10_3,ok,-28567.9324,,30.0041,9,4,5,5,7249.0,35816.9324,492.6676,9054.0,22750.0,10056.0,3419066,12.4774,85,"[5, 6, 7, 11, 10, 4, 3, 8, 9]","[5, 6, 7, 11]","[10, 4, 3, 8, 9]","[2, 6, 7, 11, 1]","[1, 2, 5, 6, 7, 11, 1]","[(1, 10), (10, 2), (2, 4), (4, 6), (6, 3), (3, 7), (7, 8), (8, 11), (11, 9), (9, 1)]","[(1, 0.0), (2, 0.0), (5, 1008.0), (6, 2016.0), (7, 4031.0), (11, 6047.0), (1, 8054.0)]"
SA,10,8,bench_10_3,ok,-28382.9589,,30.0042,10,5,5,5,7897.0,36279.9589,499.0366,10056.0,22750.0,10056.0,3379836,4.4504,84,"[2, 6, 5, 7, 11, 10, 4, 3, 8, 9]","[2, 6, 5, 7, 11]","[10, 4, 3, 8, 9]","[2, 5, 7, 11, 1]","[1, 2, 6, 5, 7, 11, 1]","[(1, 10), (10, 2), (2, 4), (4, 5), (5, 3), (3, 7), (7, 8), (8, 11), (11, 9), (9, 1)]","[(1, 0.0), (2, 0.0), (6, 2010.0), (5, 3016.0), (7, 5033.0), (11, 7049.0), (1, 9056.0)]"
SA,10,0,bench_10_4,ok,-36395.6646,,30.0045,7,4,3,4,6408.0,42803.6646,588.7712,7031.0,22750.0,10043.0,3338260,9.4415,83,"[7, 9, 10, 11, 6, 4, 8]","[7, 9, 10, 11]","[6, 4, 8]","[3, 7, 9, 1]","[1, 2, 3, 7, 9, 10, 11, 1]","[(1, 6), (6, 3), (3, 5), (5, 7), (7, 4), (4, 9), (9, 8), (8, 1)]","[(1, 0.0), (2, 0.0), (3, 0.0), (7, 1000.0), (9, 2003.0), (10, 4019.0), (11, 5023.0), (1, 6030.0)]"
SA,10,2,bench_10_4,ok,-36395.6646,,30.0045,7,4,3,4,6408.0,42803.6646,588.7712,7031.0,22750.0,10043.0,3306601,5.9481,82,"[7, 9, 10, 11, 6, 4, 8]","[7, 9, 10, 11]","[6, 4, 8]","[3, 7, 9, 1]","[1, 2, 3, 7, 9, 10, 11, 1]","[(1, 6), (6, 3), (3, 5), (5, 7), (7, 4), (4, 9), (9, 8), (8, 1)]","[(1, 0.0), (2, 0.0), (3, 0.0), (7, 1000.0), (9, 2003.0), (10, 4019.0), (11, 5023.0), (1, 6030.0)]"
SA,10,4,bench_10_4,ok,-36395.6646,,30.0046,7,4,3,4,6408.0,42803.6646,588.7712,7031.0,22750.0,10043.0,3415399,7.0352,85,"[7, 9, 10, 11, 6, 4, 8]","[7, 9, 10, 11]","[6, 4, 8]","[3, 7, 9, 1]","[1, 2, 3, 7, 9, 10, 11, 1]","[(1, 6), (6, 3), (3, 5), (5, 7), (7, 4), (4, 9), (9, 8), (8, 1)]","[(1, 0.0), (2, 0.0), (3, 0.0), (7, 1000.0), (9, 2003.0), (10, 4019.0), (11, 5023.0), (1, 6030.0)]"
SA,10,6,bench_10_4,ok,-36485.245,,30.0045,7,4,3,4,6143.0,42628.245,586.3583,7038.0,22750.0,10043.0,3330421,21.374,83,"[7, 9, 10, 11, 5, 4, 8]","[7, 9, 10, 11]","[5, 4, 8]","[3, 7, 9, 1]","[1, 2, 3, 7, 9, 10, 11, 1]","[(1, 6), (6, 3), (3, 5), (5, 7), (7, 4), (4, 9), (9, 8), (8, 1)]","[(1, 0.0), (2, 0.0), (3, 0.0), (7, 0.0), (9, 2010.0), (10, 4026.0), (11, 5030.0), (1, 6037.0)]"
SA,10,8,bench_10_4,ok,-36395.6646,,30.0045,7,4,3,4,6408.0,42803.6646,588.7712,7031.0,22750.0,10043.0,3385555,23.2763,84,"[7, 9, 10, 11, 6, 4, 8]","[7, 9, 10, 11]","[6, 4, 8]","[3, 7, 9, 1]","[1, 2, 3, 7, 9, 10, 11, 1]","[(1, 6), (6, 3), (3, 5), (5, 7), (7, 4), (4, 9), (9, 8), (8, 1)]","[(1, 0.0), (2, 0.0), (3, 0.0), (7, 1000.0), (9, 2003.0), (10, 4019.0), (11, 5023.0), (1, 6030.0)]"
SA,10,0,bench_10_5,ok,-32684.6289,,30.0045,7,4,3,4,6155.0,38839.6289,534.2452,7038.0,22750.0,10055.0,3362845,1.2113,83,"[6, 7, 2, 11, 4, 3, 10]","[6, 7, 2, 11]","[4, 3, 10]","[8, 6, 11, 1]","[1, 9, 8, 6, 7, 2, 11, 1]","[(1, 5), (5, 8), (8, 4), (4, 6), (6, 3), (3, 11), (11, 10), (10, 1)]","[(1, 0.0), (9, 0.0), (8, 0.0), (6, 0.0), (7, 2012.0), (2, 3018.0), (11, 4022.0), (1, 6036.0)]"
SA,10,2,bench_10_5,ok,-32684.6289,,30.0045,7,4,3,4,6155.0,38839.6289,534.2452,7038.0,22750.0,10055.0,3427651,0.5067,85,"[6, 7, 2, 11, 4, 3, 10]","[6, 7, 2, 11]","[4, 3, 10]","[8, 6, 11, 1]","[1, 9, 8, 6, 7, 2, 11, 1]","[(1, 5), (5, 8), (8, 4), (4, 6), (6, 3), (3, 11), (11, 10), (10, 1)]","[(1, 0.0), (9, 0.0), (8, 0.0), (6, 0.0), (7, 2012.0), (2, 3018.0), (11, 4022.0), (1, 6036.0)]"
SA,10,4,bench_10_5,ok,-32684.6289,,30.0046,7,4,3,4,6155.0,38839.6289,534.2452,7038.0,22750.0,10055.0,3344465,0.8795,83,"[6, 7, 2, 11, 4, 3, 10]","[6, 7, 2, 11]","[4, 3, 10]","[8, 6, 11, 1]","[1, 9, 8, 6, 7, 2, 11, 1]","[(1, 5), (5, 8), (8, 4), (4, 6), (6, 3), (3, 11), (11, 10), (10, 1)]","[(1, 0.0), (9, 0.0), (8, 0.0), (6, 0.0), (7, 2012.0), (2, 3018.0), (11, 4022.0), (1, 6036.0)]"
SA,10,6,bench_10_5,ok,-32684.6289,,30.0039,7,4,3,4,6155.0,38839.6289,534.2452,7038.0,22750.0,10055.0,3344433,0.5325,83,"[6, 7, 2, 11, 4, 3, 10]","[6, 7, 2, 11]","[4, 3, 10]","[8, 6, 11, 1]","[1, 9, 8, 6, 7, 2, 11, 1]","[(1, 5), (5, 8), (8, 4), (4, 6), (6, 3), (3, 11), (11, 10), (10, 1)]","[(1, 0.0), (9, 0.0), (8, 0.0), (6, 0.0), (7, 2012.0), (2, 3018.0), (11, 4022.0), (1, 6036.0)]"
SA,10,8,bench_10_5,ok,-32684.6289,,30.0045,7,4,3,4,6155.0,38839.6289,534.2452,7038.0,22750.0,10055.0,3351764,8.5868,83,"[6, 7, 2, 11, 4, 3, 10]","[6, 7, 2, 11]","[4, 3, 10]","[8, 6, 11, 1]","[1, 9, 8, 6, 7, 2, 11, 1]","[(1, 5), (5, 8), (8, 4), (4, 6), (6, 3), (3, 11), (11, 10), (10, 1)]","[(1, 0.0), (9, 0.0), (8, 0.0), (6, 0.0), (7, 2012.0), (2, 3018.0), (11, 4022.0), (1, 6036.0)]"
SA,15,0,bench_15_1,ok,-36462.3566,,120.0551,10,6,4,7,8562.0,45024.3566,619.3171,10043.0,34126.0,15068.0,10621362,49.1614,182,"[9, 6, 10, 4, 3, 2, 8, 7, 13, 15]","[9, 6, 10, 4, 3, 2]","[8, 7, 13, 15]","[16, 12, 9, 6, 10, 2, 1]","[1, 16, 12, 9, 6, 10, 4, 3, 2, 1]","[(1, 11), (11, 16), (16, 14), (14, 12), (12, 8), (8, 9), (9, 7), (7, 6), (6, 5), (5, 10), (10, 13), (13, 2), (2, 15), (15, 1)]","[(1, 0.0), (16, 0.0), (12, 0.0), (9, 0.0), (6, 2018.0), (10, 4021.0), (4, 5026.0), (3, 6034.0), (2, 7035.0), (1, 9041.0)]"
SA,15,2,bench_15_1,ok,-36385.6115,,120.059,11,6,5,7,9094.0,45479.6115,625.5793,11051.0,34126.0,15068.0,10824894,17.2141,185,"[9, 6, 10, 4, 3, 2, 8, 7, 13, 5, 15]","[9, 6, 10, 4, 3, 2]","[8, 7, 13, 5, 15]","[16, 12, 9, 6, 4, 2, 1]","[1, 16, 12, 9, 6, 10, 4, 3, 2, 1]","[(1, 11), (11, 16), (16, 14), (14, 12), (12, 8), (8, 9), (9, 7), (7, 6), (6, 13), (13, 4), (4, 5), (5, 2), (2, 15), (15, 1)]","[(1, 0.0), (16, 0.0), (12, 0.0), (9, 0.0), (6, 2018.0), (10, 4021.0), (4, 5026.0), (3, 7039.0), (2, 8040.0), (1, 10049.0)]"
SA,15,4,bench_15_1,ok,-36462.3566,,120.0547,10,6,4,7,8562.0,45024.3566,619.3171,10043.0,34126.0,15068.0,10694359,26.0387,183,"[9, 6, 10, 4, 3, 2, 8, 7, 13, 15]","[9, 6, 10, 4, 3, 2]","[8, 7, 13, 15]","[16, 12, 9, 6, 10, 2, 1]","[1, 16, 12, 9, 6, 10, 4, 3, 2, 1]","[(1, 11), (11, 16), (16, 14), (14, 12), (12, 8), (8, 9), (9, 7), (7, 6), (6, 5), (5, 10), (10, 13), (13, 2), (2, 15), (15, 1)]","[(1, 0.0), (16, 0.0), (12, 0.0), (9, 0.0), (6, 2018.0), (10, 4021.0), (4, 5026.0), (3, 6034.0), (2, 7035.0), (1, 9041.0)]"
SA,15,6,bench_15_1,ok,-36468.7852,,120.0556,11,6,5,7,9371.0,45839.7852,630.5335,11052.0,34126.0,15068.0,10642099,73.3539,182,"[9, 6, 10, 4, 3, 2, 13, 8, 7, 14, 15]","[9, 6, 10, 4, 3, 2]","[13, 8, 7, 14, 15]","[16, 12, 9, 6, 10, 2, 1]","[1, 16, 12, 9, 6, 10, 4, 3, 2, 1]","[(1, 11), (11, 16), (16, 13), (13, 12), (12, 8), (8, 9), (9, 7), (7, 6), (6, 5), (5, 10), (10, 14), (14, 2), (2, 15), (15, 1)]","[(1, 0.0), (16, 0.0), (12, 0.0), (9, 1005.0), (6, 3023.0), (10, 5026.0), (4, 6031.0), (3, 7039.0), (2, 8040.0), (1, 10050.0)]"
SA,15,8,bench_15_1,ok,-36385.6115,,120.058,11,6,5,7,9094.0,45479.6115,625.5793,11051.0,34126.0,15068.0,10729501,120.058,184,"[9, 6, 10, 4, 3, 2, 8, 7, 13, 5, 15]","[9, 6, 10, 4, 3, 2]","[8, 7, 13, 5, 15]","[16, 12, 9, 6, 4, 2, 1]","[1, 16, 12, 9, 6, 10, 4, 3, 2, 1]","[(1, 11), (11, 16), (16, 14), (14, 12), (12, 8), (8, 9), (9, 7), (7, 6), (6, 13), (13, 4), (4, 5), (5, 2), (2, 15), (15, 1)]","[(1, 0.0), (16, 0.0), (12, 0.0), (9, 0.0), (6, 2018.0), (10, 4021.0), (4, 5026.0), (3, 7039.0), (2, 8040.0), (1, 10049.0)]"
SA,15,0,bench_15_2,ok,-39854.039,,120.0455,9,5,4,6,7490.0,47344.039,651.2247,9036.0,34126.0,15070.0,11054498,88.1425,189,"[6, 7, 8, 15, 16, 5, 11, 14, 13]","[6, 7, 8, 15, 16]","[5, 11, 14, 13]","[3, 4, 6, 10, 15, 1]","[1, 2, 3, 4, 6, 7, 8, 10, 15, 16, 1]","[(1, 12), (12, 3), (3, 9), (9, 4), (4, 5), (5, 6), (6, 11), (11, 10), (10, 14), (14, 15), (15, 13), (13, 1)]","[(1, 0.0), (2, 0.0), (3, 0.0), (4, 0.0), (6, 0.0), (7, 2010.0), (8, 3014.0), (10, 4014.0), (15, 5020.0), (16, 7032.0), (1, 8032.0)]"
SA,15,2,bench_15_2,ok,-39719.546,,120.0498,12,6,6,6,9559.0,49278.546,677.8342,12055.0,34126.0,15070.0,11263229,120.0498,193,"[11, 8, 9, 2, 15, 16, 5, 6, 7, 4, 3, 14]","[11, 8, 9, 2, 15, 16]","[5, 6, 7, 4, 3, 14]","[11, 8, 10, 2, 15, 1]","[1, 13, 12, 11, 8, 10, 9, 2, 15, 16, 1]","[(1, 5), (5, 11), (11, 6), (6, 8), (8, 7), (7, 10), (10, 4), (4, 2), (2, 3), (3, 15), (15, 14), (14, 1)]","[(1, 0.0), (13, 0.0), (12, 0.0), (11, 0.0), (8, 2015.0), (10, 4016.0), (9, 5020.0), (2, 6022.0), (15, 8035.0), (16, 10049.0), (1, 11049.0)]"
SA,15,4,bench_15_2,ok,-40290.9201,,120.0463,12,7,5,6,9688.0,49978.9201,687.468,12059.0,34126.0,15070.0,11158358,111.3424,191,"[7, 6, 4, 3, 9, 15, 16, 11, 5, 2, 13, 14]","[7, 6, 4, 3, 9, 15, 16]","[11, 5, 2, 13, 14]","[10, 4, 3, 9, 15, 1]","[1, 10, 8, 7, 6, 4, 3, 9, 15, 16, 1]","[(1, 12), (12, 10), (10, 11), (11, 4), (4, 5), (5, 3), (3, 2), (2, 9), (9, 13), (13, 15), (15, 14), (14, 1)]","[(1, 0.0), (10, 0.0), (8, 0.0), (7, 0.0), (6, 1004.0), (4, 2005.0), (3, 4016.0), (9, 6033.0), (15, 8043.0), (16, 10053.0), (1, 11053.0)]"
SA,15,6,bench_15_2,ok,-40943.4253,,120.0461,10,5,5,6,8197.0,49140.4253,675.9343,10047.0,34126.0,15070.0,11104837,1.7647,190,"[7, 11, 12, 13, 16, 5, 6, 4, 14, 3]","[7, 11, 12, 13, 16]","[5, 6, 4, 14, 3]","[2, 7, 8, 12, 13, 1]","[1, 15, 2, 9, 7, 8, 11, 12, 13, 16, 1]","[(1, 10), (10, 2), (9, 5), (5, 7), (7, 6), (6, 8), (8, 4), (4, 12), (12, 14), (14, 13), (13, 3), (3, 1)]","[(1, 0.0), (15, 0.0), (2, 0.0), (9, 0.0), (7, 0.0), (8, 2013.0), (11, 3014.0), (12, 4020.0), (13, 6029.0), (16, 8039.0), (1, 9039.0)]"
SA,15,8,bench_15_2,ok,-40177.5021,,120.0453,12,7,5,6,9688.0,49865.5021,685.9079,12059.0,34126.0,15070.0,11053571,51.5038,189,"[7, 4, 3, 9, 2, 15, 16, 6, 5, 11, 13, 14]","[7, 4, 3, 9, 2, 15, 16]","[6, 5, 11, 13, 14]","[10, 7, 4, 2, 15, 1]","[1, 10, 8, 7, 4, 3, 9, 2, 15, 16, 1]","[(1, 12), (12, 10), (10, 6), (6, 7), (7, 5), (5, 4), (4, 11), (11, 2), (2, 13), (13, 15), (15, 14), (14, 1)]","[(1, 0.0), (10, 0.0), (8, 0.0), (7, 0.0), (4, 2005.0), (3, 4019.0), (9, 5027.0), (2, 6029.0), (15, 8043.0), (16, 10053.0), (1, 11053.0)]"
SA,15,0,bench_15_3,ok,-36293.5512,,120.0784,13,8,5,6,10924.0,47217.5512,649.4849,13079.0,34126.0,15084.0,10812130,120.0784,185,"[9, 3, 8, 7, 11, 14, 13, 16, 5, 4, 6, 10, 12]","[9, 3, 8, 7, 11, 14, 13, 16]","[5, 4, 6, 10, 12]","[2, 3, 7, 11, 16, 1]","[1, 2, 9, 3, 8, 7, 11, 14, 13, 16, 1]","[(1, 15), (15, 2), (2, 5), (5, 3), (3, 4), (4, 7), (7, 6), (6, 11), (11, 10), (10, 16), (16, 12), (12, 1)]","[(1, 0.0), (2, 0.0), (9, 0.0), (3, 1008.0), (8, 3021.0), (7, 4027.0), (11, 6044.0), (14, 8056.0), (13, 9064.0), (16, 10072.0), (1, 12079.0)]"
SA,15,2,bench_15_3,ok,-36689.4522,,120.0334,11,7,4,5,9182.0,45871.4522,630.9691,11056.0,34126.0,15084.0,10850927,55.7818,186,"[8, 10, 11, 14, 13, 12, 16, 3, 5, 6, 2]","[8, 10, 11, 14, 13, 12, 16]","[3, 5, 6, 2]","[8, 7, 10, 13, 1]","[1, 15, 9, 8, 7, 10, 11, 14, 13, 12, 16, 1]","[(1, 4), (4, 8), (8, 3), (3, 7), (7, 5), (5, 10), (10, 6), (6, 13), (13, 2), (2, 1)]","[(1, 0.0), (15, 0.0), (9, 0.0), (8, 0.0), (7, 1006.0), (10, 2014.0), (11, 4026.0), (14, 5029.0), (13, 6037.0), (12, 8054.0), (16, 9054.0), (1, 10054.0)]"
SA,15,4,bench_15_3,ok,-36689.4522,,120.0335,11,7,4,5,9182.0,45871.4522,630.9691,11056.0,34126.0,15084.0,10921538,45.1708,187,"[8, 10, 11, 14, 13, 12, 16, 3, 5, 6, 2]","[8, 10, 11, 14, 13, 12, 16]","[3, 5, 6, 2]","[8, 7, 10, 13, 1]","[1, 15, 9, 8, 7, 10, 11, 14, 13, 12, 16, 1]","[(1, 4), (4, 8), (8, 3), (3, 7), (7, 5), (5, 10), (10, 6), (6, 13), (13, 2), (2, 1)]","[(1, 0.0), (15, 0.0), (9, 0.0), (8, 0.0), (7, 1006.0), (10, 2014.0), (11, 4026.0), (14, 5029.0), (13, 6037.0), (12, 8054.0), (16, 9054.0), (1, 10054.0)]"
SA,15,6,bench_15_3,ok,-36447.5204,,120.0373,13,8,5,5,10857.0,47304.5204,650.6812,13074.0,34126.0,15084.0,10812306,120.0373,185,"[8, 3, 7, 11, 14, 13, 12, 16, 5, 4, 6, 10, 15]","[8, 3, 7, 11, 14, 13, 12, 16]","[5, 4, 6, 10, 15]","[8, 7, 11, 16, 1]","[1, 2, 9, 8, 3, 7, 11, 14, 13, 12, 16, 1]","[(1, 5), (5, 8), (8, 4), (4, 7), (7, 6), (6, 11), (11, 10), (10, 16), (16, 15), (15, 1)]","[(1, 0.0), (2, 0.0), (9, 0.0), (8, 0.0), (3, 2011.0), (7, 3019.0), (11, 5036.0), (14, 7048.0), (13, 8056.0), (12, 9064.0), (16, 10064.0), (1, 12071.0)]"
SA,15,8,bench_15_3,ok,-36447.5204,,120.0348,13,8,5,5,10857.0,47304.5204,650.6812,13074.0,34126.0,15084.0,10857045,52.825,186,"[8, 3, 7, 11, 14, 13, 12, 16, 5, 4, 6, 10, 15]","[8, 3, 7, 11, 14, 13, 12, 16]","[5, 4, 6, 10, 15]","[8, 7, 11, 16, 1]","[1, 2, 9, 8, 3, 7, 11, 14, 13, 12, 16, 1]","[(1, 5), (5, 8), (8, 4), (4, 7), (7, 6), (6, 11), (11, 10), (10, 16), (16, 15), (15, 1)]","[(1, 0.0), (2, 0.0), (9, 0.0), (8, 0.0), (3, 2011.0), (7, 3019.0), (11, 5036.0), (14, 7048.0), (13, 8056.0), (12, 9064.0), (16, 10064.0), (1, 12071.0)]"
SA,15,0,bench_15_4,ok,-34558.1341,,120.0847,14,8,6,7,12484.0,47042.1341,647.072,14061.0,34126.0,15068.0,10522033,120.0847,180,"[2, 3, 4, 9, 11, 10, 15, 16, 5, 7, 8, 12, 13, 14]","[2, 3, 4, 9, 11, 10, 15, 16]","[5, 7, 8, 12, 13, 14]","[3, 4, 11, 10, 15, 16, 1]","[1, 2, 3, 4, 9, 11, 10, 15, 16, 1]","[(1, 6), (6, 3), (3, 5), (5, 4), (4, 7), (7, 11), (11, 8), (8, 10), (10, 12), (12, 15), (15, 13), (13, 16), (16, 14), (14, 1)]","[(1, 0.0), (2, 0.0), (3, 1005.0), (4, 2008.0), (9, 4017.0), (11, 5020.0), (10, 7021.0), (15, 9034.0), (16, 11043.0), (1, 13054.0)]"
SA,15,2,bench_15_4,ok,-35640.6644,,120.0597,12,7,5,7,10572.0,46212.6644,635.6625,12055.0,34126.0,15068.0,10770102,120.0596,184,"[10, 11, 9, 4, 3, 2, 16, 8, 6, 5, 7, 14]","[10, 11, 9, 4, 3, 2, 16]","[8, 6, 5, 7, 14]","[13, 10, 9, 4, 3, 16, 1]","[1, 13, 10, 11, 9, 4, 3, 2, 16, 1]","[(1, 12), (12, 13), (13, 15), (15, 10), (10, 8), (8, 9), (9, 6), (6, 4), (4, 5), (5, 3), (3, 7), (7, 16), (16, 14), (14, 1)]","[(1, 0.0), (13, 0.0), (10, 0.0), (11, 1007.0), (9, 2008.0), (4, 4017.0), (3, 6024.0), (2, 8036.0), (16, 9041.0), (1, 11048.0)]"
SA,15,4,bench_15_4,ok,-35582.1063,,120.0477,11,6,5,6,9936.0,45518.1063,626.1088,11053.0,34126.0,15068.0,10625615,120.0477,182,"[9, 11, 10, 12, 13, 14, 8, 5, 7, 15, 16]","[9, 11, 10, 12, 13, 14]","[8, 5, 7, 15, 16]","[3, 4, 9, 12, 14, 1]","[1, 2, 3, 4, 9, 11, 10, 12, 13, 14, 1]","[(1, 8), (8, 3), (3, 5), (5, 4), (4, 6), (6, 9), (9, 7), (7, 12), (12, 15), (15, 14), (14, 16), (16, 1)]","[(1, 0.0), (2, 0.0), (3, 0.0), (4, 1006.0), (9, 2015.0), (11, 3018.0), (10, 4019.0), (12, 5026.0), (13, 7033.0), (14, 8037.0), (1, 10046.0)]"
SA,15,6,bench_15_4,ok,-34558.1341,,120.0842,14,8,6,7,12484.0,47042.1341,647.072,14061.0,34126.0,15068.0,10499380,120.0842,180,"[2, 3, 4, 9, 11, 10, 15, 16, 5, 7, 8, 12, 13, 14]","[2, 3, 4, 9, 11, 10, 15, 16]","[5, 7, 8, 12, 13, 14]","[3, 4, 11, 10, 15, 16, 1]","[1, 2, 3, 4, 9, 11, 10, 15, 16, 1]","[(1, 6), (6, 3), (3, 5), (5, 4), (4, 7), (7, 11), (11, 8), (8, 10), (10, 12), (12, 15), (15, 13), (13, 16), (16, 14), (14, 1)]","[(1, 0.0), (2, 0.0), (3, 1005.0), (4, 2008.0), (9, 4017.0), (11, 5020.0), (10, 7021.0), (15, 9034.0), (16, 11043.0), (1, 13054.0)]"
SA,15,8,bench_15_4,ok,-34558.1341,,120.0888,14,8,6,7,12484.0,47042.1341,647.072,14061.0,34126.0,15068.0,10753179,120.0888,184,"[2, 3, 4, 9, 11, 10, 15, 16, 5, 7, 8, 12, 13, 14]","[2, 3, 4, 9, 11, 10, 15, 16]","[5, 7, 8, 12, 13, 14]","[3, 4, 11, 10, 15, 16, 1]","[1, 2, 3, 4, 9, 11, 10, 15, 16, 1]","[(1, 6), (6, 3), (3, 5), (5, 4), (4, 7), (7, 11), (11, 8), (8, 10), (10, 12), (12, 15), (15, 13), (13, 16), (16, 14), (14, 1)]","[(1, 0.0), (2, 0.0), (3, 1005.0), (4, 2008.0), (9, 4017.0), (11, 5020.0), (10, 7021.0), (15, 9034.0), (16, 11043.0), (1, 13054.0)]"
SA,15,0,bench_15_5,ok,-33375.6962,,120.0449,11,7,4,5,9306.0,42681.6962,587.0935,11065.0,34126.0,15075.0,11152395,120.0448,191,"[10, 8, 7, 9, 2, 15, 16, 4, 6, 3, 5]","[10, 8, 7, 9, 2, 15, 16]","[4, 6, 3, 5]","[14, 10, 8, 9, 1]","[1, 14, 12, 11, 10, 8, 7, 9, 2, 15, 16, 1]","[(1, 13), (13, 14), (14, 4), (4, 10), (10, 6), (6, 8), (8, 3), (3, 9), (9, 5), (5, 1)]","[(1, 0.0), (14, 0.0), (12, 0.0), (11, 0.0), (10, 0.0), (8, 2011.0), (7, 4027.0), (9, 5036.0), (2, 7051.0), (15, 8055.0), (16, 9060.0), (1, 10060.0)]"
SA,15,2,bench_15_5,ok,-33375.6962,,120.0342,11,7,4,5,9306.0,42681.6962,587.0935,11065.0,34126.0,15075.0,11087059,11.8196,190,"[10, 8, 7, 9, 2, 15, 16, 4, 6, 3, 5]","[10, 8, 7, 9, 2, 15, 16]","[4, 6, 3, 5]","[14, 10, 8, 9, 1]","[1, 14, 12, 11, 10, 8, 7, 9, 2, 15, 16, 1]","[(1, 13), (13, 14), (14, 4), (4, 10), (10, 6), (6, 8), (8, 3), (3, 9), (9, 5), (5, 1)]","[(1, 0.0), (14, 0.0), (12, 0.0), (11, 0.0), (10, 0.0), (8, 2011.0), (7, 4027.0), (9, 5036.0), (2, 7051.0), (15, 8055.0), (16, 9060.0), (1, 10060.0)]"
SA,15,4,bench_15_5,ok,-33553.1938,,120.0346,12,8,4,5,10037.0,43590.1938,599.59,12069.0,34126.0,15075.0,11117483,62.1229,190,"[12, 10, 8, 7, 9, 2, 15, 16, 5, 6, 3, 4]","[12, 10, 8, 7, 9, 2, 15, 16]","[5, 6, 3, 4]","[14, 10, 8, 9, 1]","[1, 14, 12, 11, 10, 8, 7, 9, 2, 15, 16, 1]","[(1, 13), (13, 14), (14, 5), (5, 10), (10, 6), (6, 8), (8, 3), (3, 9), (9, 4), (4, 1)]","[(1, 0.0), (14, 0.0), (12, 0.0), (11, 1004.0), (10, 1004.0), (8, 3013.0), (7, 5029.0), (9, 6038.0), (2, 8053.0), (15, 9057.0), (16, 10062.0), (1, 11062.0)]"
SA,15,6,bench_15_5,ok,-33375.6962,,120.0344,11,7,4,5,9306.0,42681.6962,587.0935,11065.0,34126.0,15075.0,11131281,8.0217,190,"[10, 8, 7, 9, 2, 15, 16, 4, 6, 3, 5]","[10, 8, 7, 9, 2, 15, 16]","[4, 6, 3, 5]","[14, 10, 8, 9, 1]","[1, 14, 12, 11, 10, 8, 7, 9, 2, 15, 16, 1]","[(1, 13), (13, 14), (14, 4), (4, 10), (10, 6), (6, 8), (8, 3), (3, 9), (9, 5), (5, 1)]","[(1, 0.0), (14, 0.0), (12, 0.0), (11, 0.0), (10, 0.0), (8, 2011.0), (7, 4027.0), (9, 5036.0), (2, 7051.0), (15, 8055.0), (16, 9060.0), (1, 10060.0)]"
SA,15,8,bench_15_5,ok,-33553.1938,,120.0505,12,8,4,5,10037.0,43590.1938,599.59,12069.0,34126.0,15075.0,11211425,120.0504,192,"[12, 10, 8, 7, 9, 2, 15, 16, 5, 6, 3, 4]","[12, 10, 8, 7, 9, 2, 15, 16]","[5, 6, 3, 4]","[14, 10, 8, 9, 1]","[1, 14, 12, 11, 10, 8, 7, 9, 2, 15, 16, 1]","[(1, 13), (13, 14), (14, 5), (5, 10), (10, 6), (6, 8), (8, 3), (3, 9), (9, 4), (4, 1)]","[(1, 0.0), (14, 0.0), (12, 0.0), (11, 1004.0), (10, 1004.0), (8, 3013.0), (7, 5029.0), (9, 6038.0), (2, 8053.0), (15, 9057.0), (16, 10062.0), (1, 11062.0)]"
SA,20,0,bench_20_1,ok,-40756.6502,,300.7344,16,9,7,9,13732.0,54488.6502,749.5,16072.0,45501.0,20094.0,22916340,300.7343,298,"[6, 8, 10, 9, 15, 13, 18, 17, 21, 4, 7, 16, 12, 14, 19, 20]","[6, 8, 10, 9, 15, 13, 18, 17, 21]","[4, 7, 16, 12, 14, 19, 20]","[2, 3, 8, 9, 15, 13, 17, 21, 1]","[1, 2, 3, 6, 8, 10, 9, 15, 13, 18, 17, 21, 1]","[(1, 11), (11, 2), (2, 5), (5, 3), (3, 4), (4, 8), (8, 7), (7, 9), (9, 16), (16, 15), (15, 12), (12, 13), (13, 14), (14, 17), (17, 19), (19, 21), (21, 20), (20, 1)]","[(1, 0.0), (2, 0.0), (3, 0.0), (6, 0.0), (8, 1004.0), (10, 3013.0), (9, 4022.0), (15, 6033.0), (13, 8040.0), (18, 10046.0), (17, 11050.0), (21, 13058.0), (1, 15069.0)]"
SA,20,2,bench_20_1,ok,-40090.7023,,300.04,16,8,8,10,13732.0,53822.7023,740.3398,16072.0,45501.0,20094.0,22564410,131.645,294,"[6, 8, 10, 16, 12, 18, 17, 21, 4, 7, 9, 15, 13, 14, 19, 20]","[6, 8, 10, 16, 12, 18, 17, 21]","[4, 7, 9, 15, 13, 14, 19, 20]","[2, 3, 6, 8, 10, 16, 12, 17, 21, 1]","[1, 2, 3, 6, 8, 10, 16, 12, 18, 17, 21, 1]","[(1, 11), (11, 2), (2, 5), (5, 3), (3, 4), (4, 6), (6, 7), (7, 8), (8, 9), (9, 10), (10, 15), (15, 16), (16, 13), (13, 12), (12, 14), (14, 17), (17, 19), (19, 21), (21, 20), (20, 1)]","[(1, 0.0), (2, 0.0), (3, 0.0), (6, 0.0), (8, 2009.0), (10, 4018.0), (16, 6033.0), (12, 8040.0), (18, 10046.0), (17, 11050.0), (21, 13058.0), (1, 15069.0)]"
SA,20,4,bench_20_1,ok,-40904.1792,,300.0704,15,7,8,10,12856.0,53760.1792,739.4798,15068.0,45501.0,20094.0,22816992,300.0704,297,"[8, 10, 16, 12, 18, 17, 21, 4, 7, 9, 15, 13, 14, 19, 20]","[8, 10, 16, 12, 18, 17, 21]","[4, 7, 9, 15, 13, 14, 19, 20]","[2, 3, 5, 8, 10, 16, 12, 17, 21, 1]","[1, 2, 3, 5, 8, 10, 16, 12, 18, 17, 21, 1]","[(1, 11), (11, 2), (2, 6), (6, 3), (3, 4), (4, 5), (5, 7), (7, 8), (8, 9), (9, 10), (10, 15), (15, 16), (16, 13), (13, 12), (12, 14), (14, 17), (17, 19), (19, 21), (21, 20), (20, 1)]","[(1, 0.0), (2, 0.0), (3, 0.0), (5, 0.0), (8, 1005.0), (10, 3014.0), (16, 5029.0), (12, 7036.0), (18, 9042.0), (17, 10046.0), (21, 12054.0), (1, 14065.0)]"
SA,20,6,bench_20_1,ok,-40090.7023,,300.4343,16,8,8,10,13732.0,53822.7023,740.3398,16072.0,45501.0,20094.0,23055071,300.4343,300,"[6, 8, 10, 16, 12, 18, 17, 21, 4, 7, 9, 15, 13, 14, 19, 20]","[6, 8, 10, 16, 12, 18, 17, 21]","[4, 7, 9, 15, 13, 14, 19, 20]","[2, 3, 6, 8, 10, 16, 12, 17, 21, 1]","[1, 2, 3, 6, 8, 10, 16, 12, 18, 17, 21, 1]","[(1, 11), (11, 2), (2, 5), (5, 3), (3, 4), (4, 6), (6, 7), (7, 8), (8, 9), (9, 10), (10, 15), (15, 16), (16, 13), (13, 12), (12, 14), (14, 17), (17, 19), (19, 21), (21, 20), (20, 1)]","[(1, 0.0), (2, 0.0), (3, 0.0), (6, 0.0), (8, 2009.0), (10, 4018.0), (16, 6033.0), (12, 8040.0), (18, 10046.0), (17, 11050.0), (21, 13058.0), (1, 15069.0)]"
SA,20,8,bench_20_1,ok,-40488.7455,,300.7318,16,9,7,9,13732.0,54220.7455,745.8149,16072.0,45501.0,20094.0,23070568,116.4893,300,"[6, 8, 10, 9, 15, 12, 18, 17, 21, 4, 7, 16, 13, 14, 19, 20]","[6, 8, 10, 9, 15, 12, 18, 17, 21]","[4, 7, 16, 13, 14, 19, 20]","[2, 3, 8, 9, 15, 12, 17, 21, 1]","[1, 2, 3, 6, 8, 10, 9, 15, 12, 18, 17, 21, 1]","[(1, 11), (11, 2), (2, 5), (5, 3), (3, 4), (4, 8), (8, 7), (7, 9), (9, 16), (16, 15), (15, 13), (13, 12), (12, 14), (14, 17), (17, 19), (19, 21), (21, 20), (20, 1)]","[(1, 0.0), (2, 0.0), (3, 0.0), (6, 0.0), (8, 1004.0), (10, 3013.0), (9, 4022.0), (15, 6033.0), (12, 8040.0), (18, 10046.0), (17, 11050.0), (21, 13058.0), (1, 15069.0)]"
SA,20,0,bench_20_2,ok,-38826.6915,,300.6333,16,10,6,8,13360.0,52186.6915,717.8362,16070.0,45501.0,20098.0,23176820,300.6332,302,"[2, 10, 5, 7, 8, 9, 11, 20, 19, 21, 13, 6, 14, 15, 16, 17]","[2, 10, 5, 7, 8, 9, 11, 20, 19, 21]","[13, 6, 14, 15, 16, 17]","[2, 10, 5, 8, 12, 11, 20, 1]","[1, 2, 10, 4, 5, 7, 8, 9, 12, 11, 20, 19, 21, 1]","[(1, 18), (18, 2), (2, 3), (3, 10), (10, 13), (13, 5), (5, 6), (6, 8), (8, 14), (14, 12), (12, 15), (15, 11), (11, 16), (16, 20), (20, 17), (17, 1)]","[(1, 0.0), (2, 0.0), (10, 1004.0), (4, 2006.0), (5, 2006.0), (7, 4017.0), (8, 5018.0), (9, 7031.0), (12, 8031.0), (11, 9040.0), (20, 11053.0), (19, 13063.0), (21, 14064.0), (1, 15064.0)]"
SA,20,2,bench_20_2,ok,-40220.0971,,300.3056,14,8,6,7,11706.0,51926.0971,714.2517,14069.0,45501.0,20098.0,23347512,103.1107,304,"[8, 14, 13, 15, 16, 20, 19, 21, 6, 7, 5, 11, 17, 18]","[8, 14, 13, 15, 16, 20, 19, 21]","[6, 7, 5, 11, 17, 18]","[3, 8, 9, 15, 16, 19, 1]","[1, 2, 3, 10, 12, 8, 9, 14, 13, 15, 16, 20, 19, 21, 1]","[(1, 4), (4, 3), (3, 6), (6, 8), (8, 7), (7, 9), (9, 5), (5, 15), (15, 11), (11, 16), (16, 17), (17, 19), (19, 18), (18, 1)]","[(1, 0.0), (2, 0.0), (3, 0.0), (10, 0.0), (12, 0.0), (8, 0.0), (9, 2013.0), (14, 3014.0), (13, 4023.0), (15, 5029.0), (16, 7038.0), (20, 9051.0), (19, 10057.0), (21, 12064.0), (1, 13064.0)]"
SA,20,4,bench_20_2,ok,-39895.8407,,300.4818,15,9,6,8,12330.0,52225.8407,718.3747,15077.0,45501.0,20098.0,23469261,300.4818,306,"[14, 8, 4, 10, 3, 2, 20, 19, 21, 17, 7, 5, 6, 11, 18]","[14, 8, 4, 10, 3, 2, 20, 19, 21]","[17, 7, 5, 6, 11, 18]","[16, 14, 9, 8, 4, 2, 19, 1]","[1, 16, 13, 14, 9, 8, 4, 10, 3, 2, 20, 19, 21, 1]","[(1, 15), (15, 16), (16, 17), (17, 14), (14, 12), (12, 9), (9, 7), (7, 8), (8, 5), (5, 4), (4, 6), (6, 2), (2, 11), (11, 19), (19, 18), (18, 1)]","[(1, 0.0), (16, 0.0), (13, 0.0), (14, 0.0), (9, 2015.0), (8, 2015.0), (4, 4020.0), (10, 6033.0), (3, 7035.0), (2, 8043.0), (20, 10056.0), (19, 11062.0), (21, 13072.0), (1, 14072.0)]"
SA,20,6,bench_20_2,ok,-40042.1844,,300.4941,16,8,8,8,13185.0,53227.1844,732.1483,16083.0,45501.0,20098.0,23781114,300.4941,310,"[14, 8, 10, 3, 2, 20, 19, 21, 17, 13, 5, 7, 6, 4, 11, 18]","[14, 8, 10, 3, 2, 20, 19, 21]","[17, 13, 5, 7, 6, 4, 11, 18]","[16, 15, 8, 9, 10, 2, 19, 1]","[1, 16, 15, 14, 8, 9, 12, 10, 3, 2, 20, 19, 21, 1]","[(1, 17), (17, 16), (16, 13), (13, 15), (15, 5), (5, 8), (8, 7), (7, 9), (9, 6), (6, 10), (10, 4), (4, 2), (2, 11), (11, 19), (19, 18), (18, 1)]","[(1, 0.0), (16, 0.0), (15, 1006.0), (14, 2012.0), (8, 3021.0), (9, 5030.0), (12, 6031.0), (10, 6031.0), (3, 8042.0), (2, 9050.0), (20, 11062.0), (19, 12068.0), (21, 14078.0), (1, 15078.0)]"
SA,20,8,bench_20_2,ok,-39300.1708,,300.3042,17,11,6,7,13971.0,53271.1708,732.7534,17087.0,45501.0,20098.0,23086354,300.3041,301,"[11, 8, 7, 5, 4, 10, 3, 2, 20, 19, 21, 16, 14, 6, 13, 17, 18]","[11, 8, 7, 5, 4, 10, 3, 2, 20, 19, 21]","[16, 14, 6, 13, 17, 18]","[11, 12, 7, 5, 10, 19, 1]","[1, 11, 12, 9, 8, 7, 5, 4, 10, 3, 2, 20, 19, 21, 1]","[(1, 15), (15, 11), (11, 16), (16, 12), (12, 14), (14, 7), (7, 6), (6, 5), (5, 13), (13, 10), (10, 17), (17, 19), (19, 18), (18, 1)]","[(1, 0.0), (11, 0.0), (12, 1009.0), (9, 2013.0), (8, 2013.0), (7, 3017.0), (5, 5027.0), (4, 7041.0), (10, 8049.0), (3, 10057.0), (2, 11065.0), (20, 12069.0), (19, 13075.0), (21, 15082.0), (1, 16082.0)]"
SA,20,0,bench_20_3,ok,-35025.7612,,300.4844,18,11,7,8,15454.0,50479.7612,694.3571,18099.0,45501.0,20106.0,23560928,246.1061,307,"[12, 4, 5, 11, 10, 9, 14, 15, 18, 17, 21, 7, 6, 8, 13, 19, 20, 16]","[12, 4, 5, 11, 10, 9, 14, 15, 18, 17, 21]","[7, 6, 8, 13, 19, 20, 16]","[3, 5, 9, 14, 15, 17, 21, 1]","[1, 3, 12, 4, 5, 11, 10, 9, 14, 15, 18, 17, 21, 1]","[(1, 2), (2, 3), (3, 7), (7, 5), (5, 6), (6, 9), (9, 8), (8, 14), (14, 13), (13, 15), (15, 19), (19, 17), (17, 20), (20, 21), (21, 16), (16, 1)]","[(1, 0.0), (3, 0.0), (12, 0.0), (4, 1008.0), (5, 2010.0), (11, 4023.0), (10, 5029.0), (9, 6037.0), (14, 8049.0), (15, 10062.0), (18, 12072.0), (17, 13080.0), (21, 15096.0), (1, 17099.0)]"
SA,20,2,bench_20_3,ok,-35025.7612,,300.4861,18,11,7,8,15454.0,50479.7612,694.3571,18099.0,45501.0,20106.0,23553935,143.6033,307,"[12, 4, 5, 11, 10, 9, 14, 15, 18, 17, 21, 7, 6, 8, 13, 19, 20, 16]","[12, 4, 5, 11, 10, 9, 14, 15, 18, 17, 21]","[7, 6, 8, 13, 19, 20, 16]","[3, 5, 9, 14, 15, 17, 21, 1]","[1, 3, 12, 4, 5, 11, 10, 9, 14, 15, 18, 17, 21, 1]","[(1, 2), (2, 3), (3, 7), (7, 5), (5, 6), (6, 9), (9, 8), (8, 14), (14, 13), (13, 15), (15, 19), (19, 17), (17, 20), (20, 21), (21, 16), (16, 1)]","[(1, 0.0), (3, 0.0), (12, 0.0), (4, 1008.0), (5, 2010.0), (11, 4023.0), (10, 5029.0), (9, 6037.0), (14, 8049.0), (15, 10062.0), (18, 12072.0), (17, 13080.0), (21, 15096.0), (1, 17099.0)]"
SA,20,4,bench_20_3,ok,-35462.0435,,300.3041,18,11,7,7,15200.0,50662.0435,696.8644,18095.0,45501.0,20106.0,23539104,254.2583,307,"[19, 4, 5, 11, 10, 9, 14, 15, 18, 17, 21, 7, 6, 8, 13, 3, 16, 2]","[19, 4, 5, 11, 10, 9, 14, 15, 18, 17, 21]","[7, 6, 8, 13, 3, 16, 2]","[5, 9, 14, 15, 18, 17, 1]","[1, 20, 19, 12, 4, 5, 11, 10, 9, 14, 15, 18, 17, 21, 1]","[(1, 7), (7, 5), (5, 6), (6, 9), (9, 8), (8, 14), (14, 13), (13, 15), (15, 3), (3, 18), (18, 16), (16, 17), (17, 2), (2, 1)]","[(1, 0.0), (20, 0.0), (19, 0.0), (12, 1008.0), (4, 1008.0), (5, 2010.0), (11, 4023.0), (10, 5029.0), (9, 6037.0), (14, 8049.0), (15, 10062.0), (18, 12072.0), (17, 14085.0), (21, 16093.0), (1, 17093.0)]"
SA,20,6,bench_20_3,ok,-35025.7612,,300.478,18,11,7,8,15454.0,50479.7612,694.3571,18099.0,45501.0,20106.0,23686304,119.0128,309,"[12, 4, 5, 11, 10, 9, 14, 15, 18, 17, 21, 7, 6, 8, 13, 19, 20, 16]","[12, 4, 5, 11, 10, 9, 14, 15, 18, 17, 21]","[7, 6, 8, 13, 19, 20, 16]","[3, 5, 9, 14, 15, 17, 21, 1]","[1, 3, 12, 4, 5, 11, 10, 9, 14, 15, 18, 17, 21, 1]","[(1, 2), (2, 3), (3, 7), (7, 5), (5, 6), (6, 9), (9, 8), (8, 14), (14, 13), (13, 15), (15, 19), (19, 17), (17, 20), (20, 21), (21, 16), (16, 1)]","[(1, 0.0), (3, 0.0), (12, 0.0), (4, 1008.0), (5, 2010.0), (11, 4023.0), (10, 5029.0), (9, 6037.0), (14, 8049.0), (15, 10062.0), (18, 12072.0), (17, 13080.0), (21, 15096.0), (1, 17099.0)]"
SA,20,8,bench_20_3,ok,-35025.7612,,300.4936,18,11,7,8,15454.0,50479.7612,694.3571,18099.0,45501.0,20106.0,23736723,300.4935,310,"[12, 4, 5, 11, 10, 9, 14, 15, 18, 17, 21, 7, 6, 8, 13, 19, 20, 16]","[12, 4, 5, 11, 10, 9, 14, 15, 18, 17, 21]","[7, 6, 8, 13, 19, 20, 16]","[3, 5, 9, 14, 15, 17, 21, 1]","[1, 3, 12, 4, 5, 11, 10, 9, 14, 15, 18, 17, 21, 1]","[(1, 2), (2, 3), (3, 7), (7, 5), (5, 6), (6, 9), (9, 8), (8, 14), (14, 13), (13, 15), (15, 19), (19, 17), (17, 20), (20, 21), (21, 16), (16, 1)]","[(1, 0.0), (3, 0.0), (12, 0.0), (4, 1008.0), (5, 2010.0), (11, 4023.0), (10, 5029.0), (9, 6037.0), (14, 8049.0), (15, 10062.0), (18, 12072.0), (17, 13080.0), (21, 15096.0), (1, 17099.0)]"
SA,20,0,bench_20_4,ok,-37063.1891,,300.2903,20,10,10,10,17481.0,54544.1891,750.2639,20092.0,45501.0,20092.0,22867088,300.2903,298,"[3, 5, 7, 10, 15, 14, 13, 17, 18, 19, 16, 4, 6, 8, 9, 11, 20, 12, 21, 2]","[3, 5, 7, 10, 15, 14, 13, 17, 18, 19]","[16, 4, 6, 8, 9, 11, 20, 12, 21, 2]","[3, 5, 7, 10, 15, 14, 13, 18, 19, 1]","[1, 3, 5, 7, 10, 15, 14, 13, 17, 18, 19, 1]","[(1, 16), (16, 3), (3, 4), (4, 5), (5, 6), (6, 7), (7, 8), (8, 10), (10, 9), (9, 15), (15, 11), (11, 14), (14, 20), (20, 13), (13, 12), (12, 18), (18, 21), (21, 19), (19, 2), (2, 1)]","[(1, 0.0), (3, 0.0), (5, 2009.0), (7, 4018.0), (10, 6025.0), (15, 8031.0), (14, 10037.0), (13, 12047.0), (17, 14055.0), (18, 15062.0), (19, 17073.0), (1, 19087.0)]"
SA,20,2,bench_20_4,ok,-37088.0452,,300.6659,18,8,10,10,15946.0,53034.0452,729.4917,18080.0,45501.0,20092.0,22917531,300.6659,299,"[3, 7, 10, 15, 14, 13, 18, 19, 16, 4, 5, 8, 9, 11, 20, 12, 17, 21]","[3, 7, 10, 15, 14, 13, 18, 19]","[16, 4, 5, 8, 9, 11, 20, 12, 17, 21]","[3, 6, 7, 10, 15, 14, 13, 18, 19, 1]","[1, 2, 3, 6, 7, 10, 15, 14, 13, 18, 19, 1]","[(1, 16), (16, 3), (3, 4), (4, 6), (6, 5), (5, 7), (7, 8), (8, 10), (10, 9), (9, 15), (15, 11), (11, 14), (14, 20), (20, 13), (13, 12), (12, 18), (18, 17), (17, 19), (19, 21), (21, 1)]","[(1, 0.0), (2, 0.0), (3, 0.0), (6, 2009.0), (7, 3009.0), (10, 5018.0), (15, 7024.0), (14, 9030.0), (13, 11040.0), (18, 13048.0), (19, 15059.0), (1, 17073.0)]"
SA,20,4,bench_20_4,ok,-35251.9352,,300.9094,19,10,9,9,16598.0,51849.9352,713.2041,19087.0,45501.0,20092.0,22978749,300.9093,300,"[3, 4, 6, 7, 10, 15, 14, 12, 20, 21, 16, 11, 5, 8, 9, 13, 17, 18, 19]","[3, 4, 6, 7, 10, 15, 14, 12, 20, 21]","[16, 11, 5, 8, 9, 13, 17, 18, 19]","[3, 6, 7, 10, 15, 14, 20, 21, 1]","[1, 2, 3, 4, 6, 7, 10, 15, 14, 12, 20, 21, 1]","[(1, 16), (16, 3), (3, 11), (11, 6), (6, 5), (5, 7), (7, 8), (8, 10), (10, 9), (9, 15), (15, 13), (13, 14), (14, 17), (17, 20), (20, 18), (18, 21), (21, 19), (19, 1)]","[(1, 0.0), (2, 0.0), (3, 0.0), (4, 2009.0), (6, 3009.0), (7, 5019.0), (10, 7028.0), (15, 9034.0), (14, 11040.0), (12, 13053.0), (20, 14060.0), (21, 16069.0), (1, 18080.0)]"
SA,20,6,bench_20_4,ok,-37061.8107,,300.4491,18,9,9,10,15743.0,52804.8107,726.3385,18081.0,45501.0,20092.0,23171101,300.4491,302,"[3, 5, 7, 10, 15, 14, 13, 18, 19, 4, 6, 8, 9, 11, 20, 12, 17, 21]","[3, 5, 7, 10, 15, 14, 13, 18, 19]","[4, 6, 8, 9, 11, 20, 12, 17, 21]","[3, 5, 7, 10, 15, 14, 13, 18, 19, 1]","[1, 2, 3, 5, 7, 10, 15, 14, 13, 18, 19, 1]","[(1, 16), (16, 3), (3, 4), (4, 5), (5, 6), (6, 7), (7, 8), (8, 10), (10, 9), (9, 15), (15, 11), (11, 14), (14, 20), (20, 13), (13, 12), (12, 18), (18, 17), (17, 19), (19, 21), (21, 1)]","[(1, 0.0), (2, 0.0), (3, 0.0), (5, 1003.0), (7, 3012.0), (10, 5019.0), (15, 7025.0), (14, 9031.0), (13, 11041.0), (18, 13049.0), (19, 15060.0), (1, 17074.0)]"
SA,20,8,bench_20_4,ok,-37088.0452,,300.7498,18,8,10,10,15946.0,53034.0452,729.4917,18080.0,45501.0,20092.0,22909945,300.7497,299,"[3, 7, 10, 15, 14, 13, 18, 19, 16, 4, 5, 8, 9, 11, 20, 12, 17, 21]","[3, 7, 10, 15, 14, 13, 18, 19]","[16, 4, 5, 8, 9, 11, 20, 12, 17, 21]","[3, 6, 7, 10, 15, 14, 13, 18, 19, 1]","[1, 2, 3, 6, 7, 10, 15, 14, 13, 18, 19, 1]","[(1, 16), (16, 3), (3, 4), (4, 6), (6, 5), (5, 7), (7, 8), (8, 10), (10, 9), (9, 15), (15, 11), (11, 14), (14, 20), (20, 13), (13, 12), (12, 18), (18, 17), (17, 19), (19, 21), (21, 1)]","[(1, 0.0), (2, 0.0), (3, 0.0), (6, 2009.0), (7, 3009.0), (10, 5018.0), (15, 7024.0), (14, 9030.0), (13, 11040.0), (18, 13048.0), (19, 15059.0), (1, 17073.0)]"
SA,20,0,bench_20_5,ok,-37879.2381,,300.0385,15,8,7,10,12322.0,50201.2381,690.526,15074.0,45501.0,20090.0,23253896,174.0949,303,"[14, 9, 6, 11, 12, 3, 20, 21, 8, 7, 5, 10, 4, 18, 19]","[14, 9, 6, 11, 12, 3, 20, 21]","[8, 7, 5, 10, 4, 18, 19]","[17, 16, 14, 9, 6, 11, 12, 20, 21, 1]","[1, 17, 16, 14, 9, 6, 11, 12, 3, 20, 21, 1]","[(1, 2), (2, 17), (17, 15), (15, 16), (16, 13), (13, 14), (14, 8), (8, 9), (9, 7), (7, 6), (6, 5), (5, 11), (11, 10), (10, 12), (12, 4), (4, 20), (20, 18), (18, 21), (21, 19), (19, 1)]","[(1, 0.0), (17, 0.0), (16, 0.0), (14, 0.0), (9, 1004.0), (6, 3011.0), (11, 5025.0), (12, 7039.0), (3, 9054.0), (20, 10058.0), (21, 12072.0), (1, 14074.0)]"
SA,20,2,bench_20_5,ok,-38087.2381,,300.0393,15,8,7,10,12114.0,50201.2381,690.526,15074.0,45501.0,20090.0,23291528,62.7725,304,"[14, 9, 6, 11, 12, 3, 20, 21, 8, 7, 5, 10, 4, 2, 19]","[14, 9, 6, 11, 12, 3, 20, 21]","[8, 7, 5, 10, 4, 2, 19]","[17, 16, 14, 9, 6, 11, 12, 20, 21, 1]","[1, 17, 16, 14, 9, 6, 11, 12, 3, 20, 21, 1]","[(1, 18), (18, 17), (17, 15), (15, 16), (16, 13), (13, 14), (14, 8), (8, 9), (9, 7), (7, 6), (6, 5), (5, 11), (11, 10), (10, 12), (12, 4), (4, 20), (20, 2), (2, 21), (21, 19), (19, 1)]","[(1, 0.0), (17, 0.0), (16, 0.0), (14, 0.0), (9, 1004.0), (6, 3011.0), (11, 5025.0), (12, 7039.0), (3, 9054.0), (20, 10058.0), (21, 12072.0), (1, 14074.0)]"
SA,20,4,bench_20_5,ok,-37879.2381,,300.0364,15,8,7,10,12322.0,50201.2381,690.526,15074.0,45501.0,20090.0,22997780,297.3747,300,"[14, 9, 6, 11, 12, 3, 20, 21, 8, 7, 5, 10, 4, 18, 19]","[14, 9, 6, 11, 12, 3, 20, 21]","[8, 7, 5, 10, 4, 18, 19]","[17, 16, 14, 9, 6, 11, 12, 20, 21, 1]","[1, 17, 16, 14, 9, 6, 11, 12, 3, 20, 21, 1]","[(1, 2), (2, 17), (17, 13), (13, 16), (16, 15), (15, 14), (14, 8), (8, 9), (9, 7), (7, 6), (6, 5), (5, 11), (11, 10), (10, 12), (12, 4), (4, 20), (20, 18), (18, 21), (21, 19), (19, 1)]","[(1, 0.0), (17, 0.0), (16, 0.0), (14, 0.0), (9, 1004.0), (6, 3011.0), (11, 5025.0), (12, 7039.0), (3, 9054.0), (20, 10058.0), (21, 12072.0), (1, 14074.0)]"
SA,20,6,bench_20_5,ok,-38261.9305,,300.6984,13,8,5,9,10806.0,49067.9305,674.9371,13072.0,45501.0,20090.0,22921219,111.9565,299,"[14, 9, 6, 11, 10, 12, 3, 20, 7, 5, 4, 2, 19]","[14, 9, 6, 11, 10, 12, 3, 20]","[7, 5, 4, 2, 19]","[17, 16, 14, 9, 6, 11, 12, 20, 1]","[1, 21, 17, 16, 14, 9, 6, 11, 10, 12, 3, 20, 1]","[(21, 18), (18, 17), (17, 15), (15, 16), (16, 13), (13, 14), (14, 8), (8, 9), (9, 7), (7, 6), (6, 5), (5, 11), (11, 4), (4, 12), (12, 2), (2, 20), (20, 19), (19, 1)]","[(1, 0.0), (21, 0.0), (17, 0.0), (16, 0.0), (14, 0.0), (9, 1004.0), (6, 2009.0), (11, 4023.0), (10, 6037.0), (12, 7046.0), (3, 9061.0), (20, 10065.0), (1, 12072.0)]"
SA,20,8,bench_20_5,ok,-37723.7381,,300.0393,15,8,7,10,12114.0,49837.7381,685.526,15074.0,45501.0,20090.0,23331913,283.1076,304,"[14, 9, 6, 11, 12, 3, 20, 21, 8, 7, 5, 10, 4, 2, 19]","[14, 9, 6, 11, 12, 3, 20, 21]","[8, 7, 5, 10, 4, 2, 19]","[17, 13, 14, 9, 6, 11, 12, 20, 21, 1]","[1, 17, 13, 14, 9, 6, 11, 12, 3, 20, 21, 1]","[(1, 18), (18, 17), (17, 16), (16, 13), (13, 15), (15, 14), (14, 8), (8, 9), (9, 7), (7, 6), (6, 5), (5, 11), (11, 10), (10, 12), (12, 4), (4, 20), (20, 2), (2, 21), (21, 19), (19, 1)]","[(1, 0.0), (17, 0.0), (13, 0.0), (14, 0.0), (9, 1004.0), (6, 3011.0), (11, 5025.0), (12, 7039.0), (3, 9054.0), (20, 10058.0), (21, 12072.0), (1, 14074.0)]"
SA,30,0,bench_30_1,ok,-35760.9591,,450.0185,28,16,12,13,25121.0,60881.9591,837.441,28128.0,68251.0,30140.0,26251728,165.8083,232,"[5, 6, 7, 8, 10, 11, 14, 13, 19, 21, 20, 23, 25, 28, 31, 2, 30, 4, 9, 12, 15, 16, 18, 22, 26, 24, 29, 27]","[5, 6, 7, 8, 10, 11, 14, 13, 19, 21, 20, 23, 25, 28, 31, 2]","[30, 4, 9, 12, 15, 16, 18, 22, 26, 24, 29, 27]","[5, 6, 8, 10, 11, 13, 19, 21, 20, 23, 28, 2, 1]","[1, 3, 5, 6, 7, 8, 10, 11, 14, 13, 19, 21, 20, 23, 25, 28, 31, 2, 1]","[(1, 17), (17, 5), (5, 30), (30, 6), (7, 4), (4, 8), (8, 9), (9, 10), (10, 12), (12, 11), (11, 15), (15, 13), (13, 16), (16, 19), (19, 18), (18, 21), (21, 22), (22, 20), (20, 26), (26, 23), (23, 24), (24, 28), (28, 29), (29, 2), (2, 27), (27, 1)]","[(1, 0.0), (3, 0.0), (5, 0.0), (6, 1009.0), (7, 3022.0), (8, 4030.0), (10, 6033.0), (11, 8044.0), (14, 10047.0), (13, 11052.0), (19, 13060.0), (21, 15073.0), (20, 17081.0), (23, 19089.0), (25, 21098.0), (28, 22103.0), (31, 24113.0), (2, 25118.0), (1, 27128.0)]"
SA,30,2,bench_30_1,ok,-35590.102,,450.0191,27,15,12,13,24469.0,60059.102,826.1224,27121.0,68251.0,30140.0,26578678,156.2423,235,"[30, 6, 7, 8, 11, 14, 13, 19, 21, 20, 23, 25, 28, 31, 2, 4, 5, 9, 12, 15, 16, 22, 18, 24, 26, 29, 27]","[30, 6, 7, 8, 11, 14, 13, 19, 21, 20, 23, 25, 28, 31, 2]","[4, 5, 9, 12, 15, 16, 22, 18, 24, 26, 29, 27]","[30, 7, 8, 10, 11, 13, 19, 21, 23, 25, 28, 2, 1]","[1, 30, 6, 7, 17, 8, 10, 11, 14, 13, 19, 21, 20, 23, 25, 28, 31, 2, 1]","[(1, 3), (3, 30), (30, 4), (4, 7), (7, 5), (5, 8), (8, 9), (9, 10), (10, 12), (12, 11), (11, 15), (15, 13), (13, 16), (16, 19), (19, 22), (22, 21), (21, 18), (18, 23), (23, 24), (24, 25), (25, 26), (26, 28), (28, 29), (29, 2), (2, 27), (27, 1)]","[(1, 0.0), (30, 0.0), (6, 1009.0), (7, 2013.0), (17, 4022.0), (8, 4022.0), (10, 6033.0), (11, 7037.0), (14, 9040.0), (13, 10045.0), (19, 12053.0), (21, 14066.0), (20, 16072.0), (23, 17076.0), (25, 19088.0), (28, 21097.0), (31, 23106.0), (2, 24111.0), (1, 26121.0)]"
SA,30,4,bench_30_1,ok,-33388.1133,,451.2298,28,16,12,12,25121.0,58509.1133,804.8021,28128.0,68251.0,30140.0,26218148,451.2298,231,"[30, 6, 7, 8, 11, 15, 14, 13, 19, 21, 22, 23, 25, 28, 31, 2, 4, 5, 9, 10, 12, 16, 18, 20, 24, 26, 29, 27]","[30, 6, 7, 8, 11, 15, 14, 13, 19, 21, 22, 23, 25, 28, 31, 2]","[4, 5, 9, 10, 12, 16, 18, 20, 24, 26, 29, 27]","[6, 17, 8, 11, 13, 19, 21, 22, 23, 28, 2, 1]","[1, 3, 30, 6, 7, 17, 8, 11, 15, 14, 13, 19, 21, 22, 23, 25, 28, 31, 2, 1]","[(1, 4), (4, 6), (6, 5), (5, 17), (17, 9), (9, 8), (8, 10), (10, 11), (11, 12), (12, 13), (13, 16), (16, 19), (19, 18), (18, 21), (21, 20), (20, 22), (22, 24), (24, 23), (23, 26), (26, 28), (28, 29), (29, 2), (2, 27), (27, 1)]","[(1, 0.0), (3, 0.0), (30, 0.0), (6, 1009.0), (7, 3014.0), (17, 4022.0), (8, 5031.0), (11, 7037.0), (15, 9046.0), (14, 10052.0), (13, 11057.0), (19, 13060.0), (21, 15073.0), (22, 17081.0), (23, 19089.0), (25, 21099.0), (28, 22104.0), (31, 24113.0), (2, 25118.0), (1, 27128.0)]"
SA,30,6,bench_30_1,ok,-35400.5762,,450.612,27,16,11,11,24469.0,59869.5762,823.5155,27121.0,68251.0,30140.0,26506199,450.612,234,"[30, 6, 7, 8, 11, 15, 14, 13, 19, 21, 20, 23, 25, 28, 31, 2, 4, 5, 9, 12, 16, 18, 22, 24, 26, 29, 27]","[30, 6, 7, 8, 11, 15, 14, 13, 19, 21, 20, 23, 25, 28, 31, 2]","[4, 5, 9, 12, 16, 18, 22, 24, 26, 29, 27]","[17, 10, 11, 13, 19, 21, 20, 23, 28, 2, 1]","[1, 3, 30, 6, 7, 17, 8, 10, 11, 15, 14, 13, 19, 21, 20, 23, 25, 28, 31, 2, 1]","[(1, 4), (4, 17), (17, 5), (5, 10), (10, 9), (9, 11), (11, 12), (12, 13), (13, 16), (16, 19), (19, 18), (18, 21), (21, 22), (22, 20), (20, 24), (24, 23), (23, 26), (26, 28), (28, 29), (29, 2), (2, 27), (27, 1)]","[(1, 0.0), (3, 0.0), (30, 0.0), (6, 1009.0), (7, 2013.0), (17, 3021.0), (8, 4022.0), (10, 5024.0), (11, 6033.0), (15, 8039.0), (14, 9045.0), (13, 10050.0), (19, 12053.0), (21, 14066.0), (20, 16074.0), (23, 18082.0), (25, 20092.0), (28, 21097.0), (31, 23106.0), (2, 24111.0), (1, 26121.0)]"
SA,30,8,bench_30_1,ok,-33843.5021,,451.2062,29,17,12,12,25734.0,59577.5021,819.498,29134.0,68251.0,30140.0,26432143,451.2061,233,"[30, 6, 7, 8, 11, 15, 14, 13, 19, 21, 20, 23, 25, 28, 27, 31, 2, 4, 5, 9, 10, 12, 16, 22, 18, 24, 26, 29, 3]","[30, 6, 7, 8, 11, 15, 14, 13, 19, 21, 20, 23, 25, 28, 27, 31, 2]","[4, 5, 9, 10, 12, 16, 22, 18, 24, 26, 29, 3]","[6, 17, 8, 14, 19, 21, 20, 23, 28, 27, 2, 1]","[1, 30, 6, 7, 17, 8, 11, 15, 14, 13, 19, 21, 20, 23, 25, 28, 27, 31, 2, 1]","[(1, 4), (4, 6), (6, 5), (5, 17), (17, 9), (9, 8), (8, 10), (10, 14), (14, 12), (12, 19), (19, 16), (16, 21), (21, 22), (22, 20), (20, 18), (18, 23), (23, 24), (24, 28), (28, 26), (26, 27), (27, 29), (29, 2), (2, 3), (3, 1)]","[(1, 0.0), (30, 0.0), (6, 1009.0), (7, 3014.0), (17, 4022.0), (8, 5031.0), (11, 7037.0), (15, 8039.0), (14, 9045.0), (13, 11057.0), (19, 12059.0), (21, 14064.0), (20, 16075.0), (23, 18083.0), (25, 20095.0), (28, 21100.0), (27, 23110.0), (31, 25113.0), (2, 26118.0), (1, 28128.0)]"
SA,30,0,bench_30_2,ok,-37027.087,,451.0026,27,18,9,10,22491.0,59518.087,818.6807,27120.0,68251.0,30134.0,27339765,451.0025,241,"[23, 22, 21, 19, 20, 12, 10, 8, 9, 13, 14, 15, 4, 3, 30, 29, 28, 31, 27, 25, 6, 11, 7, 5, 2, 16, 24]","[23, 22, 21, 19, 20, 12, 10, 8, 9, 13, 14, 15, 4, 3, 30, 29, 28, 31]","[27, 25, 6, 11, 7, 5, 2, 16, 24]","[26, 23, 19, 12, 9, 14, 4, 30, 28, 1]","[1, 26, 23, 22, 21, 19, 20, 18, 12, 10, 8, 9, 13, 14, 15, 4, 3, 30, 29, 28, 31, 1]","[(1, 27), (27, 26), (26, 25), (25, 23), (23, 17), (17, 19), (19, 6), (6, 12), (12, 11), (11, 9), (9, 7), (7, 14), (14, 5), (5, 4), (4, 2), (2, 30), (30, 16), (16, 28), (28, 24), (24, 1)]","[(1, 0.0), (26, 0.0), (23, 1002.0), (22, 3012.0), (21, 4016.0), (19, 5020.0), (20, 6026.0), (18, 7035.0), (12, 7035.0), (10, 9040.0), (8, 10044.0), (9, 11045.0), (13, 13054.0), (14, 14057.0), (15, 16069.0), (4, 17071.0), (3, 19087.0), (30, 20091.0), (29, 22098.0), (28, 23104.0), (31, 25114.0), (1, 26114.0)]"
SA,30,2,bench_30_2,ok,-38200.05,,450.3408,26,18,8,10,21819.0,60019.05,825.5715,26116.0,68251.0,30134.0,26682457,450.3408,235,"[27, 24, 22, 19, 20, 11, 10, 8, 9, 13, 14, 15, 4, 3, 30, 29, 28, 31, 25, 6, 12, 7, 5, 2, 16, 23]","[27, 24, 22, 19, 20, 11, 10, 8, 9, 13, 14, 15, 4, 3, 30, 29, 28, 31]","[25, 6, 12, 7, 5, 2, 16, 23]","[24, 22, 18, 10, 9, 14, 4, 30, 28, 1]","[1, 27, 26, 24, 22, 19, 20, 18, 11, 10, 8, 9, 13, 14, 15, 4, 3, 30, 29, 28, 31, 1]","[(1, 25), (25, 24), (24, 21), (21, 22), (22, 17), (17, 18), (18, 6), (6, 10), (10, 12), (12, 9), (9, 7), (7, 14), (14, 5), (5, 4), (4, 2), (2, 30), (30, 16), (16, 28), (28, 23), (23, 1)]","[(1, 0.0), (27, 0.0), (26, 1002.0), (24, 1002.0), (22, 3014.0), (19, 4018.0), (20, 5024.0), (18, 6033.0), (11, 6033.0), (10, 7036.0), (8, 9045.0), (9, 10046.0), (13, 12052.0), (14, 13055.0), (15, 15067.0), (4, 16069.0), (3, 18085.0), (30, 19089.0), (29, 21096.0), (28, 22102.0), (31, 24112.0), (1, 25112.0)]"
SA,30,4,bench_30_2,ok,-37537.6047,,450.6068,28,19,9,10,23086.0,60623.6047,833.8873,28121.0,68251.0,30134.0,27073292,450.6068,239,"[24, 22, 21, 19, 20, 18, 12, 10, 8, 9, 13, 14, 15, 4, 3, 30, 29, 28, 31, 27, 25, 17, 11, 7, 6, 2, 16, 23]","[24, 22, 21, 19, 20, 18, 12, 10, 8, 9, 13, 14, 15, 4, 3, 30, 29, 28, 31]","[27, 25, 17, 11, 7, 6, 2, 16, 23]","[26, 24, 18, 12, 9, 13, 4, 30, 28, 1]","[1, 26, 24, 22, 21, 19, 20, 18, 12, 10, 8, 9, 13, 14, 15, 4, 3, 30, 29, 28, 31, 1]","[(1, 27), (27, 26), (26, 25), (25, 24), (24, 5), (5, 18), (18, 17), (17, 12), (12, 11), (11, 9), (9, 7), (7, 13), (13, 6), (6, 4), (4, 2), (2, 30), (30, 16), (16, 28), (28, 23), (23, 1)]","[(1, 0.0), (26, 0.0), (24, 1002.0), (22, 3014.0), (21, 4018.0), (19, 5022.0), (20, 6028.0), (18, 7037.0), (12, 8039.0), (10, 10046.0), (8, 11050.0), (9, 12051.0), (13, 14060.0), (14, 16072.0), (15, 17075.0), (4, 18077.0), (3, 20090.0), (30, 21094.0), (29, 23101.0), (28, 24107.0), (31, 26117.0), (1, 27117.0)]"
SA,30,6,bench_30_2,ok,-37027.087,,450.9214,27,18,9,10,22491.0,59518.087,818.6807,27120.0,68251.0,30134.0,27444383,450.9213,242,"[23, 22, 21, 19, 20, 12, 10, 8, 9, 13, 14, 15, 4, 3, 30, 29, 28, 31, 27, 25, 6, 11, 7, 5, 2, 16, 24]","[23, 22, 21, 19, 20, 12, 10, 8, 9, 13, 14, 15, 4, 3, 30, 29, 28, 31]","[27, 25, 6, 11, 7, 5, 2, 16, 24]","[26, 23, 19, 12, 9, 14, 4, 30, 28, 1]","[1, 26, 23, 22, 21, 19, 20, 18, 12, 10, 8, 9, 13, 14, 15, 4, 3, 30, 29, 28, 31, 1]","[(1, 27), (27, 26), (26, 25), (25, 23), (23, 17), (17, 19), (19, 6), (6, 12), (12, 11), (11, 9), (9, 7), (7, 14), (14, 5), (5, 4), (4, 2), (2, 30), (30, 16), (16, 28), (28, 24), (24, 1)]","[(1, 0.0), (26, 0.0), (23, 1002.0), (22, 3012.0), (21, 4016.0), (19, 5020.0), (20, 6026.0), (18, 7035.0), (12, 7035.0), (10, 9040.0), (8, 10044.0), (9, 11045.0), (13, 13054.0), (14, 14057.0), (15, 16069.0), (4, 17071.0), (3, 19087.0), (30, 20091.0), (29, 22098.0), (28, 23104.0), (31, 25114.0), (1, 26114.0)]"
SA,30,8,bench_30_2,ok,-37995.6763,,450.9189,26,16,10,11,21600.0,59595.6763,819.748,26119.0,68251.0,30134.0,27583634,450.9189,243,"[24, 19, 20, 12, 8, 10, 17, 13, 14, 15, 4, 3, 30, 29, 28, 31, 27, 25, 23, 11, 9, 6, 7, 5, 2, 16]","[24, 19, 20, 12, 8, 10, 17, 13, 14, 15, 4, 3, 30, 29, 28, 31]","[27, 25, 23, 11, 9, 6, 7, 5, 2, 16]","[26, 24, 22, 18, 12, 10, 17, 15, 30, 28, 1]","[1, 26, 24, 22, 19, 20, 18, 12, 8, 10, 17, 13, 14, 15, 4, 3, 30, 29, 28, 31, 1]","[(1, 27), (27, 26), (26, 25), (25, 24), (24, 21), (21, 22), (22, 23), (23, 18), (18, 11), (11, 12), (12, 9), (9, 10), (10, 6), (6, 17), (17, 7), (7, 15), (15, 5), (5, 30), (30, 2), (2, 28), (28, 16), (16, 1)]","[(1, 0.0), (26, 0.0), (24, 1002.0), (22, 3014.0), (19, 3014.0), (20, 4020.0), (18, 5029.0), (12, 6033.0), (8, 8036.0), (10, 9037.0), (17, 11047.0), (13, 13059.0), (14, 14062.0), (15, 15065.0), (4, 17076.0), (3, 18084.0), (30, 19088.0), (29, 21097.0), (28, 22103.0), (31, 24110.0), (1, 25110.0)]"
SA,30,0,bench_30_3,ok,-39563.0137,,451.2241,28,17,11,11,23652.0,63215.0137,869.5325,28140.0,68251.0,30147.0,27131405,451.224,239,"[5, 6, 7, 8, 9, 11, 13, 18, 17, 20, 21, 22, 23, 25, 28, 27, 31, 4, 15, 10, 12, 14, 16, 19, 24, 29, 26, 30]","[5, 6, 7, 8, 9, 11, 13, 18, 17, 20, 21, 22, 23, 25, 28, 27, 31]","[4, 15, 10, 12, 14, 16, 19, 24, 29, 26, 30]","[7, 9, 11, 13, 18, 17, 21, 22, 25, 27, 1]","[1, 3, 2, 5, 6, 7, 8, 9, 11, 13, 18, 17, 20, 21, 22, 23, 25, 28, 27, 31, 1]","[(1, 4), (4, 7), (7, 15), (15, 9), (9, 10), (10, 11), (11, 12), (12, 13), (13, 14), (14, 18), (18, 16), (16, 17), (17, 19), (19, 21), (21, 24), (24, 22), (22, 29), (29, 25), (25, 26), (26, 27), (27, 30), (30, 1)]","[(1, 0.0), (3, 0.0), (2, 0.0), (5, 0.0), (6, 1001.0), (7, 2003.0), (8, 4019.0), (9, 5028.0), (11, 7035.0), (13, 9041.0), (18, 11053.0), (17, 13065.0), (20, 15082.0), (21, 16084.0), (22, 18095.0), (23, 20105.0), (25, 21108.0), (28, 23121.0), (27, 24129.0), (31, 26137.0), (1, 27137.0)]"
SA,30,2,bench_30_3,ok,-39309.414,,450.6239,28,18,10,11,23652.0,62961.414,866.0442,28140.0,68251.0,30147.0,27059508,450.6238,239,"[4, 5, 6, 7, 8, 9, 14, 13, 18, 17, 20, 21, 22, 23, 25, 28, 27, 31, 11, 10, 12, 15, 16, 19, 24, 29, 26, 30]","[4, 5, 6, 7, 8, 9, 14, 13, 18, 17, 20, 21, 22, 23, 25, 28, 27, 31]","[11, 10, 12, 15, 16, 19, 24, 29, 26, 30]","[3, 7, 9, 14, 18, 17, 21, 22, 25, 27, 1]","[1, 3, 4, 5, 6, 7, 8, 9, 14, 13, 18, 17, 20, 21, 22, 23, 25, 28, 27, 31, 1]","[(1, 2), (2, 3), (3, 11), (11, 7), (7, 10), (10, 9), (9, 12), (12, 14), (14, 15), (15, 18), (18, 16), (16, 17), (17, 19), (19, 21), (21, 24), (24, 22), (22, 29), (29, 25), (25, 26), (26, 27), (27, 30), (30, 1)]","[(1, 0.0), (3, 0.0), (4, 0.0), (5, 1008.0), (6, 2009.0), (7, 3011.0), (8, 5020.0), (9, 6029.0), (14, 8035.0), (13, 10052.0), (18, 11055.0), (17, 13065.0), (20, 15082.0), (21, 16084.0), (22, 18095.0), (23, 20105.0), (25, 21108.0), (28, 23121.0), (27, 24129.0), (31, 26137.0), (1, 27137.0)]"
SA,30,4,bench_30_3,ok,-40003.1551,,450.6282,26,16,10,12,22009.0,62012.1551,852.987,26131.0,68251.0,30147.0,26594836,262.2548,235,"[6, 7, 8, 9, 11, 13, 14, 18, 17, 21, 20, 22, 23, 27, 26, 31, 4, 10, 12, 15, 29, 19, 24, 25, 28, 30]","[6, 7, 8, 9, 11, 13, 14, 18, 17, 21, 20, 22, 23, 27, 26, 31]","[4, 10, 12, 15, 29, 19, 24, 25, 28, 30]","[3, 5, 9, 11, 14, 18, 17, 20, 23, 27, 26, 1]","[1, 3, 5, 6, 7, 8, 9, 11, 13, 14, 18, 17, 21, 20, 22, 23, 27, 26, 31, 1]","[(1, 2), (2, 3), (3, 16), (16, 5), (5, 4), (4, 9), (9, 10), (10, 11), (11, 12), (12, 14), (14, 15), (15, 18), (18, 29), (29, 17), (17, 19), (19, 20), (20, 24), (24, 23), (23, 25), (25, 27), (27, 28), (28, 26), (26, 30), (30, 1)]","[(1, 0.0), (3, 0.0), (5, 0.0), (6, 0.0), (7, 1002.0), (8, 2010.0), (9, 3019.0), (11, 5028.0), (13, 7034.0), (14, 8037.0), (18, 10054.0), (17, 12064.0), (21, 14081.0), (20, 15085.0), (22, 17094.0), (23, 18101.0), (27, 20107.0), (26, 22120.0), (31, 24128.0), (1, 25128.0)]"
SA,30,6,bench_30_3,ok,-39408.5622,,451.7828,28,17,11,12,23652.0,63060.5622,867.408,28140.0,68251.0,30147.0,27218833,451.7828,240,"[5, 6, 7, 8, 9, 11, 13, 18, 17, 20, 21, 22, 23, 25, 28, 26, 31, 4, 15, 10, 12, 14, 16, 19, 24, 29, 27, 30]","[5, 6, 7, 8, 9, 11, 13, 18, 17, 20, 21, 22, 23, 25, 28, 26, 31]","[4, 15, 10, 12, 14, 16, 19, 24, 29, 27, 30]","[3, 7, 9, 11, 13, 18, 17, 21, 23, 28, 26, 1]","[1, 3, 5, 6, 7, 8, 9, 11, 13, 18, 17, 20, 21, 22, 23, 25, 28, 26, 31, 1]","[(1, 2), (2, 3), (3, 4), (4, 7), (7, 15), (15, 9), (9, 10), (10, 11), (11, 12), (12, 13), (13, 14), (14, 18), (18, 16), (16, 17), (17, 19), (19, 21), (21, 24), (24, 23), (23, 29), (29, 28), (28, 27), (27, 26), (26, 30), (30, 1)]","[(1, 0.0), (3, 0.0), (5, 0.0), (6, 1001.0), (7, 2003.0), (8, 4019.0), (9, 5028.0), (11, 7035.0), (13, 9041.0), (18, 11053.0), (17, 13065.0), (20, 15082.0), (21, 16084.0), (22, 18095.0), (23, 19102.0), (25, 21108.0), (28, 22113.0), (26, 24129.0), (31, 26137.0), (1, 27137.0)]"
SA,30,8,bench_30_3,ok,-39126.8137,,452.3922,28,17,11,12,23652.0,62778.8137,863.5325,28140.0,68251.0,30147.0,27004653,452.3922,238,"[5, 6, 7, 8, 9, 11, 13, 18, 17, 20, 21, 22, 23, 25, 28, 27, 31, 4, 15, 10, 12, 14, 16, 19, 24, 29, 26, 30]","[5, 6, 7, 8, 9, 11, 13, 18, 17, 20, 21, 22, 23, 25, 28, 27, 31]","[4, 15, 10, 12, 14, 16, 19, 24, 29, 26, 30]","[2, 7, 9, 11, 13, 18, 17, 21, 22, 25, 27, 1]","[1, 2, 5, 6, 7, 8, 9, 11, 13, 18, 17, 20, 21, 22, 23, 25, 28, 27, 31, 1]","[(1, 3), (3, 2), (2, 4), (4, 7), (7, 15), (15, 9), (9, 10), (10, 11), (11, 12), (12, 13), (13, 14), (14, 18), (18, 16), (16, 17), (17, 19), (19, 21), (21, 24), (24, 22), (22, 29), (29, 25), (25, 26), (26, 27), (27, 30), (30, 1)]","[(1, 0.0), (2, 0.0), (5, 0.0), (6, 1001.0), (7, 2003.0), (8, 4019.0), (9, 5028.0), (11, 7035.0), (13, 9041.0), (18, 11053.0), (17, 13065.0), (20, 15082.0), (21, 16084.0), (22, 18095.0), (23, 20105.0), (25, 21108.0), (28, 23121.0), (27, 24129.0), (31, 26137.0), (1, 27137.0)]"
SA,30,0,bench_30_4,ok,-38199.1236,,451.3215,29,18,11,12,24767.0,62966.1236,866.109,29135.0,68251.0,30139.0,26969343,451.3214,238,"[2, 3, 4, 5, 7, 8, 6, 9, 11, 14, 12, 24, 23, 21, 19, 27, 28, 29, 16, 22, 15, 10, 13, 25, 17, 18, 20, 30, 31]","[2, 3, 4, 5, 7, 8, 6, 9, 11, 14, 12, 24, 23, 21, 19, 27, 28, 29]","[16, 22, 15, 10, 13, 25, 17, 18, 20, 30, 31]","[4, 8, 11, 14, 12, 23, 21, 19, 27, 28, 29, 1]","[1, 2, 3, 4, 5, 7, 8, 6, 9, 11, 14, 12, 24, 23, 21, 19, 27, 28, 29, 1]","[(1, 26), (26, 4), (4, 16), (16, 8), (8, 22), (22, 11), (11, 15), (15, 14), (14, 10), (10, 12), (12, 13), (13, 23), (23, 25), (25, 21), (21, 17), (17, 19), (19, 18), (18, 27), (27, 20), (20, 28), (28, 30), (30, 29), (29, 31), (31, 1)]","[(1, 0.0), (2, 0.0), (3, 1005.0), (4, 2014.0), (5, 3017.0), (7, 4017.0), (8, 5026.0), (6, 7036.0), (9, 8038.0), (11, 9038.0), (14, 11045.0), (12, 13057.0), (24, 15062.0), (23, 16070.0), (21, 18078.0), (19, 20091.0), (27, 22095.0), (28, 24109.0), (29, 26119.0), (1, 28128.0)]"
SA,30,2,bench_30_4,ok,-39123.3819,,451.853,28,16,12,12,23673.0,62796.3819,863.7742,28125.0,68251.0,30139.0,26889802,451.853,237,"[4, 5, 7, 8, 9, 15, 14, 24, 23, 18, 30, 19, 20, 27, 28, 29, 25, 16, 6, 10, 11, 12, 22, 13, 17, 21, 26, 31]","[4, 5, 7, 8, 9, 15, 14, 24, 23, 18, 30, 19, 20, 27, 28, 29]","[25, 16, 6, 10, 11, 12, 22, 13, 17, 21, 26, 31]","[4, 8, 9, 15, 14, 24, 23, 30, 19, 27, 29, 1]","[1, 2, 3, 4, 5, 7, 8, 9, 15, 14, 24, 23, 18, 30, 19, 20, 27, 28, 29, 1]","[(1, 25), (25, 4), (4, 16), (16, 8), (8, 6), (6, 9), (9, 10), (10, 15), (15, 11), (11, 14), (14, 12), (12, 24), (24, 22), (22, 23), (23, 13), (13, 30), (30, 17), (17, 19), (19, 21), (21, 27), (27, 26), (26, 29), (29, 31), (31, 1)]","[(1, 0.0), (2, 0.0), (3, 0.0), (4, 0.0), (5, 2009.0), (7, 3009.0), (8, 4018.0), (9, 6028.0), (15, 8030.0), (14, 10036.0), (24, 12048.0), (23, 14061.0), (18, 16066.0), (30, 17073.0), (19, 19079.0), (20, 21083.0), (27, 22089.0), (28, 24103.0), (29, 25107.0), (1, 27118.0)]"
SA,30,4,bench_30_4,ok,-39809.4972,,450.0191,28,17,11,13,24100.0,63909.4972,879.0852,28129.0,68251.0,30139.0,26930726,181.8058,238,"[29, 28, 27, 19, 16, 5, 7, 8, 9, 11, 15, 24, 23, 21, 18, 30, 31, 25, 4, 6, 12, 14, 13, 22, 10, 17, 2, 3]","[29, 28, 27, 19, 16, 5, 7, 8, 9, 11, 15, 24, 23, 21, 18, 30, 31]","[25, 4, 6, 12, 14, 13, 22, 10, 17, 2, 3]","[27, 19, 16, 5, 8, 11, 15, 24, 23, 18, 30, 31, 1]","[1, 29, 28, 27, 19, 16, 5, 7, 8, 9, 11, 15, 24, 23, 21, 18, 30, 31, 1]","[(1, 25), (25, 27), (27, 20), (20, 19), (19, 26), (26, 16), (16, 4), (4, 5), (5, 6), (6, 8), (8, 12), (12, 11), (11, 14), (14, 15), (15, 13), (13, 24), (24, 22), (22, 23), (23, 10), (10, 18), (18, 17), (17, 30), (30, 2), (2, 31), (31, 3), (3, 1)]","[(1, 0.0), (29, 0.0), (28, 1007.0), (27, 2011.0), (19, 4024.0), (16, 5026.0), (5, 6029.0), (7, 8032.0), (8, 9041.0), (9, 11050.0), (11, 12050.0), (15, 14061.0), (24, 16073.0), (23, 18085.0), (21, 20090.0), (18, 21097.0), (30, 23104.0), (31, 25108.0), (1, 27120.0)]"
SA,30,6,bench_30_4,ok,-38313.2134,,450.0193,29,17,12,13,24787.0,63100.2134,867.9534,29132.0,68251.0,30139.0,27179716,100.3582,240,"[2, 4, 5, 7, 6, 9, 11, 15, 14, 24, 23, 21, 18, 19, 27, 28, 29, 3, 25, 10, 12, 13, 22, 16, 17, 30, 20, 26, 31]","[2, 4, 5, 7, 6, 9, 11, 15, 14, 24, 23, 21, 18, 19, 27, 28, 29]","[3, 25, 10, 12, 13, 22, 16, 17, 30, 20, 26, 31]","[2, 7, 6, 11, 14, 24, 23, 21, 18, 19, 27, 29, 1]","[1, 2, 4, 5, 7, 6, 9, 11, 15, 14, 24, 23, 21, 18, 19, 27, 28, 29, 1]","[(1, 3), (3, 2), (2, 25), (25, 7), (7, 8), (8, 6), (6, 10), (10, 11), (11, 12), (12, 14), (14, 13), (13, 24), (24, 22), (22, 23), (23, 16), (16, 21), (21, 17), (17, 18), (18, 30), (30, 19), (19, 20), (20, 27), (27, 26), (26, 29), (29, 31), (31, 1)]","[(1, 0.0), (2, 0.0), (4, 2014.0), (5, 3017.0), (7, 4017.0), (6, 6032.0), (9, 7034.0), (11, 8034.0), (15, 10040.0), (14, 11046.0), (24, 13057.0), (23, 15069.0), (21, 17074.0), (18, 19084.0), (19, 21093.0), (27, 23097.0), (28, 25110.0), (29, 26114.0), (1, 28125.0)]"
SA,30,8,bench_30_4,ok,-39026.609,,451.8061,28,17,11,12,24115.0,63141.609,868.5228,28128.0,68251.0,30139.0,26903109,451.806,237,"[3, 4, 5, 7, 6, 15, 14, 10, 12, 24, 23, 21, 19, 20, 27, 28, 29, 16, 9, 22, 11, 13, 25, 17, 30, 18, 2, 31]","[3, 4, 5, 7, 6, 15, 14, 10, 12, 24, 23, 21, 19, 20, 27, 28, 29]","[16, 9, 22, 11, 13, 25, 17, 30, 18, 2, 31]","[4, 7, 6, 15, 14, 12, 23, 21, 19, 27, 29, 1]","[1, 3, 4, 5, 7, 8, 6, 15, 14, 10, 12, 24, 23, 21, 19, 20, 27, 28, 29, 1]","[(1, 26), (26, 4), (4, 16), (16, 7), (7, 9), (9, 6), (6, 22), (22, 15), (15, 11), (11, 14), (14, 13), (13, 12), (12, 25), (25, 23), (23, 17), (17, 21), (21, 30), (30, 19), (19, 18), (18, 27), (27, 2), (2, 29), (29, 31), (31, 1)]","[(1, 0.0), (3, 0.0), (4, 1009.0), (5, 2012.0), (7, 3012.0), (8, 5024.0), (6, 5024.0), (15, 7026.0), (14, 9033.0), (10, 11045.0), (12, 12045.0), (24, 14054.0), (23, 15062.0), (21, 17072.0), (19, 19081.0), (20, 21085.0), (27, 22091.0), (28, 24105.0), (29, 25109.0), (1, 27121.0)]"
SA,30,0,bench_30_5,ok,-37644.5908,,450.0304,29,16,13,13,23625.0,61269.5908,842.7729,29120.0,68251.0,30126.0,27208474,450.0303,240,"[5, 19, 8, 9, 10, 14, 13, 16, 22, 24, 25, 26, 27, 28, 29, 2, 30, 18, 6, 7, 11, 12, 17, 15, 23, 21, 4, 31, 3]","[5, 19, 8, 9, 10, 14, 13, 16, 22, 24, 25, 26, 27, 28, 29, 2]","[30, 18, 6, 7, 11, 12, 17, 15, 23, 21, 4, 31, 3]","[20, 19, 8, 9, 10, 14, 16, 22, 25, 26, 29, 2, 1]","[1, 5, 20, 19, 8, 9, 10, 14, 13, 16, 22, 24, 25, 26, 27, 28, 29, 2, 1]","[(1, 30), (30, 20), (20, 18), (18, 19), (19, 6), (6, 8), (8, 7), (7, 9), (9, 11), (11, 10), (10, 12), (12, 14), (14, 17), (17, 16), (16, 15), (15, 22), (22, 23), (23, 25), (25, 21), (21, 26), (26, 4), (4, 29), (29, 31), (31, 2), (2, 3), (3, 1)]","[(1, 0.0), (5, 0.0), (20, 1004.0), (19, 2009.0), (8, 4025.0), (9, 6041.0), (10, 8053.0), (14, 10061.0), (13, 12069.0), (16, 13078.0), (22, 15085.0), (24, 17091.0), (25, 18095.0), (26, 20103.0), (27, 22109.0), (28, 23114.0), (29, 24116.0), (2, 26118.0), (1, 28118.0)]"
SA,30,2,bench_30_5,ok,-37021.4333,,450.018,27,14,13,14,22321.0,59342.4333,816.2646,27111.0,68251.0,30126.0,27296480,398.9991,241,"[30, 19, 9, 10, 14, 13, 16, 22, 24, 25, 26, 28, 29, 2, 5, 18, 6, 8, 11, 12, 17, 15, 21, 23, 27, 3, 31]","[30, 19, 9, 10, 14, 13, 16, 22, 24, 25, 26, 28, 29, 2]","[5, 18, 6, 8, 11, 12, 17, 15, 21, 23, 27, 3, 31]","[30, 20, 19, 7, 9, 10, 13, 16, 22, 25, 26, 28, 2, 1]","[1, 30, 20, 19, 7, 9, 10, 14, 13, 16, 22, 24, 25, 26, 28, 29, 2, 1]","[(1, 4), (4, 30), (30, 5), (5, 20), (20, 18), (18, 19), (19, 6), (6, 7), (7, 8), (8, 9), (9, 11), (11, 10), (10, 12), (12, 13), (13, 17), (17, 16), (16, 15), (15, 22), (22, 21), (21, 25), (25, 23), (23, 26), (26, 27), (27, 28), (28, 3), (3, 2), (2, 31), (31, 1)]","[(1, 0.0), (30, 0.0), (20, 1005.0), (19, 2009.0), (7, 4025.0), (9, 5034.0), (10, 7046.0), (14, 9054.0), (13, 10055.0), (16, 12071.0), (22, 14078.0), (24, 16084.0), (25, 17088.0), (26, 19096.0), (28, 21102.0), (29, 23109.0), (2, 24109.0), (1, 26111.0)]"
SA,30,4,bench_30_5,ok,-37572.0758,,450.018,25,14,11,14,20933.0,58505.0758,804.7466,25116.0,68251.0,30126.0,27311206,262.7554,241,"[26, 25, 22, 16, 13, 14, 10, 9, 7, 19, 20, 5, 30, 3, 28, 27, 24, 17, 12, 8, 11, 18, 6, 4, 29]","[26, 25, 22, 16, 13, 14, 10, 9, 7, 19, 20, 5, 30, 3]","[28, 27, 24, 17, 12, 8, 11, 18, 6, 4, 29]","[31, 26, 25, 23, 22, 16, 14, 9, 7, 19, 20, 30, 3, 1]","[1, 31, 26, 25, 23, 22, 16, 13, 14, 10, 9, 7, 19, 20, 5, 30, 3, 1]","[(1, 2), (2, 31), (31, 28), (28, 26), (26, 27), (27, 25), (25, 21), (21, 23), (23, 24), (24, 22), (22, 15), (15, 16), (16, 17), (17, 14), (14, 12), (12, 9), (9, 8), (8, 7), (7, 11), (11, 19), (19, 18), (18, 20), (20, 6), (6, 30), (30, 4), (4, 3), (3, 29), (29, 1)]","[(1, 0.0), (31, 0.0), (26, 0.0), (25, 2004.0), (23, 4013.0), (22, 4013.0), (16, 6021.0), (13, 7023.0), (14, 8032.0), (10, 10038.0), (9, 11042.0), (7, 13054.0), (19, 15068.0), (20, 17079.0), (5, 19094.0), (30, 20098.0), (3, 22112.0), (1, 24116.0)]"
SA,30,6,bench_30_5,ok,-37365.5211,,450.0197,27,15,12,13,22317.0,59682.5211,820.9425,27106.0,68251.0,30126.0,27000495,33.6911,239,"[5, 19, 9, 10, 14, 13, 16, 22, 24, 25, 26, 27, 28, 29, 31, 30, 18, 6, 11, 12, 17, 15, 23, 21, 4, 3, 2]","[5, 19, 9, 10, 14, 13, 16, 22, 24, 25, 26, 27, 28, 29, 31]","[30, 18, 6, 11, 12, 17, 15, 23, 21, 4, 3, 2]","[5, 19, 7, 9, 10, 14, 16, 22, 25, 26, 29, 31, 1]","[1, 5, 20, 19, 7, 9, 10, 14, 13, 16, 22, 24, 25, 26, 27, 28, 29, 31, 1]","[(1, 30), (30, 5), (5, 18), (18, 19), (19, 6), (6, 7), (7, 8), (8, 9), (9, 11), (11, 10), (10, 12), (12, 14), (14, 17), (17, 16), (16, 15), (15, 22), (22, 23), (23, 25), (25, 21), (21, 26), (26, 4), (4, 29), (29, 3), (3, 31), (31, 2), (2, 1)]","[(1, 0.0), (5, 0.0), (20, 2009.0), (19, 2009.0), (7, 4025.0), (9, 5034.0), (10, 6039.0), (14, 8047.0), (13, 10055.0), (16, 11064.0), (22, 13071.0), (24, 15077.0), (25, 16081.0), (26, 18089.0), (27, 20095.0), (28, 21100.0), (29, 22102.0), (31, 24104.0), (1, 26106.0)]"
SA,30,8,bench_30_5,ok,-37578.8741,,450.0161,29,15,14,14,23520.0,61098.8741,840.4247,29121.0,68251.0,30126.0,27334730,131.4781,241,"[25, 24, 22, 16, 13, 14, 10, 9, 8, 19, 20, 5, 30, 3, 31, 26, 28, 23, 15, 17, 12, 11, 7, 21, 18, 6, 4, 29, 2]","[25, 24, 22, 16, 13, 14, 10, 9, 8, 19, 20, 5, 30, 3, 31]","[26, 28, 23, 15, 17, 12, 11, 7, 21, 18, 6, 4, 29, 2]","[27, 25, 22, 16, 13, 10, 9, 8, 19, 20, 30, 3, 31, 1]","[1, 27, 25, 24, 22, 16, 13, 14, 10, 9, 8, 19, 20, 5, 30, 3, 31, 1]","[(1, 26), (26, 27), (27, 28), (28, 25), (25, 23), (23, 22), (22, 15), (15, 16), (16, 17), (17, 13), (14, 12), (12, 10), (10, 11), (11, 9), (9, 7), (7, 8), (8, 21), (21, 19), (19, 18), (18, 20), (20, 6), (6, 30), (30, 4), (4, 3), (3, 29), (29, 31), (31, 2), (2, 1)]","[(1, 0.0), (27, 0.0), (25, 1002.0), (24, 3008.0), (22, 4012.0), (16, 6020.0), (13, 8024.0), (14, 10038.0), (10, 11039.0), (9, 13050.0), (8, 15059.0), (19, 17073.0), (20, 19084.0), (5, 21099.0), (30, 22103.0), (3, 24117.0), (31, 26121.0), (1, 28121.0)]"
SA,40,0,bench_40_1,ok,-35115.1694,,600.0672,39,24,15,15,34665.0,69780.1694,959.8373,39183.0,91001.0,40189.0,30136370,600.0672,201,"[40, 6, 7, 8, 9, 10, 11, 12, 18, 17, 16, 20, 19, 26, 24, 28, 27, 31, 30, 33, 35, 34, 37, 2, 5, 4, 14, 15, 13, 21, 25, 29, 23, 32, 36, 38, 39, 41, 3]","[40, 6, 7, 8, 9, 10, 11, 12, 18, 17, 16, 20, 19, 26, 24, 28, 27, 31, 30, 33, 35, 34, 37, 2]","[5, 4, 14, 15, 13, 21, 25, 29, 23, 32, 36, 38, 39, 41, 3]","[22, 9, 17, 16, 20, 24, 28, 27, 31, 33, 35, 34, 37, 2, 1]","[1, 40, 6, 7, 22, 8, 9, 10, 11, 12, 18, 17, 16, 20, 19, 26, 24, 28, 27, 31, 30, 33, 35, 34, 37, 2, 1]","[(6, 5), (5, 22), (22, 4), (4, 9), (9, 14), (14, 17), (17, 15), (15, 16), (16, 13), (13, 20), (20, 21), (21, 24), (24, 25), (25, 28), (28, 29), (29, 27), (27, 23), (23, 31), (30, 32), (32, 33), (33, 36), (36, 35), (35, 38), (38, 34), (34, 39), (39, 37), (37, 41), (41, 2), (2, 3), (3, 1)]","[(1, 0.0), (40, 0.0), (6, 1009.0), (7, 2013.0), (22, 3021.0), (8, 4030.0), (9, 5032.0), (10, 7037.0), (11, 8042.0), (12, 9049.0), (18, 10051.0), (17, 11057.0), (16, 13066.0), (20, 15073.0), (19, 17077.0), (26, 18086.0), (24, 19093.0), (28, 21108.0), (27, 23114.0), (31, 25122.0), (30, 27134.0), (33, 28138.0), (35, 30142.0), (34, 32151.0), (37, 34162.0), (2, 36166.0), (1, 38177.0)]"
SA,40,2,bench_40_1,ok,-34517.6031,,600.0802,39,23,16,16,34710.0,69227.6031,952.2366,39183.0,91001.0,40189.0,30045867,600.0802,200,"[40, 6, 7, 22, 8, 10, 11, 12, 16, 17, 18, 21, 20, 26, 27, 29, 31, 33, 35, 34, 38, 37, 2, 4, 23, 9, 13, 15, 14, 19, 24, 25, 28, 30, 32, 36, 39, 5, 41]","[40, 6, 7, 22, 8, 10, 11, 12, 16, 17, 18, 21, 20, 26, 27, 29, 31, 33, 35, 34, 38, 37, 2]","[4, 23, 9, 13, 15, 14, 19, 24, 25, 28, 30, 32, 36, 39, 5, 41]","[22, 8, 10, 12, 16, 21, 20, 26, 27, 29, 31, 33, 35, 38, 2, 1]","[1, 3, 40, 6, 7, 22, 8, 10, 11, 12, 16, 17, 18, 21, 20, 26, 27, 29, 31, 33, 35, 34, 38, 37, 2, 1]","[(3, 4), (4, 22), (22, 23), (23, 8), (8, 9), (9, 10), (10, 13), (13, 12), (12, 15), (15, 16), (16, 14), (14, 21), (21, 19), (19, 20), (20, 24), (24, 26), (26, 25), (25, 27), (27, 28), (28, 29), (29, 30), (30, 31), (31, 32), (32, 33), (33, 36), (36, 35), (35, 39), (39, 38), (38, 5), (5, 2), (2, 41), (41, 1)]","[(1, 0.0), (3, 0.0), (40, 0.0), (6, 1009.0), (7, 2013.0), (22, 3021.0), (8, 5028.0), (10, 7036.0), (11, 9045.0), (12, 10052.0), (16, 12055.0), (17, 14062.0), (18, 15069.0), (21, 16075.0), (20, 18085.0), (26, 20097.0), (27, 22111.0), (29, 24119.0), (31, 26125.0), (33, 28135.0), (35, 30139.0), (34, 32148.0), (38, 33153.0), (37, 35163.0), (2, 36163.0), (1, 38178.0)]"
SA,40,4,bench_40_1,ok,-36296.7866,,600.0682,39,25,14,14,34710.0,71006.7866,976.7096,39183.0,91001.0,40189.0,30110973,600.0681,201,"[5, 6, 7, 22, 8, 9, 10, 11, 12, 16, 17, 20, 19, 26, 24, 28, 29, 31, 30, 33, 35, 34, 38, 41, 2, 4, 40, 13, 14, 18, 15, 21, 25, 27, 32, 39, 36, 23, 37]","[5, 6, 7, 22, 8, 9, 10, 11, 12, 16, 17, 20, 19, 26, 24, 28, 29, 31, 30, 33, 35, 34, 38, 41, 2]","[4, 40, 13, 14, 18, 15, 21, 25, 27, 32, 39, 36, 23, 37]","[5, 22, 10, 16, 17, 19, 24, 28, 29, 31, 35, 34, 2, 1]","[1, 3, 5, 6, 7, 22, 8, 9, 10, 11, 12, 16, 17, 20, 19, 26, 24, 28, 29, 31, 30, 33, 35, 34, 38, 41, 2, 1]","[(3, 4), (4, 5), (5, 40), (40, 22), (22, 13), (13, 10), (10, 14), (14, 16), (16, 18), (18, 17), (17, 15), (15, 19), (19, 21), (21, 24), (24, 25), (25, 28), (28, 27), (27, 29), (29, 32), (32, 31), (30, 39), (39, 35), (35, 36), (36, 34), (34, 23), (23, 2), (2, 37), (37, 1)]","[(1, 0.0), (3, 0.0), (5, 0.0), (6, 2010.0), (7, 3014.0), (22, 4022.0), (8, 6037.0), (9, 7039.0), (10, 8043.0), (11, 10049.0), (12, 11056.0), (16, 12058.0), (17, 14065.0), (20, 16078.0), (19, 17081.0), (26, 19092.0), (24, 20099.0), (28, 22114.0), (29, 24120.0), (31, 26128.0), (30, 28138.0), (33, 29142.0), (35, 30142.0), (34, 32149.0), (38, 34160.0), (41, 35166.0), (2, 36171.0), (1, 38183.0)]"
SA,40,6,bench_40_1,ok,-34336.5822,,600.044,38,25,13,13,34052.0,68388.5822,940.6958,38177.0,91001.0,40189.0,30453408,343.2525,203,"[4, 5, 6, 7, 8, 9, 10, 11, 12, 18, 17, 20, 19, 26, 28, 27, 29, 31, 30, 33, 35, 34, 38, 41, 2, 24, 25, 13, 16, 15, 21, 14, 23, 32, 36, 39, 40, 37]","[4, 5, 6, 7, 8, 9, 10, 11, 12, 18, 17, 20, 19, 26, 28, 27, 29, 31, 30, 33, 35, 34, 38, 41, 2]","[24, 25, 13, 16, 15, 21, 14, 23, 32, 36, 39, 40, 37]","[22, 11, 12, 17, 20, 19, 29, 30, 33, 35, 38, 2, 1]","[1, 3, 4, 5, 6, 7, 22, 8, 9, 10, 11, 12, 18, 17, 20, 19, 26, 28, 27, 29, 31, 30, 33, 35, 34, 38, 41, 2, 1]","[(1, 24), (24, 22), (22, 25), (25, 11), (11, 13), (13, 12), (12, 16), (16, 17), (17, 15), (15, 20), (20, 21), (21, 19), (19, 14), (14, 29), (29, 23), (23, 30), (30, 32), (32, 33), (33, 36), (36, 35), (35, 39), (39, 38), (38, 40), (40, 2), (2, 37), (37, 1)]","[(1, 0.0), (3, 0.0), (4, 0.0), (5, 1001.0), (6, 2010.0), (7, 3014.0), (22, 4022.0), (8, 5029.0), (9, 6031.0), (10, 7035.0), (11, 8040.0), (12, 10051.0), (18, 12054.0), (17, 13060.0), (20, 15072.0), (19, 17077.0), (26, 19094.0), (28, 20101.0), (27, 21103.0), (29, 22107.0), (31, 24113.0), (30, 25119.0), (33, 27129.0), (35, 29133.0), (34, 31142.0), (38, 32147.0), (41, 34157.0), (2, 35162.0), (1, 37177.0)]"
SA,40,8,bench_40_1,ok,-36373.9935,,600.0376,40,23,17,17,35323.0,71696.9935,986.2035,40189.0,91001.0,40189.0,29383663,7.0681,196,"[38, 34, 33, 32, 31, 27, 28, 25, 15, 16, 17, 18, 12, 11, 10, 20, 21, 22, 6, 5, 40, 41, 2, 35, 36, 30, 23, 29, 26, 14, 13, 8, 24, 19, 9, 7, 4, 39, 37, 3]","[38, 34, 33, 32, 31, 27, 28, 25, 15, 16, 17, 18, 12, 11, 10, 20, 21, 22, 6, 5, 40, 41, 2]","[35, 36, 30, 23, 29, 26, 14, 13, 8, 24, 19, 9, 7, 4, 39, 37, 3]","[34, 33, 32, 27, 28, 25, 16, 12, 10, 20, 21, 6, 5, 40, 41, 2, 1]","[1, 38, 34, 33, 32, 31, 27, 28, 25, 15, 16, 17, 18, 12, 11, 10, 20, 21, 22, 6, 5, 40, 41, 2, 1]","[(1, 35), (35, 34), (34, 36), (36, 33), (33, 30), (30, 32), (32, 23), (23, 27), (27, 29), (29, 28), (28, 26), (26, 25), (25, 14), (14, 16), (16, 13), (13, 12), (12, 8), (8, 10), (10, 24), (24, 20), (20, 19), (19, 21), (21, 9), (9, 6), (6, 7), (7, 5), (5, 4), (4, 40), (40, 39), (39, 41), (41, 37), (37, 2), (2, 3), (3, 1)]","[(1, 0.0), (38, 0.0), (34, 1006.0), (33, 3014.0), (32, 5020.0), (31, 7028.0), (27, 8034.0), (28, 10044.0), (25, 12050.0), (15, 14061.0), (16, 15063.0), (17, 17070.0), (18, 18077.0), (12, 19083.0), (11, 21086.0), (10, 22093.0), (20, 24100.0), (21, 26110.0), (22, 28127.0), (6, 29133.0), (5, 31141.0), (40, 33158.0), (41, 35168.0), (2, 37177.0), (1, 39183.0)]"
SA,40,0,bench_40_2,ok,-39742.8628,,600.043,37,23,14,15,30531.0,70273.8628,966.6281,37161.0,91001.0,40172.0,29239164,36.9021,195,"[33, 29, 28, 27, 26, 25, 22, 13, 12, 11, 10, 6, 16, 17, 5, 18, 4, 3, 40, 37, 36, 35, 41, 34, 31, 24, 14, 15, 9, 8, 7, 20, 39, 2, 19, 38, 30]","[33, 29, 28, 27, 26, 25, 22, 13, 12, 11, 10, 6, 16, 17, 5, 18, 4, 3, 40, 37, 36, 35, 41]","[34, 31, 24, 14, 15, 9, 8, 7, 20, 39, 2, 19, 38, 30]","[33, 26, 25, 22, 13, 11, 10, 6, 16, 5, 4, 40, 37, 35, 1]","[1, 33, 32, 29, 28, 27, 26, 25, 21, 22, 13, 12, 11, 10, 6, 16, 17, 5, 18, 4, 3, 40, 37, 36, 35, 41, 1]","[(1, 34), (34, 33), (33, 31), (31, 26), (26, 24), (24, 25), (25, 23), (23, 22), (22, 14), (14, 13), (13, 15), (15, 11), (11, 9), (9, 10), (10, 8), (8, 6), (6, 7), (7, 16), (16, 20), (20, 5), (5, 39), (39, 4), (4, 2), (2, 40), (40, 19), (19, 37), (37, 38), (38, 35), (35, 30), (30, 1)]","[(1, 0.0), (33, 0.0), (32, 2007.0), (29, 2007.0), (28, 3008.0), (27, 4012.0), (26, 5016.0), (25, 7026.0), (21, 9041.0), (22, 9041.0), (13, 10049.0), (12, 12054.0), (11, 13059.0), (10, 15063.0), (6, 17070.0), (16, 19075.0), (17, 21087.0), (5, 22090.0), (18, 24105.0), (4, 25107.0), (3, 27119.0), (40, 28123.0), (37, 30130.0), (36, 32145.0), (35, 33151.0), (41, 35155.0), (1, 36155.0)]"
SA,40,2,bench_40_2,ok,-40287.891,,600.0689,35,21,14,15,28908.0,69195.891,951.8004,35145.0,91001.0,40172.0,29679654,600.0688,197,"[37, 3, 18, 17, 16, 6, 8, 9, 12, 13, 22, 21, 24, 26, 27, 28, 29, 32, 33, 34, 41, 40, 2, 19, 7, 10, 11, 15, 14, 20, 25, 23, 38, 30, 31]","[37, 3, 18, 17, 16, 6, 8, 9, 12, 13, 22, 21, 24, 26, 27, 28, 29, 32, 33, 34, 41]","[40, 2, 19, 7, 10, 11, 15, 14, 20, 25, 23, 38, 30, 31]","[35, 39, 18, 17, 6, 8, 9, 12, 22, 24, 26, 28, 29, 33, 1]","[1, 35, 36, 37, 39, 3, 4, 18, 17, 16, 6, 8, 9, 12, 13, 22, 21, 24, 26, 27, 28, 29, 32, 33, 34, 41, 1]","[(1, 40), (40, 35), (35, 2), (2, 39), (39, 19), (19, 18), (18, 5), (5, 17), (17, 7), (7, 6), (6, 10), (10, 8), (8, 11), (11, 9), (9, 15), (15, 12), (12, 14), (14, 22), (22, 20), (20, 24), (24, 25), (25, 26), (26, 23), (23, 28), (28, 38), (38, 29), (29, 30), (30, 33), (33, 31), (31, 1)]","[(1, 0.0), (35, 0.0), (36, 1001.0), (37, 1001.0), (39, 2007.0), (3, 3013.0), (4, 4017.0), (18, 4017.0), (17, 6028.0), (16, 7031.0), (6, 8034.0), (8, 10048.0), (9, 12054.0), (12, 14059.0), (13, 16064.0), (22, 17067.0), (21, 19077.0), (24, 20079.0), (26, 22092.0), (27, 24105.0), (28, 25109.0), (29, 27117.0), (32, 29121.0), (33, 30126.0), (34, 32137.0), (41, 33139.0), (1, 34139.0)]"
SA,40,4,bench_40_2,ok,-39872.0333,,600.0407,37,26,11,14,30679.0,70551.0333,970.4406,37154.0,91001.0,40172.0,29098195,266.4173,194,"[35, 37, 40, 3, 4, 18, 17, 6, 10, 9, 11, 15, 12, 13, 22, 21, 25, 24, 26, 27, 28, 29, 32, 33, 34, 41, 39, 2, 16, 7, 14, 8, 20, 38, 31, 30, 19]","[35, 37, 40, 3, 4, 18, 17, 6, 10, 9, 11, 15, 12, 13, 22, 21, 25, 24, 26, 27, 28, 29, 32, 33, 34, 41]","[39, 2, 16, 7, 14, 8, 20, 38, 31, 30, 19]","[35, 3, 4, 17, 6, 9, 15, 22, 25, 26, 28, 29, 33, 1]","[1, 35, 37, 40, 3, 4, 18, 17, 6, 10, 9, 11, 15, 12, 13, 22, 21, 25, 24, 26, 27, 28, 29, 32, 33, 34, 41, 1]","[(1, 36), (36, 35), (37, 39), (39, 3), (3, 2), (2, 4), (18, 16), (16, 17), (17, 5), (5, 6), (6, 7), (7, 9), (9, 14), (14, 15), (15, 8), (8, 22), (22, 20), (20, 25), (24, 23), (23, 26), (26, 38), (38, 28), (28, 31), (31, 29), (29, 30), (30, 33), (33, 19), (19, 1)]","[(1, 0.0), (35, 0.0), (37, 1001.0), (40, 2007.0), (3, 3008.0), (4, 5016.0), (18, 7030.0), (17, 8032.0), (6, 10038.0), (10, 11043.0), (9, 12049.0), (11, 14059.0), (15, 15063.0), (12, 17065.0), (13, 18070.0), (22, 19073.0), (21, 21081.0), (25, 22083.0), (24, 24099.0), (26, 25105.0), (27, 26109.0), (28, 27113.0), (29, 29120.0), (32, 31127.0), (33, 32132.0), (34, 34143.0), (41, 35145.0), (1, 36145.0)]"
SA,40,6,bench_40_2,ok,-39435.3446,,600.0644,38,23,15,16,31146.0,70581.3446,970.8576,38163.0,91001.0,40172.0,29574404,600.0644,197,"[33, 29, 28, 27, 24, 25, 21, 22, 12, 11, 9, 10, 6, 16, 17, 18, 4, 3, 40, 39, 37, 35, 41, 34, 30, 31, 26, 14, 13, 15, 7, 8, 20, 5, 2, 19, 36, 38]","[33, 29, 28, 27, 24, 25, 21, 22, 12, 11, 9, 10, 6, 16, 17, 18, 4, 3, 40, 39, 37, 35, 41]","[34, 30, 31, 26, 14, 13, 15, 7, 8, 20, 5, 2, 19, 36, 38]","[32, 29, 28, 21, 22, 12, 11, 10, 6, 16, 18, 3, 39, 37, 35, 1]","[1, 33, 32, 29, 28, 27, 24, 25, 21, 22, 12, 11, 9, 10, 6, 16, 17, 18, 4, 3, 40, 39, 37, 35, 41, 1]","[(1, 34), (34, 32), (32, 30), (30, 29), (29, 31), (31, 28), (28, 26), (26, 21), (21, 23), (23, 22), (22, 14), (14, 12), (12, 13), (13, 11), (11, 15), (15, 10), (10, 7), (7, 6), (6, 8), (8, 16), (16, 20), (20, 18), (18, 5), (5, 3), (3, 2), (2, 39), (39, 19), (19, 37), (37, 36), (36, 35), (35, 38), (38, 1)]","[(1, 0.0), (33, 0.0), (32, 1005.0), (29, 2007.0), (28, 4014.0), (27, 6024.0), (24, 7028.0), (25, 8034.0), (21, 9043.0), (22, 11049.0), (12, 12057.0), (11, 14064.0), (9, 16071.0), (10, 17072.0), (6, 19078.0), (16, 21092.0), (17, 23095.0), (18, 24098.0), (4, 26107.0), (3, 27115.0), (40, 29127.0), (39, 30128.0), (37, 32138.0), (35, 34153.0), (41, 36160.0), (1, 37160.0)]"
SA,40,8,bench_40_2,ok,-40238.3906,,600.0884,39,27,12,13,31909.0,72147.3906,992.3988,39168.0,91001.0,40172.0,29842921,600.0883,199,"[33, 32, 30, 28, 27, 26, 25, 21, 22, 13, 12, 15, 11, 9, 10, 16, 17, 5, 18, 4, 40, 3, 39, 37, 36, 35, 41, 34, 31, 24, 14, 8, 7, 6, 20, 2, 19, 38, 29]","[33, 32, 30, 28, 27, 26, 25, 21, 22, 13, 12, 15, 11, 9, 10, 16, 17, 5, 18, 4, 40, 3, 39, 37, 36, 35, 41]","[34, 31, 24, 14, 8, 7, 6, 20, 2, 19, 38, 29]","[30, 27, 25, 22, 12, 10, 17, 18, 3, 39, 37, 35, 1]","[1, 33, 32, 30, 28, 27, 26, 25, 21, 22, 13, 12, 15, 11, 9, 10, 16, 17, 5, 18, 4, 40, 3, 39, 37, 36, 35, 41, 1]","[(1, 34), (34, 30), (30, 31), (31, 27), (26, 23), (23, 25), (25, 24), (24, 22), (22, 14), (14, 12), (12, 8), (8, 10), (10, 7), (7, 17), (17, 6), (6, 18), (18, 20), (20, 3), (3, 2), (2, 39), (39, 19), (19, 37), (37, 38), (38, 35), (35, 29), (29, 1)]","[(1, 0.0), (33, 0.0), (32, 1005.0), (30, 2010.0), (28, 4018.0), (27, 5022.0), (26, 7032.0), (25, 8036.0), (21, 9045.0), (22, 10047.0), (13, 12061.0), (12, 13064.0), (15, 15071.0), (11, 16071.0), (9, 17075.0), (10, 18076.0), (16, 20082.0), (17, 21085.0), (5, 23097.0), (18, 24105.0), (4, 26112.0), (40, 27120.0), (3, 28121.0), (39, 30132.0), (37, 32142.0), (36, 34157.0), (35, 35163.0), (41, 37167.0), (1, 38167.0)]"
SA,40,0,bench_40_3,ok,-42501.9713,,600.0638,37,22,15,16,31026.0,73527.9713,1011.3889,37188.0,91001.0,40203.0,30018546,600.0637,200,"[4, 22, 17, 18, 19, 7, 8, 10, 11, 16, 15, 23, 24, 27, 26, 28, 31, 30, 33, 36, 35, 41, 38, 6, 39, 20, 9, 12, 14, 13, 29, 25, 21, 32, 37, 34, 40]","[4, 22, 17, 18, 19, 7, 8, 10, 11, 16, 15, 23, 24, 27, 26, 28, 31, 30, 33, 36, 35, 41]","[38, 6, 39, 20, 9, 12, 14, 13, 29, 25, 21, 32, 37, 34, 40]","[3, 4, 5, 22, 8, 10, 16, 15, 23, 26, 28, 30, 33, 35, 41, 1]","[1, 3, 4, 5, 22, 17, 18, 19, 7, 8, 10, 11, 16, 15, 23, 24, 27, 26, 28, 31, 30, 33, 36, 35, 41, 1]","[(1, 38), (38, 3), (3, 2), (2, 4), (4, 6), (6, 5), (5, 39), (39, 22), (22, 20), (20, 8), (8, 9), (9, 10), (10, 12), (12, 16), (16, 14), (14, 15), (15, 13), (13, 23), (24, 29), (29, 26), (26, 25), (25, 28), (28, 21), (21, 30), (30, 32), (32, 33), (33, 37), (37, 35), (35, 34), (34, 41), (41, 40), (40, 1)]","[(1, 0.0), (3, 0.0), (4, 1001.0), (5, 2009.0), (22, 3010.0), (17, 5022.0), (18, 6025.0), (19, 7033.0), (7, 8039.0), (8, 9041.0), (10, 11057.0), (11, 13075.0), (16, 14076.0), (15, 16084.0), (23, 18094.0), (24, 20108.0), (27, 21115.0), (26, 22119.0), (28, 24124.0), (31, 26140.0), (30, 27143.0), (33, 29157.0), (36, 31165.0), (35, 32173.0), (41, 34185.0), (1, 36185.0)]"
SA,40,2,bench_40_3,ok,-42636.7745,,600.1334,38,25,13,14,31669.0,74305.7745,1022.0877,38193.0,91001.0,40203.0,29683102,600.1333,198,"[38, 20, 17, 18, 19, 7, 8, 10, 11, 12, 13, 15, 23, 24, 25, 27, 26, 28, 31, 30, 33, 36, 35, 34, 41, 4, 39, 6, 22, 9, 16, 14, 3, 21, 37, 29, 40, 32]","[38, 20, 17, 18, 19, 7, 8, 10, 11, 12, 13, 15, 23, 24, 25, 27, 26, 28, 31, 30, 33, 36, 35, 34, 41]","[4, 39, 6, 22, 9, 16, 14, 3, 21, 37, 29, 40, 32]","[38, 20, 5, 17, 8, 11, 13, 15, 27, 28, 30, 33, 35, 1]","[1, 38, 20, 5, 17, 18, 19, 7, 8, 10, 11, 12, 13, 15, 23, 24, 25, 27, 26, 28, 31, 30, 33, 36, 35, 34, 41, 1]","[(1, 2), (2, 38), (38, 4), (4, 20), (20, 39), (39, 5), (5, 6), (6, 17), (17, 22), (22, 8), (8, 9), (9, 11), (11, 16), (16, 13), (13, 14), (14, 15), (15, 3), (3, 27), (27, 21), (21, 28), (28, 37), (37, 30), (30, 29), (29, 33), (33, 40), (40, 35), (35, 32), (32, 1)]","[(1, 0.0), (38, 0.0), (20, 1001.0), (5, 3017.0), (17, 4025.0), (18, 6029.0), (19, 7037.0), (7, 8043.0), (8, 9045.0), (10, 11057.0), (11, 12066.0), (12, 14076.0), (13, 15076.0), (15, 17089.0), (23, 19099.0), (24, 20108.0), (25, 21115.0), (27, 22124.0), (26, 24133.0), (28, 25135.0), (31, 27151.0), (30, 28154.0), (33, 30163.0), (36, 32171.0), (35, 33179.0), (34, 35190.0), (41, 36190.0), (1, 37190.0)]"
SA,40,4,bench_40_3,ok,-42627.7956,,600.0876,38,24,14,15,31671.0,74298.7956,1021.9917,38196.0,91001.0,40203.0,29351732,600.0876,196,"[39, 20, 22, 17, 18, 19, 7, 11, 12, 14, 13, 15, 23, 24, 25, 26, 28, 31, 30, 32, 33, 36, 35, 41, 4, 6, 8, 9, 10, 16, 5, 27, 29, 21, 38, 40, 37, 34]","[39, 20, 22, 17, 18, 19, 7, 11, 12, 14, 13, 15, 23, 24, 25, 26, 28, 31, 30, 32, 33, 36, 35, 41]","[4, 6, 8, 9, 10, 16, 5, 27, 29, 21, 38, 40, 37, 34]","[3, 20, 19, 7, 12, 13, 15, 25, 26, 28, 30, 33, 35, 41, 1]","[1, 3, 39, 20, 22, 17, 18, 19, 7, 11, 12, 14, 13, 15, 23, 24, 25, 26, 28, 31, 30, 32, 33, 36, 35, 41, 1]","[(1, 2), (2, 3), (3, 4), (4, 20), (20, 6), (6, 19), (19, 8), (8, 7), (7, 9), (9, 12), (12, 10), (10, 13), (13, 16), (16, 15), (15, 5), (5, 25), (25, 27), (27, 26), (26, 29), (29, 28), (28, 21), (21, 30), (30, 38), (38, 33), (33, 40), (40, 35), (35, 37), (37, 41), (41, 34), (34, 1)]","[(1, 0.0), (3, 0.0), (39, 0.0), (20, 1008.0), (22, 3024.0), (17, 4028.0), (18, 5031.0), (19, 6039.0), (7, 8046.0), (11, 10056.0), (12, 11057.0), (14, 13066.0), (13, 14067.0), (15, 16081.0), (23, 18098.0), (24, 19107.0), (25, 20114.0), (26, 22131.0), (28, 24137.0), (31, 26147.0), (30, 27150.0), (32, 29164.0), (33, 30167.0), (36, 32173.0), (35, 33181.0), (41, 35192.0), (1, 37196.0)]"
SA,40,6,bench_40_3,ok,-43192.1682,,600.0447,38,25,13,14,31671.0,74863.1682,1029.7547,38196.0,91001.0,40203.0,30027784,218.1185,200,"[20, 39, 4, 5, 19, 7, 8, 9, 10, 11, 12, 14, 16, 17, 22, 25, 26, 28, 30, 31, 32, 33, 36, 35, 41, 6, 21, 23, 13, 15, 18, 24, 27, 38, 29, 37, 40, 34]","[20, 39, 4, 5, 19, 7, 8, 9, 10, 11, 12, 14, 16, 17, 22, 25, 26, 28, 30, 31, 32, 33, 36, 35, 41]","[6, 21, 23, 13, 15, 18, 24, 27, 38, 29, 37, 40, 34]","[20, 4, 7, 12, 14, 17, 22, 25, 26, 31, 33, 35, 41, 1]","[1, 3, 20, 39, 4, 5, 19, 7, 8, 9, 10, 11, 12, 14, 16, 17, 22, 25, 26, 28, 30, 31, 32, 33, 36, 35, 41, 1]","[(3, 2), (2, 20), (20, 6), (6, 4), (4, 21), (21, 7), (7, 23), (23, 12), (12, 13), (13, 14), (14, 15), (15, 17), (17, 18), (18, 22), (22, 24), (24, 25), (25, 27), (27, 26), (26, 38), (38, 31), (31, 29), (29, 33), (33, 37), (37, 35), (35, 40), (40, 41), (41, 34), (34, 1)]","[(1, 0.0), (3, 0.0), (20, 0.0), (39, 1008.0), (4, 2016.0), (5, 4025.0), (19, 5033.0), (7, 6039.0), (8, 8050.0), (9, 9058.0), (10, 10067.0), (11, 11076.0), (12, 12077.0), (14, 14086.0), (16, 16092.0), (17, 17100.0), (22, 19112.0), (25, 21124.0), (26, 23140.0), (28, 25146.0), (30, 26153.0), (31, 27158.0), (32, 29162.0), (33, 30165.0), (36, 32173.0), (35, 33181.0), (41, 35193.0), (1, 37196.0)]"
SA,40,8,bench_40_3,ok,-39658.3895,,600.0411,38,22,16,16,31987.0,71645.3895,985.4937,38191.0,91001.0,40203.0,30238591,183.1945,202,"[35, 33, 30, 29, 28, 27, 22, 18, 17, 16, 14, 12, 11, 10, 8, 7, 5, 20, 39, 38, 40, 41, 32, 37, 24, 26, 23, 19, 13, 15, 9, 21, 6, 4, 2, 3, 36, 34]","[35, 33, 30, 29, 28, 27, 22, 18, 17, 16, 14, 12, 11, 10, 8, 7, 5, 20, 39, 38, 40, 41]","[32, 37, 24, 26, 23, 19, 13, 15, 9, 21, 6, 4, 2, 3, 36, 34]","[33, 30, 27, 25, 22, 17, 16, 10, 7, 5, 20, 39, 38, 40, 41, 1]","[1, 35, 33, 31, 30, 29, 28, 27, 25, 22, 18, 17, 16, 14, 12, 11, 10, 8, 7, 5, 20, 39, 38, 40, 41, 1]","[(1, 32), (32, 33), (33, 37), (37, 30), (30, 24), (24, 27), (27, 26), (26, 25), (25, 23), (23, 22), (22, 19), (19, 17), (17, 13), (13, 16), (16, 15), (15, 10), (10, 9), (9, 7), (7, 21), (21, 5), (5, 6), (6, 20), (20, 4), (4, 39), (39, 2), (2, 38), (38, 3), (3, 40), (40, 36), (36, 41), (41, 34), (34, 1)]","[(1, 0.0), (35, 0.0), (33, 1008.0), (31, 3016.0), (30, 3016.0), (29, 5025.0), (28, 6028.0), (27, 7035.0), (25, 9046.0), (22, 10048.0), (18, 12061.0), (17, 13069.0), (16, 15078.0), (14, 17091.0), (12, 18092.0), (11, 19092.0), (10, 20093.0), (8, 22111.0), (7, 23119.0), (5, 25130.0), (20, 27147.0), (39, 29156.0), (38, 31172.0), (40, 33175.0), (41, 35183.0), (1, 37191.0)]"
SA,40,0,bench_40_4,ok,-37284.4306,,600.0664,38,24,14,15,32906.0,70190.4306,965.4805,38187.0,91001.0,40195.0,29055719,600.0663,194,"[38, 36, 35, 25, 27, 30, 31, 16, 14, 12, 13, 11, 7, 8, 9, 19, 20, 21, 22, 23, 40, 39, 41, 2, 34, 32, 29, 15, 17, 18, 10, 6, 28, 5, 24, 4, 3, 37]","[38, 36, 35, 25, 27, 30, 31, 16, 14, 12, 13, 11, 7, 8, 9, 19, 20, 21, 22, 23, 40, 39, 41, 2]","[34, 32, 29, 15, 17, 18, 10, 6, 28, 5, 24, 4, 3, 37]","[35, 26, 30, 16, 14, 13, 8, 9, 19, 20, 22, 40, 39, 2, 1]","[1, 38, 36, 35, 25, 26, 27, 30, 31, 16, 14, 12, 13, 11, 7, 8, 9, 19, 20, 21, 22, 23, 40, 39, 41, 2, 1]","[(1, 33), (33, 35), (35, 34), (34, 26), (26, 32), (32, 30), (30, 29), (29, 16), (16, 15), (15, 14), (14, 17), (17, 13), (13, 18), (18, 8), (8, 10), (10, 9), (9, 6), (6, 19), (19, 28), (28, 20), (20, 5), (5, 22), (22, 24), (24, 40), (40, 4), (4, 39), (39, 3), (3, 2), (2, 37), (37, 1)]","[(1, 0.0), (38, 0.0), (36, 1007.0), (35, 2011.0), (25, 3018.0), (26, 4024.0), (27, 5026.0), (30, 6033.0), (31, 8043.0), (16, 9051.0), (14, 11056.0), (12, 13066.0), (13, 14066.0), (11, 16078.0), (7, 17078.0), (8, 18080.0), (9, 20094.0), (19, 22110.0), (20, 24113.0), (21, 26125.0), (22, 27132.0), (23, 29137.0), (40, 30144.0), (39, 32148.0), (41, 34158.0), (2, 35165.0), (1, 37179.0)]"
SA,40,2,bench_40_4,ok,-37797.5231,,600.0622,37,23,14,15,32212.0,70009.5231,962.9921,37183.0,91001.0,40195.0,29167387,600.0621,194,"[37, 38, 36, 35, 30, 31, 16, 14, 12, 18, 13, 11, 7, 8, 9, 6, 19, 28, 21, 23, 40, 39, 41, 34, 32, 33, 15, 17, 10, 5, 20, 27, 29, 22, 4, 2, 3]","[37, 38, 36, 35, 30, 31, 16, 14, 12, 18, 13, 11, 7, 8, 9, 6, 19, 28, 21, 23, 40, 39, 41]","[34, 32, 33, 15, 17, 10, 5, 20, 27, 29, 22, 4, 2, 3]","[35, 26, 30, 12, 18, 13, 11, 6, 19, 21, 23, 40, 39, 41, 1]","[1, 37, 38, 36, 35, 25, 26, 30, 31, 16, 14, 12, 18, 13, 11, 7, 8, 9, 6, 19, 28, 21, 23, 40, 39, 41, 1]","[(38, 34), (34, 35), (35, 24), (24, 26), (26, 32), (32, 30), (30, 33), (33, 12), (12, 15), (15, 18), (18, 17), (17, 13), (13, 10), (10, 11), (11, 5), (5, 6), (6, 20), (20, 19), (19, 27), (27, 21), (21, 29), (29, 23), (23, 22), (22, 40), (40, 4), (4, 39), (39, 2), (2, 41), (41, 3), (3, 1)]","[(1, 0.0), (37, 0.0), (38, 1008.0), (36, 2015.0), (35, 3019.0), (25, 5028.0), (26, 5028.0), (30, 5028.0), (31, 7038.0), (16, 8046.0), (14, 9050.0), (12, 10055.0), (18, 12059.0), (13, 14070.0), (11, 16082.0), (7, 18089.0), (8, 19091.0), (9, 20099.0), (6, 21108.0), (19, 23111.0), (28, 25123.0), (21, 26126.0), (23, 28140.0), (40, 30148.0), (39, 32152.0), (41, 34162.0), (1, 36178.0)]"
SA,40,4,bench_40_4,ok,-38781.8451,,600.065,40,25,15,15,34080.0,72861.8451,1002.2262,40195.0,91001.0,40195.0,29462023,600.0649,196,"[2, 41, 40, 23, 22, 21, 20, 6, 9, 10, 11, 13, 18, 17, 14, 31, 30, 27, 24, 25, 34, 35, 36, 38, 37, 3, 4, 19, 5, 8, 7, 16, 15, 12, 29, 32, 26, 28, 33, 39]","[2, 41, 40, 23, 22, 21, 20, 6, 9, 10, 11, 13, 18, 17, 14, 31, 30, 27, 24, 25, 34, 35, 36, 38, 37]","[3, 4, 19, 5, 8, 7, 16, 15, 12, 29, 32, 26, 28, 33, 39]","[41, 23, 20, 9, 10, 11, 17, 14, 31, 30, 27, 24, 35, 37, 1]","[1, 2, 41, 40, 23, 22, 21, 20, 6, 9, 10, 11, 13, 18, 17, 14, 31, 30, 27, 24, 25, 34, 35, 36, 38, 37, 1]","[(2, 3), (3, 41), (41, 4), (4, 23), (22, 19), (19, 20), (20, 5), (5, 9), (9, 8), (8, 10), (10, 7), (7, 11), (11, 16), (16, 17), (17, 15), (15, 14), (14, 12), (12, 31), (31, 29), (29, 30), (30, 32), (32, 27), (27, 26), (26, 24), (24, 28), (28, 35), (35, 33), (33, 37), (37, 39), (39, 1)]","[(1, 0.0), (2, 0.0), (41, 1009.0), (40, 3021.0), (23, 4023.0), (22, 6039.0), (21, 7041.0), (20, 8048.0), (6, 10060.0), (9, 11060.0), (10, 13072.0), (11, 15087.0), (13, 17089.0), (18, 18095.0), (17, 19101.0), (14, 21111.0), (31, 23121.0), (30, 25129.0), (27, 27134.0), (24, 29147.0), (25, 31153.0), (34, 32159.0), (35, 33161.0), (36, 35171.0), (38, 36175.0), (37, 37182.0), (1, 39194.0)]"
SA,40,6,bench_40_4,ok,-38249.4908,,600.0671,39,23,16,16,33578.0,71827.4908,987.9985,39191.0,91001.0,40195.0,29889880,600.0671,199,"[38, 36, 35, 25, 32, 30, 31, 14, 17, 18, 13, 11, 7, 8, 9, 6, 5, 21, 28, 23, 40, 39, 41, 37, 34, 24, 33, 29, 16, 12, 15, 10, 27, 20, 19, 22, 3, 4, 2]","[38, 36, 35, 25, 32, 30, 31, 14, 17, 18, 13, 11, 7, 8, 9, 6, 5, 21, 28, 23, 40, 39, 41]","[37, 34, 24, 33, 29, 16, 12, 15, 10, 27, 20, 19, 22, 3, 4, 2]","[36, 26, 32, 30, 31, 17, 13, 9, 6, 21, 28, 23, 40, 39, 41, 1]","[1, 38, 36, 35, 25, 26, 32, 30, 31, 14, 17, 18, 13, 11, 7, 8, 9, 6, 5, 21, 28, 23, 40, 39, 41, 1]","[(1, 37), (37, 36), (36, 34), (34, 26), (26, 24), (24, 32), (32, 33), (33, 30), (30, 29), (29, 31), (31, 16), (16, 17), (17, 12), (12, 13), (13, 15), (15, 9), (9, 10), (10, 6), (6, 27), (27, 21), (21, 20), (20, 28), (28, 19), (19, 23), (23, 22), (22, 40), (40, 3), (3, 39), (39, 4), (4, 41), (41, 2), (2, 1)]","[(1, 0.0), (38, 0.0), (36, 1007.0), (35, 3019.0), (25, 4026.0), (26, 5032.0), (32, 6034.0), (30, 8042.0), (31, 10050.0), (14, 12059.0), (17, 13064.0), (18, 15074.0), (13, 16080.0), (11, 18086.0), (7, 19086.0), (8, 20088.0), (9, 21096.0), (6, 23110.0), (5, 25117.0), (21, 26120.0), (28, 28134.0), (23, 30146.0), (40, 32156.0), (39, 34160.0), (41, 36166.0), (1, 38182.0)]"
SA,40,8,bench_40_4,ok,-36901.0624,,600.042,39,24,15,15,33578.0,70479.0624,969.4507,39191.0,91001.0,40195.0,29454159,314.6693,196,"[36, 35, 25, 34, 30, 31, 14, 12, 17, 18, 11, 8, 10, 9, 6, 5, 20, 21, 28, 23, 40, 39, 41, 2, 3, 24, 32, 15, 16, 13, 29, 7, 33, 19, 4, 22, 27, 38, 37]","[36, 35, 25, 34, 30, 31, 14, 12, 17, 18, 11, 8, 10, 9, 6, 5, 20, 21, 28, 23, 40, 39, 41, 2]","[3, 24, 32, 15, 16, 13, 29, 7, 33, 19, 4, 22, 27, 38, 37]","[35, 34, 31, 14, 17, 18, 8, 10, 21, 28, 23, 40, 39, 2, 1]","[1, 36, 35, 25, 34, 26, 30, 31, 14, 12, 17, 18, 11, 8, 10, 9, 6, 5, 20, 21, 28, 23, 40, 39, 41, 2, 1]","[(1, 3), (3, 35), (35, 24), (24, 34), (34, 32), (32, 31), (31, 15), (15, 14), (14, 16), (16, 17), (17, 13), (13, 18), (18, 29), (29, 8), (8, 7), (7, 10), (10, 33), (33, 21), (21, 19), (19, 28), (28, 4), (4, 23), (23, 22), (22, 40), (40, 27), (27, 39), (39, 38), (38, 2), (2, 37), (37, 1)]","[(1, 0.0), (36, 0.0), (35, 1004.0), (25, 3016.0), (34, 4022.0), (26, 6026.0), (30, 6026.0), (31, 7030.0), (14, 9044.0), (12, 11054.0), (17, 12054.0), (18, 14064.0), (11, 16076.0), (8, 17076.0), (10, 19085.0), (9, 21094.0), (6, 22103.0), (5, 23103.0), (20, 24106.0), (21, 25115.0), (28, 27126.0), (23, 29132.0), (40, 31148.0), (39, 33152.0), (41, 35160.0), (2, 36167.0), (1, 38183.0)]"
SA,40,0,bench_40_5,ok,-34347.0388,,600.0869,39,24,15,16,31895.0,66242.0388,911.1697,39181.0,91001.0,40183.0,29443208,600.0868,196,"[3, 39, 5, 25, 24, 8, 9, 10, 16, 14, 13, 21, 19, 20, 29, 30, 31, 32, 34, 35, 36, 37, 38, 2, 23, 28, 15, 7, 11, 22, 12, 18, 17, 27, 26, 33, 6, 40, 41]","[3, 39, 5, 25, 24, 8, 9, 10, 16, 14, 13, 21, 19, 20, 29, 30, 31, 32, 34, 35, 36, 37, 38, 2]","[23, 28, 15, 7, 11, 22, 12, 18, 17, 27, 26, 33, 6, 40, 41]","[39, 25, 24, 8, 9, 10, 16, 21, 19, 29, 31, 32, 34, 37, 2, 1]","[1, 3, 39, 5, 25, 24, 8, 9, 10, 16, 14, 13, 21, 19, 20, 29, 30, 31, 32, 34, 35, 36, 37, 38, 2, 1]","[(1, 4), (4, 39), (39, 23), (23, 25), (25, 28), (28, 24), (24, 15), (15, 8), (8, 7), (7, 9), (9, 11), (11, 10), (10, 22), (22, 16), (16, 12), (12, 21), (21, 18), (18, 19), (19, 17), (17, 29), (29, 27), (27, 31), (31, 26), (26, 32), (32, 33), (33, 34), (34, 6), (6, 37), (37, 40), (40, 2), (2, 41), (41, 1)]","[(1, 0.0), (3, 0.0), (39, 1002.0), (5, 2007.0), (25, 3011.0), (24, 5026.0), (8, 7042.0), (9, 9055.0), (10, 11067.0), (16, 13075.0), (14, 15081.0), (13, 16082.0), (21, 17091.0), (19, 19100.0), (20, 21116.0), (29, 22122.0), (30, 24129.0), (31, 25133.0), (32, 27144.0), (34, 29152.0), (35, 31160.0), (36, 32162.0), (37, 33167.0), (38, 35178.0), (2, 36178.0), (1, 38181.0)]"
SA,40,2,bench_40_5,ok,-35348.9737,,603.3305,39,27,12,12,31885.0,67233.9737,924.8139,39177.0,91001.0,40183.0,29583428,603.3304,197,"[39, 5, 24, 28, 7, 8, 9, 15, 16, 14, 13, 22, 21, 19, 18, 20, 29, 30, 33, 32, 34, 35, 36, 37, 38, 2, 41, 6, 23, 11, 10, 17, 12, 31, 26, 27, 4, 40, 3]","[39, 5, 24, 28, 7, 8, 9, 15, 16, 14, 13, 22, 21, 19, 18, 20, 29, 30, 33, 32, 34, 35, 36, 37, 38, 2, 41]","[6, 23, 11, 10, 17, 12, 31, 26, 27, 4, 40, 3]","[28, 9, 16, 22, 18, 30, 33, 34, 35, 38, 41, 1]","[1, 39, 5, 25, 24, 28, 7, 8, 9, 15, 16, 14, 13, 22, 21, 19, 18, 20, 29, 30, 33, 32, 34, 35, 36, 37, 38, 2, 41, 1]","[(1, 6), (6, 28), (28, 23), (23, 9), (9, 11), (11, 16), (16, 10), (10, 22), (22, 17), (17, 18), (18, 12), (12, 30), (30, 31), (31, 33), (33, 26), (26, 34), (34, 27), (27, 35), (35, 4), (4, 38), (38, 40), (40, 41), (41, 3), (3, 1)]","[(1, 0.0), (39, 0.0), (5, 1005.0), (25, 2009.0), (24, 2009.0), (28, 3016.0), (7, 5034.0), (8, 6041.0), (9, 7048.0), (15, 9062.0), (16, 10068.0), (14, 12073.0), (13, 13074.0), (22, 14083.0), (21, 16092.0), (19, 17094.0), (18, 18103.0), (20, 20112.0), (29, 21118.0), (30, 22123.0), (33, 24134.0), (32, 26142.0), (34, 27146.0), (35, 29154.0), (36, 31163.0), (37, 32168.0), (38, 33170.0), (2, 35172.0), (41, 36172.0), (1, 38175.0)]"
SA,40,4,bench_40_5,ok,-34802.5304,,600.0434,39,25,14,14,31895.0,66697.5304,917.4351,39181.0,91001.0,40183.0,29912592,525.6356,199,"[5, 25, 24, 23, 7, 8, 9, 15, 16, 14, 13, 21, 19, 18, 20, 29, 30, 33, 34, 35, 36, 37, 38, 2, 41, 39, 28, 6, 11, 22, 10, 17, 12, 27, 32, 31, 26, 3, 40]","[5, 25, 24, 23, 7, 8, 9, 15, 16, 14, 13, 21, 19, 18, 20, 29, 30, 33, 34, 35, 36, 37, 38, 2, 41]","[39, 28, 6, 11, 22, 10, 17, 12, 27, 32, 31, 26, 3, 40]","[25, 23, 8, 9, 15, 13, 18, 30, 33, 34, 35, 38, 41, 1]","[1, 4, 5, 25, 24, 23, 7, 8, 9, 15, 16, 14, 13, 21, 19, 18, 20, 29, 30, 33, 34, 35, 36, 37, 38, 2, 41, 1]","[(4, 39), (39, 25), (25, 28), (28, 23), (23, 6), (6, 8), (8, 11), (11, 9), (9, 22), (22, 15), (15, 10), (10, 13), (13, 17), (17, 18), (18, 12), (12, 30), (30, 27), (27, 33), (33, 32), (32, 34), (34, 31), (31, 35), (35, 26), (26, 38), (38, 3), (3, 41), (41, 40), (40, 1)]","[(1, 0.0), (4, 0.0), (5, 0.0), (25, 1004.0), (24, 3015.0), (23, 4022.0), (7, 6040.0), (8, 7047.0), (9, 9063.0), (15, 11072.0), (16, 13083.0), (14, 14084.0), (13, 15085.0), (21, 17098.0), (19, 18100.0), (18, 19109.0), (20, 21118.0), (29, 22124.0), (30, 23129.0), (33, 25140.0), (34, 27151.0), (35, 29159.0), (36, 31165.0), (37, 32170.0), (38, 33172.0), (2, 35176.0), (41, 36176.0), (1, 38178.0)]"
SA,40,6,bench_40_5,ok,-34426.7835,,600.0405,38,23,15,16,31146.0,65572.7835,901.964,38174.0,91001.0,40183.0,29614542,569.6384,197,"[3, 39, 5, 24, 28, 9, 10, 12, 13, 14, 16, 22, 19, 18, 20, 30, 33, 32, 34, 35, 36, 38, 2, 6, 23, 7, 8, 11, 15, 17, 21, 29, 31, 26, 27, 4, 37, 41]","[3, 39, 5, 24, 28, 9, 10, 12, 13, 14, 16, 22, 19, 18, 20, 30, 33, 32, 34, 35, 36, 38, 2]","[6, 23, 7, 8, 11, 15, 17, 21, 29, 31, 26, 27, 4, 37, 41]","[39, 24, 28, 9, 12, 16, 22, 18, 20, 30, 33, 34, 35, 38, 2, 1]","[1, 3, 39, 5, 25, 24, 28, 9, 10, 12, 13, 14, 16, 22, 19, 18, 20, 30, 33, 32, 34, 35, 36, 38, 2, 1]","[(1, 40), (40, 39), (5, 6), (6, 24), (24, 23), (23, 28), (28, 7), (7, 9), (9, 8), (8, 12), (12, 11), (11, 16), (16, 15), (15, 22), (22, 17), (17, 18), (18, 21), (21, 20), (20, 29), (29, 30), (30, 31), (31, 33), (33, 26), (26, 34), (34, 27), (27, 35), (35, 4), (4, 38), (38, 37), (37, 2), (2, 41), (41, 1)]","[(1, 0.0), (3, 0.0), (39, 1002.0), (5, 2007.0), (25, 3011.0), (24, 3011.0), (28, 5027.0), (9, 7045.0), (10, 9057.0), (12, 10061.0), (13, 12075.0), (14, 13084.0), (16, 14085.0), (22, 16090.0), (19, 18101.0), (18, 19110.0), (20, 21119.0), (30, 23127.0), (33, 25136.0), (32, 27144.0), (34, 28148.0), (35, 30156.0), (36, 32165.0), (38, 33170.0), (2, 35172.0), (1, 37174.0)]"
SA,40,8,bench_40_5,ok,-34931.3567,,600.0432,37,25,12,14,30712.0,65643.3567,902.9348,37177.0,91001.0,40183.0,29992249,389.9424,200,"[2, 37, 36, 35, 34, 32, 31, 30, 29, 20, 19, 21, 13, 14, 16, 15, 9, 8, 7, 23, 24, 25, 5, 39, 3, 33, 27, 18, 17, 22, 12, 11, 10, 28, 6, 40, 41]","[2, 37, 36, 35, 34, 32, 31, 30, 29, 20, 19, 21, 13, 14, 16, 15, 9, 8, 7, 23, 24, 25, 5, 39, 3]","[33, 27, 18, 17, 22, 12, 11, 10, 28, 6, 40, 41]","[35, 34, 31, 20, 19, 13, 16, 9, 7, 24, 25, 39, 3, 1]","[1, 2, 38, 37, 36, 35, 34, 32, 31, 30, 29, 20, 19, 21, 13, 14, 16, 15, 9, 8, 7, 23, 24, 25, 5, 39, 3, 1]","[(1, 4), (4, 35), (35, 33), (33, 34), (34, 26), (26, 31), (31, 27), (27, 20), (20, 18), (18, 19), (19, 17), (17, 13), (13, 22), (22, 16), (16, 12), (12, 9), (9, 11), (11, 7), (7, 10), (10, 24), (24, 28), (28, 25), (25, 6), (6, 39), (39, 40), (40, 3), (3, 41), (41, 1)]","[(1, 0.0), (2, 0.0), (38, 1000.0), (37, 1000.0), (36, 2002.0), (35, 3007.0), (34, 4009.0), (32, 6017.0), (31, 7021.0), (30, 8025.0), (29, 9029.0), (20, 10034.0), (19, 12047.0), (21, 14063.0), (13, 15065.0), (14, 17076.0), (16, 18077.0), (15, 20083.0), (9, 21089.0), (8, 23101.0), (7, 24108.0), (23, 26119.0), (24, 27128.0), (25, 29139.0), (5, 31154.0), (39, 32158.0), (3, 34172.0), (1, 36177.0)]"
SA,50,0,bench_50_1,ok,-37101.6754,,750.077,50,36,14,14,44197.0,81298.6754,1118.2761,50223.0,113752.0,50223.0,32341875,734.5422,173,"[44, 40, 36, 37, 35, 33, 34, 30, 31, 17, 18, 19, 20, 12, 13, 11, 10, 9, 8, 23, 22, 21, 29, 32, 27, 25, 7, 6, 5, 50, 49, 46, 47, 48, 51, 2, 41, 42, 38, 16, 14, 15, 24, 28, 39, 4, 26, 45, 43, 3]","[44, 40, 36, 37, 35, 33, 34, 30, 31, 17, 18, 19, 20, 12, 13, 11, 10, 9, 8, 23, 22, 21, 29, 32, 27, 25, 7, 6, 5, 50, 49, 46, 47, 48, 51, 2]","[41, 42, 38, 16, 14, 15, 24, 28, 39, 4, 26, 45, 43, 3]","[44, 37, 31, 17, 12, 8, 22, 25, 5, 50, 46, 48, 2, 1]","[1, 44, 40, 36, 37, 35, 33, 34, 30, 31, 17, 18, 19, 20, 12, 13, 11, 10, 9, 8, 23, 22, 21, 29, 32, 27, 25, 7, 6, 5, 50, 49, 46, 47, 48, 51, 2, 1]","[(1, 41), (41, 44), (44, 42), (42, 37), (37, 38), (38, 31), (31, 16), (16, 17), (18, 14), (14, 12), (12, 15), (15, 8), (8, 24), (24, 22), (21, 28), (28, 25), (25, 39), (39, 5), (5, 4), (4, 50), (50, 26), (26, 46), (46, 45), (45, 48), (48, 43), (43, 2), (2, 3), (3, 1)]","[(1, 0.0), (44, 0.0), (40, 2009.0), (36, 3014.0), (37, 4018.0), (35, 6030.0), (33, 7034.0), (34, 8038.0), (30, 9040.0), (31, 10044.0), (17, 12053.0), (18, 14056.0), (19, 15061.0), (20, 16068.0), (12, 17074.0), (13, 19077.0), (11, 20083.0), (10, 21090.0), (9, 22095.0), (8, 23099.0), (23, 25103.0), (22, 26111.0), (21, 28120.0), (29, 29129.0), (32, 30130.0), (27, 31137.0), (25, 32144.0), (7, 34155.0), (6, 35163.0), (5, 36167.0), (50, 38176.0), (49, 40186.0), (46, 41187.0), (47, 43195.0), (48, 44197.0), (51, 46206.0), (2, 47211.0), (1, 49217.0)]"
SA,50,2,bench_50_1,ok,-35697.7472,,750.1347,49,31,18,18,43584.0,79281.7472,1090.533,49217.0,113752.0,50223.0,32450305,750.1347,174,"[5, 6, 7, 24, 27, 28, 22, 23, 10, 11, 13, 12, 20, 19, 18, 17, 31, 30, 34, 33, 35, 36, 39, 41, 44, 45, 47, 49, 48, 51, 2, 50, 4, 8, 29, 21, 32, 9, 14, 15, 16, 25, 38, 37, 40, 42, 46, 26, 43]","[5, 6, 7, 24, 27, 28, 22, 23, 10, 11, 13, 12, 20, 19, 18, 17, 31, 30, 34, 33, 35, 36, 39, 41, 44, 45, 47, 49, 48, 51, 2]","[50, 4, 8, 29, 21, 32, 9, 14, 15, 16, 25, 38, 37, 40, 42, 46, 26, 43]","[5, 6, 28, 22, 23, 10, 12, 18, 30, 35, 36, 39, 41, 44, 45, 47, 51, 1]","[1, 3, 5, 6, 7, 24, 27, 28, 22, 23, 10, 11, 13, 12, 20, 19, 18, 17, 31, 30, 34, 33, 35, 36, 39, 41, 44, 45, 47, 49, 48, 51, 2, 1]","[(3, 50), (50, 5), (5, 4), (4, 6), (6, 8), (8, 28), (28, 29), (29, 22), (22, 21), (21, 23), (23, 32), (32, 10), (11, 9), (9, 12), (12, 14), (14, 18), (17, 15), (15, 30), (30, 16), (16, 35), (35, 25), (25, 36), (36, 38), (38, 39), (39, 37), (37, 41), (41, 40), (40, 44), (44, 42), (42, 45), (45, 46), (46, 47), (47, 26), (26, 51), (2, 43), (43, 1)]","[(1, 0.0), (3, 0.0), (5, 0.0), (6, 2018.0), (7, 4023.0), (24, 5031.0), (27, 6037.0), (28, 7044.0), (22, 9051.0), (23, 11055.0), (10, 13072.0), (11, 15084.0), (13, 16091.0), (12, 17097.0), (20, 19103.0), (19, 20109.0), (18, 21116.0), (17, 23122.0), (31, 24124.0), (30, 25129.0), (34, 27135.0), (33, 28137.0), (35, 29141.0), (36, 31146.0), (39, 33156.0), (41, 35160.0), (44, 37169.0), (45, 39180.0), (47, 41190.0), (49, 43196.0), (48, 44197.0), (51, 45202.0), (2, 47211.0), (1, 48217.0)]"
SA,50,4,bench_50_1,ok,-35440.6906,,750.1418,50,32,18,18,44197.0,79637.6906,1095.429,50223.0,113752.0,50223.0,32232046,750.1417,172,"[43, 41, 39, 36, 37, 35, 33, 34, 30, 31, 17, 18, 20, 12, 13, 11, 8, 23, 22, 21, 29, 28, 32, 24, 7, 6, 50, 49, 47, 46, 51, 2, 42, 40, 38, 26, 15, 16, 14, 10, 9, 25, 27, 19, 5, 4, 48, 45, 44, 3]","[43, 41, 39, 36, 37, 35, 33, 34, 30, 31, 17, 18, 20, 12, 13, 11, 8, 23, 22, 21, 29, 28, 32, 24, 7, 6, 50, 49, 47, 46, 51, 2]","[42, 40, 38, 26, 15, 16, 14, 10, 9, 25, 27, 19, 5, 4, 48, 45, 44, 3]","[41, 37, 33, 30, 17, 13, 11, 8, 22, 28, 32, 7, 6, 50, 49, 46, 2, 1]","[1, 43, 41, 39, 36, 37, 35, 33, 34, 30, 31, 17, 18, 20, 12, 13, 11, 8, 23, 22, 21, 29, 28, 32, 24, 7, 6, 50, 49, 47, 46, 51, 2, 1]","[(1, 42), (42, 41), (41, 40), (40, 37), (37, 38), (38, 33), (33, 26), (26, 30), (30, 15), (15, 17), (17, 16), (16, 13), (13, 14), (14, 11), (11, 10), (10, 8), (8, 9), (9, 22), (22, 25), (25, 28), (28, 27), (27, 32), (32, 19), (19, 7), (7, 5), (5, 6), (6, 4), (4, 50), (50, 48), (48, 49), (49, 45), (45, 46), (46, 44), (44, 2), (2, 3), (3, 1)]","[(1, 0.0), (43, 0.0), (41, 1000.0), (39, 3009.0), (36, 4009.0), (37, 5013.0), (35, 7024.0), (33, 8028.0), (34, 10036.0), (30, 11038.0), (31, 13046.0), (17, 14051.0), (18, 16055.0), (20, 17060.0), (12, 18066.0), (13, 19068.0), (11, 21075.0), (8, 23083.0), (23, 25090.0), (22, 26098.0), (21, 28105.0), (29, 29114.0), (28, 30115.0), (32, 32126.0), (24, 34140.0), (7, 35146.0), (6, 37161.0), (50, 39174.0), (49, 41184.0), (47, 43190.0), (46, 44192.0), (51, 46200.0), (2, 47205.0), (1, 49217.0)]"
SA,50,6,bench_50_1,ok,-36775.3777,,750.1446,50,33,17,17,44197.0,80972.3777,1113.7879,50223.0,113752.0,50223.0,32025349,750.1445,171,"[43, 44, 40, 41, 42, 39, 37, 36, 33, 34, 30, 31, 17, 18, 19, 20, 12, 13, 11, 10, 8, 23, 22, 21, 29, 28, 24, 7, 5, 50, 49, 48, 3, 47, 25, 38, 45, 35, 26, 15, 14, 16, 9, 32, 27, 6, 46, 51, 4, 2]","[43, 44, 40, 41, 42, 39, 37, 36, 33, 34, 30, 31, 17, 18, 19, 20, 12, 13, 11, 10, 8, 23, 22, 21, 29, 28, 24, 7, 5, 50, 49, 48, 3]","[47, 25, 38, 45, 35, 26, 15, 14, 16, 9, 32, 27, 6, 46, 51, 4, 2]","[40, 37, 36, 33, 34, 31, 19, 13, 8, 21, 28, 24, 7, 50, 48, 3, 1]","[1, 43, 44, 40, 41, 42, 39, 37, 36, 33, 34, 30, 31, 17, 18, 19, 20, 12, 13, 11, 10, 8, 23, 22, 21, 29, 28, 24, 7, 5, 50, 49, 48, 3, 1]","[(1, 47), (47, 40), (40, 25), (25, 37), (37, 38), (38, 36), (36, 45), (45, 33), (33, 35), (35, 34), (34, 26), (26, 31), (31, 15), (15, 19), (19, 14), (14, 13), (13, 16), (16, 8), (8, 9), (9, 21), (21, 32), (32, 28), (28, 27), (27, 24), (24, 6), (6, 7), (7, 46), (46, 50), (50, 51), (51, 48), (48, 4), (4, 3), (3, 2), (2, 1)]","[(1, 0.0), (43, 0.0), (44, 1000.0), (40, 2006.0), (41, 4013.0), (42, 5016.0), (39, 6022.0), (37, 7022.0), (36, 9034.0), (33, 11042.0), (34, 13050.0), (30, 15056.0), (31, 16060.0), (17, 18069.0), (18, 19071.0), (19, 20076.0), (20, 22085.0), (12, 23091.0), (13, 24093.0), (11, 26100.0), (10, 27107.0), (8, 28112.0), (23, 30115.0), (22, 31123.0), (21, 32126.0), (29, 34139.0), (28, 35140.0), (24, 37152.0), (7, 39165.0), (5, 41177.0), (50, 42186.0), (49, 44199.0), (48, 45200.0), (3, 47210.0), (1, 49217.0)]"
SA,50,8,bench_50_1,ok,-35221.775,,750.0764,48,34,14,15,42926.0,78147.775,1074.935,48211.0,113752.0,50223.0,32186637,42.8709,172,"[4, 5, 7, 28, 21, 22, 23, 8, 9, 10, 11, 13, 12, 20, 19, 18, 17, 31, 30, 34, 35, 37, 36, 39, 41, 40, 44, 45, 46, 47, 49, 48, 51, 2, 29, 32, 27, 14, 16, 15, 25, 33, 26, 38, 6, 50, 42, 43]","[4, 5, 7, 28, 21, 22, 23, 8, 9, 10, 11, 13, 12, 20, 19, 18, 17, 31, 30, 34, 35, 37, 36, 39, 41, 40, 44, 45, 46, 47, 49, 48, 51, 2]","[29, 32, 27, 14, 16, 15, 25, 33, 26, 38, 6, 50, 42, 43]","[4, 28, 23, 9, 13, 17, 30, 34, 35, 36, 39, 45, 49, 2, 1]","[1, 3, 4, 5, 7, 28, 21, 22, 23, 8, 9, 10, 11, 13, 12, 20, 19, 18, 17, 31, 30, 34, 35, 37, 36, 39, 41, 40, 44, 45, 46, 47, 49, 48, 51, 2, 1]","[(1, 24), (24, 4), (5, 29), (29, 28), (28, 32), (32, 23), (23, 27), (27, 9), (11, 14), (14, 13), (13, 16), (16, 17), (17, 15), (15, 30), (30, 25), (25, 34), (34, 33), (33, 35), (35, 26), (26, 36), (36, 38), (38, 39), (39, 6), (6, 45), (45, 50), (50, 49), (49, 42), (42, 2), (2, 43), (43, 1)]","[(1, 0.0), (3, 0.0), (4, 0.0), (5, 1001.0), (7, 2010.0), (28, 3018.0), (21, 5024.0), (22, 6033.0), (23, 7036.0), (8, 9051.0), (9, 10053.0), (10, 12064.0), (11, 13069.0), (13, 14076.0), (12, 16083.0), (20, 17085.0), (19, 18091.0), (18, 19098.0), (17, 20103.0), (31, 22106.0), (30, 23111.0), (34, 25117.0), (35, 27125.0), (37, 29133.0), (36, 30139.0), (39, 32147.0), (41, 34151.0), (40, 35154.0), (44, 36159.0), (45, 37165.0), (46, 39173.0), (47, 40177.0), (49, 41179.0), (48, 43189.0), (51, 44194.0), (2, 45199.0), (1, 47211.0)]"
SA,50,0,bench_50_2,ok,-37492.621,,750.1161,48,35,13,14,39956.0,77448.621,1065.318,48212.0,113752.0,50224.0,31793153,750.1161,170,"[50, 49, 3, 4, 20, 19, 18, 17, 11, 10, 9, 12, 16, 13, 14, 25, 24, 29, 28, 27, 30, 31, 32, 22, 21, 47, 46, 43, 42, 41, 38, 37, 39, 40, 51, 2, 7, 8, 15, 6, 36, 23, 48, 45, 44, 33, 34, 35]","[50, 49, 3, 4, 20, 19, 18, 17, 11, 10, 9, 12, 16, 13, 14, 25, 24, 29, 28, 27, 30, 31, 32, 22, 21, 47, 46, 43, 42, 41, 38, 37, 39, 40, 51]","[2, 7, 8, 15, 6, 36, 23, 48, 45, 44, 33, 34, 35]","[4, 17, 10, 16, 24, 27, 32, 47, 46, 42, 41, 38, 39, 1]","[1, 50, 49, 3, 4, 20, 19, 5, 18, 17, 11, 10, 9, 12, 16, 13, 14, 25, 24, 29, 28, 27, 30, 31, 32, 22, 21, 47, 46, 43, 42, 41, 38, 37, 39, 40, 51, 1]","[(1, 2), (2, 4), (4, 7), (7, 17), (17, 8), (8, 10), (10, 15), (15, 16), (16, 6), (6, 24), (24, 26), (26, 27), (27, 36), (36, 32), (32, 23), (23, 47), (47, 48), (48, 46), (46, 45), (45, 42), (42, 44), (44, 41), (41, 33), (33, 38), (38, 34), (34, 39), (39, 35), (35, 1)]","[(1, 0.0), (50, 0.0), (49, 1005.0), (3, 2006.0), (4, 3010.0), (20, 5024.0), (19, 6026.0), (5, 7033.0), (18, 7033.0), (17, 8036.0), (11, 10048.0), (10, 11054.0), (9, 13061.0), (12, 14062.0), (16, 15066.0), (13, 17068.0), (14, 18073.0), (25, 19076.0), (24, 20084.0), (29, 22091.0), (28, 23100.0), (27, 24105.0), (30, 25111.0), (31, 26115.0), (32, 27119.0), (22, 29129.0), (21, 30133.0), (47, 31142.0), (46, 33152.0), (43, 35162.0), (42, 36164.0), (41, 38174.0), (38, 40184.0), (37, 42192.0), (39, 43197.0), (40, 45204.0), (51, 46206.0), (1, 47206.0)]"
SA,50,2,bench_50_2,ok,-39071.7062,,750.1257,50,33,17,17,40803.0,79874.7062,1098.6892,50224.0,113752.0,50224.0,31566474,750.1257,169,"[44, 43, 45, 50, 49, 3, 20, 19, 5, 18, 6, 11, 10, 9, 12, 16, 13, 14, 25, 24, 29, 28, 27, 30, 31, 32, 35, 34, 33, 41, 38, 40, 51, 37, 4, 2, 48, 7, 23, 8, 15, 17, 26, 22, 47, 36, 42, 21, 39, 46]","[44, 43, 45, 50, 49, 3, 20, 19, 5, 18, 6, 11, 10, 9, 12, 16, 13, 14, 25, 24, 29, 28, 27, 30, 31, 32, 35, 34, 33, 41, 38, 40, 51]","[37, 4, 2, 48, 7, 23, 8, 15, 17, 26, 22, 47, 36, 42, 21, 39, 46]","[43, 3, 20, 18, 6, 12, 14, 25, 27, 30, 32, 35, 34, 33, 38, 40, 1]","[1, 44, 43, 45, 50, 49, 3, 20, 19, 5, 18, 6, 11, 10, 9, 12, 16, 13, 14, 25, 24, 29, 28, 27, 30, 31, 32, 35, 34, 33, 41, 38, 40, 51, 1]","[(1, 37), (37, 43), (45, 4), (4, 3), (3, 2), (2, 20), (20, 48), (48, 18), (18, 7), (7, 6), (6, 23), (23, 12), (12, 8), (8, 14), (14, 15), (15, 25), (25, 17), (17, 27), (27, 26), (26, 30), (30, 22), (22, 32), (32, 47), (47, 35), (35, 36), (36, 34), (34, 42), (42, 33), (33, 21), (21, 38), (38, 39), (39, 40), (40, 46), (46, 1)]","[(1, 0.0), (44, 0.0), (43, 1001.0), (45, 3008.0), (50, 4014.0), (49, 5019.0), (3, 6020.0), (20, 8032.0), (19, 10040.0), (5, 11047.0), (18, 12055.0), (6, 14062.0), (11, 16076.0), (10, 17082.0), (9, 18089.0), (12, 19090.0), (16, 21101.0), (13, 22101.0), (14, 23106.0), (25, 25109.0), (24, 27119.0), (29, 28121.0), (28, 29130.0), (27, 30135.0), (30, 32144.0), (31, 34152.0), (32, 35156.0), (35, 37164.0), (34, 39173.0), (33, 41180.0), (41, 43187.0), (38, 44196.0), (40, 46210.0), (51, 48218.0), (1, 49218.0)]"
SA,50,4,bench_50_2,ok,-39563.7312,,750.1569,47,33,14,15,39311.0,78874.7312,1084.9344,47204.0,113752.0,50224.0,32069169,750.1568,172,"[49, 3, 20, 19, 18, 17, 6, 11, 10, 9, 12, 13, 14, 25, 24, 29, 27, 30, 31, 32, 22, 21, 47, 46, 45, 44, 43, 42, 41, 38, 39, 40, 51, 35, 2, 7, 8, 16, 15, 28, 36, 23, 48, 33, 34, 37, 50]","[49, 3, 20, 19, 18, 17, 6, 11, 10, 9, 12, 13, 14, 25, 24, 29, 27, 30, 31, 32, 22, 21, 47, 46, 45, 44, 43, 42, 41, 38, 39, 40, 51]","[35, 2, 7, 8, 16, 15, 28, 36, 23, 48, 33, 34, 37, 50]","[20, 6, 10, 12, 13, 29, 27, 30, 32, 45, 42, 41, 38, 39, 1]","[1, 49, 3, 4, 20, 19, 5, 18, 17, 6, 11, 10, 9, 12, 13, 14, 25, 24, 29, 27, 30, 31, 32, 22, 21, 47, 46, 45, 44, 43, 42, 41, 38, 39, 40, 51, 1]","[(1, 35), (35, 20), (20, 2), (2, 6), (6, 7), (7, 10), (10, 8), (8, 12), (12, 16), (16, 13), (13, 15), (15, 29), (29, 28), (28, 27), (27, 26), (26, 30), (30, 36), (36, 32), (22, 23), (23, 45), (45, 48), (48, 42), (42, 33), (33, 41), (41, 34), (34, 38), (38, 37), (37, 39), (39, 50), (50, 1)]","[(1, 0.0), (49, 0.0), (3, 1001.0), (4, 2005.0), (20, 2005.0), (19, 4013.0), (5, 5020.0), (18, 5020.0), (17, 6023.0), (6, 7026.0), (11, 9037.0), (10, 10043.0), (9, 12059.0), (12, 13060.0), (13, 15064.0), (14, 17069.0), (25, 18072.0), (24, 19080.0), (29, 20082.0), (27, 22093.0), (30, 24104.0), (31, 25108.0), (32, 26112.0), (22, 28122.0), (21, 29126.0), (47, 30135.0), (46, 31138.0), (45, 32144.0), (44, 34157.0), (43, 35158.0), (42, 36160.0), (41, 38168.0), (38, 40180.0), (39, 42186.0), (40, 44197.0), (51, 45199.0), (1, 46199.0)]"
SA,50,6,bench_50_2,ok,-39150.2332,,750.0713,47,30,17,19,39444.0,78594.2332,1081.0761,47205.0,113752.0,50224.0,31474494,519.8871,168,"[44, 43, 42, 46, 47, 48, 4, 20, 18, 17, 6, 11, 9, 12, 16, 13, 14, 25, 24, 29, 28, 27, 31, 32, 35, 34, 37, 38, 40, 51, 3, 45, 2, 49, 19, 7, 10, 15, 8, 30, 21, 22, 33, 36, 41, 39, 50]","[44, 43, 42, 46, 47, 48, 4, 20, 18, 17, 6, 11, 9, 12, 16, 13, 14, 25, 24, 29, 28, 27, 31, 32, 35, 34, 37, 38, 40, 51]","[3, 45, 2, 49, 19, 7, 10, 15, 8, 30, 21, 22, 33, 36, 41, 39, 50]","[42, 46, 48, 20, 18, 23, 6, 11, 9, 13, 24, 27, 31, 32, 35, 34, 38, 40, 1]","[1, 44, 43, 42, 46, 47, 48, 4, 20, 18, 17, 23, 6, 11, 9, 12, 16, 13, 14, 25, 24, 29, 28, 27, 31, 32, 35, 34, 37, 38, 40, 51, 1]","[(1, 3), (3, 42), (42, 45), (45, 46), (46, 2), (2, 48), (48, 49), (49, 20), (20, 5), (5, 18), (18, 19), (19, 23), (23, 26), (26, 6), (6, 7), (7, 11), (11, 10), (10, 9), (9, 15), (15, 13), (13, 8), (8, 24), (24, 30), (30, 27), (27, 21), (21, 31), (31, 22), (22, 32), (32, 33), (33, 35), (35, 36), (36, 34), (34, 41), (41, 38), (38, 39), (39, 40), (40, 50), (50, 1)]","[(1, 0.0), (44, 0.0), (43, 1001.0), (42, 2003.0), (46, 4011.0), (47, 6023.0), (48, 7026.0), (4, 9036.0), (20, 10044.0), (18, 12047.0), (17, 13050.0), (23, 14053.0), (6, 15060.0), (11, 16065.0), (9, 18080.0), (12, 20088.0), (16, 21092.0), (13, 22092.0), (14, 24099.0), (25, 25102.0), (24, 26110.0), (29, 28112.0), (28, 29121.0), (27, 30126.0), (31, 32136.0), (32, 34149.0), (35, 36157.0), (34, 38166.0), (37, 40173.0), (38, 41178.0), (40, 43192.0), (51, 45200.0), (1, 46200.0)]"
SA,50,8,bench_50_2,ok,-38820.8492,,750.0762,48,32,16,17,40165.0,78985.8492,1086.4629,48216.0,113752.0,50224.0,31560821,468.9614,169,"[40, 39, 37, 34, 33, 21, 31, 30, 27, 28, 29, 24, 25, 14, 13, 12, 10, 9, 16, 23, 17, 19, 20, 4, 3, 49, 50, 45, 42, 43, 44, 51, 41, 35, 36, 47, 7, 15, 11, 8, 18, 6, 5, 46, 2, 48, 38, 32]","[40, 39, 37, 34, 33, 21, 31, 30, 27, 28, 29, 24, 25, 14, 13, 12, 10, 9, 16, 23, 17, 19, 20, 4, 3, 49, 50, 45, 42, 43, 44, 51]","[41, 35, 36, 47, 7, 15, 11, 8, 18, 6, 5, 46, 2, 48, 38, 32]","[37, 34, 33, 21, 31, 14, 12, 10, 16, 23, 19, 4, 3, 50, 45, 44, 1]","[1, 40, 39, 37, 34, 33, 21, 22, 31, 30, 27, 28, 29, 24, 25, 14, 13, 12, 10, 9, 16, 23, 17, 19, 20, 4, 3, 49, 50, 45, 42, 43, 44, 51, 1]","[(1, 41), (41, 37), (37, 35), (35, 34), (34, 36), (36, 33), (33, 47), (47, 21), (21, 26), (26, 31), (31, 7), (7, 14), (14, 15), (15, 12), (12, 11), (11, 10), (10, 8), (8, 16), (16, 18), (18, 23), (23, 6), (6, 19), (19, 5), (5, 4), (4, 46), (46, 3), (3, 2), (2, 50), (50, 48), (48, 45), (45, 38), (38, 44), (44, 32), (32, 1)]","[(1, 0.0), (40, 0.0), (39, 1002.0), (37, 2008.0), (34, 4022.0), (33, 6029.0), (21, 8038.0), (22, 10050.0), (31, 10050.0), (30, 11054.0), (27, 12058.0), (28, 13064.0), (29, 14069.0), (24, 15078.0), (25, 16080.0), (14, 17088.0), (13, 19100.0), (12, 20105.0), (10, 22111.0), (9, 24124.0), (16, 25125.0), (23, 27125.0), (17, 29135.0), (19, 30138.0), (20, 32150.0), (4, 33152.0), (3, 35168.0), (49, 37178.0), (50, 38179.0), (45, 40190.0), (42, 42200.0), (43, 43204.0), (44, 44206.0), (51, 46212.0), (1, 47212.0)]"
SA,50,0,bench_50_3,ok,-40902.0794,,750.0714,47,30,17,18,38679.0,79581.0794,1094.6503,47236.0,113752.0,50243.0,31978109,699.9671,171,"[47, 6, 26, 20, 21, 22, 8, 9, 11, 12, 13, 14, 16, 15, 27, 30, 31, 34, 25, 32, 33, 35, 39, 38, 37, 41, 44, 43, 42, 51, 4, 7, 5, 23, 10, 17, 19, 18, 28, 29, 24, 36, 46, 45, 40, 49, 50]","[47, 6, 26, 20, 21, 22, 8, 9, 11, 12, 13, 14, 16, 15, 27, 30, 31, 34, 25, 32, 33, 35, 39, 38, 37, 41, 44, 43, 42, 51]","[4, 7, 5, 23, 10, 17, 19, 18, 28, 29, 24, 36, 46, 45, 40, 49, 50]","[3, 47, 6, 26, 8, 12, 14, 15, 27, 30, 34, 33, 35, 37, 41, 42, 51, 1]","[1, 3, 48, 47, 6, 26, 20, 21, 22, 8, 9, 11, 12, 13, 14, 16, 15, 27, 30, 31, 34, 25, 32, 33, 35, 39, 38, 37, 41, 44, 43, 42, 51, 1]","[(1, 2), (2, 3), (48, 4), (4, 47), (47, 7), (7, 6), (6, 5), (5, 26), (26, 23), (23, 8), (9, 10), (10, 12), (12, 17), (17, 14), (14, 19), (19, 15), (15, 18), (18, 27), (27, 28), (28, 30), (30, 29), (29, 34), (34, 24), (24, 33), (33, 36), (36, 35), (35, 46), (46, 37), (37, 45), (45, 41), (41, 40), (40, 42), (42, 49), (49, 51), (51, 50), (50, 1)]","[(1, 0.0), (3, 0.0), (48, 0.0), (47, 0.0), (6, 2012.0), (26, 4021.0), (20, 6033.0), (21, 7036.0), (22, 8044.0), (8, 9050.0), (9, 11060.0), (11, 12068.0), (12, 13071.0), (13, 15089.0), (14, 16090.0), (16, 18098.0), (15, 19099.0), (27, 21112.0), (30, 23127.0), (31, 25144.0), (34, 26151.0), (25, 28155.0), (32, 29159.0), (33, 30168.0), (35, 32179.0), (39, 34189.0), (38, 35192.0), (37, 36197.0), (41, 38200.0), (44, 40209.0), (43, 41217.0), (42, 42225.0), (51, 44228.0), (1, 46231.0)]"
SA,50,2,bench_50_3,ok,-40267.922,,750.1383,48,28,20,20,39327.0,79594.922,1094.8407,48238.0,113752.0,50243.0,31972167,750.1383,171,"[4, 5, 6, 21, 22, 9, 10, 11, 12, 13, 17, 19, 28, 30, 31, 34, 33, 32, 25, 35, 36, 38, 39, 41, 44, 43, 50, 51, 46, 2, 23, 7, 47, 26, 8, 20, 14, 15, 16, 27, 18, 24, 29, 37, 40, 49, 45, 42]","[4, 5, 6, 21, 22, 9, 10, 11, 12, 13, 17, 19, 28, 30, 31, 34, 33, 32, 25, 35, 36, 38, 39, 41, 44, 43, 50, 51]","[46, 2, 23, 7, 47, 26, 8, 20, 14, 15, 16, 27, 18, 24, 29, 37, 40, 49, 45, 42]","[3, 48, 5, 6, 21, 22, 9, 11, 12, 17, 19, 28, 31, 32, 36, 39, 41, 43, 50, 1]","[1, 3, 48, 4, 5, 6, 21, 22, 9, 10, 11, 12, 13, 17, 19, 28, 30, 31, 34, 33, 32, 25, 35, 36, 38, 39, 41, 44, 43, 50, 51, 1]","[(1, 46), (46, 3), (3, 2), (2, 48), (48, 23), (23, 5), (5, 7), (7, 6), (6, 47), (47, 21), (21, 26), (26, 22), (22, 8), (8, 9), (9, 20), (20, 11), (11, 14), (14, 12), (12, 15), (15, 17), (17, 16), (16, 19), (19, 27), (27, 28), (28, 18), (18, 31), (31, 24), (24, 32), (32, 29), (29, 36), (36, 37), (37, 39), (39, 40), (40, 41), (41, 49), (49, 43), (43, 45), (45, 50), (50, 42), (42, 1)]","[(1, 0.0), (3, 0.0), (48, 1001.0), (4, 2003.0), (5, 3007.0), (6, 5023.0), (21, 7032.0), (22, 9048.0), (9, 11058.0), (10, 13068.0), (11, 14077.0), (12, 16083.0), (13, 18092.0), (17, 19093.0), (19, 21106.0), (28, 23115.0), (30, 25129.0), (31, 26138.0), (34, 28154.0), (33, 29158.0), (32, 30160.0), (25, 32178.0), (35, 33182.0), (36, 34189.0), (38, 36192.0), (39, 37197.0), (41, 39202.0), (44, 41210.0), (43, 42218.0), (50, 44229.0), (51, 46238.0), (1, 47238.0)]"
SA,50,4,bench_50_3,ok,-42073.9146,,750.0718,48,31,17,17,39679.0,81752.9146,1124.5243,48230.0,113752.0,50243.0,31881444,257.163,171,"[44, 41, 37, 38, 35, 33, 34, 31, 30, 28, 27, 15, 16, 17, 14, 13, 12, 11, 9, 22, 21, 20, 26, 6, 5, 4, 3, 48, 49, 50, 51, 40, 36, 39, 24, 18, 19, 7, 10, 8, 29, 23, 47, 46, 2, 45, 43, 42]","[44, 41, 37, 38, 35, 33, 34, 31, 30, 28, 27, 15, 16, 17, 14, 13, 12, 11, 9, 22, 21, 20, 26, 6, 5, 4, 3, 48, 49, 50, 51]","[40, 36, 39, 24, 18, 19, 7, 10, 8, 29, 23, 47, 46, 2, 45, 43, 42]","[38, 35, 32, 30, 16, 17, 9, 22, 26, 6, 5, 4, 3, 48, 49, 51, 1]","[1, 44, 41, 37, 38, 35, 33, 25, 32, 34, 31, 30, 28, 27, 15, 16, 17, 14, 13, 12, 11, 9, 22, 21, 20, 26, 6, 5, 4, 3, 48, 49, 50, 51, 1]","[(44, 40), (40, 38), (38, 36), (36, 35), (35, 39), (39, 32), (32, 24), (24, 30), (28, 18), (18, 16), (16, 19), (19, 17), (17, 7), (7, 9), (9, 10), (10, 22), (22, 8), (8, 26), (26, 29), (29, 6), (6, 23), (23, 5), (5, 47), (47, 4), (4, 46), (46, 3), (3, 2), (2, 48), (48, 45), (45, 49), (49, 43), (43, 51), (51, 42), (42, 1)]","[(1, 0.0), (44, 0.0), (41, 1008.0), (37, 2013.0), (38, 3015.0), (35, 5023.0), (33, 7033.0), (25, 8035.0), (32, 8035.0), (34, 9038.0), (31, 10042.0), (30, 11049.0), (28, 13067.0), (27, 14075.0), (15, 15081.0), (16, 16086.0), (17, 18096.0), (14, 20112.0), (13, 21112.0), (12, 22113.0), (11, 23122.0), (9, 24125.0), (22, 26134.0), (21, 28149.0), (20, 29157.0), (26, 30160.0), (6, 32166.0), (5, 34174.0), (4, 36190.0), (3, 38202.0), (48, 40208.0), (49, 42210.0), (50, 44217.0), (51, 45222.0), (1, 47230.0)]"
SA,50,6,bench_50_3,ok,-40226.3319,,750.1126,48,31,17,17,39228.0,79454.3319,1092.9069,48236.0,113752.0,50243.0,31397174,750.1126,168,"[4, 5, 23, 26, 20, 21, 22, 8, 9, 11, 12, 13, 17, 16, 15, 18, 27, 30, 31, 34, 33, 32, 25, 35, 36, 37, 41, 44, 43, 50, 51, 46, 47, 6, 7, 10, 19, 14, 28, 29, 39, 24, 38, 45, 40, 42, 49, 48]","[4, 5, 23, 26, 20, 21, 22, 8, 9, 11, 12, 13, 17, 16, 15, 18, 27, 30, 31, 34, 33, 32, 25, 35, 36, 37, 41, 44, 43, 50, 51]","[46, 47, 6, 7, 10, 19, 14, 28, 29, 39, 24, 38, 45, 40, 42, 49, 48]","[2, 23, 20, 11, 13, 17, 18, 31, 33, 35, 36, 37, 41, 44, 43, 50, 1]","[1, 2, 3, 4, 5, 23, 26, 20, 21, 22, 8, 9, 11, 12, 13, 17, 16, 15, 18, 27, 30, 31, 34, 33, 32, 25, 35, 36, 37, 41, 44, 43, 50, 51, 1]","[(1, 46), (46, 2), (2, 47), (47, 23), (23, 6), (6, 20), (20, 7), (7, 11), (11, 10), (10, 13), (13, 19), (19, 17), (17, 14), (14, 18), (18, 28), (28, 31), (31, 29), (29, 33), (32, 39), (39, 35), (35, 24), (24, 36), (36, 38), (38, 37), (37, 45), (45, 41), (41, 40), (40, 44), (44, 42), (42, 43), (43, 49), (49, 50), (50, 48), (48, 1)]","[(1, 0.0), (2, 0.0), (3, 1001.0), (4, 1001.0), (5, 2005.0), (23, 3013.0), (26, 5029.0), (20, 6033.0), (21, 8044.0), (22, 9052.0), (8, 10058.0), (9, 11060.0), (11, 12068.0), (12, 14072.0), (13, 15081.0), (17, 17091.0), (16, 19107.0), (15, 20108.0), (18, 21113.0), (27, 23122.0), (30, 24128.0), (31, 25137.0), (34, 27152.0), (33, 28156.0), (32, 30158.0), (25, 31167.0), (35, 32171.0), (36, 34181.0), (37, 36193.0), (41, 38200.0), (44, 40209.0), (43, 42220.0), (50, 44228.0), (51, 46236.0), (1, 47236.0)]"
SA,50,8,bench_50_3,ok,-39811.696,,750.1535,47,28,19,20,38679.0,78490.696,1079.6519,47236.0,113752.0,50243.0,31657747,750.1535,169,"[4, 47, 23, 6, 26, 20, 21, 22, 8, 9, 12, 13, 14, 16, 19, 28, 30, 31, 34, 33, 25, 35, 38, 37, 45, 43, 42, 51, 7, 46, 5, 11, 10, 17, 15, 27, 18, 29, 32, 24, 40, 39, 41, 36, 44, 49, 50]","[4, 47, 23, 6, 26, 20, 21, 22, 8, 9, 12, 13, 14, 16, 19, 28, 30, 31, 34, 33, 25, 35, 38, 37, 45, 43, 42, 51]","[7, 46, 5, 11, 10, 17, 15, 27, 18, 29, 32, 24, 40, 39, 41, 36, 44, 49, 50]","[2, 4, 23, 22, 9, 12, 16, 19, 28, 30, 33, 25, 35, 38, 37, 45, 43, 42, 51, 1]","[1, 2, 3, 4, 47, 23, 6, 26, 20, 21, 22, 8, 9, 12, 13, 14, 16, 19, 28, 30, 31, 34, 33, 25, 35, 38, 37, 45, 43, 42, 51, 1]","[(1, 48), (48, 2), (2, 7), (7, 4), (4, 46), (46, 23), (23, 5), (5, 22), (22, 11), (11, 9), (9, 10), (10, 12), (12, 17), (17, 16), (16, 15), (15, 19), (19, 27), (27, 28), (28, 18), (18, 30), (30, 29), (29, 33), (33, 32), (32, 25), (25, 24), (24, 35), (35, 40), (40, 38), (38, 39), (39, 37), (37, 41), (41, 45), (45, 36), (36, 43), (43, 44), (44, 42), (42, 49), (49, 51), (51, 50), (50, 1)]","[(1, 0.0), (2, 0.0), (3, 0.0), (4, 0.0), (47, 2005.0), (23, 3013.0), (6, 5022.0), (26, 6030.0), (20, 7034.0), (21, 8037.0), (22, 9045.0), (8, 11059.0), (9, 12061.0), (12, 14072.0), (13, 16090.0), (14, 17091.0), (16, 18091.0), (19, 20100.0), (28, 22113.0), (30, 24127.0), (31, 26145.0), (34, 27152.0), (33, 28156.0), (25, 30158.0), (35, 32171.0), (38, 34187.0), (37, 36195.0), (45, 38200.0), (43, 40209.0), (42, 42220.0), (51, 44228.0), (1, 46231.0)]"
SA,50,0,bench_50_4,ok,-39534.2135,,750.1518,49,32,17,17,41788.0,81322.2135,1118.5999,49241.0,113752.0,50247.0,31265970,750.1518,167,"[51, 48, 50, 24, 22, 23, 21, 20, 8, 10, 7, 11, 19, 18, 12, 15, 17, 36, 35, 34, 33, 31, 30, 29, 27, 28, 39, 40, 41, 45, 47, 46, 2, 3, 25, 5, 9, 6, 13, 16, 37, 14, 32, 38, 43, 26, 44, 42, 4]","[51, 48, 50, 24, 22, 23, 21, 20, 8, 10, 7, 11, 19, 18, 12, 15, 17, 36, 35, 34, 33, 31, 30, 29, 27, 28, 39, 40, 41, 45, 47, 46]","[2, 3, 25, 5, 9, 6, 13, 16, 37, 14, 32, 38, 43, 26, 44, 42, 4]","[51, 50, 21, 10, 7, 18, 12, 17, 35, 31, 30, 28, 40, 41, 45, 47, 1]","[1, 51, 48, 49, 50, 24, 22, 23, 21, 20, 8, 10, 7, 11, 19, 18, 12, 15, 17, 36, 35, 34, 33, 31, 30, 29, 27, 28, 39, 40, 41, 45, 47, 46, 1]","[(1, 2), (2, 51), (51, 3), (3, 50), (50, 25), (25, 21), (21, 5), (5, 10), (10, 9), (9, 7), (11, 6), (6, 18), (18, 13), (13, 12), (12, 16), (16, 17), (17, 37), (37, 35), (35, 14), (14, 31), (31, 32), (32, 30), (30, 38), (38, 28), (28, 43), (43, 40), (40, 26), (26, 41), (41, 44), (44, 45), (45, 42), (42, 47), (47, 4), (4, 1)]","[(1, 0.0), (51, 0.0), (48, 2016.0), (49, 3017.0), (50, 3017.0), (24, 5024.0), (22, 6026.0), (23, 7035.0), (21, 8042.0), (20, 10052.0), (8, 11060.0), (10, 12068.0), (7, 14078.0), (11, 16089.0), (19, 17089.0), (18, 18095.0), (12, 20101.0), (15, 22108.0), (17, 23113.0), (36, 25122.0), (35, 26130.0), (34, 28139.0), (33, 29143.0), (31, 30144.0), (30, 32151.0), (29, 34161.0), (27, 35166.0), (28, 36172.0), (39, 38180.0), (40, 39182.0), (41, 41195.0), (45, 43201.0), (47, 45213.0), (46, 47224.0), (1, 48232.0)]"
SA,50,2,bench_50_4,ok,-38046.5022,,750.2004,49,31,18,18,41984.0,80030.5022,1100.8322,49243.0,113752.0,50247.0,31063751,750.2003,166,"[46, 47, 41, 42, 40, 27, 37, 35, 36, 17, 15, 12, 13, 14, 11, 7, 8, 9, 6, 22, 23, 21, 20, 31, 30, 25, 50, 49, 48, 51, 2, 45, 43, 39, 44, 38, 16, 19, 33, 10, 18, 5, 32, 34, 26, 24, 29, 4, 3]","[46, 47, 41, 42, 40, 27, 37, 35, 36, 17, 15, 12, 13, 14, 11, 7, 8, 9, 6, 22, 23, 21, 20, 31, 30, 25, 50, 49, 48, 51, 2]","[45, 43, 39, 44, 38, 16, 19, 33, 10, 18, 5, 32, 34, 26, 24, 29, 4, 3]","[41, 40, 27, 35, 17, 15, 14, 8, 9, 22, 20, 31, 30, 25, 50, 49, 51, 1]","[1, 46, 47, 41, 42, 40, 27, 28, 37, 35, 36, 17, 15, 12, 13, 14, 11, 7, 8, 9, 6, 22, 23, 21, 20, 31, 30, 25, 50, 49, 48, 51, 2, 1]","[(46, 45), (45, 41), (41, 43), (43, 40), (40, 39), (39, 27), (27, 44), (44, 35), (35, 38), (38, 17), (17, 16), (16, 15), (15, 19), (19, 14), (14, 33), (33, 8), (8, 10), (10, 9), (9, 18), (18, 22), (23, 5), (5, 20), (20, 32), (32, 31), (31, 34), (34, 30), (30, 26), (26, 25), (25, 24), (24, 50), (50, 29), (29, 49), (49, 4), (4, 51), (51, 3), (3, 1)]","[(1, 0.0), (46, 0.0), (47, 1008.0), (41, 2015.0), (42, 4025.0), (40, 5029.0), (27, 7042.0), (28, 9050.0), (37, 9050.0), (35, 10056.0), (36, 12065.0), (17, 13073.0), (15, 15081.0), (12, 17091.0), (13, 18091.0), (14, 19098.0), (11, 21110.0), (7, 22110.0), (8, 23112.0), (9, 25121.0), (6, 27137.0), (22, 28137.0), (23, 30152.0), (21, 31159.0), (20, 32162.0), (31, 34173.0), (30, 36177.0), (25, 38188.0), (50, 40197.0), (49, 42201.0), (48, 44212.0), (51, 45213.0), (2, 47229.0), (1, 48238.0)]"
SA,50,4,bench_50_4,ok,-38152.9433,,750.1089,49,33,16,17,41984.0,80136.9433,1102.2963,49243.0,113752.0,50247.0,30942256,750.1088,165,"[47, 41, 42, 40, 39, 27, 26, 29, 30, 31, 34, 35, 36, 19, 18, 15, 12, 14, 11, 8, 9, 6, 5, 21, 20, 32, 23, 25, 50, 49, 48, 51, 2, 45, 43, 38, 37, 17, 16, 13, 7, 10, 22, 33, 44, 24, 3, 4, 46]","[47, 41, 42, 40, 39, 27, 26, 29, 30, 31, 34, 35, 36, 19, 18, 15, 12, 14, 11, 8, 9, 6, 5, 21, 20, 32, 23, 25, 50, 49, 48, 51, 2]","[45, 43, 38, 37, 17, 16, 13, 7, 10, 22, 33, 44, 24, 3, 4, 46]","[41, 39, 27, 35, 19, 12, 14, 11, 8, 6, 5, 21, 25, 50, 48, 2, 1]","[1, 47, 41, 42, 40, 39, 27, 26, 29, 30, 31, 34, 35, 36, 19, 18, 15, 12, 14, 11, 8, 9, 6, 5, 21, 20, 32, 23, 25, 50, 49, 48, 51, 2, 1]","[(47, 45), (45, 41), (42, 43), (43, 39), (39, 28), (28, 27), (26, 38), (38, 35), (35, 37), (37, 19), (19, 17), (17, 12), (12, 16), (16, 14), (14, 13), (13, 11), (11, 7), (7, 8), (9, 10), (10, 6), (6, 22), (22, 5), (5, 33), (33, 21), (21, 44), (44, 25), (25, 24), (24, 50), (50, 3), (3, 48), (48, 4), (4, 2), (2, 46), (46, 1)]","[(1, 0.0), (47, 0.0), (41, 1007.0), (42, 3017.0), (40, 4021.0), (39, 5028.0), (27, 7036.0), (26, 8042.0), (29, 9044.0), (30, 10049.0), (31, 11056.0), (34, 12057.0), (35, 13061.0), (36, 15068.0), (19, 16076.0), (18, 18088.0), (15, 19094.0), (12, 20099.0), (14, 22103.0), (11, 24114.0), (8, 26121.0), (9, 28131.0), (6, 29140.0), (5, 31147.0), (21, 33159.0), (20, 35163.0), (32, 36171.0), (23, 37174.0), (25, 38181.0), (50, 40194.0), (49, 42198.0), (48, 43204.0), (51, 45210.0), (2, 46217.0), (1, 48235.0)]"
SA,50,6,bench_50_4,ok,-39304.7958,,750.0776,49,32,17,17,41788.0,81092.7958,1115.4442,49241.0,113752.0,50247.0,30912698,185.1225,165,"[51, 48, 50, 25, 24, 22, 23, 32, 20, 7, 8, 10, 11, 14, 13, 12, 16, 17, 35, 34, 31, 30, 29, 27, 28, 39, 40, 42, 43, 41, 47, 46, 2, 3, 21, 5, 33, 9, 6, 19, 15, 18, 36, 4, 26, 38, 44, 37, 45]","[51, 48, 50, 25, 24, 22, 23, 32, 20, 7, 8, 10, 11, 14, 13, 12, 16, 17, 35, 34, 31, 30, 29, 27, 28, 39, 40, 42, 43, 41, 47, 46]","[2, 3, 21, 5, 33, 9, 6, 19, 15, 18, 36, 4, 26, 38, 44, 37, 45]","[51, 50, 23, 20, 8, 10, 13, 12, 17, 35, 34, 27, 39, 42, 43, 46, 1]","[1, 51, 48, 49, 50, 25, 24, 22, 23, 32, 20, 7, 8, 10, 11, 14, 13, 12, 16, 17, 35, 34, 31, 30, 29, 27, 28, 39, 40, 42, 43, 41, 47, 46, 1]","[(1, 2), (2, 51), (51, 3), (3, 50), (50, 21), (21, 23), (23, 5), (5, 20), (20, 33), (33, 8), (8, 9), (9, 10), (10, 6), (6, 13), (13, 19), (19, 12), (16, 15), (15, 17), (17, 18), (18, 35), (35, 36), (36, 34), (34, 4), (4, 27), (27, 26), (26, 39), (39, 38), (38, 42), (42, 44), (44, 43), (43, 37), (37, 46), (46, 45), (45, 1)]","[(1, 0.0), (51, 0.0), (48, 2016.0), (49, 3017.0), (50, 3017.0), (25, 5024.0), (24, 6031.0), (22, 7033.0), (23, 8042.0), (32, 10052.0), (20, 11055.0), (7, 13066.0), (8, 14068.0), (10, 16077.0), (11, 18093.0), (14, 19093.0), (13, 20099.0), (12, 22106.0), (16, 24112.0), (17, 25117.0), (35, 27126.0), (34, 29135.0), (31, 31147.0), (30, 32148.0), (29, 33155.0), (27, 34160.0), (28, 36175.0), (39, 37179.0), (40, 39183.0), (42, 40190.0), (43, 42198.0), (41, 44210.0), (47, 45214.0), (46, 46221.0), (1, 48235.0)]"
SA,50,8,bench_50_4,ok,-39322.8306,,750.2293,49,34,15,15,41984.0,81306.8306,1118.3883,49243.0,113752.0,50247.0,30532985,750.2293,163,"[46, 47, 41, 42, 40, 27, 39, 38, 35, 36, 17, 15, 18, 19, 14, 11, 7, 10, 8, 9, 6, 21, 20, 33, 31, 30, 29, 25, 24, 50, 49, 48, 51, 2, 44, 43, 26, 37, 16, 13, 12, 5, 22, 34, 32, 23, 3, 4, 45]","[46, 47, 41, 42, 40, 27, 39, 38, 35, 36, 17, 15, 18, 19, 14, 11, 7, 10, 8, 9, 6, 21, 20, 33, 31, 30, 29, 25, 24, 50, 49, 48, 51, 2]","[44, 43, 26, 37, 16, 13, 12, 5, 22, 34, 32, 23, 3, 4, 45]","[42, 28, 35, 17, 15, 14, 10, 6, 20, 31, 29, 24, 49, 51, 1]","[1, 46, 47, 41, 42, 40, 27, 28, 39, 38, 35, 36, 17, 15, 18, 19, 14, 11, 7, 10, 8, 9, 6, 21, 20, 33, 31, 30, 29, 25, 24, 50, 49, 48, 51, 2, 1]","[(1, 44), (44, 42), (42, 43), (43, 28), (39, 26), (26, 35), (35, 37), (37, 17), (17, 16), (16, 15), (19, 13), (13, 14), (14, 12), (12, 10), (10, 5), (5, 6), (6, 22), (22, 20), (20, 34), (34, 31), (31, 32), (32, 29), (29, 23), (23, 24), (24, 3), (3, 49), (49, 4), (4, 51), (51, 45), (45, 1)]","[(1, 0.0), (46, 0.0), (47, 1008.0), (41, 2015.0), (42, 3019.0), (40, 5029.0), (27, 6036.0), (28, 7042.0), (39, 8048.0), (38, 9050.0), (35, 10054.0), (36, 12059.0), (17, 13067.0), (15, 15077.0), (18, 17087.0), (19, 18093.0), (14, 19099.0), (11, 21112.0), (7, 22112.0), (10, 23114.0), (8, 25121.0), (9, 26129.0), (6, 27138.0), (21, 29141.0), (20, 30144.0), (33, 32161.0), (31, 33162.0), (30, 35167.0), (29, 36174.0), (25, 38182.0), (24, 39189.0), (50, 41198.0), (49, 42200.0), (48, 44211.0), (51, 45212.0), (2, 47228.0), (1, 48237.0)]"
SA,50,0,bench_50_5,ok,-35365.7428,,750.1049,49,32,17,17,40440.0,75805.7428,1042.72,49218.0,113752.0,50218.0,31677952,750.1049,169,"[46, 45, 43, 42, 41, 40, 39, 38, 35, 36, 22, 23, 25, 17, 18, 16, 20, 26, 19, 12, 11, 10, 9, 33, 28, 27, 29, 7, 49, 4, 3, 51, 47, 44, 34, 37, 24, 21, 15, 13, 14, 32, 31, 8, 30, 6, 5, 50, 2]","[46, 45, 43, 42, 41, 40, 39, 38, 35, 36, 22, 23, 25, 17, 18, 16, 20, 26, 19, 12, 11, 10, 9, 33, 28, 27, 29, 7, 49, 4, 3, 51]","[47, 44, 34, 37, 24, 21, 15, 13, 14, 32, 31, 8, 30, 6, 5, 50, 2]","[45, 42, 38, 36, 22, 18, 16, 20, 19, 10, 27, 29, 7, 49, 4, 51, 1]","[1, 48, 46, 45, 43, 42, 41, 40, 39, 38, 35, 36, 22, 23, 25, 17, 18, 16, 20, 26, 19, 12, 11, 10, 9, 33, 28, 27, 29, 7, 49, 4, 3, 51, 1]","[(48, 47), (47, 45), (45, 44), (44, 42), (42, 34), (34, 38), (35, 37), (37, 36), (36, 24), (24, 22), (23, 21), (21, 18), (18, 15), (15, 16), (16, 13), (13, 20), (20, 14), (14, 19), (19, 32), (32, 10), (10, 31), (31, 27), (27, 8), (8, 29), (29, 30), (30, 7), (7, 6), (6, 49), (49, 5), (5, 4), (4, 50), (50, 51), (51, 2), (2, 1)]","[(1, 0.0), (48, 0.0), (46, 0.0), (45, 1005.0), (43, 3008.0), (42, 4012.0), (41, 6018.0), (40, 7022.0), (39, 8026.0), (38, 9032.0), (35, 11040.0), (36, 12045.0), (22, 14047.0), (23, 16060.0), (25, 17069.0), (17, 18071.0), (18, 19080.0), (16, 21083.0), (20, 23092.0), (26, 25097.0), (19, 26102.0), (12, 28112.0), (11, 29117.0), (10, 30124.0), (9, 32138.0), (33, 33146.0), (28, 34155.0), (27, 35162.0), (29, 37175.0), (7, 39190.0), (49, 41199.0), (4, 43205.0), (3, 45209.0), (51, 46215.0), (1, 48218.0)]"
SA,50,2,bench_50_5,ok,-33865.7533,,750.1616,50,29,21,21,41121.0,74986.7533,1031.4547,50218.0,113752.0,50218.0,32030870,750.1615,171,"[4, 50, 49, 7, 29, 28, 8, 9, 10, 12, 13, 20, 18, 16, 17, 25, 23, 36, 35, 38, 39, 42, 43, 41, 45, 46, 47, 48, 2, 5, 44, 34, 27, 33, 11, 14, 26, 19, 15, 21, 22, 24, 37, 40, 32, 31, 30, 6, 51, 3]","[4, 50, 49, 7, 29, 28, 8, 9, 10, 12, 13, 20, 18, 16, 17, 25, 23, 36, 35, 38, 39, 42, 43, 41, 45, 46, 47, 48, 2]","[5, 44, 34, 27, 33, 11, 14, 26, 19, 15, 21, 22, 24, 37, 40, 32, 31, 30, 6, 51, 3]","[50, 7, 28, 8, 10, 12, 13, 20, 18, 17, 23, 36, 35, 38, 39, 42, 41, 45, 48, 2, 1]","[1, 4, 50, 49, 7, 29, 28, 8, 9, 10, 12, 13, 20, 18, 16, 17, 25, 23, 36, 35, 38, 39, 42, 43, 41, 45, 46, 47, 48, 2, 1]","[(1, 5), (5, 50), (50, 44), (44, 7), (7, 34), (34, 28), (28, 27), (27, 8), (8, 33), (33, 10), (10, 11), (11, 12), (12, 14), (14, 13), (13, 26), (26, 20), (20, 19), (19, 18), (18, 15), (15, 17), (17, 21), (21, 23), (23, 22), (22, 36), (36, 24), (24, 35), (35, 37), (37, 38), (38, 40), (40, 39), (39, 32), (32, 42), (42, 31), (31, 41), (41, 30), (30, 45), (45, 6), (6, 48), (48, 51), (51, 2), (2, 3), (3, 1)]","[(1, 0.0), (4, 0.0), (50, 1002.0), (49, 3007.0), (7, 4012.0), (29, 6018.0), (28, 7024.0), (8, 9035.0), (9, 11053.0), (10, 12061.0), (12, 14077.0), (13, 16089.0), (20, 18097.0), (18, 20103.0), (16, 22110.0), (17, 23112.0), (25, 25128.0), (23, 26130.0), (36, 28141.0), (35, 30148.0), (38, 32159.0), (39, 34165.0), (42, 36175.0), (43, 38186.0), (41, 39190.0), (45, 41198.0), (46, 43204.0), (47, 44209.0), (48, 45211.0), (2, 47212.0), (1, 49212.0)]"
SA,50,4,bench_50_5,ok,-36309.1079,,750.1164,50,32,18,18,41121.0,77430.1079,1065.0634,50218.0,113752.0,50218.0,32137573,750.1163,172,"[44, 45, 43, 42, 39, 38, 37, 35, 24, 23, 25, 26, 20, 18, 17, 16, 15, 13, 12, 11, 10, 9, 8, 27, 28, 33, 29, 7, 49, 4, 3, 51, 47, 46, 31, 40, 21, 22, 19, 36, 14, 41, 34, 32, 30, 6, 5, 50, 2, 48]","[44, 45, 43, 42, 39, 38, 37, 35, 24, 23, 25, 26, 20, 18, 17, 16, 15, 13, 12, 11, 10, 9, 8, 27, 28, 33, 29, 7, 49, 4, 3, 51]","[47, 46, 31, 40, 21, 22, 19, 36, 14, 41, 34, 32, 30, 6, 5, 50, 2, 48]","[45, 43, 39, 35, 26, 17, 16, 12, 11, 27, 33, 29, 7, 49, 4, 3, 51, 1]","[1, 44, 45, 43, 42, 39, 38, 37, 35, 24, 23, 25, 26, 20, 18, 17, 16, 15, 13, 12, 11, 10, 9, 8, 27, 28, 33, 29, 7, 49, 4, 3, 51, 1]","[(1, 47), (47, 45), (45, 46), (46, 43), (43, 31), (31, 39), (39, 40), (40, 35), (35, 21), (21, 26), (26, 22), (22, 17), (17, 19), (19, 16), (16, 36), (36, 12), (12, 14), (14, 11), (11, 41), (41, 27), (27, 34), (34, 33), (33, 32), (32, 29), (29, 30), (30, 7), (7, 6), (6, 49), (49, 5), (5, 4), (4, 50), (50, 3), (3, 2), (2, 51), (51, 48), (48, 1)]","[(1, 0.0), (44, 0.0), (45, 1002.0), (43, 3005.0), (42, 5014.0), (39, 6018.0), (38, 8028.0), (37, 9032.0), (35, 10034.0), (24, 12043.0), (23, 13049.0), (25, 14058.0), (26, 15060.0), (20, 17067.0), (18, 18068.0), (17, 19069.0), (16, 21085.0), (15, 23093.0), (13, 24100.0), (12, 25104.0), (11, 27109.0), (10, 29120.0), (9, 30127.0), (8, 31135.0), (27, 32144.0), (28, 34157.0), (33, 35164.0), (29, 37177.0), (7, 39190.0), (49, 41199.0), (4, 43205.0), (3, 45209.0), (51, 47218.0), (1, 49218.0)]"
SA,50,6,bench_50_5,ok,-35924.5571,,750.0682,49,31,18,19,40619.0,76543.5571,1052.8687,49214.0,113752.0,50218.0,32481641,279.5665,174,"[48, 46, 45, 43, 42, 41, 40, 38, 35, 37, 24, 25, 26, 20, 19, 18, 17, 16, 13, 12, 11, 9, 8, 27, 28, 29, 7, 49, 50, 3, 51, 47, 44, 34, 39, 36, 23, 21, 15, 22, 14, 10, 32, 33, 6, 5, 30, 2, 4]","[48, 46, 45, 43, 42, 41, 40, 38, 35, 37, 24, 25, 26, 20, 19, 18, 17, 16, 13, 12, 11, 9, 8, 27, 28, 29, 7, 49, 50, 3, 51]","[47, 44, 34, 39, 36, 23, 21, 15, 22, 14, 10, 32, 33, 6, 5, 30, 2, 4]","[48, 46, 43, 38, 35, 24, 26, 17, 16, 12, 11, 9, 28, 29, 7, 49, 3, 51, 1]","[1, 48, 46, 45, 43, 42, 41, 40, 38, 35, 37, 24, 25, 26, 20, 19, 18, 17, 16, 13, 12, 11, 9, 8, 27, 28, 29, 7, 49, 50, 3, 51, 1]","[(1, 47), (47, 48), (48, 44), (44, 46), (46, 31), (31, 43), (43, 34), (34, 38), (38, 39), (39, 35), (37, 36), (36, 24), (24, 23), (23, 26), (26, 21), (21, 17), (17, 15), (15, 16), (16, 22), (22, 12), (12, 14), (14, 11), (11, 10), (10, 9), (9, 32), (32, 28), (28, 33), (33, 29), (29, 6), (6, 7), (7, 5), (5, 49), (49, 30), (30, 3), (3, 2), (2, 51), (51, 4), (4, 1)]","[(1, 0.0), (48, 0.0), (46, 2002.0), (45, 4009.0), (43, 5010.0), (42, 6014.0), (41, 7018.0), (40, 8022.0), (38, 9026.0), (35, 11034.0), (37, 13045.0), (24, 14047.0), (25, 16053.0), (26, 17055.0), (20, 19069.0), (19, 20070.0), (18, 21076.0), (17, 22077.0), (16, 24088.0), (13, 26097.0), (12, 27101.0), (11, 29113.0), (9, 31124.0), (8, 33139.0), (27, 34148.0), (28, 35157.0), (29, 37171.0), (7, 39186.0), (49, 41191.0), (50, 43198.0), (3, 44201.0), (51, 46212.0), (1, 48212.0)]"
SA,50,8,bench_50_5,ok,-34974.7378,,750.1915,49,31,18,19,40619.0,75593.7378,1039.8038,49214.0,113752.0,50218.0,32394145,750.1914,173,"[46, 44, 45, 43, 42, 39, 38, 35, 37, 24, 22, 23, 25, 16, 17, 18, 20, 19, 12, 11, 10, 9, 33, 28, 27, 29, 7, 49, 50, 3, 51, 47, 41, 40, 32, 36, 21, 14, 26, 15, 8, 13, 34, 30, 6, 5, 48, 4, 2]","[46, 44, 45, 43, 42, 39, 38, 35, 37, 24, 22, 23, 25, 16, 17, 18, 20, 19, 12, 11, 10, 9, 33, 28, 27, 29, 7, 49, 50, 3, 51]","[47, 41, 40, 32, 36, 21, 14, 26, 15, 8, 13, 34, 30, 6, 5, 48, 4, 2]","[44, 43, 42, 38, 24, 23, 16, 18, 20, 12, 9, 28, 29, 7, 49, 50, 3, 51, 1]","[1, 46, 44, 45, 43, 42, 39, 38, 35, 37, 24, 22, 23, 25, 16, 17, 18, 20, 19, 12, 11, 10, 9, 33, 28, 27, 29, 7, 49, 50, 3, 51, 1]","[(1, 47), (47, 44), (44, 31), (31, 43), (43, 41), (41, 42), (42, 40), (40, 38), (38, 32), (32, 24), (24, 36), (36, 23), (25, 21), (21, 16), (16, 14), (14, 18), (18, 26), (26, 20), (20, 15), (15, 12), (12, 8), (8, 9), (9, 13), (13, 28), (28, 34), (34, 29), (29, 30), (30, 7), (7, 6), (6, 49), (49, 5), (5, 50), (50, 48), (48, 3), (3, 4), (4, 51), (51, 2), (2, 1)]","[(1, 0.0), (46, 0.0), (44, 1005.0), (45, 3009.0), (43, 4010.0), (42, 5014.0), (39, 7022.0), (38, 8028.0), (35, 10036.0), (37, 11041.0), (24, 12043.0), (22, 14056.0), (23, 15063.0), (25, 17072.0), (16, 18074.0), (17, 20078.0), (18, 21087.0), (20, 23092.0), (19, 25098.0), (12, 26104.0), (11, 28116.0), (10, 29123.0), (9, 30130.0), (33, 32147.0), (28, 33156.0), (27, 35167.0), (29, 36176.0), (7, 38186.0), (49, 40195.0), (50, 42201.0), (3, 44206.0), (51, 46212.0), (1, 48214.0)]"
SA,100,0,bench_100_1,ok,-42577.7324,,1200.7474,100,75,25,25,83997.0,126574.7324,1741.0555,100403.0,227504.0,100403.0,30477133,1200.7473,81,"[100, 99, 9, 50, 49, 48, 47, 46, 45, 13, 14, 15, 18, 20, 17, 21, 22, 25, 24, 42, 31, 27, 29, 30, 32, 33, 34, 35, 36, 37, 39, 38, 63, 62, 61, 59, 58, 65, 68, 70, 69, 71, 72, 73, 75, 56, 55, 54, 53, 52, 51, 98, 10, 11, 7, 8, 6, 5, 4, 3, 101, 92, 96, 95, 77, 78, 79, 80, 83, 86, 85, 91, 87, 89, 2, 43, 19, 16, 23, 64, 28, 40, 26, 60, 67, 66, 41, 74, 57, 44, 12, 84, 97, 81, 76, 82, 94, 90, 93, 88]","[100, 99, 9, 50, 49, 48, 47, 46, 45, 13, 14, 15, 18, 20, 17, 21, 22, 25, 24, 42, 31, 27, 29, 30, 32, 33, 34, 35, 36, 37, 39, 38, 63, 62, 61, 59, 58, 65, 68, 70, 69, 71, 72, 73, 75, 56, 55, 54, 53, 52, 51, 98, 10, 11, 7, 8, 6, 5, 4, 3, 101, 92, 96, 95, 77, 78, 79, 80, 83, 86, 85, 91, 87, 89, 2]","[43, 19, 16, 23, 64, 28, 40, 26, 60, 67, 66, 41, 74, 57, 44, 12, 84, 97, 81, 76, 82, 94, 90, 93, 88]","[45, 18, 21, 24, 27, 29, 32, 36, 38, 59, 65, 73, 56, 51, 8, 92, 96, 78, 80, 83, 91, 87, 89, 2, 1]","[1, 100, 99, 9, 50, 49, 48, 47, 46, 45, 13, 14, 15, 18, 20, 17, 21, 22, 25, 24, 42, 31, 27, 29, 30, 32, 33, 34, 35, 36, 37, 39, 38, 63, 62, 61, 59, 58, 65, 68, 70, 69, 71, 72, 73, 75, 56, 55, 54, 53, 52, 51, 98, 10, 11, 7, 8, 6, 5, 4, 3, 101, 92, 96, 95, 77, 78, 79, 80, 83, 86, 85, 91, 87, 89, 2, 1]","[(9, 43), (43, 45), (45, 19), (19, 18), (18, 16), (16, 21), (25, 23), (23, 24), (24, 64), (64, 27), (27, 28), (28, 29), (29, 40), (40, 32), (32, 26), (26, 36), (36, 60), (60, 38), (38, 67), (67, 59), (59, 66), (66, 65), (65, 41), (41, 73), (75, 74), (74, 56), (55, 57), (57, 51), (98, 44), (44, 8), (8, 12), (12, 92), (92, 84), (84, 96), (95, 97), (97, 78), (79, 81), (81, 80), (80, 76), (76, 83), (83, 82), (82, 91), (91, 94), (94, 87), (87, 90), (90, 89), (89, 93), (93, 2), (2, 88), (88, 1)]","[(1, 0.0), (100, 0.0), (99, 1005.0), (9, 2006.0), (50, 3010.0), (49, 4016.0), (48, 5021.0), (47, 6023.0), (46, 7030.0), (45, 8039.0), (13, 10051.0), (14, 11058.0), (15, 12061.0), (18, 13063.0), (20, 15073.0), (17, 16080.0), (21, 17082.0), (22, 19090.0), (25, 20097.0), (24, 21102.0), (42, 23105.0), (31, 24112.0), (27, 25113.0), (29, 27126.0), (30, 29130.0), (32, 30135.0), (33, 32142.0), (34, 33144.0), (35, 34145.0), (36, 35147.0), (37, 37149.0), (39, 38156.0), (38, 39165.0), (63, 41169.0), (62, 42173.0), (61, 43178.0), (59, 44178.0), (58, 46182.0), (65, 47190.0), (68, 49193.0), (70, 50198.0), (69, 51203.0), (71, 52209.0), (72, 53218.0), (73, 54222.0), (75, 56226.0), (56, 57230.0), (55, 59236.0), (54, 60242.0), (53, 61242.0), (52, 62248.0), (51, 63253.0), (98, 65257.0), (10, 66261.0), (11, 67269.0), (7, 68276.0), (8, 69277.0), (6, 71291.0), (5, 72292.0), (4, 73297.0), (3, 74298.0), (101, 75304.0), (92, 76307.0), (96, 78319.0), (95, 80333.0), (77, 81337.0), (78, 82345.0), (79, 84352.0), (80, 85352.0), (83, 87361.0), (86, 89365.0), (85, 90368.0), (91, 91373.0), (87, 93378.0), (89, 95386.0), (2, 97394.0), (1, 99403.0)]"
SA,100,2,bench_100_1,ok,-41541.485,,1200.5305,99,71,28,28,83674.0,125215.485,1722.3588,99399.0,227504.0,100403.0,30289691,1200.5304,81,"[2, 88, 89, 90, 91, 85, 84, 94, 92, 96, 95, 76, 77, 78, 82, 81, 80, 75, 55, 54, 53, 52, 51, 57, 66, 74, 69, 70, 58, 59, 60, 61, 62, 38, 37, 36, 35, 34, 33, 32, 39, 41, 40, 30, 28, 27, 25, 22, 21, 24, 23, 16, 17, 20, 18, 15, 14, 13, 45, 46, 47, 48, 49, 50, 10, 9, 99, 100, 6, 5, 4, 87, 93, 83, 86, 79, 73, 98, 97, 67, 72, 71, 68, 26, 31, 42, 63, 64, 29, 19, 65, 44, 12, 43, 11, 8, 101, 3, 7]","[2, 88, 89, 90, 91, 85, 84, 94, 92, 96, 95, 76, 77, 78, 82, 81, 80, 75, 55, 54, 53, 52, 51, 57, 66, 74, 69, 70, 58, 59, 60, 61, 62, 38, 37, 36, 35, 34, 33, 32, 39, 41, 40, 30, 28, 27, 25, 22, 21, 24, 23, 16, 17, 20, 18, 15, 14, 13, 45, 46, 47, 48, 49, 50, 10, 9, 99, 100, 6, 5, 4]","[87, 93, 83, 86, 79, 73, 98, 97, 67, 72, 71, 68, 26, 31, 42, 63, 64, 29, 19, 65, 44, 12, 43, 11, 8, 101, 3, 7]","[94, 95, 77, 82, 80, 53, 51, 66, 74, 69, 59, 61, 33, 32, 41, 30, 25, 23, 17, 15, 14, 45, 50, 99, 100, 5, 4, 1]","[1, 2, 88, 89, 90, 91, 85, 84, 94, 92, 96, 95, 76, 77, 78, 82, 81, 80, 75, 56, 55, 54, 53, 52, 51, 57, 66, 74, 69, 70, 58, 59, 60, 61, 62, 38, 37, 36, 35, 34, 33, 32, 39, 41, 40, 30, 28, 27, 25, 22, 21, 24, 23, 16, 17, 20, 18, 15, 14, 13, 45, 46, 47, 48, 49, 50, 10, 9, 99, 100, 6, 5, 4, 1]","[(2, 87), (87, 94), (92, 93), (93, 95), (95, 83), (83, 77), (77, 86), (86, 82), (82, 79), (79, 80), (80, 73), (73, 53), (53, 98), (98, 51), (51, 97), (97, 66), (66, 67), (67, 74), (74, 72), (72, 69), (70, 71), (71, 59), (59, 68), (68, 61), (61, 26), (26, 33), (33, 31), (31, 32), (32, 42), (42, 41), (41, 63), (63, 30), (30, 64), (64, 25), (25, 29), (29, 23), (23, 19), (19, 17), (17, 65), (65, 15), (15, 44), (44, 14), (13, 12), (12, 45), (45, 43), (43, 50), (50, 11), (11, 99), (99, 8), (8, 100), (100, 101), (101, 5), (5, 3), (3, 4), (4, 7), (7, 1)]","[(1, 0.0), (2, 0.0), (88, 1006.0), (89, 2006.0), (90, 3006.0), (91, 4014.0), (85, 5015.0), (84, 6020.0), (94, 7025.0), (92, 9033.0), (96, 10038.0), (95, 11047.0), (76, 13054.0), (77, 14057.0), (78, 16066.0), (82, 17067.0), (81, 19074.0), (80, 20080.0), (75, 22083.0), (56, 23087.0), (55, 23087.0), (54, 24093.0), (53, 25093.0), (52, 27103.0), (51, 28108.0), (57, 30114.0), (66, 31116.0), (74, 33123.0), (69, 35125.0), (70, 37135.0), (58, 38140.0), (59, 39148.0), (60, 41161.0), (61, 42165.0), (62, 44170.0), (38, 45175.0), (37, 46175.0), (36, 47182.0), (35, 48183.0), (34, 49185.0), (33, 50186.0), (32, 52189.0), (39, 54195.0), (41, 55204.0), (40, 57211.0), (30, 58213.0), (28, 60222.0), (27, 61224.0), (25, 62229.0), (22, 64242.0), (21, 65249.0), (24, 66253.0), (23, 67255.0), (16, 69258.0), (17, 70262.0), (20, 72268.0), (18, 73275.0), (15, 74281.0), (14, 76285.0), (13, 78293.0), (45, 79300.0), (46, 81310.0), (47, 82319.0), (48, 83326.0), (49, 84328.0), (50, 85333.0), (10, 87348.0), (9, 88356.0), (99, 89360.0), (100, 91368.0), (6, 93382.0), (5, 94383.0), (4, 96391.0), (1, 98398.0)]"
SA,100,4,bench_100_1,ok,-42497.6238,,1201.3871,100,74,26,26,83997.0,126494.6238,1739.9536,100403.0,227504.0,100403.0,30337694,1201.387,81,"[4, 5, 100, 99, 9, 10, 48, 47, 43, 57, 66, 67, 68, 69, 71, 70, 59, 58, 65, 64, 63, 61, 62, 38, 41, 39, 40, 32, 35, 34, 33, 29, 26, 25, 24, 23, 16, 17, 20, 18, 19, 15, 14, 13, 12, 46, 49, 50, 98, 51, 52, 53, 54, 55, 56, 75, 73, 81, 80, 79, 78, 77, 95, 96, 92, 93, 94, 84, 83, 85, 91, 90, 89, 2, 7, 6, 42, 36, 60, 30, 28, 37, 27, 21, 22, 31, 11, 45, 44, 76, 74, 72, 82, 101, 97, 8, 86, 87, 88, 3]","[4, 5, 100, 99, 9, 10, 48, 47, 43, 57, 66, 67, 68, 69, 71, 70, 59, 58, 65, 64, 63, 61, 62, 38, 41, 39, 40, 32, 35, 34, 33, 29, 26, 25, 24, 23, 16, 17, 20, 18, 19, 15, 14, 13, 12, 46, 49, 50, 98, 51, 52, 53, 54, 55, 56, 75, 73, 81, 80, 79, 78, 77, 95, 96, 92, 93, 94, 84, 83, 85, 91, 90, 89, 2]","[7, 6, 42, 36, 60, 30, 28, 37, 27, 21, 22, 31, 11, 45, 44, 76, 74, 72, 82, 101, 97, 8, 86, 87, 88, 3]","[48, 68, 59, 63, 41, 32, 35, 29, 26, 25, 24, 19, 13, 49, 51, 56, 73, 80, 78, 95, 93, 85, 90, 89, 2, 1]","[1, 4, 5, 100, 99, 9, 10, 48, 47, 43, 57, 66, 67, 68, 69, 71, 70, 59, 58, 65, 64, 63, 61, 62, 38, 41, 39, 40, 32, 35, 34, 33, 29, 26, 25, 24, 23, 16, 17, 20, 18, 19, 15, 14, 13, 12, 46, 49, 50, 98, 51, 52, 53, 54, 55, 56, 75, 73, 81, 80, 79, 78, 77, 95, 96, 92, 93, 94, 84, 83, 85, 91, 90, 89, 2, 1]","[(1, 7), (7, 48), (48, 6), (6, 68), (69, 42), (42, 59), (59, 36), (36, 63), (63, 60), (60, 41), (41, 30), (30, 32), (32, 28), (28, 35), (34, 37), (37, 29), (29, 27), (27, 26), (26, 21), (21, 25), (25, 22), (22, 24), (24, 31), (31, 19), (19, 11), (11, 13), (12, 45), (45, 49), (49, 44), (44, 51), (51, 76), (76, 56), (56, 74), (74, 73), (73, 72), (72, 80), (80, 82), (82, 78), (78, 101), (101, 95), (95, 97), (97, 93), (93, 8), (8, 85), (85, 86), (86, 90), (90, 87), (87, 89), (89, 88), (88, 2), (2, 3), (3, 1)]","[(1, 0.0), (4, 0.0), (5, 1001.0), (100, 2006.0), (99, 3011.0), (9, 4012.0), (10, 5016.0), (48, 6024.0), (47, 8027.0), (43, 9034.0), (57, 10043.0), (66, 11045.0), (67, 12046.0), (68, 13046.0), (69, 15052.0), (71, 16058.0), (70, 17067.0), (59, 18072.0), (58, 20083.0), (65, 21091.0), (64, 22093.0), (63, 23101.0), (61, 25106.0), (62, 26106.0), (38, 27111.0), (41, 28111.0), (39, 30115.0), (40, 31124.0), (32, 32126.0), (35, 34136.0), (34, 36140.0), (33, 37141.0), (29, 38143.0), (26, 40152.0), (25, 42158.0), (24, 44167.0), (23, 46176.0), (16, 47177.0), (17, 48181.0), (20, 49183.0), (18, 50190.0), (19, 51196.0), (15, 53201.0), (14, 54203.0), (13, 55206.0), (12, 57220.0), (46, 58227.0), (49, 59236.0), (50, 61244.0), (98, 62250.0), (51, 63254.0), (52, 65261.0), (53, 66266.0), (54, 67272.0), (55, 68272.0), (56, 69278.0), (75, 71285.0), (73, 72289.0), (81, 74295.0), (80, 75301.0), (79, 77308.0), (78, 78308.0), (77, 80313.0), (95, 81321.0), (96, 83328.0), (92, 84337.0), (93, 85342.0), (94, 87351.0), (84, 88357.0), (83, 89362.0), (85, 90363.0), (91, 92377.0), (90, 93378.0), (89, 95389.0), (2, 97391.0), (1, 99397.0)]"
SA,100,6,bench_100_1,ok,-41460.046,,1200.7724,100,75,25,25,83997.0,125457.046,1725.6815,100403.0,227504.0,100403.0,29819958,1200.7723,79,"[3, 4, 5, 100, 99, 8, 7, 11, 9, 10, 98, 51, 50, 49, 48, 46, 45, 13, 14, 15, 19, 18, 20, 17, 21, 22, 25, 16, 23, 42, 41, 39, 32, 40, 31, 27, 29, 30, 33, 34, 35, 36, 37, 61, 62, 63, 64, 65, 67, 68, 70, 69, 71, 72, 74, 73, 75, 56, 55, 76, 78, 79, 80, 83, 86, 85, 91, 90, 93, 84, 94, 95, 96, 101, 2, 53, 12, 57, 47, 52, 44, 24, 59, 28, 26, 38, 43, 58, 66, 60, 54, 89, 81, 82, 97, 77, 87, 92, 6, 88]","[3, 4, 5, 100, 99, 8, 7, 11, 9, 10, 98, 51, 50, 49, 48, 46, 45, 13, 14, 15, 19, 18, 20, 17, 21, 22, 25, 16, 23, 42, 41, 39, 32, 40, 31, 27, 29, 30, 33, 34, 35, 36, 37, 61, 62, 63, 64, 65, 67, 68, 70, 69, 71, 72, 74, 73, 75, 56, 55, 76, 78, 79, 80, 83, 86, 85, 91, 90, 93, 84, 94, 95, 96, 101, 2]","[53, 12, 57, 47, 52, 44, 24, 59, 28, 26, 38, 43, 58, 66, 60, 54, 89, 81, 82, 97, 77, 87, 92, 6, 88]","[11, 10, 50, 15, 25, 41, 31, 30, 33, 61, 63, 65, 67, 68, 73, 56, 79, 80, 86, 93, 94, 95, 96, 2, 1]","[1, 3, 4, 5, 100, 99, 8, 7, 11, 9, 10, 98, 51, 50, 49, 48, 46, 45, 13, 14, 15, 19, 18, 20, 17, 21, 22, 25, 16, 23, 42, 41, 39, 32, 40, 31, 27, 29, 30, 33, 34, 35, 36, 37, 61, 62, 63, 64, 65, 67, 68, 70, 69, 71, 72, 74, 73, 75, 56, 55, 76, 78, 79, 80, 83, 86, 85, 91, 90, 93, 84, 94, 95, 96, 101, 2, 1]","[(5, 53), (53, 11), (11, 12), (12, 10), (10, 57), (57, 50), (48, 47), (47, 15), (15, 52), (52, 25), (16, 44), (44, 41), (39, 24), (24, 31), (31, 59), (59, 30), (30, 28), (28, 33), (34, 26), (26, 61), (61, 38), (38, 63), (63, 43), (43, 65), (65, 58), (58, 67), (67, 66), (66, 68), (68, 60), (60, 73), (73, 54), (54, 56), (56, 89), (89, 79), (79, 81), (81, 80), (80, 82), (82, 86), (86, 97), (97, 93), (93, 77), (77, 94), (94, 87), (87, 95), (95, 92), (92, 96), (96, 6), (6, 2), (2, 88), (88, 1)]","[(1, 0.0), (3, 0.0), (4, 1006.0), (5, 2007.0), (100, 3012.0), (99, 4017.0), (8, 5018.0), (7, 6027.0), (11, 7028.0), (9, 9041.0), (10, 10045.0), (98, 12060.0), (51, 13064.0), (50, 14066.0), (49, 16074.0), (48, 17079.0), (46, 18081.0), (45, 19090.0), (13, 20093.0), (14, 21100.0), (15, 22103.0), (19, 24112.0), (18, 25116.0), (20, 26122.0), (17, 27129.0), (21, 28131.0), (22, 29135.0), (25, 30142.0), (16, 32152.0), (23, 33156.0), (42, 34157.0), (41, 35164.0), (39, 37169.0), (32, 38178.0), (40, 39183.0), (31, 40185.0), (27, 42188.0), (29, 43193.0), (30, 44195.0), (33, 46204.0), (34, 48208.0), (35, 49209.0), (36, 50211.0), (37, 51212.0), (61, 52219.0), (62, 54220.0), (63, 55225.0), (64, 57229.0), (65, 58237.0), (67, 60248.0), (68, 62256.0), (70, 64262.0), (69, 65267.0), (71, 66273.0), (72, 67282.0), (74, 68286.0), (73, 69288.0), (75, 71296.0), (56, 72300.0), (55, 74304.0), (76, 75310.0), (78, 76313.0), (79, 77314.0), (80, 79314.0), (83, 81323.0), (86, 82324.0), (85, 84331.0), (91, 85336.0), (90, 86337.0), (93, 87345.0), (84, 89354.0), (94, 90359.0), (95, 92373.0), (96, 94379.0), (101, 96393.0), (2, 97396.0), (1, 99403.0)]"
SA,100,8,bench_100_1,ok,-44004.1854,,1201.1567,99,70,29,29,83494.0,127498.1854,1753.7577,99396.0,227504.0,100403.0,29819378,1201.1566,79,"[3, 5, 10, 50, 49, 48, 47, 46, 45, 13, 14, 15, 19, 18, 17, 16, 23, 24, 22, 21, 25, 26, 27, 29, 28, 42, 41, 39, 32, 30, 33, 34, 35, 36, 62, 61, 63, 64, 58, 68, 69, 71, 72, 74, 73, 75, 56, 55, 54, 52, 51, 98, 97, 101, 96, 92, 94, 95, 77, 78, 79, 80, 81, 83, 86, 85, 91, 90, 88, 2, 6, 7, 8, 44, 12, 20, 67, 37, 31, 38, 40, 60, 59, 43, 70, 65, 66, 53, 100, 99, 9, 57, 82, 76, 84, 87, 93, 4, 89]","[3, 5, 10, 50, 49, 48, 47, 46, 45, 13, 14, 15, 19, 18, 17, 16, 23, 24, 22, 21, 25, 26, 27, 29, 28, 42, 41, 39, 32, 30, 33, 34, 35, 36, 62, 61, 63, 64, 58, 68, 69, 71, 72, 74, 73, 75, 56, 55, 54, 52, 51, 98, 97, 101, 96, 92, 94, 95, 77, 78, 79, 80, 81, 83, 86, 85, 91, 90, 88, 2]","[6, 7, 8, 44, 12, 20, 67, 37, 31, 38, 40, 60, 59, 43, 70, 65, 66, 53, 100, 99, 9, 57, 82, 76, 84, 87, 93, 4, 89]","[5, 11, 45, 15, 17, 22, 29, 42, 39, 32, 33, 61, 64, 69, 72, 55, 52, 51, 97, 101, 94, 80, 81, 83, 86, 91, 90, 2, 1]","[1, 3, 5, 11, 10, 50, 49, 48, 47, 46, 45, 13, 14, 15, 19, 18, 17, 16, 23, 24, 22, 21, 25, 26, 27, 29, 28, 42, 41, 39, 32, 30, 33, 34, 35, 36, 62, 61, 63, 64, 58, 68, 69, 71, 72, 74, 73, 75, 56, 55, 54, 52, 51, 98, 97, 101, 96, 92, 94, 95, 77, 78, 79, 80, 81, 83, 86, 85, 91, 90, 88, 2, 1]","[(3, 6), (6, 5), (5, 7), (7, 11), (11, 8), (8, 45), (45, 44), (44, 15), (15, 12), (12, 17), (17, 20), (20, 22), (22, 67), (67, 29), (29, 37), (37, 42), (42, 31), (31, 39), (39, 38), (38, 32), (32, 40), (40, 33), (36, 60), (60, 61), (61, 59), (59, 64), (64, 43), (43, 69), (71, 70), (70, 72), (72, 65), (65, 55), (55, 66), (66, 52), (52, 53), (53, 51), (98, 100), (100, 97), (97, 99), (99, 101), (101, 9), (9, 94), (94, 57), (57, 80), (80, 82), (82, 81), (81, 76), (76, 83), (83, 84), (84, 86), (86, 87), (87, 91), (91, 93), (93, 90), (90, 4), (4, 2), (2, 89), (89, 1)]","[(1, 0.0), (3, 0.0), (5, 1006.0), (11, 3012.0), (10, 4013.0), (50, 5021.0), (49, 6027.0), (48, 7032.0), (47, 8034.0), (46, 9041.0), (45, 10050.0), (13, 12062.0), (14, 13069.0), (15, 14072.0), (19, 16079.0), (18, 17083.0), (17, 18089.0), (16, 20098.0), (23, 21102.0), (24, 22103.0), (22, 23105.0), (21, 25119.0), (25, 26123.0), (26, 27128.0), (27, 28129.0), (29, 29134.0), (28, 31136.0), (42, 32138.0), (41, 34152.0), (39, 35152.0), (32, 37162.0), (30, 39167.0), (33, 40172.0), (34, 42176.0), (35, 43177.0), (36, 44179.0), (62, 45180.0), (61, 46185.0), (63, 48189.0), (64, 49193.0), (58, 51205.0), (68, 52213.0), (69, 53218.0), (71, 55233.0), (72, 56242.0), (74, 58251.0), (73, 59253.0), (75, 60257.0), (56, 61261.0), (55, 62265.0), (54, 64273.0), (52, 65273.0), (51, 67279.0), (98, 69287.0), (97, 70291.0), (101, 72302.0), (96, 74306.0), (92, 75315.0), (94, 76320.0), (95, 78330.0), (77, 79334.0), (78, 80342.0), (79, 81343.0), (80, 82343.0), (81, 84348.0), (83, 86358.0), (86, 88362.0), (85, 90370.0), (91, 91375.0), (90, 93378.0), (88, 95389.0), (2, 96389.0), (1, 98396.0)]"
SA,100,0,bench_100_2,ok,-38713.0466,,1201.3927,97,71,26,26,80880.0,119593.0466,1645.0213,97460.0,227504.0,100468.0,29858284,1201.3926,79,"[101, 99, 98, 96, 95, 94, 93, 92, 71, 48, 45, 44, 43, 42, 41, 40, 39, 38, 37, 36, 35, 34, 5, 6, 11, 10, 9, 8, 7, 14, 32, 15, 16, 22, 21, 20, 19, 25, 28, 29, 30, 31, 50, 57, 58, 56, 55, 54, 53, 52, 51, 59, 61, 60, 64, 65, 68, 67, 69, 77, 76, 75, 80, 81, 83, 84, 85, 89, 86, 87, 88, 73, 2, 72, 70, 49, 3, 4, 12, 13, 33, 17, 23, 24, 27, 18, 26, 63, 62, 97, 66, 78, 74, 79, 90, 82, 91]","[101, 99, 98, 96, 95, 94, 93, 92, 71, 48, 45, 44, 43, 42, 41, 40, 39, 38, 37, 36, 35, 34, 5, 6, 11, 10, 9, 8, 7, 14, 32, 15, 16, 22, 21, 20, 19, 25, 28, 29, 30, 31, 50, 57, 58, 56, 55, 54, 53, 52, 51, 59, 61, 60, 64, 65, 68, 67, 69, 77, 76, 75, 80, 81, 83, 84, 85, 89, 86, 87, 88]","[73, 2, 72, 70, 49, 3, 4, 12, 13, 33, 17, 23, 24, 27, 18, 26, 63, 62, 97, 66, 78, 74, 79, 90, 82, 91]","[96, 71, 46, 48, 42, 35, 6, 9, 14, 16, 21, 20, 25, 30, 58, 54, 51, 59, 69, 77, 76, 80, 83, 85, 87, 1]","[1, 101, 100, 99, 98, 96, 95, 94, 93, 92, 71, 46, 47, 48, 45, 44, 43, 42, 41, 40, 39, 38, 37, 36, 35, 34, 5, 6, 11, 10, 9, 8, 7, 14, 32, 15, 16, 22, 21, 20, 19, 25, 28, 29, 30, 31, 50, 57, 58, 56, 55, 54, 53, 52, 51, 59, 61, 60, 64, 65, 68, 67, 69, 77, 76, 75, 80, 81, 83, 84, 85, 89, 86, 87, 88, 1]","[(101, 73), (73, 96), (96, 2), (2, 71), (71, 72), (72, 46), (46, 70), (70, 48), (48, 49), (49, 42), (42, 3), (3, 35), (35, 4), (4, 6), (6, 12), (12, 9), (9, 13), (13, 14), (14, 33), (33, 16), (16, 17), (17, 21), (21, 23), (23, 20), (19, 24), (24, 25), (25, 27), (27, 30), (30, 18), (18, 58), (58, 26), (26, 54), (53, 63), (63, 51), (51, 62), (62, 59), (61, 97), (97, 69), (69, 66), (66, 77), (77, 78), (78, 76), (76, 74), (74, 80), (81, 79), (79, 83), (84, 90), (90, 85), (85, 82), (82, 87), (87, 91), (91, 1)]","[(1, 0.0), (101, 0.0), (100, 1005.0), (99, 1005.0), (98, 2005.0), (96, 3014.0), (95, 5026.0), (94, 6027.0), (93, 7036.0), (92, 8043.0), (71, 9050.0), (46, 11059.0), (47, 12062.0), (48, 12062.0), (45, 14070.0), (44, 15079.0), (43, 16084.0), (42, 17091.0), (41, 19104.0), (40, 20109.0), (39, 21115.0), (38, 22120.0), (37, 23122.0), (36, 24129.0), (35, 25132.0), (34, 27140.0), (5, 28145.0), (6, 29153.0), (11, 31161.0), (10, 32169.0), (9, 33171.0), (8, 35185.0), (7, 36187.0), (14, 37191.0), (32, 39199.0), (15, 40204.0), (16, 41206.0), (22, 43213.0), (21, 44221.0), (20, 46223.0), (19, 48227.0), (25, 49232.0), (28, 51240.0), (29, 52246.0), (30, 53255.0), (31, 55257.0), (50, 56266.0), (57, 57273.0), (58, 58273.0), (56, 60283.0), (55, 61291.0), (54, 62291.0), (53, 64296.0), (52, 65302.0), (51, 66310.0), (59, 68321.0), (61, 70334.0), (60, 71339.0), (64, 72345.0), (65, 73352.0), (68, 74356.0), (67, 75358.0), (69, 76362.0), (77, 78372.0), (76, 80381.0), (75, 82396.0), (80, 83402.0), (81, 85413.0), (83, 86418.0), (84, 88427.0), (85, 89431.0), (89, 91443.0), (86, 92444.0), (87, 93446.0), (88, 95451.0), (1, 96451.0)]"
SA,100,2,bench_100_2,ok,-36400.0713,,1201.5418,100,73,27,27,82254.0,118654.0713,1632.1055,100468.0,227504.0,100468.0,30174474,1201.5417,80,"[2, 100, 96, 72, 71, 67, 66, 65, 64, 63, 62, 60, 61, 59, 58, 57, 50, 56, 55, 54, 53, 25, 26, 27, 19, 20, 21, 23, 29, 30, 31, 22, 16, 32, 14, 15, 13, 8, 9, 10, 11, 12, 5, 35, 36, 38, 39, 40, 41, 42, 43, 44, 45, 48, 47, 46, 70, 74, 75, 76, 78, 79, 83, 84, 85, 89, 82, 81, 91, 92, 93, 94, 101, 99, 69, 28, 24, 51, 52, 33, 17, 18, 7, 6, 34, 4, 37, 49, 3, 68, 77, 87, 86, 90, 80, 97, 73, 95, 98, 88]","[2, 100, 96, 72, 71, 67, 66, 65, 64, 63, 62, 60, 61, 59, 58, 57, 50, 56, 55, 54, 53, 25, 26, 27, 19, 20, 21, 23, 29, 30, 31, 22, 16, 32, 14, 15, 13, 8, 9, 10, 11, 12, 5, 35, 36, 38, 39, 40, 41, 42, 43, 44, 45, 48, 47, 46, 70, 74, 75, 76, 78, 79, 83, 84, 85, 89, 82, 81, 91, 92, 93, 94, 101]","[99, 69, 28, 24, 51, 52, 33, 17, 18, 7, 6, 34, 4, 37, 49, 3, 68, 77, 87, 86, 90, 80, 97, 73, 95, 98, 88]","[72, 67, 59, 56, 25, 23, 31, 16, 13, 12, 5, 36, 38, 41, 44, 70, 74, 79, 85, 89, 82, 81, 92, 93, 94, 101, 1]","[1, 2, 100, 96, 72, 71, 67, 66, 65, 64, 63, 62, 60, 61, 59, 58, 57, 50, 56, 55, 54, 53, 25, 26, 27, 19, 20, 21, 23, 29, 30, 31, 22, 16, 32, 14, 15, 13, 8, 9, 10, 11, 12, 5, 35, 36, 38, 39, 40, 41, 42, 43, 44, 45, 48, 47, 46, 70, 74, 75, 76, 78, 79, 83, 84, 85, 89, 82, 81, 91, 92, 93, 94, 101, 1]","[(2, 99), (99, 72), (72, 69), (69, 67), (67, 28), (28, 59), (59, 24), (24, 56), (56, 51), (51, 25), (25, 52), (52, 23), (23, 33), (33, 31), (22, 17), (17, 16), (16, 18), (18, 13), (13, 7), (7, 12), (12, 6), (6, 5), (5, 34), (34, 36), (36, 4), (4, 38), (38, 37), (37, 41), (41, 49), (49, 44), (44, 3), (3, 70), (70, 68), (68, 74), (74, 77), (77, 79), (79, 87), (87, 85), (85, 86), (86, 89), (89, 90), (90, 82), (82, 80), (80, 81), (81, 97), (97, 92), (92, 73), (73, 93), (93, 95), (95, 94), (94, 98), (98, 101), (101, 88), (88, 1)]","[(1, 0.0), (2, 0.0), (100, 1002.0), (96, 2002.0), (72, 3007.0), (71, 5010.0), (67, 6017.0), (66, 8025.0), (65, 9028.0), (64, 10032.0), (63, 11039.0), (62, 12048.0), (60, 13057.0), (61, 14063.0), (59, 15068.0), (58, 17078.0), (57, 18081.0), (50, 19081.0), (56, 20088.0), (55, 22101.0), (54, 23101.0), (53, 24104.0), (25, 25110.0), (26, 27115.0), (27, 28117.0), (19, 29119.0), (20, 30124.0), (21, 31124.0), (23, 32125.0), (29, 34137.0), (30, 35146.0), (31, 36146.0), (22, 38158.0), (16, 39166.0), (32, 41171.0), (14, 42176.0), (15, 43177.0), (13, 44179.0), (8, 46193.0), (9, 47195.0), (10, 48200.0), (11, 49202.0), (12, 50210.0), (5, 52223.0), (35, 54231.0), (36, 55235.0), (38, 57243.0), (39, 59253.0), (40, 60258.0), (41, 61264.0), (42, 63276.0), (43, 64284.0), (44, 65291.0), (45, 67301.0), (48, 68310.0), (47, 69314.0), (46, 70318.0), (70, 71322.0), (74, 73330.0), (75, 75337.0), (76, 76343.0), (78, 77352.0), (79, 78358.0), (83, 80364.0), (84, 81373.0), (85, 82377.0), (89, 84383.0), (82, 86386.0), (81, 88397.0), (91, 90408.0), (92, 91417.0), (93, 93430.0), (94, 95444.0), (101, 97454.0), (1, 99468.0)]"
SA,100,4,bench_100_2,ok,-36390.9618,,1200.7116,100,74,26,26,82254.0,118644.9618,1631.9802,100468.0,227504.0,100468.0,29898610,1200.7115,79,"[2, 98, 99, 100, 96, 95, 97, 43, 42, 41, 40, 39, 38, 37, 36, 35, 34, 6, 12, 11, 10, 9, 8, 7, 14, 32, 15, 13, 17, 16, 22, 21, 23, 20, 19, 27, 26, 25, 24, 30, 29, 28, 54, 55, 57, 58, 59, 61, 60, 64, 65, 68, 67, 69, 47, 48, 46, 70, 71, 74, 77, 78, 76, 75, 79, 83, 82, 73, 92, 91, 90, 89, 87, 88, 66, 45, 3, 4, 44, 56, 50, 18, 31, 33, 53, 52, 5, 63, 62, 49, 72, 51, 84, 80, 94, 93, 101, 85, 86, 81]","[2, 98, 99, 100, 96, 95, 97, 43, 42, 41, 40, 39, 38, 37, 36, 35, 34, 6, 12, 11, 10, 9, 8, 7, 14, 32, 15, 13, 17, 16, 22, 21, 23, 20, 19, 27, 26, 25, 24, 30, 29, 28, 54, 55, 57, 58, 59, 61, 60, 64, 65, 68, 67, 69, 47, 48, 46, 70, 71, 74, 77, 78, 76, 75, 79, 83, 82, 73, 92, 91, 90, 89, 87, 88]","[66, 45, 3, 4, 44, 56, 50, 18, 31, 33, 53, 52, 5, 63, 62, 49, 72, 51, 84, 80, 94, 93, 101, 85, 86, 81]","[96, 43, 41, 39, 34, 9, 13, 17, 16, 27, 25, 30, 58, 61, 64, 48, 70, 75, 79, 82, 92, 91, 89, 87, 88, 1]","[1, 2, 98, 99, 100, 96, 95, 97, 43, 42, 41, 40, 39, 38, 37, 36, 35, 34, 6, 12, 11, 10, 9, 8, 7, 14, 32, 15, 13, 17, 16, 22, 21, 23, 20, 19, 27, 26, 25, 24, 30, 29, 28, 54, 55, 57, 58, 59, 61, 60, 64, 65, 68, 67, 69, 47, 48, 46, 70, 71, 74, 77, 78, 76, 75, 79, 83, 82, 73, 92, 91, 90, 89, 87, 88, 1]","[(1, 66), (66, 96), (97, 45), (45, 43), (43, 3), (3, 41), (40, 4), (4, 39), (39, 44), (44, 34), (34, 56), (56, 9), (9, 50), (50, 13), (13, 18), (18, 17), (17, 31), (31, 16), (16, 33), (33, 27), (27, 53), (53, 25), (25, 52), (52, 30), (28, 5), (5, 58), (58, 63), (63, 61), (61, 62), (62, 64), (64, 49), (49, 48), (48, 72), (72, 70), (70, 51), (51, 75), (75, 84), (84, 79), (83, 80), (80, 82), (82, 94), (94, 92), (92, 93), (93, 91), (91, 101), (101, 89), (89, 85), (85, 87), (87, 86), (86, 88), (88, 81), (81, 1)]","[(1, 0.0), (2, 0.0), (98, 1002.0), (99, 2011.0), (100, 3011.0), (96, 4011.0), (95, 6019.0), (97, 7020.0), (43, 8026.0), (42, 10042.0), (41, 11050.0), (40, 13059.0), (39, 14065.0), (38, 16078.0), (37, 17080.0), (36, 18087.0), (35, 19090.0), (34, 20094.0), (6, 22104.0), (12, 23104.0), (11, 24113.0), (10, 25121.0), (9, 26123.0), (8, 28136.0), (7, 29138.0), (14, 30142.0), (32, 31143.0), (15, 32148.0), (13, 33150.0), (17, 35164.0), (16, 37172.0), (22, 39185.0), (21, 40193.0), (23, 41194.0), (20, 42198.0), (19, 43198.0), (27, 44203.0), (26, 46208.0), (25, 47210.0), (24, 49219.0), (30, 50224.0), (29, 52232.0), (28, 53241.0), (54, 54247.0), (55, 55250.0), (57, 56250.0), (58, 57250.0), (59, 59261.0), (61, 60265.0), (60, 62279.0), (64, 63285.0), (65, 65301.0), (68, 66305.0), (67, 67307.0), (69, 68311.0), (47, 69315.0), (48, 70319.0), (46, 72328.0), (70, 73332.0), (71, 75339.0), (74, 76346.0), (77, 77351.0), (78, 78357.0), (76, 79363.0), (75, 80372.0), (79, 82380.0), (83, 84384.0), (82, 85393.0), (73, 87404.0), (92, 88411.0), (91, 90427.0), (90, 92443.0), (89, 93449.0), (87, 95455.0), (88, 97461.0), (1, 99463.0)]"
SA,100,6,bench_100_2,ok,-33509.053,,1200.6856,100,76,24,24,82254.0,115763.053,1592.3391,100468.0,227504.0,100468.0,29268623,1200.6855,77,"[101, 96, 100, 99, 98, 3, 44, 43, 42, 41, 40, 4, 39, 38, 37, 36, 35, 5, 6, 12, 11, 10, 9, 8, 13, 16, 15, 14, 32, 31, 22, 21, 23, 20, 19, 27, 26, 25, 24, 30, 29, 28, 53, 54, 55, 51, 62, 60, 61, 59, 58, 57, 48, 46, 47, 68, 67, 69, 70, 71, 74, 78, 76, 75, 73, 92, 91, 94, 82, 81, 80, 83, 84, 85, 86, 87, 95, 49, 33, 18, 7, 17, 52, 34, 63, 64, 50, 65, 66, 56, 77, 45, 93, 90, 97, 72, 79, 89, 88, 2]","[101, 96, 100, 99, 98, 3, 44, 43, 42, 41, 40, 4, 39, 38, 37, 36, 35, 5, 6, 12, 11, 10, 9, 8, 13, 16, 15, 14, 32, 31, 22, 21, 23, 20, 19, 27, 26, 25, 24, 30, 29, 28, 53, 54, 55, 51, 62, 60, 61, 59, 58, 57, 48, 46, 47, 68, 67, 69, 70, 71, 74, 78, 76, 75, 73, 92, 91, 94, 82, 81, 80, 83, 84, 85, 86, 87]","[95, 49, 33, 18, 7, 17, 52, 34, 63, 64, 50, 65, 66, 56, 77, 45, 93, 90, 97, 72, 79, 89, 88, 2]","[43, 36, 8, 16, 21, 27, 30, 51, 62, 59, 46, 68, 67, 78, 76, 92, 91, 94, 82, 84, 85, 86, 87, 1]","[1, 101, 96, 100, 99, 98, 3, 44, 43, 42, 41, 40, 4, 39, 38, 37, 36, 35, 5, 6, 12, 11, 10, 9, 8, 13, 16, 15, 14, 32, 31, 22, 21, 23, 20, 19, 27, 26, 25, 24, 30, 29, 28, 53, 54, 55, 51, 62, 60, 61, 59, 58, 57, 48, 46, 47, 68, 67, 69, 70, 71, 74, 78, 76, 75, 73, 92, 91, 94, 82, 81, 80, 83, 84, 85, 86, 87, 1]","[(3, 95), (95, 43), (42, 49), (49, 36), (5, 33), (33, 8), (8, 18), (18, 16), (15, 7), (7, 21), (21, 17), (17, 27), (27, 52), (52, 30), (30, 34), (34, 51), (51, 63), (63, 62), (62, 64), (64, 59), (59, 50), (50, 46), (46, 65), (65, 68), (68, 66), (66, 67), (67, 56), (56, 78), (78, 77), (77, 76), (75, 45), (45, 92), (92, 93), (93, 91), (91, 90), (90, 94), (94, 97), (97, 82), (82, 72), (72, 84), (84, 79), (79, 85), (85, 89), (89, 86), (86, 88), (88, 87), (87, 2), (2, 1)]","[(1, 0.0), (101, 0.0), (96, 1005.0), (100, 2010.0), (99, 3010.0), (98, 4010.0), (3, 5019.0), (44, 6023.0), (43, 7028.0), (42, 9036.0), (41, 10044.0), (40, 11049.0), (4, 12055.0), (39, 13063.0), (38, 14068.0), (37, 15070.0), (36, 16077.0), (35, 18085.0), (5, 19089.0), (6, 20097.0), (12, 21097.0), (11, 22106.0), (10, 23114.0), (9, 24116.0), (8, 25121.0), (13, 27126.0), (16, 28133.0), (15, 30144.0), (14, 31146.0), (32, 32147.0), (31, 33152.0), (22, 34161.0), (21, 35169.0), (23, 37174.0), (20, 38178.0), (19, 39178.0), (27, 40183.0), (26, 42186.0), (25, 43188.0), (24, 44191.0), (30, 45196.0), (29, 47204.0), (28, 48213.0), (53, 49219.0), (54, 50225.0), (55, 51228.0), (51, 52228.0), (62, 54235.0), (60, 56253.0), (61, 57259.0), (59, 58264.0), (58, 60275.0), (57, 61278.0), (48, 62278.0), (46, 63282.0), (47, 65293.0), (68, 66297.0), (67, 68303.0), (69, 70310.0), (70, 71314.0), (71, 72318.0), (74, 73325.0), (78, 74330.0), (76, 76344.0), (75, 78359.0), (73, 79365.0), (92, 80372.0), (91, 82388.0), (94, 84404.0), (82, 86419.0), (81, 88430.0), (80, 89435.0), (83, 90441.0), (84, 91450.0), (85, 93457.0), (86, 95463.0), (87, 97466.0), (1, 99466.0)]"
SA,100,8,bench_100_2,ok,-36969.708,,1201.5534,100,76,24,24,82254.0,119223.708,1639.941,100468.0,227504.0,100468.0,29832883,1201.5533,79,"[91, 73, 92, 93, 95, 96, 99, 98, 3, 42, 43, 44, 40, 39, 38, 36, 35, 5, 34, 33, 57, 58, 50, 32, 15, 14, 7, 6, 12, 11, 10, 9, 8, 13, 16, 22, 21, 20, 19, 26, 25, 24, 30, 29, 28, 53, 54, 55, 51, 62, 61, 59, 60, 63, 64, 65, 66, 68, 67, 69, 47, 46, 71, 72, 74, 75, 76, 78, 79, 80, 81, 82, 90, 86, 87, 88, 101, 4, 49, 41, 31, 37, 97, 18, 17, 27, 23, 52, 56, 2, 45, 70, 48, 77, 84, 83, 85, 94, 89, 100]","[91, 73, 92, 93, 95, 96, 99, 98, 3, 42, 43, 44, 40, 39, 38, 36, 35, 5, 34, 33, 57, 58, 50, 32, 15, 14, 7, 6, 12, 11, 10, 9, 8, 13, 16, 22, 21, 20, 19, 26, 25, 24, 30, 29, 28, 53, 54, 55, 51, 62, 61, 59, 60, 63, 64, 65, 66, 68, 67, 69, 47, 46, 71, 72, 74, 75, 76, 78, 79, 80, 81, 82, 90, 86, 87, 88]","[101, 4, 49, 41, 31, 37, 97, 18, 17, 27, 23, 52, 56, 2, 45, 70, 48, 77, 84, 83, 85, 94, 89, 100]","[92, 98, 38, 5, 57, 32, 22, 20, 24, 28, 55, 51, 61, 47, 71, 72, 75, 78, 79, 80, 90, 86, 88, 1]","[1, 91, 73, 92, 93, 95, 96, 99, 98, 3, 42, 43, 44, 40, 39, 38, 36, 35, 5, 34, 33, 57, 58, 50, 32, 15, 14, 7, 6, 12, 11, 10, 9, 8, 13, 16, 22, 21, 20, 19, 26, 25, 24, 30, 29, 28, 53, 54, 55, 51, 62, 61, 59, 60, 63, 64, 65, 66, 68, 67, 69, 47, 46, 71, 72, 74, 75, 76, 78, 79, 80, 81, 82, 90, 86, 87, 88, 1]","[(1, 101), (101, 92), (92, 4), (4, 98), (3, 49), (49, 38), (38, 41), (41, 5), (34, 31), (31, 57), (58, 37), (37, 32), (32, 97), (97, 22), (22, 18), (18, 20), (20, 17), (17, 24), (24, 27), (27, 28), (28, 23), (23, 55), (55, 52), (52, 51), (51, 56), (56, 61), (59, 2), (2, 47), (47, 45), (45, 71), (71, 70), (70, 72), (72, 48), (48, 75), (75, 77), (77, 78), (78, 84), (84, 79), (79, 83), (83, 80), (80, 85), (85, 90), (90, 94), (94, 86), (86, 89), (89, 88), (88, 100), (100, 1)]","[(1, 0.0), (91, 0.0), (73, 1009.0), (92, 2016.0), (93, 4028.0), (95, 5035.0), (96, 6036.0), (99, 7041.0), (98, 8041.0), (3, 10058.0), (42, 11062.0), (43, 12070.0), (44, 13077.0), (40, 14082.0), (39, 15088.0), (38, 16093.0), (36, 18100.0), (35, 19103.0), (5, 20107.0), (34, 22120.0), (33, 23125.0), (57, 24128.0), (58, 26137.0), (50, 27140.0), (32, 28147.0), (15, 30159.0), (14, 31161.0), (7, 32162.0), (6, 33166.0), (12, 34166.0), (11, 35175.0), (10, 36183.0), (9, 37185.0), (8, 38190.0), (13, 39192.0), (16, 40199.0), (22, 41203.0), (21, 43217.0), (20, 44218.0), (19, 46225.0), (26, 47230.0), (25, 48232.0), (24, 49235.0), (30, 51241.0), (29, 52241.0), (28, 53250.0), (53, 55258.0), (54, 56264.0), (55, 57267.0), (51, 59271.0), (62, 61281.0), (61, 62290.0), (59, 64303.0), (60, 65307.0), (63, 66313.0), (64, 67322.0), (65, 68329.0), (66, 69333.0), (68, 70336.0), (67, 71338.0), (69, 72342.0), (47, 73346.0), (46, 75352.0), (71, 76356.0), (72, 78372.0), (74, 80379.0), (75, 81384.0), (76, 83394.0), (78, 84403.0), (79, 86415.0), (80, 88419.0), (81, 90434.0), (82, 91439.0), (90, 92444.0), (86, 94456.0), (87, 96467.0), (88, 97467.0), (1, 99468.0)]"
SA,100,0,bench_100_3,ok,-39419.0798,,1200.5299,99,73,26,26,83031.0,122450.0798,1684.3202,99471.0,227504.0,100475.0,28802985,1200.5298,76,"[2, 3, 4, 98, 97, 10, 9, 11, 12, 46, 14, 16, 15, 20, 22, 23, 24, 25, 26, 27, 28, 29, 41, 30, 39, 31, 32, 36, 35, 34, 63, 37, 38, 64, 65, 61, 62, 70, 69, 68, 67, 66, 56, 59, 43, 57, 47, 48, 7, 6, 49, 96, 95, 52, 51, 54, 53, 73, 79, 78, 77, 81, 82, 83, 84, 86, 88, 90, 91, 92, 89, 99, 100, 5, 74, 13, 21, 18, 44, 42, 33, 55, 60, 40, 58, 19, 8, 45, 50, 94, 71, 80, 72, 85, 101, 76, 93, 75, 87]","[2, 3, 4, 98, 97, 10, 9, 11, 12, 46, 14, 16, 15, 20, 22, 23, 24, 25, 26, 27, 28, 29, 41, 30, 39, 31, 32, 36, 35, 34, 63, 37, 38, 64, 65, 61, 62, 70, 69, 68, 67, 66, 56, 59, 43, 57, 47, 48, 7, 6, 49, 96, 95, 52, 51, 54, 53, 73, 79, 78, 77, 81, 82, 83, 84, 86, 88, 90, 91, 92, 89, 99, 100]","[5, 74, 13, 21, 18, 44, 42, 33, 55, 60, 40, 58, 19, 8, 45, 50, 94, 71, 80, 72, 85, 101, 76, 93, 75, 87]","[4, 46, 17, 20, 23, 29, 30, 34, 61, 70, 56, 59, 48, 6, 95, 54, 73, 77, 81, 84, 86, 91, 92, 89, 100, 1]","[1, 2, 3, 4, 98, 97, 10, 9, 11, 12, 46, 14, 16, 15, 17, 20, 22, 23, 24, 25, 26, 27, 28, 29, 41, 30, 39, 31, 32, 36, 35, 34, 63, 37, 38, 64, 65, 61, 62, 70, 69, 68, 67, 66, 56, 59, 43, 57, 47, 48, 7, 6, 49, 96, 95, 52, 51, 54, 53, 73, 79, 78, 77, 81, 82, 83, 84, 86, 88, 90, 91, 92, 89, 99, 100, 1]","[(1, 5), (5, 4), (4, 74), (74, 46), (46, 13), (13, 17), (17, 21), (21, 20), (20, 18), (18, 23), (23, 44), (44, 29), (29, 42), (42, 30), (30, 33), (33, 34), (34, 55), (55, 61), (61, 60), (60, 70), (70, 40), (40, 56), (56, 58), (58, 59), (59, 19), (19, 48), (48, 8), (8, 6), (6, 45), (45, 95), (95, 50), (50, 54), (54, 94), (94, 73), (73, 71), (71, 77), (77, 80), (80, 81), (81, 72), (72, 84), (84, 85), (85, 86), (86, 101), (101, 91), (91, 76), (76, 92), (92, 93), (93, 89), (89, 75), (75, 100), (100, 87), (87, 1)]","[(1, 0.0), (2, 0.0), (3, 1001.0), (4, 2003.0), (98, 4009.0), (97, 5009.0), (10, 6010.0), (9, 7017.0), (11, 8018.0), (12, 9020.0), (46, 10029.0), (14, 12039.0), (16, 13041.0), (15, 14041.0), (17, 15049.0), (20, 16058.0), (22, 18063.0), (23, 19072.0), (24, 21077.0), (25, 22084.0), (26, 23089.0), (27, 24091.0), (28, 25096.0), (29, 26097.0), (41, 28113.0), (30, 29121.0), (39, 31131.0), (31, 32133.0), (32, 33138.0), (36, 34143.0), (35, 35152.0), (34, 36156.0), (63, 38167.0), (37, 39173.0), (38, 40179.0), (64, 41186.0), (65, 42190.0), (61, 43198.0), (62, 45207.0), (70, 46209.0), (69, 48223.0), (68, 49229.0), (67, 50234.0), (66, 51243.0), (56, 52252.0), (59, 54259.0), (43, 56264.0), (57, 57267.0), (47, 58276.0), (48, 59285.0), (7, 61290.0), (6, 62294.0), (49, 64305.0), (96, 65313.0), (95, 66316.0), (52, 68325.0), (51, 69330.0), (54, 70339.0), (53, 72353.0), (73, 73357.0), (79, 75361.0), (78, 76364.0), (77, 77370.0), (81, 79381.0), (82, 81387.0), (83, 82393.0), (84, 83395.0), (86, 85399.0), (88, 87407.0), (90, 88414.0), (91, 89417.0), (92, 91426.0), (89, 93440.0), (99, 95451.0), (100, 96454.0), (1, 98463.0)]"
SA,100,2,bench_100_3,ok,-40721.1965,,1201.1004,99,70,29,29,83031.0,123752.1965,1702.231,99471.0,227504.0,100475.0,30421074,1201.1003,81,"[2, 3, 4, 97, 11, 12, 47, 57, 44, 45, 46, 14, 15, 18, 21, 20, 22, 23, 24, 25, 29, 28, 30, 42, 40, 39, 31, 32, 35, 63, 37, 38, 64, 65, 60, 61, 62, 70, 68, 67, 66, 56, 48, 8, 9, 10, 6, 49, 93, 94, 95, 50, 51, 55, 53, 73, 80, 79, 78, 77, 75, 76, 92, 91, 90, 88, 86, 87, 85, 101, 52, 16, 59, 43, 7, 19, 26, 33, 34, 41, 27, 36, 69, 58, 13, 5, 99, 96, 54, 71, 72, 81, 74, 89, 82, 84, 83, 98, 100]","[2, 3, 4, 97, 11, 12, 47, 57, 44, 45, 46, 14, 15, 18, 21, 20, 22, 23, 24, 25, 29, 28, 30, 42, 40, 39, 31, 32, 35, 63, 37, 38, 64, 65, 60, 61, 62, 70, 68, 67, 66, 56, 48, 8, 9, 10, 6, 49, 93, 94, 95, 50, 51, 55, 53, 73, 80, 79, 78, 77, 75, 76, 92, 91, 90, 88, 86, 87, 85, 101]","[52, 16, 59, 43, 7, 19, 26, 33, 34, 41, 27, 36, 69, 58, 13, 5, 99, 96, 54, 71, 72, 81, 74, 89, 82, 84, 83, 98, 100]","[97, 47, 44, 45, 21, 20, 24, 28, 40, 35, 64, 60, 70, 66, 9, 49, 95, 50, 51, 73, 79, 77, 75, 92, 90, 86, 87, 101, 1]","[1, 2, 3, 4, 97, 11, 12, 47, 57, 44, 45, 46, 14, 15, 17, 18, 21, 20, 22, 23, 24, 25, 29, 28, 30, 42, 40, 39, 31, 32, 35, 63, 37, 38, 64, 65, 60, 61, 62, 70, 68, 67, 66, 56, 48, 8, 9, 10, 6, 49, 93, 94, 95, 50, 51, 55, 53, 73, 80, 79, 78, 77, 75, 76, 92, 91, 90, 88, 86, 87, 85, 101, 1]","[(1, 52), (52, 97), (97, 16), (16, 47), (57, 59), (59, 44), (44, 43), (43, 45), (46, 7), (7, 21), (21, 19), (19, 20), (22, 26), (26, 24), (24, 33), (33, 28), (28, 34), (34, 40), (40, 41), (41, 35), (35, 27), (27, 64), (64, 36), (36, 60), (60, 69), (69, 70), (70, 58), (58, 66), (66, 13), (13, 9), (10, 5), (5, 49), (49, 99), (99, 95), (95, 96), (96, 50), (50, 54), (54, 51), (51, 71), (71, 73), (73, 72), (72, 79), (79, 81), (81, 77), (77, 74), (74, 75), (75, 89), (89, 92), (92, 82), (82, 90), (88, 84), (84, 86), (86, 83), (83, 87), (87, 98), (98, 101), (101, 100), (100, 1)]","[(1, 0.0), (2, 0.0), (3, 1001.0), (4, 2003.0), (97, 3008.0), (11, 5014.0), (12, 6016.0), (47, 7025.0), (57, 9034.0), (44, 10043.0), (45, 12052.0), (46, 14061.0), (14, 15068.0), (15, 16070.0), (17, 17078.0), (18, 17078.0), (21, 18082.0), (20, 20087.0), (22, 22091.0), (23, 23100.0), (24, 24101.0), (25, 26110.0), (29, 27115.0), (28, 28123.0), (30, 30126.0), (42, 31130.0), (40, 32136.0), (39, 34151.0), (31, 35153.0), (32, 36158.0), (35, 37163.0), (63, 39175.0), (37, 40181.0), (38, 41187.0), (64, 42194.0), (65, 44203.0), (60, 45211.0), (61, 47225.0), (62, 48229.0), (70, 49231.0), (68, 51246.0), (67, 52251.0), (66, 53260.0), (56, 55273.0), (48, 56274.0), (8, 57279.0), (9, 58282.0), (10, 60292.0), (6, 61299.0), (49, 62307.0), (93, 64316.0), (94, 65322.0), (95, 66322.0), (50, 68328.0), (51, 70337.0), (55, 72354.0), (53, 73359.0), (73, 74363.0), (80, 76374.0), (79, 77380.0), (78, 79387.0), (77, 80393.0), (75, 82397.0), (76, 84404.0), (92, 85411.0), (91, 87423.0), (90, 88432.0), (88, 90441.0), (86, 91448.0), (87, 93456.0), (85, 95466.0), (101, 96466.0), (1, 98466.0)]"
SA,100,4,bench_100_3,ok,-38852.0143,,1200.6905,98,69,29,29,82528.0,121380.0143,1669.6013,98464.0,227504.0,100475.0,30208489,1200.6904,80,"[99, 98, 4, 5, 97, 9, 6, 7, 8, 11, 12, 47, 46, 13, 14, 16, 15, 20, 22, 23, 24, 25, 26, 27, 32, 36, 35, 34, 63, 37, 38, 39, 30, 28, 41, 42, 21, 43, 59, 58, 56, 66, 60, 61, 62, 70, 68, 67, 55, 54, 51, 50, 96, 95, 74, 79, 80, 78, 77, 75, 76, 92, 91, 90, 88, 86, 84, 85, 101, 3, 2, 48, 49, 57, 45, 19, 64, 33, 40, 65, 29, 18, 69, 71, 31, 44, 52, 93, 94, 72, 73, 53, 81, 89, 82, 83, 87, 100]","[99, 98, 4, 5, 97, 9, 6, 7, 8, 11, 12, 47, 46, 13, 14, 16, 15, 20, 22, 23, 24, 25, 26, 27, 32, 36, 35, 34, 63, 37, 38, 39, 30, 28, 41, 42, 21, 43, 59, 58, 56, 66, 60, 61, 62, 70, 68, 67, 55, 54, 51, 50, 96, 95, 74, 79, 80, 78, 77, 75, 76, 92, 91, 90, 88, 86, 84, 85, 101]","[3, 2, 48, 49, 57, 45, 19, 64, 33, 40, 65, 29, 18, 69, 71, 31, 44, 52, 93, 94, 72, 73, 53, 81, 89, 82, 83, 87, 100]","[4, 10, 8, 12, 13, 22, 27, 35, 37, 39, 42, 21, 59, 66, 61, 68, 55, 54, 96, 95, 74, 80, 92, 90, 88, 84, 85, 101, 1]","[1, 99, 98, 4, 5, 97, 10, 9, 6, 7, 8, 11, 12, 47, 46, 13, 14, 16, 15, 17, 20, 22, 23, 24, 25, 26, 27, 32, 36, 35, 34, 63, 37, 38, 39, 30, 28, 41, 42, 21, 43, 59, 58, 56, 66, 60, 61, 62, 70, 68, 67, 55, 54, 51, 50, 96, 95, 74, 79, 80, 78, 77, 75, 76, 92, 91, 90, 88, 86, 84, 85, 101, 1]","[(98, 3), (3, 4), (4, 2), (2, 10), (10, 48), (48, 8), (8, 49), (49, 12), (12, 57), (57, 13), (13, 45), (45, 22), (23, 19), (19, 27), (27, 64), (64, 35), (35, 33), (33, 37), (38, 40), (40, 39), (39, 65), (65, 42), (42, 29), (29, 21), (21, 18), (18, 59), (59, 69), (69, 66), (66, 71), (71, 61), (61, 31), (31, 68), (68, 44), (44, 55), (55, 52), (52, 54), (54, 93), (93, 96), (96, 94), (94, 95), (95, 72), (72, 74), (74, 73), (73, 80), (78, 53), (53, 92), (92, 81), (81, 90), (90, 89), (89, 88), (88, 82), (82, 84), (84, 83), (83, 85), (85, 87), (87, 101), (101, 100), (100, 1)]","[(1, 0.0), (99, 0.0), (98, 1003.0), (4, 2003.0), (5, 4010.0), (97, 5011.0), (10, 6012.0), (9, 7013.0), (6, 8014.0), (7, 9022.0), (8, 10026.0), (11, 12034.0), (12, 13036.0), (47, 15053.0), (46, 16062.0), (13, 17069.0), (14, 19087.0), (16, 20089.0), (15, 21089.0), (17, 22097.0), (20, 22097.0), (22, 23101.0), (23, 25116.0), (24, 26117.0), (25, 27124.0), (26, 28129.0), (27, 29131.0), (32, 31136.0), (36, 32141.0), (35, 33150.0), (34, 35158.0), (63, 36167.0), (37, 37173.0), (38, 39181.0), (39, 40188.0), (30, 42196.0), (28, 43200.0), (41, 44201.0), (42, 45209.0), (21, 47223.0), (43, 49232.0), (59, 50235.0), (58, 52240.0), (56, 53244.0), (66, 54245.0), (60, 56260.0), (61, 57265.0), (62, 59276.0), (70, 60278.0), (68, 61287.0), (67, 63297.0), (55, 64306.0), (54, 66319.0), (51, 68332.0), (50, 69341.0), (96, 70347.0), (95, 72356.0), (74, 74359.0), (79, 76366.0), (80, 77369.0), (78, 79379.0), (77, 80385.0), (75, 81389.0), (76, 82393.0), (92, 83400.0), (91, 85411.0), (90, 86420.0), (88, 88423.0), (86, 90435.0), (84, 91443.0), (85, 93449.0), (101, 95451.0), (1, 97459.0)]"
SA,100,6,bench_100_3,ok,-39166.6042,,1201.2897,98,73,25,25,82528.0,121694.6042,1673.9285,98464.0,227504.0,100475.0,29460160,1201.2897,78,"[2, 3, 4, 5, 9, 11, 12, 13, 14, 15, 18, 21, 19, 20, 22, 29, 41, 30, 28, 25, 26, 27, 39, 31, 32, 36, 35, 34, 63, 37, 64, 65, 60, 61, 62, 70, 71, 69, 68, 67, 66, 59, 43, 44, 45, 57, 47, 8, 7, 6, 93, 94, 95, 52, 51, 54, 53, 73, 79, 78, 77, 75, 76, 92, 91, 89, 90, 88, 87, 85, 99, 100, 101, 98, 58, 16, 23, 38, 24, 42, 33, 72, 40, 56, 46, 48, 97, 74, 55, 96, 81, 80, 50, 49, 84, 86, 83, 82]","[2, 3, 4, 5, 9, 11, 12, 13, 14, 15, 18, 21, 19, 20, 22, 29, 41, 30, 28, 25, 26, 27, 39, 31, 32, 36, 35, 34, 63, 37, 64, 65, 60, 61, 62, 70, 71, 69, 68, 67, 66, 59, 43, 44, 45, 57, 47, 8, 7, 6, 93, 94, 95, 52, 51, 54, 53, 73, 79, 78, 77, 75, 76, 92, 91, 89, 90, 88, 87, 85, 99, 100, 101]","[98, 58, 16, 23, 38, 24, 42, 33, 72, 40, 56, 46, 48, 97, 74, 55, 96, 81, 80, 50, 49, 84, 86, 83, 82]","[3, 18, 19, 22, 28, 25, 31, 34, 61, 67, 44, 57, 8, 93, 51, 54, 73, 79, 78, 92, 88, 87, 85, 99, 1]","[1, 2, 3, 4, 5, 10, 9, 11, 12, 13, 14, 15, 17, 18, 21, 19, 20, 22, 29, 41, 30, 28, 25, 26, 27, 39, 31, 32, 36, 35, 34, 63, 37, 64, 65, 60, 61, 62, 70, 71, 69, 68, 67, 66, 59, 43, 44, 45, 57, 47, 8, 7, 6, 93, 94, 95, 52, 51, 54, 53, 73, 79, 78, 77, 75, 76, 92, 91, 89, 90, 88, 87, 85, 99, 100, 101, 1]","[(1, 98), (98, 3), (11, 58), (58, 18), (18, 16), (16, 19), (19, 23), (23, 22), (22, 38), (38, 28), (28, 24), (24, 25), (26, 42), (42, 31), (31, 33), (33, 34), (34, 72), (72, 61), (62, 40), (40, 67), (67, 56), (56, 44), (45, 46), (46, 57), (57, 48), (48, 8), (8, 97), (97, 93), (93, 74), (74, 51), (51, 55), (55, 54), (54, 96), (96, 73), (73, 81), (81, 79), (79, 80), (80, 78), (78, 50), (50, 92), (92, 49), (49, 88), (88, 84), (84, 87), (87, 86), (86, 85), (85, 83), (83, 99), (99, 82), (82, 1)]","[(1, 0.0), (2, 0.0), (3, 1001.0), (4, 3003.0), (5, 4008.0), (10, 5009.0), (9, 5009.0), (11, 6010.0), (12, 7012.0), (13, 8021.0), (14, 9030.0), (15, 10032.0), (17, 11040.0), (18, 11040.0), (21, 13048.0), (19, 14049.0), (20, 16049.0), (22, 17053.0), (29, 19063.0), (41, 20071.0), (30, 21079.0), (28, 22083.0), (25, 24091.0), (26, 26103.0), (27, 27105.0), (39, 28110.0), (31, 29112.0), (32, 31123.0), (36, 32128.0), (35, 33137.0), (34, 34141.0), (63, 36152.0), (37, 37158.0), (64, 38164.0), (65, 39168.0), (60, 40176.0), (61, 41181.0), (62, 43189.0), (70, 44191.0), (71, 45200.0), (69, 46207.0), (68, 47213.0), (67, 48218.0), (66, 50233.0), (59, 51242.0), (43, 52243.0), (44, 53246.0), (45, 55255.0), (57, 56261.0), (47, 58277.0), (8, 59286.0), (7, 61294.0), (6, 62298.0), (93, 63306.0), (94, 65313.0), (95, 66313.0), (52, 67316.0), (51, 68321.0), (54, 70333.0), (53, 72346.0), (73, 73350.0), (79, 75357.0), (78, 77360.0), (77, 79372.0), (75, 80376.0), (76, 81380.0), (92, 82387.0), (91, 84400.0), (89, 85409.0), (90, 86414.0), (88, 87417.0), (87, 89432.0), (85, 91440.0), (99, 93448.0), (100, 95453.0), (101, 96458.0), (1, 97458.0)]"
SA,100,8,bench_100_3,ok,-39476.712,,1200.9743,100,74,26,26,83418.0,122894.712,1690.4362,100475.0,227504.0,100475.0,30260795,1200.9742,80,"[2, 3, 4, 97, 49, 6, 7, 8, 11, 47, 57, 58, 43, 44, 45, 46, 14, 16, 15, 17, 19, 20, 22, 23, 24, 25, 28, 30, 41, 40, 39, 31, 32, 36, 35, 34, 63, 37, 64, 65, 60, 61, 62, 70, 68, 67, 66, 52, 95, 94, 93, 96, 50, 51, 54, 53, 73, 74, 76, 77, 79, 78, 75, 92, 91, 89, 90, 88, 87, 83, 84, 86, 100, 101, 5, 48, 10, 59, 12, 13, 18, 26, 29, 42, 38, 27, 33, 21, 56, 69, 9, 55, 98, 71, 80, 72, 82, 81, 85, 99]","[2, 3, 4, 97, 49, 6, 7, 8, 11, 47, 57, 58, 43, 44, 45, 46, 14, 16, 15, 17, 19, 20, 22, 23, 24, 25, 28, 30, 41, 40, 39, 31, 32, 36, 35, 34, 63, 37, 64, 65, 60, 61, 62, 70, 68, 67, 66, 52, 95, 94, 93, 96, 50, 51, 54, 53, 73, 74, 76, 77, 79, 78, 75, 92, 91, 89, 90, 88, 87, 83, 84, 86, 100, 101]","[5, 48, 10, 59, 12, 13, 18, 26, 29, 42, 38, 27, 33, 21, 56, 69, 9, 55, 98, 71, 80, 72, 82, 81, 85, 99]","[3, 11, 57, 43, 14, 16, 24, 28, 41, 40, 31, 63, 61, 67, 66, 52, 50, 54, 76, 78, 92, 87, 84, 100, 101, 1]","[1, 2, 3, 4, 97, 49, 6, 7, 8, 11, 47, 57, 58, 43, 44, 45, 46, 14, 16, 15, 17, 19, 20, 22, 23, 24, 25, 28, 30, 41, 40, 39, 31, 32, 36, 35, 34, 63, 37, 64, 65, 60, 61, 62, 70, 68, 67, 66, 52, 95, 94, 93, 96, 50, 51, 54, 53, 73, 74, 76, 77, 79, 78, 75, 92, 91, 89, 90, 88, 87, 83, 84, 86, 100, 101, 1]","[(1, 5), (5, 3), (8, 48), (48, 11), (11, 10), (10, 57), (58, 59), (59, 43), (44, 12), (12, 14), (14, 13), (13, 16), (16, 18), (18, 24), (25, 26), (26, 28), (28, 29), (29, 41), (41, 42), (42, 40), (40, 38), (38, 31), (32, 27), (27, 63), (63, 33), (33, 61), (61, 21), (21, 67), (67, 56), (56, 66), (66, 69), (69, 52), (52, 9), (9, 50), (51, 55), (55, 54), (54, 98), (98, 76), (76, 71), (71, 78), (78, 80), (80, 92), (92, 72), (72, 87), (87, 82), (82, 84), (84, 81), (81, 100), (100, 85), (85, 101), (101, 99), (99, 1)]","[(1, 0.0), (2, 0.0), (3, 1001.0), (4, 3004.0), (97, 4009.0), (49, 5010.0), (6, 6018.0), (7, 7026.0), (8, 8030.0), (11, 9033.0), (47, 11040.0), (57, 12049.0), (58, 14065.0), (43, 15069.0), (44, 17073.0), (45, 18081.0), (46, 19087.0), (14, 20094.0), (16, 22105.0), (15, 24114.0), (17, 25122.0), (19, 26126.0), (20, 27126.0), (22, 28130.0), (23, 29139.0), (24, 30140.0), (25, 32151.0), (28, 33156.0), (30, 35159.0), (41, 36163.0), (40, 38179.0), (39, 40191.0), (31, 41193.0), (32, 43205.0), (36, 44210.0), (35, 45219.0), (34, 46223.0), (63, 47232.0), (37, 49243.0), (64, 50249.0), (65, 51253.0), (60, 52261.0), (61, 53266.0), (62, 55272.0), (70, 56274.0), (68, 57283.0), (67, 58288.0), (66, 60298.0), (52, 62308.0), (95, 64319.0), (94, 65322.0), (93, 66322.0), (96, 67328.0), (50, 68331.0), (51, 70338.0), (54, 71347.0), (53, 73360.0), (73, 74364.0), (74, 75368.0), (76, 76371.0), (77, 78378.0), (79, 79382.0), (78, 80385.0), (75, 82398.0), (92, 83402.0), (91, 85415.0), (89, 86424.0), (90, 87429.0), (88, 88432.0), (87, 89439.0), (83, 91451.0), (84, 92453.0), (86, 94459.0), (100, 95467.0), (101, 97472.0), (1, 99472.0)]"
SA,100,0,bench_100_4,ok,-40443.0624,,1200.352,99,73,26,26,83690.0,124133.0624,1707.4699,99457.0,227504.0,100464.0,30131268,297.9151,80,"[96, 95, 94, 97, 54, 53, 52, 5, 4, 6, 51, 50, 62, 47, 48, 49, 21, 13, 11, 10, 15, 14, 18, 19, 20, 46, 45, 44, 41, 42, 33, 31, 32, 22, 24, 25, 26, 27, 30, 29, 35, 34, 40, 39, 68, 69, 64, 65, 66, 73, 74, 72, 71, 70, 60, 55, 59, 56, 57, 58, 77, 79, 78, 80, 82, 81, 84, 83, 87, 90, 91, 92, 101, 99, 100, 3, 7, 63, 23, 9, 17, 16, 37, 36, 28, 43, 67, 38, 61, 75, 98, 12, 85, 86, 89, 76, 93, 88, 2]","[96, 95, 94, 97, 54, 53, 52, 5, 4, 6, 51, 50, 62, 47, 48, 49, 21, 13, 11, 10, 15, 14, 18, 19, 20, 46, 45, 44, 41, 42, 33, 31, 32, 22, 24, 25, 26, 27, 30, 29, 35, 34, 40, 39, 68, 69, 64, 65, 66, 73, 74, 72, 71, 70, 60, 55, 59, 56, 57, 58, 77, 79, 78, 80, 82, 81, 84, 83, 87, 90, 91, 92, 101]","[99, 100, 3, 7, 63, 23, 9, 17, 16, 37, 36, 28, 43, 67, 38, 61, 75, 98, 12, 85, 86, 89, 76, 93, 88, 2]","[96, 54, 5, 62, 47, 21, 11, 14, 20, 33, 24, 26, 35, 68, 65, 72, 71, 59, 82, 84, 83, 87, 91, 92, 101, 1]","[1, 96, 95, 94, 97, 54, 53, 52, 5, 4, 8, 6, 51, 50, 62, 47, 48, 49, 21, 13, 11, 10, 15, 14, 18, 19, 20, 46, 45, 44, 41, 42, 33, 31, 32, 22, 24, 25, 26, 27, 30, 29, 35, 34, 40, 39, 68, 69, 64, 65, 66, 73, 74, 72, 71, 70, 60, 55, 59, 56, 57, 58, 77, 79, 78, 80, 82, 81, 84, 83, 87, 90, 91, 92, 101, 1]","[(1, 99), (99, 96), (95, 100), (100, 54), (54, 3), (3, 5), (8, 7), (7, 62), (62, 63), (63, 47), (47, 23), (23, 21), (21, 9), (9, 11), (10, 17), (17, 14), (18, 16), (16, 20), (20, 37), (37, 33), (31, 36), (36, 24), (24, 28), (28, 26), (27, 43), (43, 35), (35, 67), (67, 68), (68, 38), (38, 65), (65, 61), (61, 72), (72, 75), (75, 71), (71, 98), (98, 59), (59, 12), (12, 82), (82, 85), (85, 84), (84, 86), (86, 83), (83, 89), (89, 87), (87, 76), (76, 91), (91, 93), (93, 92), (92, 88), (88, 101), (101, 2), (2, 1)]","[(1, 0.0), (96, 0.0), (95, 2016.0), (94, 3020.0), (97, 4027.0), (54, 5029.0), (53, 7041.0), (52, 8043.0), (5, 9051.0), (4, 11065.0), (8, 12066.0), (6, 12066.0), (51, 13069.0), (50, 14075.0), (62, 15080.0), (47, 17088.0), (48, 19092.0), (49, 20095.0), (21, 21101.0), (13, 23111.0), (11, 24119.0), (10, 26124.0), (15, 27124.0), (14, 28130.0), (18, 30146.0), (19, 31151.0), (20, 32158.0), (46, 34167.0), (45, 35169.0), (44, 36175.0), (41, 37182.0), (42, 38188.0), (33, 39193.0), (31, 41199.0), (32, 42206.0), (22, 43212.0), (24, 44216.0), (25, 46228.0), (26, 47235.0), (27, 49242.0), (30, 50244.0), (29, 51244.0), (35, 52245.0), (34, 54258.0), (40, 55266.0), (39, 56266.0), (68, 57273.0), (69, 59279.0), (64, 60287.0), (65, 61292.0), (66, 63304.0), (73, 64308.0), (74, 65317.0), (72, 66326.0), (71, 68334.0), (70, 70339.0), (60, 71339.0), (55, 72346.0), (59, 73352.0), (56, 75360.0), (57, 76362.0), (58, 77362.0), (77, 78368.0), (79, 79371.0), (78, 80378.0), (80, 81382.0), (82, 82384.0), (81, 84394.0), (84, 85399.0), (83, 87406.0), (87, 89415.0), (90, 91420.0), (91, 92428.0), (92, 94436.0), (101, 96448.0), (1, 98451.0)]"
SA,100,2,bench_100_4,ok,-43547.9237,,1200.7896,99,76,23,23,83644.0,127191.9237,1749.545,99464.0,227504.0,100464.0,30376212,1200.7895,81,"[3, 4, 7, 9, 10, 11, 15, 16, 17, 18, 14, 13, 19, 20, 12, 21, 46, 32, 45, 43, 42, 33, 24, 25, 26, 27, 30, 34, 29, 36, 68, 69, 64, 65, 66, 73, 74, 72, 71, 70, 60, 61, 63, 47, 48, 62, 50, 6, 51, 52, 53, 54, 55, 59, 56, 57, 76, 77, 79, 78, 80, 81, 84, 83, 87, 89, 88, 91, 92, 93, 96, 94, 97, 100, 2, 101, 86, 41, 44, 31, 40, 23, 37, 35, 39, 38, 28, 22, 49, 67, 8, 75, 58, 82, 5, 90, 95, 85, 99]","[3, 4, 7, 9, 10, 11, 15, 16, 17, 18, 14, 13, 19, 20, 12, 21, 46, 32, 45, 43, 42, 33, 24, 25, 26, 27, 30, 34, 29, 36, 68, 69, 64, 65, 66, 73, 74, 72, 71, 70, 60, 61, 63, 47, 48, 62, 50, 6, 51, 52, 53, 54, 55, 59, 56, 57, 76, 77, 79, 78, 80, 81, 84, 83, 87, 89, 88, 91, 92, 93, 96, 94, 97, 100, 2, 101]","[86, 41, 44, 31, 40, 23, 37, 35, 39, 38, 28, 22, 49, 67, 8, 75, 58, 82, 5, 90, 95, 85, 99]","[17, 21, 32, 45, 33, 24, 30, 36, 68, 65, 70, 63, 48, 53, 57, 78, 81, 83, 92, 96, 94, 2, 1]","[1, 98, 3, 4, 7, 9, 10, 11, 15, 16, 17, 18, 14, 13, 19, 20, 12, 21, 46, 32, 45, 43, 42, 33, 24, 25, 26, 27, 30, 34, 29, 36, 68, 69, 64, 65, 66, 73, 74, 72, 71, 70, 60, 61, 63, 47, 48, 62, 50, 6, 51, 52, 53, 54, 55, 59, 56, 57, 76, 77, 79, 78, 80, 81, 84, 83, 87, 89, 88, 91, 92, 93, 96, 94, 97, 100, 2, 101, 1]","[(1, 86), (86, 17), (17, 41), (41, 21), (21, 44), (44, 32), (32, 31), (31, 45), (43, 40), (40, 33), (33, 23), (23, 24), (25, 37), (37, 30), (34, 35), (35, 36), (36, 39), (39, 68), (68, 38), (38, 65), (66, 28), (28, 70), (70, 22), (22, 63), (47, 49), (49, 48), (48, 67), (67, 53), (53, 8), (8, 57), (76, 75), (75, 78), (78, 58), (58, 81), (81, 82), (82, 83), (83, 5), (5, 92), (92, 90), (90, 96), (96, 95), (95, 94), (94, 85), (85, 2), (2, 99), (99, 1)]","[(1, 0.0), (98, 0.0), (3, 0.0), (4, 1005.0), (7, 2006.0), (9, 3011.0), (10, 4014.0), (11, 5014.0), (15, 6016.0), (16, 7022.0), (17, 8031.0), (18, 10038.0), (14, 11043.0), (13, 12052.0), (19, 13060.0), (20, 14067.0), (12, 15067.0), (21, 16071.0), (46, 18078.0), (32, 19080.0), (45, 21093.0), (43, 23106.0), (42, 24114.0), (33, 25119.0), (24, 27123.0), (25, 29139.0), (26, 30146.0), (27, 31153.0), (30, 32155.0), (34, 34157.0), (29, 35165.0), (36, 36166.0), (68, 38176.0), (69, 40187.0), (64, 41195.0), (65, 42200.0), (66, 44212.0), (73, 45216.0), (74, 46225.0), (72, 47234.0), (71, 48240.0), (70, 49243.0), (60, 51243.0), (61, 52250.0), (63, 53252.0), (47, 55257.0), (48, 56260.0), (62, 58269.0), (50, 59272.0), (6, 60277.0), (51, 61280.0), (52, 62286.0), (53, 63294.0), (54, 65298.0), (55, 66305.0), (59, 67311.0), (56, 68319.0), (57, 69321.0), (76, 71328.0), (77, 72335.0), (79, 73338.0), (78, 74345.0), (80, 76351.0), (81, 77353.0), (84, 79364.0), (83, 80367.0), (87, 82382.0), (89, 83383.0), (88, 84387.0), (91, 85390.0), (92, 86391.0), (93, 88407.0), (96, 89412.0), (94, 91429.0), (97, 93440.0), (100, 94442.0), (2, 95447.0), (101, 97457.0), (1, 98457.0)]"
SA,100,4,bench_100_4,ok,-38962.6872,,1201.2893,99,70,29,29,83690.0,122652.6872,1687.1071,99457.0,227504.0,100464.0,29516935,1201.2893,78,"[99, 3, 4, 7, 6, 50, 47, 63, 70, 71, 72, 74, 73, 66, 65, 64, 69, 39, 40, 34, 35, 30, 29, 36, 28, 26, 25, 31, 22, 32, 43, 44, 45, 46, 21, 12, 11, 13, 14, 15, 16, 17, 18, 49, 48, 62, 52, 53, 54, 55, 59, 56, 57, 76, 77, 79, 78, 80, 82, 83, 85, 86, 89, 90, 92, 93, 96, 97, 100, 2, 5, 37, 67, 68, 33, 20, 27, 24, 23, 42, 41, 38, 19, 10, 9, 61, 60, 58, 51, 75, 81, 84, 91, 88, 87, 95, 94, 98, 101]","[99, 3, 4, 7, 6, 50, 47, 63, 70, 71, 72, 74, 73, 66, 65, 64, 69, 39, 40, 34, 35, 30, 29, 36, 28, 26, 25, 31, 22, 32, 43, 44, 45, 46, 21, 12, 11, 13, 14, 15, 16, 17, 18, 49, 48, 62, 52, 53, 54, 55, 59, 56, 57, 76, 77, 79, 78, 80, 82, 83, 85, 86, 89, 90, 92, 93, 96, 97, 100, 2]","[5, 37, 67, 68, 33, 20, 27, 24, 23, 42, 41, 38, 19, 10, 9, 61, 60, 58, 51, 75, 81, 84, 91, 88, 87, 95, 94, 98, 101]","[50, 72, 65, 39, 34, 28, 26, 25, 22, 43, 44, 11, 13, 18, 49, 53, 56, 57, 79, 82, 83, 86, 89, 90, 93, 96, 97, 2, 1]","[1, 99, 3, 4, 8, 7, 6, 50, 47, 63, 70, 71, 72, 74, 73, 66, 65, 64, 69, 39, 40, 34, 35, 30, 29, 36, 28, 26, 25, 31, 22, 32, 43, 44, 45, 46, 21, 12, 11, 13, 14, 15, 16, 17, 18, 49, 48, 62, 52, 53, 54, 55, 59, 56, 57, 76, 77, 79, 78, 80, 82, 83, 85, 86, 89, 90, 92, 93, 96, 97, 100, 2, 1]","[(4, 5), (5, 50), (50, 37), (37, 72), (72, 67), (67, 65), (65, 68), (68, 39), (39, 33), (33, 34), (34, 20), (20, 28), (28, 27), (27, 26), (26, 24), (24, 25), (25, 23), (23, 22), (22, 42), (42, 43), (43, 41), (41, 44), (44, 38), (38, 11), (11, 19), (19, 13), (15, 10), (10, 18), (18, 9), (9, 49), (48, 61), (61, 53), (54, 60), (60, 56), (56, 58), (58, 57), (57, 51), (51, 79), (79, 75), (75, 82), (82, 81), (81, 83), (83, 84), (84, 86), (86, 91), (91, 89), (89, 88), (88, 90), (90, 87), (87, 93), (93, 95), (95, 96), (96, 94), (94, 97), (97, 98), (98, 2), (2, 101), (101, 1)]","[(1, 0.0), (99, 0.0), (3, 1007.0), (4, 2012.0), (8, 3013.0), (7, 3013.0), (6, 4018.0), (50, 5021.0), (47, 7035.0), (63, 8038.0), (70, 9039.0), (71, 10039.0), (72, 11042.0), (74, 13050.0), (73, 14059.0), (66, 15068.0), (65, 16072.0), (64, 18082.0), (69, 19087.0), (39, 20095.0), (40, 22106.0), (34, 23106.0), (35, 25118.0), (30, 26123.0), (29, 27123.0), (36, 28124.0), (28, 29129.0), (26, 31129.0), (25, 33138.0), (31, 35152.0), (22, 36159.0), (32, 38172.0), (43, 39178.0), (44, 41191.0), (45, 43204.0), (46, 44210.0), (21, 45212.0), (12, 46213.0), (11, 47217.0), (13, 49223.0), (14, 51238.0), (15, 52247.0), (16, 53253.0), (17, 54262.0), (18, 55269.0), (49, 57274.0), (48, 59283.0), (62, 60286.0), (52, 61289.0), (53, 62297.0), (54, 64301.0), (55, 65308.0), (59, 66314.0), (56, 67322.0), (57, 69331.0), (76, 71337.0), (77, 72344.0), (79, 73347.0), (78, 75360.0), (80, 76364.0), (82, 77366.0), (83, 79374.0), (85, 81388.0), (86, 82392.0), (89, 84395.0), (90, 86400.0), (92, 88411.0), (93, 89418.0), (96, 91424.0), (97, 93437.0), (100, 95446.0), (2, 96451.0), (1, 98457.0)]"
SA,100,6,bench_100_4,ok,-39615.8407,,1201.0874,100,70,30,30,84193.0,123808.8407,1703.0102,100464.0,227504.0,100464.0,29854451,1201.0873,79,"[93, 95, 79, 89, 88, 87, 86, 85, 83, 82, 80, 78, 77, 52, 53, 54, 55, 56, 59, 60, 70, 71, 72, 73, 66, 65, 68, 39, 43, 32, 22, 24, 25, 26, 28, 37, 36, 35, 34, 33, 42, 40, 41, 44, 45, 46, 21, 12, 20, 13, 19, 18, 17, 15, 11, 49, 48, 62, 50, 6, 7, 8, 5, 4, 3, 98, 99, 100, 2, 101, 76, 91, 90, 84, 81, 94, 57, 58, 75, 74, 64, 67, 29, 31, 47, 38, 27, 69, 23, 10, 16, 14, 30, 61, 9, 51, 63, 96, 97, 92]","[93, 95, 79, 89, 88, 87, 86, 85, 83, 82, 80, 78, 77, 52, 53, 54, 55, 56, 59, 60, 70, 71, 72, 73, 66, 65, 68, 39, 43, 32, 22, 24, 25, 26, 28, 37, 36, 35, 34, 33, 42, 40, 41, 44, 45, 46, 21, 12, 20, 13, 19, 18, 17, 15, 11, 49, 48, 62, 50, 6, 7, 8, 5, 4, 3, 98, 99, 100, 2, 101]","[76, 91, 90, 84, 81, 94, 57, 58, 75, 74, 64, 67, 29, 31, 47, 38, 27, 69, 23, 10, 16, 14, 30, 61, 9, 51, 63, 96, 97, 92]","[79, 89, 87, 85, 83, 77, 53, 56, 72, 73, 66, 39, 43, 22, 37, 35, 40, 12, 20, 18, 17, 15, 49, 48, 50, 6, 3, 99, 100, 1]","[1, 93, 95, 79, 89, 88, 87, 86, 85, 83, 82, 80, 78, 77, 52, 53, 54, 55, 56, 59, 60, 70, 71, 72, 73, 66, 65, 68, 39, 43, 32, 22, 24, 25, 26, 28, 37, 36, 35, 34, 33, 42, 40, 41, 44, 45, 46, 21, 12, 20, 13, 19, 18, 17, 15, 11, 49, 48, 62, 50, 6, 7, 8, 5, 4, 3, 98, 99, 100, 2, 101, 1]","[(1, 76), (76, 79), (79, 91), (91, 89), (89, 90), (90, 87), (87, 84), (84, 85), (85, 81), (81, 83), (83, 94), (94, 77), (77, 57), (57, 53), (54, 58), (58, 56), (56, 75), (75, 72), (72, 74), (74, 73), (73, 64), (64, 66), (65, 67), (67, 39), (39, 29), (29, 43), (43, 31), (31, 22), (22, 47), (47, 37), (36, 38), (38, 35), (35, 27), (27, 40), (40, 69), (69, 12), (12, 23), (23, 20), (20, 10), (10, 18), (18, 16), (16, 17), (17, 14), (14, 15), (15, 30), (30, 49), (49, 61), (61, 48), (48, 9), (9, 50), (50, 51), (51, 6), (6, 63), (63, 3), (3, 96), (96, 99), (99, 97), (97, 100), (100, 92), (92, 1)]","[(1, 0.0), (93, 0.0), (95, 1005.0), (79, 2009.0), (89, 4023.0), (88, 6028.0), (87, 7031.0), (86, 9040.0), (85, 10040.0), (83, 12047.0), (82, 14061.0), (80, 15067.0), (78, 16069.0), (77, 17073.0), (52, 19083.0), (53, 20091.0), (54, 22093.0), (55, 23100.0), (56, 24106.0), (59, 26114.0), (60, 27122.0), (70, 28129.0), (71, 29129.0), (72, 30132.0), (73, 32140.0), (66, 34158.0), (65, 36167.0), (68, 37175.0), (39, 38179.0), (43, 40188.0), (32, 42197.0), (22, 43203.0), (24, 45214.0), (25, 46221.0), (26, 47228.0), (28, 48235.0), (37, 49235.0), (36, 51240.0), (35, 52245.0), (34, 54254.0), (33, 55262.0), (42, 56266.0), (40, 57271.0), (41, 59273.0), (44, 60279.0), (45, 61286.0), (46, 62292.0), (21, 63294.0), (12, 64295.0), (20, 66307.0), (13, 68316.0), (19, 69324.0), (18, 70331.0), (17, 72336.0), (15, 74352.0), (11, 76367.0), (49, 77369.0), (48, 79375.0), (62, 81380.0), (50, 82383.0), (6, 84391.0), (7, 86400.0), (8, 87405.0), (5, 88412.0), (4, 89421.0), (3, 90422.0), (98, 92428.0), (99, 93428.0), (100, 95444.0), (2, 97451.0), (101, 98457.0), (1, 99457.0)]"
SA,100,8,bench_100_4,ok,-40717.0064,,1200.3609,98,73,25,25,83141.0,123858.0064,1703.6865,98457.0,227504.0,100464.0,29743301,89.5088,79,"[3, 4, 6, 52, 53, 54, 70, 71, 72, 66, 65, 64, 69, 68, 39, 41, 44, 45, 31, 22, 32, 43, 42, 33, 34, 35, 30, 29, 36, 37, 28, 26, 25, 24, 23, 20, 19, 18, 17, 16, 15, 14, 11, 48, 62, 47, 63, 61, 60, 59, 56, 57, 58, 78, 80, 82, 81, 84, 83, 85, 86, 89, 88, 91, 90, 92, 93, 96, 95, 97, 100, 2, 101, 50, 55, 51, 74, 49, 67, 21, 40, 38, 27, 46, 13, 10, 12, 9, 7, 75, 77, 73, 87, 76, 94, 79, 5, 99]","[3, 4, 6, 52, 53, 54, 70, 71, 72, 66, 65, 64, 69, 68, 39, 41, 44, 45, 31, 22, 32, 43, 42, 33, 34, 35, 30, 29, 36, 37, 28, 26, 25, 24, 23, 20, 19, 18, 17, 16, 15, 14, 11, 48, 62, 47, 63, 61, 60, 59, 56, 57, 58, 78, 80, 82, 81, 84, 83, 85, 86, 89, 88, 91, 90, 92, 93, 96, 95, 97, 100, 2, 101]","[50, 55, 51, 74, 49, 67, 21, 40, 38, 27, 46, 13, 10, 12, 9, 7, 75, 77, 73, 87, 76, 94, 79, 5, 99]","[8, 53, 71, 72, 41, 32, 34, 29, 28, 20, 15, 14, 11, 62, 61, 58, 80, 82, 88, 90, 96, 95, 97, 2, 1]","[1, 98, 3, 4, 8, 6, 52, 53, 54, 70, 71, 72, 66, 65, 64, 69, 68, 39, 41, 44, 45, 31, 22, 32, 43, 42, 33, 34, 35, 30, 29, 36, 37, 28, 26, 25, 24, 23, 20, 19, 18, 17, 16, 15, 14, 11, 48, 62, 47, 63, 61, 60, 59, 56, 57, 58, 78, 80, 82, 81, 84, 83, 85, 86, 89, 88, 91, 90, 92, 93, 96, 95, 97, 100, 2, 101, 1]","[(98, 50), (50, 8), (8, 55), (55, 53), (53, 51), (51, 71), (71, 74), (74, 72), (72, 49), (49, 41), (41, 67), (67, 32), (32, 21), (21, 34), (34, 40), (40, 29), (29, 38), (38, 28), (26, 27), (27, 20), (20, 46), (46, 15), (15, 13), (13, 14), (14, 10), (10, 11), (11, 12), (12, 62), (62, 9), (9, 61), (61, 7), (7, 58), (58, 75), (75, 80), (80, 77), (77, 82), (81, 73), (73, 88), (88, 87), (87, 90), (90, 76), (76, 96), (96, 94), (94, 95), (95, 79), (79, 97), (97, 5), (5, 2), (2, 99), (99, 1)]","[(1, 0.0), (98, 0.0), (3, 0.0), (4, 1005.0), (8, 2006.0), (6, 3011.0), (52, 4014.0), (53, 5022.0), (54, 7030.0), (70, 8037.0), (71, 9037.0), (72, 11046.0), (66, 13061.0), (65, 14065.0), (64, 15073.0), (69, 16078.0), (68, 17086.0), (39, 18090.0), (41, 19097.0), (44, 21109.0), (45, 22116.0), (31, 23122.0), (22, 24129.0), (32, 25133.0), (43, 27141.0), (42, 28149.0), (33, 29154.0), (34, 30158.0), (35, 32167.0), (30, 33172.0), (29, 34172.0), (36, 36173.0), (37, 37178.0), (28, 38180.0), (26, 40184.0), (25, 41191.0), (24, 42198.0), (23, 43205.0), (20, 44214.0), (19, 46216.0), (18, 47223.0), (17, 48228.0), (16, 49235.0), (15, 50244.0), (14, 52252.0), (11, 54269.0), (48, 56271.0), (62, 57274.0), (47, 59281.0), (63, 60284.0), (61, 61285.0), (60, 63290.0), (59, 64297.0), (56, 65305.0), (57, 66307.0), (58, 67307.0), (78, 69318.0), (80, 70322.0), (82, 72326.0), (81, 74335.0), (84, 75340.0), (83, 76343.0), (85, 77352.0), (86, 78356.0), (89, 79356.0), (88, 80360.0), (91, 82372.0), (90, 83373.0), (92, 85382.0), (93, 86389.0), (96, 87394.0), (95, 89410.0), (97, 91421.0), (100, 93430.0), (2, 94435.0), (101, 96450.0), (1, 97450.0)]"
SA,100,0,bench_100_5,ok,-39789.6851,,1200.5349,100,72,28,28,83012.0,122801.6851,1689.1566,100427.0,227504.0,100427.0,29808171,1200.5348,79,"[100, 94, 97, 98, 99, 5, 6, 9, 96, 95, 57, 61, 64, 62, 63, 43, 44, 37, 41, 38, 39, 40, 30, 31, 32, 33, 27, 34, 36, 46, 35, 47, 48, 24, 16, 23, 22, 21, 17, 18, 20, 19, 14, 15, 13, 12, 49, 59, 60, 58, 65, 66, 68, 69, 70, 72, 74, 73, 75, 78, 76, 77, 80, 81, 82, 84, 83, 92, 91, 89, 88, 3, 54, 7, 8, 10, 55, 29, 42, 45, 28, 51, 25, 26, 11, 50, 52, 53, 67, 71, 56, 79, 93, 2, 86, 90, 85, 87, 4, 101]","[100, 94, 97, 98, 99, 5, 6, 9, 96, 95, 57, 61, 64, 62, 63, 43, 44, 37, 41, 38, 39, 40, 30, 31, 32, 33, 27, 34, 36, 46, 35, 47, 48, 24, 16, 23, 22, 21, 17, 18, 20, 19, 14, 15, 13, 12, 49, 59, 60, 58, 65, 66, 68, 69, 70, 72, 74, 73, 75, 78, 76, 77, 80, 81, 82, 84, 83, 92, 91, 89, 88, 3]","[54, 7, 8, 10, 55, 29, 42, 45, 28, 51, 25, 26, 11, 50, 52, 53, 67, 71, 56, 79, 93, 2, 86, 90, 85, 87, 4, 101]","[97, 6, 96, 57, 37, 39, 31, 33, 27, 24, 23, 20, 12, 59, 60, 68, 70, 74, 73, 75, 78, 81, 84, 83, 89, 88, 3, 1]","[1, 100, 94, 97, 98, 99, 5, 6, 9, 96, 95, 57, 61, 64, 62, 63, 43, 44, 37, 41, 38, 39, 40, 30, 31, 32, 33, 27, 34, 36, 46, 35, 47, 48, 24, 16, 23, 22, 21, 17, 18, 20, 19, 14, 15, 13, 12, 49, 59, 60, 58, 65, 66, 68, 69, 70, 72, 74, 73, 75, 78, 76, 77, 80, 81, 82, 84, 83, 92, 91, 89, 88, 3, 1]","[(1, 54), (54, 97), (98, 7), (7, 6), (6, 8), (8, 96), (96, 10), (10, 57), (61, 55), (55, 37), (37, 29), (29, 39), (39, 42), (42, 31), (31, 45), (45, 33), (33, 28), (28, 27), (27, 51), (51, 24), (24, 25), (25, 23), (23, 26), (26, 20), (19, 11), (11, 12), (12, 50), (50, 59), (59, 52), (52, 60), (60, 53), (53, 68), (68, 67), (67, 70), (70, 71), (71, 74), (74, 56), (56, 73), (73, 79), (79, 75), (75, 93), (93, 78), (78, 2), (2, 81), (81, 86), (86, 84), (84, 90), (90, 83), (83, 85), (85, 89), (89, 87), (87, 88), (88, 4), (4, 3), (3, 101), (101, 1)]","[(1, 0.0), (100, 0.0), (94, 1002.0), (97, 2003.0), (98, 4013.0), (99, 5013.0), (5, 6020.0), (6, 7026.0), (9, 9029.0), (96, 10033.0), (95, 12038.0), (57, 13041.0), (61, 15052.0), (64, 16056.0), (62, 17058.0), (63, 18061.0), (43, 19066.0), (44, 20066.0), (37, 21075.0), (41, 23078.0), (38, 24083.0), (39, 25088.0), (40, 27090.0), (30, 28092.0), (31, 29097.0), (32, 31107.0), (33, 32107.0), (27, 34118.0), (34, 36127.0), (36, 37128.0), (46, 38132.0), (35, 39137.0), (47, 40143.0), (48, 41149.0), (24, 42151.0), (16, 44165.0), (23, 45167.0), (22, 47174.0), (21, 48177.0), (17, 49184.0), (18, 50192.0), (20, 51201.0), (19, 53212.0), (14, 54218.0), (15, 55225.0), (13, 56227.0), (12, 57235.0), (49, 59246.0), (59, 60249.0), (60, 62265.0), (58, 64276.0), (65, 65278.0), (66, 66285.0), (68, 67294.0), (69, 69304.0), (70, 70308.0), (72, 72315.0), (74, 73319.0), (73, 75329.0), (75, 77335.0), (78, 79344.0), (76, 81357.0), (77, 82359.0), (80, 83361.0), (81, 84364.0), (82, 86364.0), (84, 87365.0), (83, 89379.0), (92, 91389.0), (91, 92395.0), (89, 93398.0), (88, 95414.0), (3, 97416.0), (1, 99424.0)]"
SA,100,2,bench_100_5,ok,-37927.6677,,1201.3542,100,71,29,29,83012.0,120939.6677,1663.5443,100427.0,227504.0,100427.0,29532395,1201.3541,78,"[6, 7, 8, 9, 10, 53, 61, 64, 62, 63, 42, 41, 38, 39, 40, 29, 30, 33, 32, 31, 45, 44, 36, 34, 35, 25, 26, 23, 16, 22, 17, 18, 19, 15, 13, 12, 50, 51, 52, 59, 60, 58, 66, 67, 68, 69, 71, 72, 74, 73, 56, 55, 75, 78, 77, 81, 82, 84, 83, 92, 86, 87, 89, 91, 90, 93, 101, 99, 100, 4, 3, 95, 11, 65, 37, 27, 48, 43, 46, 28, 47, 21, 20, 14, 24, 49, 70, 57, 54, 85, 79, 76, 80, 88, 96, 94, 97, 98, 5, 2]","[6, 7, 8, 9, 10, 53, 61, 64, 62, 63, 42, 41, 38, 39, 40, 29, 30, 33, 32, 31, 45, 44, 36, 34, 35, 25, 26, 23, 16, 22, 17, 18, 19, 15, 13, 12, 50, 51, 52, 59, 60, 58, 66, 67, 68, 69, 71, 72, 74, 73, 56, 55, 75, 78, 77, 81, 82, 84, 83, 92, 86, 87, 89, 91, 90, 93, 101, 99, 100, 4, 3]","[95, 11, 65, 37, 27, 48, 43, 46, 28, 47, 21, 20, 14, 24, 49, 70, 57, 54, 85, 79, 76, 80, 88, 96, 94, 97, 98, 5, 2]","[8, 62, 38, 29, 33, 44, 36, 34, 35, 22, 19, 15, 13, 59, 60, 69, 73, 55, 77, 81, 84, 92, 87, 93, 101, 99, 100, 3, 1]","[1, 6, 7, 8, 9, 10, 53, 61, 64, 62, 63, 42, 41, 38, 39, 40, 29, 30, 33, 32, 31, 45, 44, 36, 34, 35, 25, 26, 23, 16, 22, 17, 18, 19, 15, 13, 12, 50, 51, 52, 59, 60, 58, 66, 67, 68, 69, 71, 72, 74, 73, 56, 55, 75, 78, 77, 81, 82, 84, 83, 92, 86, 87, 89, 91, 90, 93, 101, 99, 100, 4, 3, 1]","[(1, 95), (95, 8), (9, 11), (11, 62), (62, 65), (65, 38), (38, 37), (37, 29), (29, 27), (27, 33), (32, 48), (48, 44), (44, 43), (43, 36), (36, 46), (46, 34), (34, 28), (28, 35), (35, 47), (47, 22), (22, 21), (21, 19), (19, 20), (20, 15), (15, 14), (14, 13), (12, 24), (24, 59), (59, 49), (49, 60), (58, 70), (70, 69), (69, 57), (57, 73), (73, 54), (54, 55), (55, 85), (85, 77), (77, 79), (79, 81), (81, 76), (76, 84), (84, 80), (80, 92), (92, 88), (88, 87), (87, 96), (96, 93), (93, 94), (94, 101), (101, 97), (97, 99), (99, 98), (98, 100), (100, 5), (5, 3), (3, 2), (2, 1)]","[(1, 0.0), (6, 0.0), (7, 1001.0), (8, 2003.0), (9, 4007.0), (10, 5011.0), (53, 6015.0), (61, 7021.0), (64, 8025.0), (62, 9027.0), (63, 11039.0), (42, 12044.0), (41, 13053.0), (38, 14058.0), (39, 16070.0), (40, 17072.0), (29, 18074.0), (30, 20077.0), (33, 21082.0), (32, 23098.0), (31, 24098.0), (45, 25099.0), (44, 26101.0), (36, 28112.0), (34, 30116.0), (35, 32122.0), (25, 34130.0), (26, 35133.0), (23, 36137.0), (16, 37141.0), (22, 38143.0), (17, 40152.0), (18, 41160.0), (19, 42169.0), (15, 44182.0), (13, 46191.0), (12, 48206.0), (50, 49208.0), (51, 50215.0), (52, 51224.0), (59, 52231.0), (60, 54245.0), (58, 56252.0), (66, 57254.0), (67, 58263.0), (68, 59266.0), (69, 60270.0), (71, 62278.0), (72, 63284.0), (74, 64288.0), (73, 65292.0), (56, 67301.0), (55, 68305.0), (75, 70310.0), (78, 71313.0), (77, 72317.0), (81, 74327.0), (82, 76333.0), (84, 77334.0), (83, 79342.0), (92, 80347.0), (86, 82356.0), (87, 83364.0), (89, 85366.0), (91, 86374.0), (90, 87377.0), (93, 88382.0), (101, 90395.0), (99, 92399.0), (100, 94411.0), (4, 96413.0), (3, 97415.0), (1, 99427.0)]"
SA,100,4,bench_100_5,ok,-36598.3733,,1200.7183,99,71,28,28,82697.0,119295.3733,1640.9267,99423.0,227504.0,100427.0,30101266,1200.7182,80,"[2, 88, 86, 87, 89, 91, 92, 83, 82, 81, 80, 79, 78, 77, 76, 75, 74, 72, 71, 73, 56, 55, 57, 65, 66, 67, 69, 63, 62, 43, 37, 38, 39, 40, 31, 30, 32, 33, 44, 34, 36, 46, 47, 48, 35, 25, 23, 24, 16, 22, 21, 17, 18, 19, 14, 13, 12, 50, 51, 52, 59, 53, 10, 9, 97, 98, 6, 5, 100, 4, 3, 84, 70, 85, 58, 54, 11, 61, 64, 28, 42, 45, 29, 41, 27, 26, 49, 20, 15, 95, 60, 96, 94, 93, 8, 7, 99, 101, 90]","[2, 88, 86, 87, 89, 91, 92, 83, 82, 81, 80, 79, 78, 77, 76, 75, 74, 72, 71, 73, 56, 55, 57, 65, 66, 67, 69, 63, 62, 43, 37, 38, 39, 40, 31, 30, 32, 33, 44, 34, 36, 46, 47, 48, 35, 25, 23, 24, 16, 22, 21, 17, 18, 19, 14, 13, 12, 50, 51, 52, 59, 53, 10, 9, 97, 98, 6, 5, 100, 4, 3]","[84, 70, 85, 58, 54, 11, 61, 64, 28, 42, 45, 29, 41, 27, 26, 49, 20, 15, 95, 60, 96, 94, 93, 8, 7, 99, 101, 90]","[87, 79, 76, 71, 56, 69, 62, 38, 31, 33, 44, 46, 25, 23, 24, 18, 19, 13, 51, 59, 53, 9, 98, 6, 100, 4, 3, 1]","[1, 2, 88, 86, 87, 89, 91, 92, 83, 82, 81, 80, 79, 78, 77, 76, 75, 74, 72, 71, 73, 56, 55, 57, 65, 66, 67, 68, 69, 63, 62, 43, 37, 38, 39, 40, 31, 30, 32, 33, 44, 34, 36, 46, 47, 48, 35, 25, 23, 24, 16, 22, 21, 17, 18, 19, 14, 13, 12, 50, 51, 52, 59, 53, 10, 9, 97, 98, 6, 5, 100, 4, 3, 1]","[(2, 84), (84, 87), (87, 70), (70, 79), (79, 85), (85, 76), (75, 58), (58, 71), (71, 54), (54, 56), (56, 11), (11, 69), (69, 61), (61, 62), (62, 64), (64, 38), (38, 28), (28, 31), (31, 42), (42, 33), (33, 45), (45, 44), (44, 29), (29, 46), (46, 41), (41, 25), (25, 27), (27, 23), (23, 26), (26, 24), (24, 49), (49, 18), (18, 20), (20, 19), (19, 15), (15, 13), (13, 95), (95, 51), (51, 60), (60, 59), (59, 96), (96, 53), (53, 94), (94, 9), (9, 93), (93, 98), (98, 8), (8, 6), (6, 7), (7, 100), (100, 99), (99, 4), (4, 101), (101, 3), (3, 90), (90, 1)]","[(1, 0.0), (2, 0.0), (88, 1000.0), (86, 2000.0), (87, 3008.0), (89, 5016.0), (91, 6024.0), (92, 7027.0), (83, 8033.0), (82, 9038.0), (81, 10039.0), (80, 11039.0), (79, 12042.0), (78, 14052.0), (77, 15056.0), (76, 16058.0), (75, 18068.0), (74, 19071.0), (72, 20075.0), (71, 21079.0), (73, 23087.0), (56, 24089.0), (55, 26098.0), (57, 27098.0), (65, 28105.0), (66, 29112.0), (67, 30121.0), (68, 31124.0), (69, 31124.0), (63, 33137.0), (62, 34142.0), (43, 36149.0), (37, 37149.0), (38, 38152.0), (39, 40159.0), (40, 41161.0), (31, 42163.0), (30, 44166.0), (32, 45171.0), (33, 46171.0), (44, 48189.0), (34, 50200.0), (36, 51201.0), (46, 52205.0), (47, 54210.0), (48, 55216.0), (35, 56218.0), (25, 57224.0), (23, 59232.0), (24, 61243.0), (16, 63252.0), (22, 64254.0), (21, 65257.0), (17, 66264.0), (18, 67272.0), (19, 69284.0), (14, 71297.0), (13, 72304.0), (12, 74314.0), (50, 75316.0), (51, 76323.0), (52, 78335.0), (59, 79342.0), (53, 81355.0), (10, 83365.0), (9, 84369.0), (97, 86374.0), (98, 87379.0), (6, 89388.0), (5, 91390.0), (100, 92396.0), (4, 94400.0), (3, 96409.0), (1, 98418.0)]"
SA,100,6,bench_100_5,ok,-40174.0888,,1201.4908,98,69,29,30,82146.0,122320.0888,1682.5322,98420.0,227504.0,100427.0,29907550,1201.4907,79,"[2, 91, 90, 94, 96, 53, 52, 51, 50, 12, 13, 15, 14, 19, 18, 17, 21, 22, 23, 25, 16, 24, 48, 47, 46, 45, 36, 34, 33, 32, 31, 30, 40, 39, 38, 37, 43, 62, 64, 61, 60, 58, 65, 67, 69, 71, 74, 73, 56, 57, 54, 55, 78, 76, 77, 80, 81, 82, 84, 85, 86, 87, 89, 100, 99, 7, 5, 4, 3, 10, 49, 20, 26, 27, 44, 28, 35, 29, 41, 42, 9, 59, 66, 70, 72, 63, 11, 75, 79, 92, 83, 88, 93, 98, 8, 6, 97, 101]","[2, 91, 90, 94, 96, 53, 52, 51, 50, 12, 13, 15, 14, 19, 18, 17, 21, 22, 23, 25, 16, 24, 48, 47, 46, 45, 36, 34, 33, 32, 31, 30, 40, 39, 38, 37, 43, 62, 64, 61, 60, 58, 65, 67, 69, 71, 74, 73, 56, 57, 54, 55, 78, 76, 77, 80, 81, 82, 84, 85, 86, 87, 89, 100, 99, 7, 5, 4, 3]","[10, 49, 20, 26, 27, 44, 28, 35, 29, 41, 42, 9, 59, 66, 70, 72, 63, 11, 75, 79, 92, 83, 88, 93, 98, 8, 6, 97, 101]","[94, 52, 13, 17, 25, 46, 45, 34, 30, 40, 37, 43, 60, 65, 68, 71, 74, 57, 78, 77, 81, 84, 87, 89, 100, 99, 7, 5, 3, 1]","[1, 2, 91, 90, 94, 96, 53, 52, 51, 50, 12, 13, 15, 14, 19, 18, 17, 21, 22, 23, 25, 16, 24, 48, 47, 46, 45, 36, 34, 33, 32, 31, 30, 40, 39, 38, 37, 43, 62, 64, 61, 60, 58, 65, 67, 68, 69, 71, 74, 73, 56, 57, 54, 55, 78, 76, 77, 80, 81, 82, 84, 85, 86, 87, 89, 100, 99, 7, 5, 4, 3, 1]","[(1, 95), (95, 94), (94, 10), (10, 52), (51, 49), (49, 13), (15, 20), (20, 17), (21, 26), (26, 25), (16, 27), (27, 46), (46, 44), (44, 45), (45, 28), (28, 34), (34, 35), (35, 30), (30, 29), (29, 40), (38, 41), (41, 37), (37, 42), (42, 43), (43, 9), (9, 60), (60, 59), (59, 65), (65, 66), (66, 68), (68, 70), (70, 71), (71, 72), (72, 74), (74, 63), (63, 57), (57, 11), (11, 78), (78, 75), (75, 77), (77, 79), (79, 81), (81, 92), (92, 84), (85, 83), (83, 87), (87, 88), (88, 89), (89, 93), (93, 100), (100, 98), (98, 99), (99, 8), (8, 7), (7, 6), (6, 5), (5, 97), (97, 3), (3, 101), (101, 1)]","[(1, 0.0), (2, 0.0), (91, 1000.0), (90, 2003.0), (94, 3008.0), (96, 4009.0), (53, 5013.0), (52, 6019.0), (51, 8030.0), (50, 9039.0), (12, 10046.0), (13, 11048.0), (15, 13059.0), (14, 14061.0), (19, 15068.0), (18, 16074.0), (17, 17083.0), (21, 19098.0), (22, 20105.0), (23, 21108.0), (25, 22112.0), (16, 24119.0), (24, 25121.0), (48, 26126.0), (47, 27128.0), (46, 28134.0), (45, 30146.0), (36, 32157.0), (34, 33161.0), (33, 35164.0), (32, 36173.0), (31, 37173.0), (30, 38174.0), (40, 40185.0), (39, 42187.0), (38, 43189.0), (37, 44194.0), (43, 46202.0), (62, 48211.0), (64, 49214.0), (61, 50216.0), (60, 51220.0), (58, 53228.0), (65, 54230.0), (67, 56246.0), (68, 57249.0), (69, 58258.0), (71, 59262.0), (74, 61272.0), (73, 63280.0), (56, 64282.0), (57, 65286.0), (54, 67298.0), (55, 68303.0), (78, 69303.0), (76, 71316.0), (77, 72318.0), (80, 74323.0), (81, 75326.0), (82, 77332.0), (84, 78333.0), (85, 80345.0), (86, 81353.0), (87, 82361.0), (89, 84368.0), (100, 86376.0), (99, 88387.0), (7, 90394.0), (5, 92397.0), (4, 94404.0), (3, 95406.0), (1, 97417.0)]"
SA,100,8,bench_100_5,ok,-33544.7855,,1202.4974,99,68,31,31,82697.0,116241.7855,1598.9241,99423.0,227504.0,100427.0,30019639,1202.4973,79,"[2, 101, 90, 83, 92, 91, 89, 87, 86, 82, 81, 80, 77, 76, 78, 75, 55, 56, 73, 74, 72, 67, 66, 65, 60, 58, 64, 62, 63, 43, 44, 36, 32, 31, 30, 34, 35, 48, 47, 46, 45, 38, 41, 39, 40, 29, 27, 25, 23, 16, 22, 17, 20, 19, 15, 13, 12, 50, 51, 52, 53, 10, 9, 97, 98, 99, 100, 4, 85, 88, 84, 93, 79, 54, 71, 95, 57, 69, 61, 24, 28, 33, 42, 37, 70, 26, 18, 21, 14, 59, 49, 11, 8, 96, 94, 6, 5, 3, 7]","[2, 101, 90, 83, 92, 91, 89, 87, 86, 82, 81, 80, 77, 76, 78, 75, 55, 56, 73, 74, 72, 67, 66, 65, 60, 58, 64, 62, 63, 43, 44, 36, 32, 31, 30, 34, 35, 48, 47, 46, 45, 38, 41, 39, 40, 29, 27, 25, 23, 16, 22, 17, 20, 19, 15, 13, 12, 50, 51, 52, 53, 10, 9, 97, 98, 99, 100, 4]","[85, 88, 84, 93, 79, 54, 71, 95, 57, 69, 61, 24, 28, 33, 42, 37, 70, 26, 18, 21, 14, 59, 49, 11, 8, 96, 94, 6, 5, 3, 7]","[83, 89, 81, 78, 55, 56, 72, 65, 58, 64, 43, 31, 34, 35, 45, 38, 23, 22, 17, 15, 12, 50, 51, 53, 9, 97, 98, 99, 100, 4, 1]","[1, 2, 101, 90, 83, 92, 91, 89, 87, 86, 82, 81, 80, 77, 76, 78, 75, 55, 56, 73, 74, 72, 68, 67, 66, 65, 60, 58, 64, 62, 63, 43, 44, 36, 32, 31, 30, 34, 35, 48, 47, 46, 45, 38, 41, 39, 40, 29, 27, 25, 23, 16, 22, 17, 20, 19, 15, 13, 12, 50, 51, 52, 53, 10, 9, 97, 98, 99, 100, 4, 1]","[(101, 85), (85, 83), (92, 88), (88, 89), (89, 84), (84, 81), (81, 93), (93, 78), (78, 79), (79, 55), (55, 54), (54, 56), (56, 71), (71, 72), (72, 95), (95, 65), (65, 57), (57, 58), (58, 69), (69, 64), (64, 61), (61, 43), (43, 24), (24, 31), (30, 28), (28, 34), (34, 33), (33, 35), (35, 42), (42, 45), (45, 37), (37, 38), (41, 70), (70, 23), (23, 26), (26, 22), (22, 18), (18, 17), (17, 21), (21, 15), (13, 14), (14, 12), (12, 59), (59, 50), (50, 49), (49, 51), (51, 11), (11, 53), (53, 8), (8, 9), (9, 96), (96, 97), (97, 94), (94, 98), (98, 6), (6, 99), (99, 5), (5, 100), (100, 3), (3, 4), (4, 7), (7, 1)]","[(1, 0.0), (2, 0.0), (101, 1000.0), (90, 2003.0), (83, 3008.0), (92, 5021.0), (91, 6027.0), (89, 7030.0), (87, 9038.0), (86, 10040.0), (82, 11048.0), (81, 12049.0), (80, 14055.0), (77, 15058.0), (76, 16060.0), (78, 17062.0), (75, 19075.0), (55, 20078.0), (56, 22084.0), (73, 24093.0), (74, 25095.0), (72, 26099.0), (68, 28109.0), (67, 28109.0), (66, 29112.0), (65, 30121.0), (60, 32131.0), (58, 33135.0), (64, 35144.0), (62, 37150.0), (63, 38153.0), (43, 39158.0), (44, 41162.0), (36, 42171.0), (32, 43175.0), (31, 44175.0), (30, 46181.0), (34, 47186.0), (35, 49189.0), (48, 51204.0), (47, 52206.0), (46, 53212.0), (45, 54217.0), (38, 56228.0), (41, 58236.0), (39, 59241.0), (40, 60243.0), (29, 61245.0), (27, 62245.0), (25, 63252.0), (23, 64255.0), (16, 66263.0), (22, 67265.0), (17, 69272.0), (20, 71289.0), (19, 72296.0), (15, 73302.0), (13, 75311.0), (12, 76319.0), (50, 78328.0), (51, 80344.0), (52, 82356.0), (53, 83363.0), (10, 85378.0), (9, 86382.0), (97, 88387.0), (98, 90396.0), (99, 92397.0), (100, 94405.0), (4, 96413.0), (1, 98421.0)]"
SA,5,1,bench_5_1,ok,-30367.6626,-0.0001,10.0003,2,1,1,3,1944.0,32311.6626,444.452,2006.0,11375.0,5015.0,1457565,0.0053,66,"[2, 6]",[2],[6],"[2, 5, 1]","[1, 2, 5, 1]","[(1, 4), (4, 2), (2, 3), (3, 5), (5, 6), (6, 1)]","[(1, 0.0), (2, 0.0), (5, 1002.0), (1, 1002.0)]"
SA,5,3,bench_5_1,ok,-30367.6626,-0.0001,10.0005,2,1,1,3,1944.0,32311.6626,444.452,2006.0,11375.0,5015.0,1483627,0.0022,67,"[2, 6]",[2],[6],"[2, 5, 1]","[1, 2, 5, 1]","[(1, 4), (4, 2), (2, 3), (3, 5), (5, 6), (6, 1)]","[(1, 0.0), (2, 0.0), (5, 1002.0), (1, 1002.0)]"
SA,5,5,bench_5_1,ok,-30367.6626,-0.0001,10.0003,2,1,1,3,1944.0,32311.6626,444.452,2006.0,11375.0,5015.0,1475714,0.0027,67,"[2, 6]",[2],[6],"[2, 5, 1]","[1, 2, 5, 1]","[(1, 4), (4, 2), (2, 3), (3, 5), (5, 6), (6, 1)]","[(1, 0.0), (2, 0.0), (5, 1002.0), (1, 1002.0)]"
SA,5,7,bench_5_1,ok,-30367.6626,-0.0001,10.0003,2,1,1,3,1944.0,32311.6626,444.452,2006.0,11375.0,5015.0,1470305,0.0024,67,"[2, 6]",[2],[6],"[2, 5, 1]","[1, 2, 5, 1]","[(1, 4), (4, 2), (2, 3), (3, 5), (5, 6), (6, 1)]","[(1, 0.0), (2, 0.0), (5, 1002.0), (1, 1002.0)]"
SA,5,9,bench_5_1,ok,-30367.6626,-0.0001,10.0003,2,1,1,3,1944.0,32311.6626,444.452,2006.0,11375.0,5015.0,1435807,0.0025,65,"[2, 6]",[2],[6],"[2, 5, 1]","[1, 2, 5, 1]","[(1, 4), (4, 2), (2, 3), (3, 5), (5, 6), (6, 1)]","[(1, 0.0), (2, 0.0), (5, 1002.0), (1, 1002.0)]"
SA,5,1,bench_5_2,ok,-35293.6,0.0,10.0003,1,0,1,3,911.0,36204.6,498.0,1004.0,11375.0,5032.0,1380606,0.3565,63,[5],[],[5],"[2, 4, 1]","[1, 2, 4, 1]","[(1, 6), (6, 2), (2, 3), (3, 4), (4, 5), (5, 1)]","[(1, 0.0), (2, 0.0), (4, 0.0), (1, 0.0)]"
SA,5,3,bench_5_2,ok,-35293.6,0.0,10.0003,1,0,1,3,911.0,36204.6,498.0,1004.0,11375.0,5032.0,1368090,0.2198,62,[5],[],[5],"[2, 4, 1]","[1, 2, 4, 1]","[(1, 6), (6, 2), (2, 3), (3, 4), (4, 5), (5, 1)]","[(1, 0.0), (2, 0.0), (4, 0.0), (1, 0.0)]"
SA,5,5,bench_5_2,ok,-35293.6,0.0,10.0003,1,0,1,3,911.0,36204.6,498.0,1004.0,11375.0,5032.0,1339434,0.0353,61,[5],[],[5],"[2, 4, 1]","[1, 2, 4, 1]","[(1, 6), (6, 2), (2, 3), (3, 4), (4, 5), (5, 1)]","[(1, 0.0), (2, 0.0), (4, 0.0), (1, 0.0)]"
SA,5,7,bench_5_2,ok,-35293.6,0.0,10.0003,1,0,1,3,911.0,36204.6,498.0,1004.0,11375.0,5032.0,1326806,0.0376,60,[5],[],[5],"[2, 4, 1]","[1, 2, 4, 1]","[(1, 6), (6, 2), (2, 3), (3, 4), (4, 5), (5, 1)]","[(1, 0.0), (2, 0.0), (4, 0.0), (1, 0.0)]"
SA,5,9,bench_5_2,ok,-35293.6,0.0,10.0003,1,0,1,3,911.0,36204.6,498.0,1004.0,11375.0,5032.0,1328894,0.055,60,[5],[],[5],"[2, 4, 1]","[1, 2, 4, 1]","[(1, 6), (6, 2), (2, 3), (3, 4), (4, 5), (5, 1)]","[(1, 0.0), (2, 0.0), (4, 0.0), (1, 0.0)]"
SA,5,1,bench_5_3,ok,-27075.2,0.0,10.0003,3,1,2,3,2441.0,29516.2,406.0,3017.0,11375.0,5030.0,1436530,0.0251,65,"[6, 2, 5]",[6],"[2, 5]","[3, 6, 1]","[1, 3, 6, 1]","[(1, 4), (4, 3), (3, 2), (2, 6), (6, 5), (5, 1)]","[(1, 0.0), (3, 0.0), (6, 0.0), (1, 2009.0)]"
SA,5,3,bench_5_3,ok,-27075.2,0.0,10.0003,3,1,2,3,2441.0,29516.2,406.0,3017.0,11375.0,5030.0,1419795,0.185,65,"[6, 2, 5]",[6],"[2, 5]","[3, 6, 1]","[1, 3, 6, 1]","[(1, 4), (4, 3), (3, 2), (2, 6), (6, 5), (5, 1)]","[(1, 0.0), (3, 0.0), (6, 0.0), (1, 2009.0)]"
SA,5,5,bench_5_3,ok,-27075.2,0.0,10.0003,3,1,2,3,2441.0,29516.2,406.0,3017.0,11375.0,5030.0,1332036,0.04,61,"[6, 2, 5]",[6],"[2, 5]","[3, 6, 1]","[1, 3, 6, 1]","[(1, 4), (4, 3), (3, 2), (2, 6), (6, 5), (5, 1)]","[(1, 0.0), (3, 0.0), (6, 0.0), (1, 2009.0)]"
SA,5,7,bench_5_3,ok,-27075.2,0.0,10.0003,3,1,2,3,2441.0,29516.2,406.0,3017.0,11375.0,5030.0,1403112,1.0705,64,"[6, 2, 5]",[6],"[2, 5]","[3, 6, 1]","[1, 3, 6, 1]","[(1, 4), (4, 3), (3, 2), (2, 6), (6, 5), (5, 1)]","[(1, 0.0), (3, 0.0), (6, 0.0), (1, 2009.0)]"
SA,5,9,bench_5_3,ok,-27075.2,0.0,10.0003,3,1,2,3,2441.0,29516.2,406.0,3017.0,11375.0,5030.0,1407640,0.0443,64,"[6, 2, 5]",[6],"[2, 5]","[3, 6, 1]","[1, 3, 6, 1]","[(1, 4), (4, 3), (3, 2), (2, 6), (6, 5), (5, 1)]","[(1, 0.0), (3, 0.0), (6, 0.0), (1, 2009.0)]"
SA,5,1,bench_5_4,ok,-29738.1319,-0.0002,10.0003,2,0,2,3,1870.0,31608.1319,434.7749,2010.0,11375.0,5025.0,1484566,0.0399,68,"[3, 6]",[],"[3, 6]","[4, 5, 1]","[1, 4, 5, 1]","[(1, 2), (2, 4), (4, 3), (3, 5), (5, 6), (6, 1)]","[(1, 0.0), (4, 0.0), (5, 0.0), (1, 1003.0)]"
SA,5,3,bench_5_4,ok,-29738.1319,-0.0002,10.0003,2,0,2,3,1870.0,31608.1319,434.7749,2010.0,11375.0,5025.0,1531032,0.1667,70,"[3, 6]",[],"[3, 6]","[4, 5, 1]","[1, 4, 5, 1]","[(1, 2), (2, 4), (4, 3), (3, 5), (5, 6), (6, 1)]","[(1, 0.0), (4, 0.0), (5, 0.0), (1, 1003.0)]"
SA,5,5,bench_5_4,ok,-29738.1319,-0.0002,10.0003,2,0,2,3,1870.0,31608.1319,434.7749,2010.0,11375.0,5025.0,1539091,0.4912,70,"[3, 6]",[],"[3, 6]","[4, 5, 1]","[1, 4, 5, 1]","[(1, 2), (2, 4), (4, 3), (3, 5), (5, 6), (6, 1)]","[(1, 0.0), (4, 0.0), (5, 0.0), (1, 1003.0)]"
SA,5,7,bench_5_4,ok,-29738.1319,-0.0002,10.0003,2,0,2,3,1870.0,31608.1319,434.7749,2010.0,11375.0,5025.0,1546642,0.0463,70,"[3, 6]",[],"[3, 6]","[4, 5, 1]","[1, 4, 5, 1]","[(1, 2), (2, 4), (4, 3), (3, 5), (5, 6), (6, 1)]","[(1, 0.0), (4, 0.0), (5, 0.0), (1, 1003.0)]"
SA,5,9,bench_5_4,ok,-29738.1319,-0.0002,10.0003,2,0,2,3,1870.0,31608.1319,434.7749,2010.0,11375.0,5025.0,1527417,0.2161,69,"[3, 6]",[],"[3, 6]","[4, 5, 1]","[1, 4, 5, 1]","[(1, 2), (2, 4), (4, 3), (3, 5), (5, 6), (6, 1)]","[(1, 0.0), (4, 0.0), (5, 0.0), (1, 1003.0)]"
SA,5,1,bench_5_5,ok,-16725.35,0.0,10.0003,5,2,3,3,4394.0,21119.35,290.5,5021.0,11375.0,5021.0,1532331,1.2208,70,"[6, 2, 5, 3, 4]","[6, 2]","[5, 3, 4]","[6, 2, 1]","[1, 6, 2, 1]","[(1, 5), (5, 6), (6, 3), (3, 2), (2, 4), (4, 1)]","[(1, 0.0), (6, 0.0), (2, 2007.0), (1, 4017.0)]"
SA,5,3,bench_5_5,ok,-16725.35,0.0,10.0003,5,2,3,3,4394.0,21119.35,290.5,5021.0,11375.0,5021.0,1531572,0.0616,70,"[6, 2, 5, 3, 4]","[6, 2]","[5, 3, 4]","[6, 2, 1]","[1, 6, 2, 1]","[(1, 5), (5, 6), (6, 3), (3, 2), (2, 4), (4, 1)]","[(1, 0.0), (6, 0.0), (2, 2007.0), (1, 4017.0)]"
SA,5,5,bench_5_5,ok,-16725.35,0.0,10.0003,5,2,3,3,4394.0,21119.35,290.5,5021.0,11375.0,5021.0,1560105,0.3405,71,"[6, 2, 5, 3, 4]","[6, 2]","[5, 3, 4]","[6, 2, 1]","[1, 6, 2, 1]","[(1, 5), (5, 6), (6, 3), (3, 2), (2, 4), (4, 1)]","[(1, 0.0), (6, 0.0), (2, 2007.0), (1, 4017.0)]"
SA,5,7,bench_5_5,ok,-16725.35,0.0,10.0003,5,2,3,3,4394.0,21119.35,290.5,5021.0,11375.0,5021.0,1562532,0.1769,71,"[6, 2, 5, 3, 4]","[6, 2]","[5, 3, 4]","[6, 2, 1]","[1, 6, 2, 1]","[(1, 5), (5, 6), (6, 3), (3, 2), (2, 4), (4, 1)]","[(1, 0.0), (6, 0.0), (2, 2007.0), (1, 4017.0)]"
SA,5,9,bench_5_5,ok,-16725.35,0.0,10.0003,5,2,3,3,4394.0,21119.35,290.5,5021.0,11375.0,5021.0,1558613,0.3267,71,"[6, 2, 5, 3, 4]","[6, 2]","[5, 3, 4]","[6, 2, 1]","[1, 6, 2, 1]","[(1, 5), (5, 6), (6, 3), (3, 2), (2, 4), (4, 1)]","[(1, 0.0), (6, 0.0), (2, 2007.0), (1, 4017.0)]"
SA,10,1,bench_10_1,ok,-37643.0869,,30.0039,5,3,2,5,4841.0,42484.0869,584.3753,5011.0,22750.0,10028.0,3035886,1.4141,75,"[4, 11, 10, 6, 9]","[4, 11, 10]","[6, 9]","[7, 2, 4, 11, 1]","[1, 7, 2, 4, 11, 10, 1]","[(1, 8), (8, 7), (7, 3), (3, 2), (2, 5), (5, 4), (4, 6), (6, 11), (11, 9), (9, 1)]","[(1, 0.0), (7, 0.0), (2, 0.0), (4, 0.0), (11, 1002.0), (10, 3008.0), (1, 4008.0)]"
SA,10,3,bench_10_1,ok,-37643.0869,,30.0041,5,3,2,5,4841.0,42484.0869,584.3753,5011.0,22750.0,10028.0,3123218,18.7449,77,"[4, 11, 10, 6, 9]","[4, 11, 10]","[6, 9]","[7, 2, 4, 11, 1]","[1, 7, 2, 4, 11, 10, 1]","[(1, 8), (8, 7), (7, 3), (3, 2), (2, 5), (5, 4), (4, 6), (6, 11), (11, 9), (9, 1)]","[(1, 0.0), (7, 0.0), (2, 0.0), (4, 0.0), (11, 1002.0), (10, 3008.0), (1, 4008.0)]"
SA,10,5,bench_10_1,ok,-37643.0869,,30.0041,5,3,2,5,4841.0,42484.0869,584.3753,5011.0,22750.0,10028.0,3073423,1.3509,76,"[4, 11, 10, 6, 9]","[4, 11, 10]","[6, 9]","[7, 2, 4, 11, 1]","[1, 7, 2, 4, 11, 10, 1]","[(1, 8), (8, 7), (7, 3), (3, 2), (2, 5), (5, 4), (4, 6), (6, 11), (11, 9), (9, 1)]","[(1, 0.0), (7, 0.0), (2, 0.0), (4, 0.0), (11, 1002.0), (10, 3008.0), (1, 4008.0)]"
SA,10,7,bench_10_1,ok,-38182.1541,,30.0035,6,3,3,5,5290.0,43472.1541,597.9664,6019.0,22750.0,10028.0,3143137,3.6197,78,"[7, 11, 10, 6, 8, 9]","[7, 11, 10]","[6, 8, 9]","[2, 4, 7, 11, 1]","[1, 2, 4, 7, 11, 10, 1]","[(1, 5), (5, 2), (2, 3), (3, 4), (4, 6), (6, 7), (7, 8), (8, 11), (11, 9), (9, 1)]","[(1, 0.0), (2, 0.0), (4, 0.0), (7, 0.0), (11, 2008.0), (10, 4016.0), (1, 5016.0)]"
SA,10,9,bench_10_1,ok,-37643.0869,,30.0041,5,3,2,5,4841.0,42484.0869,584.3753,5011.0,22750.0,10028.0,3057703,2.9329,76,"[4, 11, 10, 6, 9]","[4, 11, 10]","[6, 9]","[7, 2, 4, 11, 1]","[1, 7, 2, 4, 11, 10, 1]","[(1, 8), (8, 7), (7, 3), (3, 2), (2, 5), (5, 4), (4, 6), (6, 11), (11, 9), (9, 1)]","[(1, 0.0), (7, 0.0), (2, 0.0), (4, 0.0), (11, 1002.0), (10, 3008.0), (1, 4008.0)]"
SA,10,1,bench_10_2,ok,-38918.7159,,30.0044,5,2,3,5,4210.0,43128.7159,593.2423,5029.0,22750.0,10050.0,3155952,11.0362,78,"[5, 2, 7, 9, 11]","[5, 2]","[7, 9, 11]","[10, 4, 3, 2, 1]","[1, 10, 4, 5, 3, 2, 1]","[(1, 8), (8, 10), (10, 6), (6, 4), (4, 7), (7, 3), (3, 9), (9, 2), (2, 11), (11, 1)]","[(1, 0.0), (10, 0.0), (4, 0.0), (5, 0.0), (3, 1009.0), (2, 2013.0), (1, 4023.0)]"
SA,10,3,bench_10_2,ok,-38951.4253,,30.004,4,2,2,4,3299.0,42250.4253,581.1613,4025.0,22750.0,10050.0,3120884,2.147,77,"[9, 2, 5, 11]","[9, 2]","[5, 11]","[10, 6, 9, 1]","[1, 10, 8, 7, 6, 9, 2, 1]","[(1, 3), (3, 10), (10, 4), (4, 6), (6, 5), (5, 9), (9, 11), (11, 1)]","[(1, 0.0), (10, 0.0), (8, 0.0), (7, 0.0), (6, 0.0), (9, 0.0), (2, 2011.0), (1, 3019.0)]"
SA,10,5,bench_10_2,ok,-38915.5372,,30.0041,5,2,3,5,4211.0,43126.5372,593.2123,5026.0,22750.0,10050.0,3184654,25.5156,79,"[5, 2, 6, 9, 11]","[5, 2]","[6, 9, 11]","[10, 4, 3, 2, 1]","[1, 10, 4, 5, 3, 2, 1]","[(1, 7), (7, 10), (10, 8), (8, 4), (4, 6), (6, 3), (3, 9), (9, 2), (2, 11), (11, 1)]","[(1, 0.0), (10, 0.0), (4, 0.0), (5, 0.0), (3, 1009.0), (2, 2010.0), (1, 4020.0)]"
SA,10,7,bench_10_2,ok,-38951.4253,,30.0046,4,2,2,4,3299.0,42250.4253,581.1613,4025.0,22750.0,10050.0,3119806,8.5642,77,"[9, 2, 5, 11]","[9, 2]","[5, 11]","[10, 6, 9, 1]","[1, 10, 8, 7, 6, 9, 2, 1]","[(1, 3), (3, 10), (10, 4), (4, 6), (6, 5), (5, 9), (9, 11), (11, 1)]","[(1, 0.0), (10, 0.0), (8, 0.0), (7, 0.0), (6, 0.0), (9, 0.0), (2, 2011.0), (1, 3019.0)]"
SA,10,9,bench_10_2,ok,-38915.5372,,30.0035,5,2,3,5,4211.0,43126.5372,593.2123,5026.0,22750.0,10050.0,3182977,29.3007,79,"[5, 2, 6, 9, 11]","[5, 2]","[6, 9, 11]","[10, 4, 3, 2, 1]","[1, 10, 4, 5, 3, 2, 1]","[(1, 7), (7, 10), (10, 8), (8, 4), (4, 6), (6, 3), (3, 9), (9, 2), (2, 11), (11, 1)]","[(1, 0.0), (10, 0.0), (4, 0.0), (5, 0.0), (3, 1009.0), (2, 2010.0), (1, 4020.0)]"
SA,10,1,bench_10_3,ok,-28382.9589,,30.0044,10,5,5,5,7897.0,36279.9589,499.0366,10056.0,22750.0,10056.0,3324813,0.8706,82,"[2, 6, 5, 7, 11, 10, 4, 3, 8, 9]","[2, 6, 5, 7, 11]","[10, 4, 3, 8, 9]","[2, 5, 7, 11, 1]","[1, 2, 6, 5, 7, 11, 1]","[(1, 10), (10, 2), (2, 4), (4, 5), (5, 3), (3, 7), (7, 8), (8, 11), (11, 9), (9, 1)]","[(1, 0.0), (2, 0.0), (6, 2010.0), (5, 3016.0), (7, 5033.0), (11, 7049.0), (1, 9056.0)]"
SA,10,3,bench_10_3,ok,-28382.9589,,30.0037,10,5,5,5,7897.0,36279.9589,499.0366,10056.0,22750.0,10056.0,3364984,23.051,83,"[2, 6, 5, 7, 11, 10, 4, 3, 8, 9]","[2, 6, 5, 7, 11]","[10, 4, 3, 8, 9]","[2, 5, 7, 11, 1]","[1, 2, 6, 5, 7, 11, 1]","[(1, 10), (10, 2), (2, 4), (4, 5), (5, 3), (3, 7), (7, 8), (8, 11), (11, 9), (9, 1)]","[(1, 0.0), (2, 0.0), (6, 2010.0), (5, 3016.0), (7, 5033.0), (11, 7049.0), (1, 9056.0)]"
SA,10,5,bench_10_3,ok,-28382.9589,,30.0042,10,5,5,5,7897.0,36279.9589,499.0366,10056.0,22750.0,10056.0,3310833,18.6661,82,"[2, 6, 5, 7, 11, 10, 4, 3, 8, 9]","[2, 6, 5, 7, 11]","[10, 4, 3, 8, 9]","[2, 5, 7, 11, 1]","[1, 2, 6, 5, 7, 11, 1]","[(1, 10), (10, 2), (2, 4), (4, 5), (5, 3), (3, 7), (7, 8), (8, 11), (11, 9), (9, 1)]","[(1, 0.0), (2, 0.0), (6, 2010.0), (5, 3016.0), (7, 5033.0), (11, 7049.0), (1, 9056.0)]"
SA,10,7,bench_10_3,ok,-28382.9589,,30.0042,10,5,5,5,7897.0,36279.9589,499.0366,10056.0,22750.0,10056.0,3330066,11.7304,83,"[2, 6, 5, 7, 11, 10, 4, 3, 8, 9]","[2, 6, 5, 7, 11]","[10, 4, 3, 8, 9]","[2, 5, 7, 11, 1]","[1, 2, 6, 5, 7, 11, 1]","[(1, 10), (10, 2), (2, 4), (4, 5), (5, 3), (3, 7), (7, 8), (8, 11), (11, 9), (9, 1)]","[(1, 0.0), (2, 0.0), (6, 2010.0), (5, 3016.0), (7, 5033.0), (11, 7049.0), (1, 9056.0)]"
SA,10,9,bench_10_3,ok,-29063.9472,,30.0046,10,6,4,4,7897.0,36960.9472,508.4037,10056.0,22750.0,10056.0,3339703,6.4032,83,"[6, 5, 7, 10, 9, 11, 4, 3, 8, 2]","[6, 5, 7, 10, 9, 11]","[4, 3, 8, 2]","[6, 7, 10, 1]","[1, 6, 5, 7, 10, 9, 11, 1]","[(1, 4), (4, 6), (6, 3), (3, 7), (7, 8), (8, 10), (10, 2), (2, 1)]","[(1, 0.0), (6, 0.0), (5, 2015.0), (7, 3023.0), (10, 5039.0), (9, 7054.0), (11, 8054.0), (1, 9054.0)]"
SA,10,1,bench_10_4,ok,-36395.6646,,30.0052,7,4,3,4,6408.0,42803.6646,588.7712,7031.0,22750.0,10043.0,3269436,30.0051,81,"[7, 9, 10, 11, 6, 4, 8]","[7, 9, 10, 11]","[6, 4, 8]","[3, 7, 9, 1]","[1, 2, 3, 7, 9, 10, 11, 1]","[(1, 6), (6, 3), (3, 5), (5, 7), (7, 4), (4, 9), (9, 8), (8, 1)]","[(1, 0.0), (2, 0.0), (3, 0.0), (7, 1000.0), (9, 2003.0), (10, 4019.0), (11, 5023.0), (1, 6030.0)]"
SA,10,3,bench_10_4,ok,-36395.6646,,30.0052,7,4,3,4,6408.0,42803.6646,588.7712,7031.0,22750.0,10043.0,3285909,30.0051,81,"[7, 9, 10, 11, 6, 4, 8]","[7, 9, 10, 11]","[6, 4, 8]","[3, 7, 9, 1]","[1, 2, 3, 7, 9, 10, 11, 1]","[(1, 6), (6, 3), (3, 5), (5, 7), (7, 4), (4, 9), (9, 8), (8, 1)]","[(1, 0.0), (2, 0.0), (3, 0.0), (7, 1000.0), (9, 2003.0), (10, 4019.0), (11, 5023.0), (1, 6030.0)]"
SA,10,5,bench_10_4,ok,-36395.6646,,30.0046,7,4,3,4,6408.0,42803.6646,588.7712,7031.0,22750.0,10043.0,3240076,11.3467,80,"[7, 9, 10, 11, 6, 4, 8]","[7, 9, 10, 11]","[6, 4, 8]","[3, 7, 9, 1]","[1, 2, 3, 7, 9, 10, 11, 1]","[(1, 6), (6, 3), (3, 5), (5, 7), (7, 4), (4, 9), (9, 8), (8, 1)]","[(1, 0.0), (2, 0.0), (3, 0.0), (7, 1000.0), (9, 2003.0), (10, 4019.0), (11, 5023.0), (1, 6030.0)]"
SA,10,7,bench_10_4,ok,-36395.6646,,30.0053,7,4,3,4,6408.0,42803.6646,588.7712,7031.0,22750.0,10043.0,3262700,30.0053,81,"[7, 9, 10, 11, 6, 4, 8]","[7, 9, 10, 11]","[6, 4, 8]","[3, 7, 9, 1]","[1, 2, 3, 7, 9, 10, 11, 1]","[(1, 6), (6, 3), (3, 5), (5, 7), (7, 4), (4, 9), (9, 8), (8, 1)]","[(1, 0.0), (2, 0.0), (3, 0.0), (7, 1000.0), (9, 2003.0), (10, 4019.0), (11, 5023.0), (1, 6030.0)]"
SA,10,9,bench_10_4,ok,-36395.6646,,30.0052,7,4,3,4,6408.0,42803.6646,588.7712,7031.0,22750.0,10043.0,3352631,30.0052,83,"[7, 9, 10, 11, 6, 4, 8]","[7, 9, 10, 11]","[6, 4, 8]","[3, 7, 9, 1]","[1, 2, 3, 7, 9, 10, 11, 1]","[(1, 6), (6, 3), (3, 5), (5, 7), (7, 4), (4, 9), (9, 8), (8, 1)]","[(1, 0.0), (2, 0.0), (3, 0.0), (7, 1000.0), (9, 2003.0), (10, 4019.0), (11, 5023.0), (1, 6030.0)]"
SA,10,1,bench_10_5,ok,-32684.6289,,30.0046,7,4,3,4,6155.0,38839.6289,534.2452,7038.0,22750.0,10055.0,3336293,3.0643,83,"[6, 7, 2, 11, 4, 3, 10]","[6, 7, 2, 11]","[4, 3, 10]","[8, 6, 11, 1]","[1, 9, 8, 6, 7, 2, 11, 1]","[(1, 5), (5, 8), (8, 4), (4, 6), (6, 3), (3, 11), (11, 10), (10, 1)]","[(1, 0.0), (9, 0.0), (8, 0.0), (6, 0.0), (7, 2012.0), (2, 3018.0), (11, 4022.0), (1, 6036.0)]"
SA,10,3,bench_10_5,ok,-32684.6289,,30.0046,7,4,3,4,6155.0,38839.6289,534.2452,7038.0,22750.0,10055.0,3330676,2.7238,83,"[6, 7, 2, 11, 4, 3, 10]","[6, 7, 2, 11]","[4, 3, 10]","[8, 6, 11, 1]","[1, 9, 8, 6, 7, 2, 11, 1]","[(1, 5), (5, 8), (8, 4), (4, 6), (6, 3), (3, 11), (11, 10), (10, 1)]","[(1, 0.0), (9, 0.0), (8, 0.0), (6, 0.0), (7, 2012.0), (2, 3018.0), (11, 4022.0), (1, 6036.0)]"
SA,10,5,bench_10_5,ok,-32684.6289,,30.0046,7,4,3,4,6155.0,38839.6289,534.2452,7038.0,22750.0,10055.0,3307224,0.1716,82,"[6, 7, 2, 11, 4, 3, 10]","[6, 7, 2, 11]","[4, 3, 10]","[8, 6, 11, 1]","[1, 9, 8, 6, 7, 2, 11, 1]","[(1, 5), (5, 8), (8, 4), (4, 6), (6, 3), (3, 11), (11, 10), (10, 1)]","[(1, 0.0), (9, 0.0), (8, 0.0), (6, 0.0), (7, 2012.0), (2, 3018.0), (11, 4022.0), (1, 6036.0)]"
SA,10,7,bench_10_5,ok,-32684.6289,,30.0046,7,4,3,4,6155.0,38839.6289,534.2452,7038.0,22750.0,10055.0,3309247,0.9269,82,"[6, 7, 2, 11, 4, 3, 10]","[6, 7, 2, 11]","[4, 3, 10]","[8, 6, 11, 1]","[1, 9, 8, 6, 7, 2, 11, 1]","[(1, 5), (5, 8), (8, 4), (4, 6), (6, 3), (3, 11), (11, 10), (10, 1)]","[(1, 0.0), (9, 0.0), (8, 0.0), (6, 0.0), (7, 2012.0), (2, 3018.0), (11, 4022.0), (1, 6036.0)]"
SA,10,9,bench_10_5,ok,-32684.6289,,30.0046,7,4,3,4,6155.0,38839.6289,534.2452,7038.0,22750.0,10055.0,3313262,0.5387,82,"[6, 7, 2, 11, 4, 3, 10]","[6, 7, 2, 11]","[4, 3, 10]","[8, 6, 11, 1]","[1, 9, 8, 6, 7, 2, 11, 1]","[(1, 5), (5, 8), (8, 4), (4, 6), (6, 3), (3, 11), (11, 10), (10, 1)]","[(1, 0.0), (9, 0.0), (8, 0.0), (6, 0.0), (7, 2012.0), (2, 3018.0), (11, 4022.0), (1, 6036.0)]"
SA,15,1,bench_15_1,ok,-36385.6115,,120.0604,11,6,5,7,9094.0,45479.6115,625.5793,11051.0,34126.0,15068.0,10697457,120.0604,183,"[9, 6, 10, 4, 3, 2, 8, 7, 13, 5, 15]","[9, 6, 10, 4, 3, 2]","[8, 7, 13, 5, 15]","[16, 12, 9, 6, 4, 2, 1]","[1, 16, 12, 9, 6, 10, 4, 3, 2, 1]","[(1, 11), (11, 16), (16, 14), (14, 12), (12, 8), (8, 9), (9, 7), (7, 6), (6, 13), (13, 4), (4, 5), (5, 2), (2, 15), (15, 1)]","[(1, 0.0), (16, 0.0), (12, 0.0), (9, 0.0), (6, 2018.0), (10, 4021.0), (4, 5026.0), (3, 7039.0), (2, 8040.0), (1, 10049.0)]"
SA,15,3,bench_15_1,ok,-36385.6115,,120.0539,11,6,5,7,9094.0,45479.6115,625.5793,11051.0,34126.0,15068.0,10861630,34.4254,186,"[9, 6, 10, 4, 3, 2, 8, 7, 13, 5, 15]","[9, 6, 10, 4, 3, 2]","[8, 7, 13, 5, 15]","[16, 12, 9, 6, 4, 2, 1]","[1, 16, 12, 9, 6, 10, 4, 3, 2, 1]","[(1, 11), (11, 16), (16, 14), (14, 12), (12, 8), (8, 9), (9, 7), (7, 6), (6, 13), (13, 4), (4, 5), (5, 2), (2, 15), (15, 1)]","[(1, 0.0), (16, 0.0), (12, 0.0), (9, 0.0), (6, 2018.0), (10, 4021.0), (4, 5026.0), (3, 7039.0), (2, 8040.0), (1, 10049.0)]"
SA,15,5,bench_15_1,ok,-36484.653,,120.0439,11,6,5,6,9377.0,45861.653,630.8343,11045.0,34126.0,15068.0,10969654,92.4243,188,"[13, 6, 10, 4, 3, 2, 9, 8, 7, 16, 15]","[13, 6, 10, 4, 3, 2]","[9, 8, 7, 16, 15]","[11, 12, 6, 4, 2, 1]","[1, 11, 13, 12, 6, 10, 5, 4, 3, 2, 1]","[(1, 14), (14, 11), (11, 9), (9, 12), (12, 8), (8, 6), (6, 7), (7, 4), (4, 16), (16, 2), (2, 15), (15, 1)]","[(1, 0.0), (11, 0.0), (13, 0.0), (12, 1005.0), (6, 2014.0), (10, 4024.0), (5, 5029.0), (4, 5029.0), (3, 7039.0), (2, 8040.0), (1, 10043.0)]"
SA,15,7,bench_15_1,ok,-36385.6115,,120.0544,11,6,5,7,9094.0,45479.6115,625.5793,11051.0,34126.0,15068.0,10962082,31.6204,188,"[9, 6, 10, 4, 3, 2, 8, 7, 13, 5, 15]","[9, 6, 10, 4, 3, 2]","[8, 7, 13, 5, 15]","[16, 12, 9, 6, 4, 2, 1]","[1, 16, 12, 9, 6, 10, 4, 3, 2, 1]","[(1, 11), (11, 16), (16, 14), (14, 12), (12, 8), (8, 9), (9, 7), (7, 6), (6, 13), (13, 4), (4, 5), (5, 2), (2, 15), (15, 1)]","[(1, 0.0), (16, 0.0), (12, 0.0), (9, 0.0), (6, 2018.0), (10, 4021.0), (4, 5026.0), (3, 7039.0), (2, 8040.0), (1, 10049.0)]"
SA,15,9,bench_15_1,ok,-36462.3566,,120.0535,10,6,4,7,8562.0,45024.3566,619.3171,10043.0,34126.0,15068.0,10953789,41.8229,187,"[9, 6, 10, 4, 3, 2, 8, 7, 13, 15]","[9, 6, 10, 4, 3, 2]","[8, 7, 13, 15]","[16, 12, 9, 6, 10, 2, 1]","[1, 16, 12, 9, 6, 10, 4, 3, 2, 1]","[(1, 11), (11, 16), (16, 14), (14, 12), (12, 8), (8, 9), (9, 7), (7, 6), (6, 5), (5, 10), (10, 13), (13, 2), (2, 15), (15, 1)]","[(1, 0.0), (16, 0.0), (12, 0.0), (9, 0.0), (6, 2018.0), (10, 4021.0), (4, 5026.0), (3, 6034.0), (2, 7035.0), (1, 9041.0)]"
SA,15,1,bench_15_2,ok,-39951.7395,,120.0774,10,5,5,7,8049.0,48000.7395,660.2578,10039.0,34126.0,15070.0,11228467,120.0774,192,"[4, 7, 8, 15, 16, 5, 6, 11, 12, 13]","[4, 7, 8, 15, 16]","[5, 6, 11, 12, 13]","[9, 3, 4, 7, 10, 15, 1]","[1, 9, 3, 4, 7, 8, 10, 15, 16, 1]","[(1, 14), (14, 9), (9, 2), (2, 3), (3, 5), (5, 4), (4, 6), (6, 7), (7, 11), (11, 10), (10, 12), (12, 15), (15, 13), (13, 1)]","[(1, 0.0), (9, 0.0), (3, 0.0), (4, 0.0), (7, 2014.0), (8, 4019.0), (10, 5019.0), (15, 6025.0), (16, 8035.0), (1, 9035.0)]"
SA,15,3,bench_15_2,ok,-40273.0563,,120.0424,12,7,5,6,9688.0,49961.0563,687.2222,12059.0,34126.0,15070.0,11075462,23.6183,189,"[7, 6, 4, 3, 2, 15, 16, 11, 5, 9, 13, 14]","[7, 6, 4, 3, 2, 15, 16]","[11, 5, 9, 13, 14]","[10, 4, 3, 2, 15, 1]","[1, 10, 8, 7, 6, 4, 3, 2, 15, 16, 1]","[(1, 12), (12, 10), (10, 11), (11, 4), (4, 5), (5, 3), (3, 9), (9, 2), (2, 13), (13, 15), (15, 14), (14, 1)]","[(1, 0.0), (10, 0.0), (8, 0.0), (7, 0.0), (6, 1004.0), (4, 2005.0), (3, 4016.0), (2, 6033.0), (15, 8043.0), (16, 10053.0), (1, 11053.0)]"
SA,15,5,bench_15_2,ok,-40860.732,,120.0547,12,6,6,7,9559.0,50419.732,693.5314,12055.0,34126.0,15070.0,11190116,0.5234,191,"[7, 8, 9, 2, 15, 16, 5, 6, 11, 4, 3, 14]","[7, 8, 9, 2, 15, 16]","[5, 6, 11, 4, 3, 14]","[13, 7, 8, 10, 2, 15, 1]","[1, 13, 7, 8, 10, 9, 2, 15, 16, 1]","[(1, 12), (12, 13), (13, 5), (5, 7), (7, 6), (6, 8), (8, 11), (11, 10), (10, 4), (4, 2), (2, 3), (3, 15), (15, 14), (14, 1)]","[(1, 0.0), (13, 0.0), (7, 0.0), (8, 2013.0), (10, 4014.0), (9, 5020.0), (2, 6022.0), (15, 8035.0), (16, 10049.0), (1, 11049.0)]"
SA,15,7,bench_15_2,ok,-39847.1294,,120.0476,9,5,4,6,7691.0,47538.1294,653.8945,9041.0,34126.0,15070.0,11178453,120.0476,191,"[4, 6, 7, 15, 16, 5, 11, 14, 13]","[4, 6, 7, 15, 16]","[5, 11, 14, 13]","[3, 4, 6, 10, 15, 1]","[1, 2, 3, 4, 6, 7, 8, 10, 15, 16, 1]","[(1, 12), (12, 3), (3, 9), (9, 4), (4, 5), (5, 6), (6, 11), (11, 10), (10, 14), (14, 15), (15, 13), (13, 1)]","[(1, 0.0), (2, 0.0), (3, 0.0), (4, 0.0), (6, 1005.0), (7, 3015.0), (8, 4019.0), (10, 4019.0), (15, 5025.0), (16, 7037.0), (1, 8037.0)]"
SA,15,9,bench_15_2,ok,-39847.1294,,120.0445,9,5,4,6,7691.0,47538.1294,653.8945,9041.0,34126.0,15070.0,11306159,1.9116,193,"[4, 6, 7, 15, 16, 5, 11, 14, 13]","[4, 6, 7, 15, 16]","[5, 11, 14, 13]","[3, 4, 6, 10, 15, 1]","[1, 2, 3, 4, 6, 7, 8, 10, 15, 16, 1]","[(1, 12), (12, 3), (3, 9), (9, 4), (4, 5), (5, 6), (6, 11), (11, 10), (10, 14), (14, 15), (15, 13), (13, 1)]","[(1, 0.0), (2, 0.0), (3, 0.0), (4, 0.0), (6, 1005.0), (7, 3015.0), (8, 4019.0), (10, 4019.0), (15, 5025.0), (16, 7037.0), (1, 8037.0)]"
SA,15,1,bench_15_3,ok,-36447.5204,,120.0373,13,8,5,5,10857.0,47304.5204,650.6812,13074.0,34126.0,15084.0,11205622,120.0372,192,"[8, 3, 7, 11, 14, 13, 12, 16, 5, 4, 6, 10, 15]","[8, 3, 7, 11, 14, 13, 12, 16]","[5, 4, 6, 10, 15]","[8, 7, 11, 16, 1]","[1, 2, 9, 8, 3, 7, 11, 14, 13, 12, 16, 1]","[(1, 5), (5, 8), (8, 4), (4, 7), (7, 6), (6, 11), (11, 10), (10, 16), (16, 15), (15, 1)]","[(1, 0.0), (2, 0.0), (9, 0.0), (8, 0.0), (3, 2011.0), (7, 3019.0), (11, 5036.0), (14, 7048.0), (13, 8056.0), (12, 9064.0), (16, 10064.0), (1, 12071.0)]"
SA,15,3,bench_15_3,ok,-36700.9388,,120.0336,15,10,5,5,12311.0,49011.9388,674.167,15084.0,34126.0,15084.0,11162327,12.454,191,"[15, 9, 3, 8, 7, 11, 14, 13, 12, 16, 5, 4, 6, 10, 2]","[15, 9, 3, 8, 7, 11, 14, 13, 12, 16]","[5, 4, 6, 10, 2]","[3, 7, 11, 12, 1]","[1, 15, 9, 3, 8, 7, 11, 14, 13, 12, 16, 1]","[(15, 5), (5, 3), (3, 4), (4, 7), (7, 6), (6, 11), (11, 10), (10, 12), (12, 2), (2, 1)]","[(1, 0.0), (15, 0.0), (9, 1003.0), (3, 2011.0), (8, 4024.0), (7, 5030.0), (11, 7047.0), (14, 9059.0), (13, 10067.0), (12, 11075.0), (16, 13082.0), (1, 14082.0)]"
SA,15,5,bench_15_3,ok,-36293.5512,,120.076,13,8,5,6,10924.0,47217.5512,649.4849,13079.0,34126.0,15084.0,11242184,120.0759,192,"[9, 3, 8, 7, 11, 14, 13, 16, 5, 4, 6, 10, 12]","[9, 3, 8, 7, 11, 14, 13, 16]","[5, 4, 6, 10, 12]","[2, 3, 7, 11, 16, 1]","[1, 2, 9, 3, 8, 7, 11, 14, 13, 16, 1]","[(1, 15), (15, 2), (2, 5), (5, 3), (3, 4), (4, 7), (7, 6), (6, 11), (11, 10), (10, 16), (16, 12), (12, 1)]","[(1, 0.0), (2, 0.0), (9, 0.0), (3, 1008.0), (8, 3021.0), (7, 4027.0), (11, 6044.0), (14, 8056.0), (13, 9064.0), (16, 10072.0), (1, 12079.0)]"
SA,15,7,bench_15_3,ok,-36689.4522,,120.0348,11,7,4,5,9182.0,45871.4522,630.9691,11056.0,34126.0,15084.0,11339180,120.0348,194,"[8, 10, 11, 14, 13, 12, 16, 3, 5, 6, 2]","[8, 10, 11, 14, 13, 12, 16]","[3, 5, 6, 2]","[8, 7, 10, 13, 1]","[1, 15, 9, 8, 7, 10, 11, 14, 13, 12, 16, 1]","[(1, 4), (4, 8), (8, 3), (3, 7), (7, 5), (5, 10), (10, 6), (6, 13), (13, 2), (2, 1)]","[(1, 0.0), (15, 0.0), (9, 0.0), (8, 0.0), (7, 1006.0), (10, 2014.0), (11, 4026.0), (14, 5029.0), (13, 6037.0), (12, 8054.0), (16, 9054.0), (1, 10054.0)]"
SA,15,9,bench_15_3,ok,-36914.53,,120.0361,13,8,5,5,10940.0,47854.53,658.2466,13074.0,34126.0,15084.0,11243016,120.0361,192,"[3, 8, 9, 11, 14, 13, 12, 16, 5, 4, 6, 10, 15]","[3, 8, 9, 11, 14, 13, 12, 16]","[5, 4, 6, 10, 15]","[3, 7, 11, 16, 1]","[1, 2, 3, 8, 7, 9, 11, 14, 13, 12, 16, 1]","[(1, 5), (5, 3), (3, 4), (4, 7), (7, 6), (6, 11), (11, 10), (10, 16), (16, 15), (15, 1)]","[(1, 0.0), (2, 0.0), (3, 0.0), (8, 2013.0), (7, 3019.0), (9, 4028.0), (11, 5036.0), (14, 7048.0), (13, 8056.0), (12, 9064.0), (16, 10064.0), (1, 12071.0)]"
SA,15,1,bench_15_4,ok,-35084.3071,,120.0593,12,6,6,7,10833.0,45917.3071,631.5998,12056.0,34126.0,15068.0,10817217,120.0592,185,"[3, 5, 11, 10, 15, 16, 7, 8, 9, 12, 13, 14]","[3, 5, 11, 10, 15, 16]","[7, 8, 9, 12, 13, 14]","[4, 5, 11, 10, 15, 16, 1]","[1, 2, 3, 4, 5, 11, 10, 15, 16, 1]","[(1, 7), (7, 4), (4, 6), (6, 5), (5, 8), (8, 11), (11, 9), (9, 10), (10, 12), (12, 15), (15, 13), (13, 16), (16, 14), (14, 1)]","[(1, 0.0), (2, 0.0), (3, 0.0), (4, 1003.0), (5, 2003.0), (11, 3012.0), (10, 5019.0), (15, 7029.0), (16, 9038.0), (1, 11049.0)]"
SA,15,3,bench_15_4,ok,-34558.1341,,120.083,14,8,6,7,12484.0,47042.1341,647.072,14061.0,34126.0,15068.0,10792845,120.0829,185,"[2, 3, 4, 9, 11, 10, 15, 16, 5, 7, 8, 12, 13, 14]","[2, 3, 4, 9, 11, 10, 15, 16]","[5, 7, 8, 12, 13, 14]","[3, 4, 11, 10, 15, 16, 1]","[1, 2, 3, 4, 9, 11, 10, 15, 16, 1]","[(1, 6), (6, 3), (3, 5), (5, 4), (4, 7), (7, 11), (11, 8), (8, 10), (10, 12), (12, 15), (15, 13), (13, 16), (16, 14), (14, 1)]","[(1, 0.0), (2, 0.0), (3, 1005.0), (4, 2008.0), (9, 4017.0), (11, 5020.0), (10, 7021.0), (15, 9034.0), (16, 11043.0), (1, 13054.0)]"
SA,15,5,bench_15_4,ok,-34558.1341,,120.0831,14,8,6,7,12484.0,47042.1341,647.072,14061.0,34126.0,15068.0,10848640,120.083,186,"[2, 3, 4, 9, 11, 10, 15, 16, 5, 7, 8, 12, 13, 14]","[2, 3, 4, 9, 11, 10, 15, 16]","[5, 7, 8, 12, 13, 14]","[3, 4, 11, 10, 15, 16, 1]","[1, 2, 3, 4, 9, 11, 10, 15, 16, 1]","[(1, 6), (6, 3), (3, 5), (5, 4), (4, 7), (7, 11), (11, 8), (8, 10), (10, 12), (12, 15), (15, 13), (13, 16), (16, 14), (14, 1)]","[(1, 0.0), (2, 0.0), (3, 1005.0), (4, 2008.0), (9, 4017.0), (11, 5020.0), (10, 7021.0), (15, 9034.0), (16, 11043.0), (1, 13054.0)]"
SA,15,7,bench_15_4,ok,-34558.1341,,120.0836,14,8,6,7,12484.0,47042.1341,647.072,14061.0,34126.0,15068.0,10883165,120.0836,186,"[2, 3, 4, 9, 11, 10, 15, 16, 5, 7, 8, 12, 13, 14]","[2, 3, 4, 9, 11, 10, 15, 16]","[5, 7, 8, 12, 13, 14]","[3, 4, 11, 10, 15, 16, 1]","[1, 2, 3, 4, 9, 11, 10, 15, 16, 1]","[(1, 6), (6, 3), (3, 5), (5, 4), (4, 7), (7, 11), (11, 8), (8, 10), (10, 12), (12, 15), (15, 13), (13, 16), (16, 14), (14, 1)]","[(1, 0.0), (2, 0.0), (3, 1005.0), (4, 2008.0), (9, 4017.0), (11, 5020.0), (10, 7021.0), (15, 9034.0), (16, 11043.0), (1, 13054.0)]"
SA,15,9,bench_15_4,ok,-35084.3071,,120.0565,12,6,6,7,10833.0,45917.3071,631.5998,12056.0,34126.0,15068.0,10720107,0.6104,183,"[3, 5, 11, 10, 15, 16, 7, 8, 9, 12, 13, 14]","[3, 5, 11, 10, 15, 16]","[7, 8, 9, 12, 13, 14]","[4, 5, 11, 10, 15, 16, 1]","[1, 2, 3, 4, 5, 11, 10, 15, 16, 1]","[(1, 7), (7, 4), (4, 6), (6, 5), (5, 8), (8, 11), (11, 9), (9, 10), (10, 12), (12, 15), (15, 13), (13, 16), (16, 14), (14, 1)]","[(1, 0.0), (2, 0.0), (3, 0.0), (4, 1003.0), (5, 2003.0), (11, 3012.0), (10, 5019.0), (15, 7029.0), (16, 9038.0), (1, 11049.0)]"
SA,15,1,bench_15_5,ok,-33375.6962,,120.0339,11,7,4,5,9306.0,42681.6962,587.0935,11065.0,34126.0,15075.0,11251722,78.0807,193,"[10, 8, 7, 9, 2, 15, 16, 4, 6, 3, 5]","[10, 8, 7, 9, 2, 15, 16]","[4, 6, 3, 5]","[14, 10, 8, 9, 1]","[1, 14, 12, 11, 10, 8, 7, 9, 2, 15, 16, 1]","[(1, 13), (13, 14), (14, 4), (4, 10), (10, 6), (6, 8), (8, 3), (3, 9), (9, 5), (5, 1)]","[(1, 0.0), (14, 0.0), (12, 0.0), (11, 0.0), (10, 0.0), (8, 2011.0), (7, 4027.0), (9, 5036.0), (2, 7051.0), (15, 8055.0), (16, 9060.0), (1, 10060.0)]"
SA,15,3,bench_15_5,ok,-33668.9364,,120.0345,12,8,4,5,9988.0,43656.9364,600.5081,12073.0,34126.0,15075.0,11308807,38.8299,194,"[12, 11, 10, 8, 7, 9, 2, 15, 4, 6, 3, 5]","[12, 11, 10, 8, 7, 9, 2, 15]","[4, 6, 3, 5]","[14, 10, 8, 9, 1]","[1, 16, 14, 12, 11, 10, 8, 7, 9, 2, 15, 1]","[(1, 13), (13, 14), (14, 4), (4, 10), (10, 6), (6, 8), (8, 3), (3, 9), (9, 5), (5, 1)]","[(1, 0.0), (16, 0.0), (14, 0.0), (12, 0.0), (11, 1004.0), (10, 2008.0), (8, 4019.0), (7, 6035.0), (9, 7044.0), (2, 9059.0), (15, 10063.0), (1, 11068.0)]"
SA,15,5,bench_15_5,ok,-33553.1938,,120.0364,12,8,4,5,10037.0,43590.1938,599.59,12069.0,34126.0,15075.0,11189507,120.0364,191,"[12, 10, 8, 7, 9, 2, 15, 16, 5, 6, 3, 4]","[12, 10, 8, 7, 9, 2, 15, 16]","[5, 6, 3, 4]","[14, 10, 8, 9, 1]","[1, 14, 12, 11, 10, 8, 7, 9, 2, 15, 16, 1]","[(1, 13), (13, 14), (14, 5), (5, 10), (10, 6), (6, 8), (8, 3), (3, 9), (9, 4), (4, 1)]","[(1, 0.0), (14, 0.0), (12, 0.0), (11, 1004.0), (10, 1004.0), (8, 3013.0), (7, 5029.0), (9, 6038.0), (2, 8053.0), (15, 9057.0), (16, 10062.0), (1, 11062.0)]"
SA,15,7,bench_15_5,ok,-33375.6962,,120.0352,11,7,4,5,9306.0,42681.6962,587.0935,11065.0,34126.0,15075.0,11164070,23.7083,191,"[10, 8, 7, 9, 2, 15, 16, 4, 6, 3, 5]","[10, 8, 7, 9, 2, 15, 16]","[4, 6, 3, 5]","[14, 10, 8, 9, 1]","[1, 14, 12, 11, 10, 8, 7, 9, 2, 15, 16, 1]","[(1, 13), (13, 14), (14, 4), (4, 10), (10, 6), (6, 8), (8, 3), (3, 9), (9, 5), (5, 1)]","[(1, 0.0), (14, 0.0), (12, 0.0), (11, 0.0), (10, 0.0), (8, 2011.0), (7, 4027.0), (9, 5036.0), (2, 7051.0), (15, 8055.0), (16, 9060.0), (1, 10060.0)]"
SA,15,9,bench_15_5,ok,-33375.6962,,120.0339,11,7,4,5,9306.0,42681.6962,587.0935,11065.0,34126.0,15075.0,11344984,71.3438,194,"[10, 8, 7, 9, 2, 15, 16, 4, 6, 3, 5]","[10, 8, 7, 9, 2, 15, 16]","[4, 6, 3, 5]","[14, 10, 8, 9, 1]","[1, 14, 12, 11, 10, 8, 7, 9, 2, 15, 16, 1]","[(1, 13), (13, 14), (14, 4), (4, 10), (10, 6), (6, 8), (8, 3), (3, 9), (9, 5), (5, 1)]","[(1, 0.0), (14, 0.0), (12, 0.0), (11, 0.0), (10, 0.0), (8, 2011.0), (7, 4027.0), (9, 5036.0), (2, 7051.0), (15, 8055.0), (16, 9060.0), (1, 10060.0)]"
SA,20,1,bench_20_1,ok,-40117.5335,,300.6983,16,9,7,9,13732.0,53849.5335,740.7089,16072.0,45501.0,20094.0,23341217,300.6982,304,"[8, 10, 9, 16, 12, 13, 18, 17, 21, 4, 7, 15, 14, 6, 19, 20]","[8, 10, 9, 16, 12, 13, 18, 17, 21]","[4, 7, 15, 14, 6, 19, 20]","[2, 3, 8, 9, 16, 13, 17, 21, 1]","[1, 2, 3, 8, 10, 9, 16, 12, 13, 18, 17, 21, 1]","[(1, 11), (11, 2), (2, 5), (5, 3), (3, 4), (4, 8), (8, 7), (7, 9), (9, 15), (15, 16), (16, 14), (14, 13), (13, 6), (6, 17), (17, 19), (19, 21), (21, 20), (20, 1)]","[(1, 0.0), (2, 0.0), (3, 0.0), (8, 0.0), (10, 2009.0), (9, 3018.0), (16, 5029.0), (12, 7036.0), (13, 8040.0), (18, 10048.0), (17, 11052.0), (21, 13058.0), (1, 15069.0)]"
SA,20,3,bench_20_1,ok,-40488.7455,,300.7064,16,9,7,9,13732.0,54220.7455,745.8149,16072.0,45501.0,20094.0,23268397,300.7064,303,"[6, 8, 10, 9, 15, 12, 18, 17, 21, 4, 7, 16, 13, 14, 19, 20]","[6, 8, 10, 9, 15, 12, 18, 17, 21]","[4, 7, 16, 13, 14, 19, 20]","[2, 3, 8, 9, 15, 12, 17, 21, 1]","[1, 2, 3, 6, 8, 10, 9, 15, 12, 18, 17, 21, 1]","[(1, 11), (11, 2), (2, 5), (5, 3), (3, 4), (4, 8), (8, 7), (7, 9), (9, 16), (16, 15), (15, 13), (13, 12), (12, 14), (14, 17), (17, 19), (19, 21), (21, 20), (20, 1)]","[(1, 0.0), (2, 0.0), (3, 0.0), (6, 0.0), (8, 1004.0), (10, 3013.0), (9, 4022.0), (15, 6033.0), (12, 8040.0), (18, 10046.0), (17, 11050.0), (21, 13058.0), (1, 15069.0)]"
SA,20,5,bench_20_1,ok,-40193.1184,,300.7224,16,9,7,9,13732.0,53925.1184,741.7485,16072.0,45501.0,20094.0,23378863,300.7223,305,"[8, 10, 9, 15, 13, 12, 18, 17, 21, 4, 7, 16, 14, 6, 19, 20]","[8, 10, 9, 15, 13, 12, 18, 17, 21]","[4, 7, 16, 14, 6, 19, 20]","[2, 3, 8, 9, 15, 12, 17, 21, 1]","[1, 2, 3, 8, 10, 9, 15, 13, 12, 18, 17, 21, 1]","[(1, 11), (11, 2), (2, 5), (5, 3), (3, 4), (4, 8), (8, 7), (7, 9), (9, 16), (16, 15), (15, 14), (14, 12), (12, 6), (6, 17), (17, 19), (19, 21), (21, 20), (20, 1)]","[(1, 0.0), (2, 0.0), (3, 0.0), (8, 0.0), (10, 2009.0), (9, 3018.0), (15, 5029.0), (13, 7036.0), (12, 8038.0), (18, 10048.0), (17, 11052.0), (21, 13058.0), (1, 15069.0)]"
SA,20,7,bench_20_1,ok,-40256.9737,,300.6951,15,9,6,9,12856.0,53112.9737,730.5774,15068.0,45501.0,20094.0,23209811,44.9554,302,"[8, 10, 9, 16, 12, 13, 18, 17, 21, 7, 14, 15, 4, 19, 20]","[8, 10, 9, 16, 12, 13, 18, 17, 21]","[7, 14, 15, 4, 19, 20]","[2, 3, 8, 9, 16, 12, 17, 21, 1]","[1, 2, 3, 8, 10, 9, 16, 12, 13, 18, 17, 21, 1]","[(1, 11), (11, 2), (2, 6), (6, 3), (3, 5), (5, 8), (8, 7), (7, 9), (9, 14), (14, 16), (16, 15), (15, 12), (12, 4), (4, 17), (17, 19), (19, 21), (21, 20), (20, 1)]","[(1, 0.0), (2, 0.0), (3, 0.0), (8, 0.0), (10, 1004.0), (9, 2013.0), (16, 4024.0), (12, 6034.0), (13, 8041.0), (18, 9043.0), (17, 10047.0), (21, 12054.0), (1, 14065.0)]"
SA,20,9,bench_20_1,ok,-40359.1394,,300.6989,16,9,7,9,13508.0,53867.1394,740.951,16075.0,45501.0,20094.0,23022173,300.6988,300,"[8, 10, 9, 16, 12, 13, 18, 17, 21, 4, 7, 15, 14, 5, 19, 20]","[8, 10, 9, 16, 12, 13, 18, 17, 21]","[4, 7, 15, 14, 5, 19, 20]","[2, 3, 8, 9, 16, 12, 17, 21, 1]","[1, 2, 3, 8, 10, 9, 16, 12, 13, 18, 17, 21, 1]","[(1, 11), (11, 2), (2, 6), (6, 3), (3, 4), (4, 8), (8, 7), (7, 9), (9, 15), (15, 16), (16, 14), (14, 12), (12, 5), (5, 17), (17, 19), (19, 21), (21, 20), (20, 1)]","[(1, 0.0), (2, 0.0), (3, 0.0), (8, 0.0), (10, 2009.0), (9, 3018.0), (16, 5029.0), (12, 7036.0), (13, 9046.0), (18, 10048.0), (17, 11052.0), (21, 13061.0), (1, 15072.0)]"
SA,20,1,bench_20_2,ok,-39446.9314,,300.8124,19,11,8,9,15140.0,54586.9314,750.8519,19094.0,45501.0,20098.0,23347449,300.8124,304,"[16, 13, 9, 8, 12, 10, 3, 2, 20, 19, 21, 17, 14, 7, 5, 6, 4, 11, 18]","[16, 13, 9, 8, 12, 10, 3, 2, 20, 19, 21]","[17, 14, 7, 5, 6, 4, 11, 18]","[16, 13, 9, 8, 12, 10, 2, 19, 1]","[1, 16, 13, 9, 8, 12, 10, 3, 2, 20, 19, 21, 1]","[(1, 17), (17, 16), (16, 15), (15, 13), (13, 14), (14, 9), (9, 7), (7, 8), (8, 5), (5, 12), (12, 6), (6, 10), (10, 4), (4, 2), (2, 11), (11, 19), (19, 18), (18, 1)]","[(1, 0.0), (16, 0.0), (13, 2010.0), (9, 3016.0), (8, 5025.0), (12, 7030.0), (10, 9042.0), (3, 11053.0), (2, 12061.0), (20, 14073.0), (19, 15079.0), (21, 17089.0), (1, 18089.0)]"
SA,20,3,bench_20_2,ok,-39630.2198,,300.6289,16,9,7,8,13185.0,52815.2198,726.4817,16083.0,45501.0,20098.0,23796894,300.6289,310,"[13, 14, 8, 10, 3, 2, 20, 19, 21, 17, 5, 7, 6, 4, 11, 18]","[13, 14, 8, 10, 3, 2, 20, 19, 21]","[17, 5, 7, 6, 4, 11, 18]","[16, 13, 9, 8, 10, 2, 19, 1]","[1, 16, 15, 13, 14, 9, 8, 10, 3, 2, 20, 19, 21, 1]","[(1, 17), (17, 16), (16, 12), (12, 13), (13, 5), (5, 9), (9, 7), (7, 8), (8, 6), (6, 10), (10, 4), (4, 2), (2, 11), (11, 19), (19, 18), (18, 1)]","[(1, 0.0), (16, 0.0), (15, 1006.0), (13, 1006.0), (14, 2012.0), (9, 3021.0), (8, 4026.0), (10, 6031.0), (3, 8042.0), (2, 9050.0), (20, 11062.0), (19, 12068.0), (21, 14078.0), (1, 15078.0)]"
SA,20,5,bench_20_2,ok,-39617.5136,,300.4607,16,8,8,8,12987.0,52604.5136,723.5834,16077.0,45501.0,20098.0,23948633,94.7054,312,"[8, 9, 10, 3, 2, 20, 19, 21, 17, 14, 5, 7, 6, 4, 11, 18]","[8, 9, 10, 3, 2, 20, 19, 21]","[17, 14, 5, 7, 6, 4, 11, 18]","[15, 13, 8, 9, 10, 2, 19, 1]","[1, 16, 15, 13, 8, 9, 12, 10, 3, 2, 20, 19, 21, 1]","[(1, 17), (17, 15), (15, 14), (14, 13), (13, 5), (5, 8), (8, 7), (7, 9), (9, 6), (6, 10), (10, 4), (4, 2), (2, 11), (11, 19), (19, 18), (18, 1)]","[(1, 0.0), (16, 0.0), (15, 0.0), (13, 1006.0), (8, 2015.0), (9, 4024.0), (12, 6025.0), (10, 6025.0), (3, 8036.0), (2, 9044.0), (20, 11056.0), (19, 12062.0), (21, 14072.0), (1, 15072.0)]"
SA,20,7,bench_20_2,ok,-39444.3058,,300.2932,17,12,5,7,13849.0,53293.3058,733.0579,17078.0,45501.0,20098.0,23687048,300.2932,309,"[2, 10, 6, 5, 7, 8, 9, 12, 11, 20, 19, 21, 15, 13, 14, 17, 18]","[2, 10, 6, 5, 7, 8, 9, 12, 11, 20, 19, 21]","[15, 13, 14, 17, 18]","[10, 4, 8, 12, 11, 19, 1]","[1, 2, 10, 4, 6, 5, 7, 8, 9, 12, 11, 20, 19, 21, 1]","[(1, 16), (16, 10), (10, 3), (3, 4), (4, 15), (15, 8), (8, 13), (13, 12), (12, 14), (14, 11), (11, 17), (17, 19), (19, 18), (18, 1)]","[(1, 0.0), (2, 0.0), (10, 1004.0), (4, 2006.0), (6, 2006.0), (5, 3015.0), (7, 4020.0), (8, 5021.0), (9, 7029.0), (12, 8029.0), (11, 10042.0), (20, 12060.0), (19, 13066.0), (21, 15073.0), (1, 16073.0)]"
SA,20,9,bench_20_2,ok,-40132.7387,,300.7027,18,10,8,9,14354.0,54486.7387,749.4737,18090.0,45501.0,20098.0,23459037,300.7026,306,"[14, 9, 8, 12, 10, 3, 2, 20, 19, 21, 17, 13, 7, 5, 6, 4, 11, 18]","[14, 9, 8, 12, 10, 3, 2, 20, 19, 21]","[17, 13, 7, 5, 6, 4, 11, 18]","[16, 14, 9, 8, 12, 10, 2, 19, 1]","[1, 16, 14, 9, 8, 12, 10, 3, 2, 20, 19, 21, 1]","[(1, 15), (15, 16), (16, 17), (17, 14), (14, 13), (13, 9), (9, 7), (7, 8), (8, 5), (5, 12), (12, 6), (6, 10), (10, 4), (4, 2), (2, 11), (11, 19), (19, 18), (18, 1)]","[(1, 0.0), (16, 0.0), (14, 0.0), (9, 2015.0), (8, 4021.0), (12, 6026.0), (10, 8038.0), (3, 10049.0), (2, 11057.0), (20, 13069.0), (19, 14075.0), (21, 16085.0), (1, 17085.0)]"
SA,20,1,bench_20_3,ok,-35025.7612,,300.5253,18,11,7,8,15454.0,50479.7612,694.3571,18099.0,45501.0,20106.0,24091237,300.5252,314,"[12, 4, 5, 11, 10, 9, 14, 15, 18, 17, 21, 7, 6, 8, 13, 19, 20, 16]","[12, 4, 5, 11, 10, 9, 14, 15, 18, 17, 21]","[7, 6, 8, 13, 19, 20, 16]","[3, 5, 9, 14, 15, 17, 21, 1]","[1, 3, 12, 4, 5, 11, 10, 9, 14, 15, 18, 17, 21, 1]","[(1, 2), (2, 3), (3, 7), (7, 5), (5, 6), (6, 9), (9, 8), (8, 14), (14, 13), (13, 15), (15, 19), (19, 17), (17, 20), (20, 21), (21, 16), (16, 1)]","[(1, 0.0), (3, 0.0), (12, 0.0), (4, 1008.0), (5, 2010.0), (11, 4023.0), (10, 5029.0), (9, 6037.0), (14, 8049.0), (15, 10062.0), (18, 12072.0), (17, 13080.0), (21, 15096.0), (1, 17099.0)]"
SA,20,3,bench_20_3,ok,-35024.6826,,300.5141,17,10,7,8,14648.0,49672.6826,683.2556,17091.0,45501.0,20106.0,24126765,300.514,315,"[4, 5, 11, 10, 9, 14, 15, 17, 16, 21, 7, 6, 8, 13, 19, 18, 20]","[4, 5, 11, 10, 9, 14, 15, 17, 16, 21]","[7, 6, 8, 13, 19, 18, 20]","[3, 5, 9, 14, 15, 17, 16, 1]","[1, 3, 12, 4, 5, 11, 10, 9, 14, 15, 17, 16, 21, 1]","[(1, 2), (2, 3), (3, 7), (7, 5), (5, 6), (6, 9), (9, 8), (8, 14), (14, 13), (13, 15), (15, 19), (19, 17), (17, 18), (18, 16), (16, 20), (20, 1)]","[(1, 0.0), (3, 0.0), (12, 0.0), (4, 0.0), (5, 1002.0), (11, 3015.0), (10, 4021.0), (9, 5029.0), (14, 7041.0), (15, 9054.0), (17, 11064.0), (16, 13080.0), (21, 15088.0), (1, 16088.0)]"
SA,20,5,bench_20_3,ok,-35024.6826,,300.4691,17,10,7,8,14648.0,49672.6826,683.2556,17091.0,45501.0,20106.0,23985862,57.8446,313,"[4, 5, 11, 10, 9, 14, 15, 17, 16, 21, 7, 6, 8, 13, 19, 18, 20]","[4, 5, 11, 10, 9, 14, 15, 17, 16, 21]","[7, 6, 8, 13, 19, 18, 20]","[3, 5, 9, 14, 15, 17, 16, 1]","[1, 3, 12, 4, 5, 11, 10, 9, 14, 15, 17, 16, 21, 1]","[(1, 2), (2, 3), (3, 7), (7, 5), (5, 6), (6, 9), (9, 8), (8, 14), (14, 13), (13, 15), (15, 19), (19, 17), (17, 18), (18, 16), (16, 20), (20, 1)]","[(1, 0.0), (3, 0.0), (12, 0.0), (4, 0.0), (5, 1002.0), (11, 3015.0), (10, 4021.0), (9, 5029.0), (14, 7041.0), (15, 9054.0), (17, 11064.0), (16, 13080.0), (21, 15088.0), (1, 16088.0)]"
SA,20,7,bench_20_3,ok,-35024.6826,,300.4668,17,10,7,8,14648.0,49672.6826,683.2556,17091.0,45501.0,20106.0,23911842,44.4907,312,"[4, 5, 11, 10, 9, 14, 15, 17, 16, 21, 7, 6, 8, 13, 19, 18, 20]","[4, 5, 11, 10, 9, 14, 15, 17, 16, 21]","[7, 6, 8, 13, 19, 18, 20]","[3, 5, 9, 14, 15, 17, 16, 1]","[1, 3, 12, 4, 5, 11, 10, 9, 14, 15, 17, 16, 21, 1]","[(1, 2), (2, 3), (3, 7), (7, 5), (5, 6), (6, 9), (9, 8), (8, 14), (14, 13), (13, 15), (15, 19), (19, 17), (17, 18), (18, 16), (16, 20), (20, 1)]","[(1, 0.0), (3, 0.0), (12, 0.0), (4, 0.0), (5, 1002.0), (11, 3015.0), (10, 4021.0), (9, 5029.0), (14, 7041.0), (15, 9054.0), (17, 11064.0), (16, 13080.0), (21, 15088.0), (1, 16088.0)]"
SA,20,9,bench_20_3,ok,-35025.7612,,300.4636,18,11,7,8,15454.0,50479.7612,694.3571,18099.0,45501.0,20106.0,23651958,49.1194,308,"[12, 4, 5, 11, 10, 9, 14, 15, 18, 17, 21, 7, 6, 8, 13, 19, 20, 16]","[12, 4, 5, 11, 10, 9, 14, 15, 18, 17, 21]","[7, 6, 8, 13, 19, 20, 16]","[3, 5, 9, 14, 15, 17, 21, 1]","[1, 3, 12, 4, 5, 11, 10, 9, 14, 15, 18, 17, 21, 1]","[(1, 2), (2, 3), (3, 7), (7, 5), (5, 6), (6, 9), (9, 8), (8, 14), (14, 13), (13, 15), (15, 19), (19, 17), (17, 20), (20, 21), (21, 16), (16, 1)]","[(1, 0.0), (3, 0.0), (12, 0.0), (4, 1008.0), (5, 2010.0), (11, 4023.0), (10, 5029.0), (9, 6037.0), (14, 8049.0), (15, 10062.0), (18, 12072.0), (17, 13080.0), (21, 15096.0), (1, 17099.0)]"
SA,20,1,bench_20_4,ok,-37088.0452,,300.0442,18,8,10,10,15946.0,53034.0452,729.4917,18080.0,45501.0,20092.0,23396724,126.0644,305,"[3, 7, 10, 15, 14, 13, 18, 19, 16, 4, 5, 8, 9, 11, 20, 12, 17, 21]","[3, 7, 10, 15, 14, 13, 18, 19]","[16, 4, 5, 8, 9, 11, 20, 12, 17, 21]","[3, 6, 7, 10, 15, 14, 13, 18, 19, 1]","[1, 2, 3, 6, 7, 10, 15, 14, 13, 18, 19, 1]","[(1, 16), (16, 3), (3, 4), (4, 6), (6, 5), (5, 7), (7, 8), (8, 10), (10, 9), (9, 15), (15, 11), (11, 14), (14, 20), (20, 13), (13, 12), (12, 18), (18, 17), (17, 19), (19, 21), (21, 1)]","[(1, 0.0), (2, 0.0), (3, 0.0), (6, 2009.0), (7, 3009.0), (10, 5018.0), (15, 7024.0), (14, 9030.0), (13, 11040.0), (18, 13048.0), (19, 15059.0), (1, 17073.0)]"
SA,20,3,bench_20_4,ok,-37003.0543,,300.2505,18,9,9,10,15946.0,52949.0543,728.3226,18080.0,45501.0,20092.0,23524730,300.2505,307,"[3, 5, 7, 10, 15, 14, 13, 18, 19, 16, 4, 8, 9, 11, 20, 12, 17, 21]","[3, 5, 7, 10, 15, 14, 13, 18, 19]","[16, 4, 8, 9, 11, 20, 12, 17, 21]","[3, 5, 7, 10, 15, 14, 13, 18, 19, 1]","[1, 2, 3, 5, 7, 10, 15, 14, 13, 18, 19, 1]","[(1, 16), (16, 3), (3, 4), (4, 5), (5, 6), (6, 7), (7, 8), (8, 10), (10, 9), (9, 15), (15, 11), (11, 14), (14, 20), (20, 13), (13, 12), (12, 18), (18, 17), (17, 19), (19, 21), (21, 1)]","[(1, 0.0), (2, 0.0), (3, 0.0), (5, 2009.0), (7, 4018.0), (10, 5018.0), (15, 7024.0), (14, 9030.0), (13, 11040.0), (18, 13048.0), (19, 15059.0), (1, 17073.0)]"
SA,20,5,bench_20_4,ok,-37061.8107,,300.2972,18,9,9,10,15743.0,52804.8107,726.3385,18081.0,45501.0,20092.0,23666856,300.2971,309,"[3, 5, 7, 10, 15, 14, 13, 18, 19, 4, 6, 8, 9, 11, 20, 12, 17, 21]","[3, 5, 7, 10, 15, 14, 13, 18, 19]","[4, 6, 8, 9, 11, 20, 12, 17, 21]","[3, 5, 7, 10, 15, 14, 13, 18, 19, 1]","[1, 2, 3, 5, 7, 10, 15, 14, 13, 18, 19, 1]","[(1, 16), (16, 3), (3, 4), (4, 5), (5, 6), (6, 7), (7, 8), (8, 10), (10, 9), (9, 15), (15, 11), (11, 14), (14, 20), (20, 13), (13, 12), (12, 18), (18, 17), (17, 19), (19, 21), (21, 1)]","[(1, 0.0), (2, 0.0), (3, 0.0), (5, 1003.0), (7, 3012.0), (10, 5019.0), (15, 7025.0), (14, 9031.0), (13, 11041.0), (18, 13049.0), (19, 15060.0), (1, 17074.0)]"
SA,20,7,bench_20_4,ok,-37003.0543,,300.6332,18,9,9,10,15946.0,52949.0543,728.3226,18080.0,45501.0,20092.0,23575957,300.6332,307,"[3, 5, 7, 10, 15, 14, 13, 18, 19, 16, 4, 8, 9, 11, 20, 12, 17, 21]","[3, 5, 7, 10, 15, 14, 13, 18, 19]","[16, 4, 8, 9, 11, 20, 12, 17, 21]","[3, 5, 7, 10, 15, 14, 13, 18, 19, 1]","[1, 2, 3, 5, 7, 10, 15, 14, 13, 18, 19, 1]","[(1, 16), (16, 3), (3, 4), (4, 5), (5, 6), (6, 7), (7, 8), (8, 10), (10, 9), (9, 15), (15, 11), (11, 14), (14, 20), (20, 13), (13, 12), (12, 18), (18, 17), (17, 19), (19, 21), (21, 1)]","[(1, 0.0), (2, 0.0), (3, 0.0), (5, 2009.0), (7, 4018.0), (10, 5018.0), (15, 7024.0), (14, 9030.0), (13, 11040.0), (18, 13048.0), (19, 15059.0), (1, 17073.0)]"
SA,20,9,bench_20_4,ok,-37255.0967,,300.8722,18,11,7,9,16014.0,53269.0967,732.7249,18083.0,45501.0,20092.0,23644276,300.8721,308,"[3, 4, 5, 7, 10, 15, 14, 13, 17, 18, 19, 11, 8, 9, 12, 16, 2, 21]","[3, 4, 5, 7, 10, 15, 14, 13, 17, 18, 19]","[11, 8, 9, 12, 16, 2, 21]","[3, 5, 7, 10, 15, 14, 17, 19, 1]","[1, 3, 4, 5, 7, 10, 15, 14, 13, 17, 18, 19, 1]","[(1, 20), (20, 3), (3, 11), (11, 5), (5, 6), (6, 7), (7, 8), (8, 10), (10, 9), (9, 15), (15, 12), (12, 14), (14, 16), (16, 17), (17, 2), (2, 19), (19, 21), (21, 1)]","[(1, 0.0), (3, 0.0), (4, 1003.0), (5, 2003.0), (7, 4015.0), (10, 5015.0), (15, 7021.0), (14, 9027.0), (13, 11041.0), (17, 12047.0), (18, 14060.0), (19, 15064.0), (1, 17076.0)]"
SA,20,1,bench_20_5,ok,-37515.7381,,300.0378,15,8,7,10,12322.0,49837.7381,685.526,15074.0,45501.0,20090.0,23558958,276.5667,307,"[14, 9, 6, 11, 12, 3, 20, 21, 8, 7, 5, 10, 4, 18, 19]","[14, 9, 6, 11, 12, 3, 20, 21]","[8, 7, 5, 10, 4, 18, 19]","[17, 13, 14, 9, 6, 11, 12, 20, 21, 1]","[1, 17, 13, 14, 9, 6, 11, 12, 3, 20, 21, 1]","[(1, 2), (2, 17), (17, 16), (16, 13), (13, 15), (15, 14), (14, 8), (8, 9), (9, 7), (7, 6), (6, 5), (5, 11), (11, 10), (10, 12), (12, 4), (4, 20), (20, 18), (18, 21), (21, 19), (19, 1)]","[(1, 0.0), (17, 0.0), (13, 0.0), (14, 0.0), (9, 1004.0), (6, 3011.0), (11, 5025.0), (12, 7039.0), (3, 9054.0), (20, 10058.0), (21, 12072.0), (1, 14074.0)]"
SA,20,3,bench_20_5,ok,-38459.7694,,300.6941,13,8,5,9,10981.0,49440.7694,680.0656,13074.0,45501.0,20090.0,23535189,170.4709,307,"[14, 9, 6, 10, 11, 12, 3, 2, 7, 5, 4, 20, 18]","[14, 9, 6, 10, 11, 12, 3, 2]","[7, 5, 4, 20, 18]","[17, 13, 14, 9, 6, 11, 3, 2, 1]","[1, 21, 17, 13, 14, 9, 6, 10, 11, 12, 3, 2, 1]","[(1, 19), (19, 17), (17, 16), (16, 13), (13, 15), (15, 14), (14, 8), (8, 9), (9, 7), (7, 6), (6, 5), (5, 11), (11, 4), (4, 3), (3, 20), (20, 2), (2, 18), (18, 1)]","[(1, 0.0), (21, 0.0), (17, 0.0), (13, 0.0), (14, 0.0), (9, 1004.0), (6, 2009.0), (10, 4023.0), (11, 5032.0), (12, 7046.0), (3, 8052.0), (2, 10065.0), (1, 12072.0)]"
SA,20,5,bench_20_5,ok,-38086.9305,,300.6962,13,8,5,9,10981.0,49067.9305,674.9371,13074.0,45501.0,20090.0,23677694,300.6962,309,"[14, 9, 6, 11, 10, 12, 3, 20, 7, 5, 4, 2, 18]","[14, 9, 6, 11, 10, 12, 3, 20]","[7, 5, 4, 2, 18]","[17, 16, 14, 9, 6, 11, 12, 20, 1]","[1, 21, 17, 16, 14, 9, 6, 11, 10, 12, 3, 20, 1]","[(1, 19), (19, 17), (17, 13), (13, 16), (16, 15), (15, 14), (14, 8), (8, 9), (9, 7), (7, 6), (6, 5), (5, 11), (11, 4), (4, 12), (12, 2), (2, 20), (20, 18), (18, 1)]","[(1, 0.0), (21, 0.0), (17, 0.0), (16, 0.0), (14, 0.0), (9, 1004.0), (6, 2009.0), (11, 4023.0), (10, 6037.0), (12, 7046.0), (3, 9061.0), (20, 10065.0), (1, 12072.0)]"
SA,20,7,bench_20_5,ok,-38087.2381,,300.3918,15,8,7,10,12114.0,50201.2381,690.526,15074.0,45501.0,20090.0,23318805,300.3918,304,"[14, 9, 6, 11, 12, 3, 20, 21, 8, 7, 5, 10, 4, 2, 19]","[14, 9, 6, 11, 12, 3, 20, 21]","[8, 7, 5, 10, 4, 2, 19]","[17, 16, 14, 9, 6, 11, 12, 20, 21, 1]","[1, 17, 16, 14, 9, 6, 11, 12, 3, 20, 21, 1]","[(1, 18), (18, 17), (17, 13), (13, 16), (16, 15), (15, 14), (14, 8), (8, 9), (9, 7), (7, 6), (6, 5), (5, 11), (11, 10), (10, 12), (12, 4), (4, 20), (20, 2), (2, 21), (21, 19), (19, 1)]","[(1, 0.0), (17, 0.0), (16, 0.0), (14, 0.0), (9, 1004.0), (6, 3011.0), (11, 5025.0), (12, 7039.0), (3, 9054.0), (20, 10058.0), (21, 12072.0), (1, 14074.0)]"
SA,20,9,bench_20_5,ok,-37872.5954,,300.6876,13,8,5,9,10806.0,48678.5954,669.5818,13072.0,45501.0,20090.0,23609087,233.595,308,"[14, 9, 6, 10, 11, 12, 3, 20, 7, 5, 4, 2, 19]","[14, 9, 6, 10, 11, 12, 3, 20]","[7, 5, 4, 2, 19]","[17, 13, 14, 9, 6, 10, 12, 20, 1]","[1, 21, 17, 13, 14, 9, 6, 10, 11, 12, 3, 20, 1]","[(1, 18), (18, 17), (17, 16), (16, 13), (13, 15), (15, 14), (14, 8), (8, 9), (9, 7), (7, 6), (6, 5), (5, 10), (10, 4), (4, 12), (12, 2), (2, 20), (20, 19), (19, 1)]","[(1, 0.0), (21, 0.0), (17, 0.0), (13, 0.0), (14, 0.0), (9, 1004.0), (6, 2009.0), (10, 4023.0), (11, 6039.0), (12, 7046.0), (3, 9061.0), (20, 10065.0), (1, 12072.0)]"
SA,30,1,bench_30_1,ok,-35081.3565,,450.0229,29,16,13,13,25779.0,60860.3565,837.1438,29134.0,68251.0,30140.0,26652498,344.9007,235,"[30, 6, 7, 17, 8, 11, 15, 14, 13, 19, 21, 20, 23, 25, 28, 2, 4, 5, 18, 9, 12, 10, 16, 22, 29, 24, 26, 31, 27]","[30, 6, 7, 17, 8, 11, 15, 14, 13, 19, 21, 20, 23, 25, 28, 2]","[4, 5, 18, 9, 12, 10, 16, 22, 29, 24, 26, 31, 27]","[6, 17, 8, 11, 14, 19, 21, 20, 23, 25, 28, 2, 1]","[1, 3, 30, 6, 7, 17, 8, 11, 15, 14, 13, 19, 21, 20, 23, 25, 28, 2, 1]","[(1, 4), (4, 6), (6, 5), (5, 17), (17, 18), (18, 8), (8, 9), (9, 11), (11, 12), (12, 14), (14, 10), (10, 19), (19, 16), (16, 21), (21, 22), (22, 20), (20, 29), (29, 23), (23, 24), (24, 25), (25, 26), (26, 28), (28, 31), (31, 2), (2, 27), (27, 1)]","[(1, 0.0), (3, 0.0), (30, 0.0), (6, 1009.0), (7, 3014.0), (17, 4022.0), (8, 6037.0), (11, 8045.0), (15, 10051.0), (14, 11057.0), (13, 13063.0), (19, 14065.0), (21, 16076.0), (20, 18087.0), (23, 20095.0), (25, 22105.0), (28, 24114.0), (2, 26123.0), (1, 28134.0)]"
SA,30,3,bench_30_1,ok,-33924.996,,451.4919,29,18,11,11,25582.0,59506.996,818.5281,29135.0,68251.0,30140.0,27418559,451.4918,242,"[28, 23, 22, 21, 19, 13, 14, 15, 11, 16, 17, 7, 6, 5, 30, 3, 31, 2, 26, 24, 20, 9, 12, 10, 8, 18, 4, 29, 27]","[28, 23, 22, 21, 19, 13, 14, 15, 11, 16, 17, 7, 6, 5, 30, 3, 31, 2]","[26, 24, 20, 9, 12, 10, 8, 18, 4, 29, 27]","[23, 22, 21, 14, 11, 16, 7, 30, 3, 2, 1]","[1, 28, 25, 23, 22, 21, 19, 13, 14, 15, 11, 16, 17, 7, 6, 5, 30, 3, 31, 2, 1]","[(1, 26), (26, 23), (23, 24), (24, 22), (22, 20), (20, 21), (21, 9), (9, 14), (14, 12), (12, 11), (11, 10), (10, 16), (16, 8), (8, 7), (7, 18), (18, 30), (30, 4), (4, 3), (3, 29), (29, 2), (2, 27), (27, 1)]","[(1, 0.0), (28, 0.0), (25, 1006.0), (23, 1006.0), (22, 3015.0), (21, 5023.0), (19, 7029.0), (13, 8033.0), (14, 9035.0), (15, 11044.0), (11, 12050.0), (16, 14053.0), (17, 16069.0), (7, 17075.0), (6, 19085.0), (5, 20089.0), (30, 21098.0), (3, 23113.0), (31, 25120.0), (2, 26125.0), (1, 28135.0)]"
SA,30,5,bench_30_1,ok,-35608.6111,,450.601,28,17,11,11,25121.0,60729.6111,835.3454,28128.0,68251.0,30140.0,27427943,450.6009,242,"[5, 7, 8, 11, 15, 14, 13, 19, 21, 20, 22, 23, 25, 28, 29, 31, 2, 4, 6, 9, 10, 12, 16, 18, 24, 26, 30, 27]","[5, 7, 8, 11, 15, 14, 13, 19, 21, 20, 22, 23, 25, 28, 29, 31, 2]","[4, 6, 9, 10, 12, 16, 18, 24, 26, 30, 27]","[5, 17, 8, 14, 19, 22, 23, 28, 29, 2, 1]","[1, 3, 5, 7, 17, 8, 11, 15, 14, 13, 19, 21, 20, 22, 23, 25, 28, 29, 31, 2, 1]","[(1, 4), (4, 5), (5, 6), (6, 17), (17, 9), (9, 8), (8, 10), (10, 14), (14, 12), (12, 19), (19, 16), (16, 22), (22, 18), (18, 23), (23, 24), (24, 28), (28, 26), (26, 29), (29, 30), (30, 2), (2, 27), (27, 1)]","[(1, 0.0), (3, 0.0), (5, 0.0), (7, 2010.0), (17, 3018.0), (8, 4022.0), (11, 6028.0), (15, 7030.0), (14, 8036.0), (13, 10048.0), (19, 11050.0), (21, 13055.0), (20, 14057.0), (22, 15061.0), (23, 17074.0), (25, 19086.0), (28, 20091.0), (29, 22101.0), (31, 24108.0), (2, 25113.0), (1, 27128.0)]"
SA,30,7,bench_30_1,ok,-33934.7924,,450.5974,28,17,11,11,24851.0,58785.7924,808.6079,28131.0,68251.0,30140.0,27603502,450.5973,244,"[27, 28, 23, 22, 21, 19, 13, 14, 15, 11, 16, 17, 6, 5, 30, 31, 2, 26, 24, 29, 9, 12, 8, 10, 7, 4, 18, 3]","[27, 28, 23, 22, 21, 19, 13, 14, 15, 11, 16, 17, 6, 5, 30, 31, 2]","[26, 24, 29, 9, 12, 8, 10, 7, 4, 18, 3]","[25, 23, 21, 14, 11, 16, 6, 5, 30, 2, 1]","[1, 27, 28, 25, 23, 22, 20, 21, 19, 13, 14, 15, 11, 16, 17, 6, 5, 30, 31, 2, 1]","[(1, 26), (26, 25), (25, 24), (24, 23), (23, 29), (29, 21), (21, 9), (9, 14), (14, 12), (12, 11), (11, 8), (8, 16), (16, 10), (10, 6), (6, 7), (7, 5), (5, 4), (4, 30), (30, 18), (18, 2), (2, 3), (3, 1)]","[(1, 0.0), (27, 0.0), (28, 1000.0), (25, 2006.0), (23, 3009.0), (22, 5019.0), (20, 6023.0), (21, 6023.0), (19, 8029.0), (13, 9033.0), (14, 10035.0), (15, 12044.0), (11, 13050.0), (16, 15053.0), (17, 17064.0), (6, 18070.0), (5, 20081.0), (30, 22098.0), (31, 24108.0), (2, 25113.0), (1, 27125.0)]"
SA,30,9,bench_30_1,ok,-34864.4154,,451.188,29,17,12,12,25779.0,60643.4154,834.1598,29134.0,68251.0,30140.0,27290981,451.1879,241,"[5, 7, 17, 8, 11, 15, 14, 13, 19, 21, 20, 23, 26, 25, 28, 31, 2, 4, 6, 9, 10, 12, 16, 22, 18, 24, 29, 30, 27]","[5, 7, 17, 8, 11, 15, 14, 13, 19, 21, 20, 23, 26, 25, 28, 31, 2]","[4, 6, 9, 10, 12, 16, 22, 18, 24, 29, 30, 27]","[5, 17, 8, 14, 19, 21, 20, 23, 26, 28, 2, 1]","[1, 3, 5, 7, 17, 8, 11, 15, 14, 13, 19, 21, 20, 23, 26, 25, 28, 31, 2, 1]","[(1, 4), (4, 5), (5, 6), (6, 17), (17, 9), (9, 8), (8, 10), (10, 14), (14, 12), (12, 19), (19, 16), (16, 21), (21, 22), (22, 20), (20, 18), (18, 23), (23, 24), (24, 26), (26, 29), (29, 28), (28, 30), (30, 2), (2, 27), (27, 1)]","[(1, 0.0), (3, 0.0), (5, 0.0), (7, 2010.0), (17, 3018.0), (8, 5028.0), (11, 7034.0), (15, 8036.0), (14, 9042.0), (13, 11054.0), (19, 12056.0), (21, 14061.0), (20, 16072.0), (23, 18080.0), (26, 20092.0), (25, 22099.0), (28, 23104.0), (31, 25114.0), (2, 26119.0), (1, 28134.0)]"
SA,30,1,bench_30_2,ok,-38918.1666,,450.5978,26,16,10,11,21760.0,60678.1666,834.6378,26116.0,68251.0,30134.0,27764969,450.5977,245,"[27, 19, 20, 12, 10, 8, 9, 6, 5, 15, 4, 3, 30, 29, 28, 31, 24, 25, 21, 11, 7, 13, 14, 2, 16, 23]","[27, 19, 20, 12, 10, 8, 9, 6, 5, 15, 4, 3, 30, 29, 28, 31]","[24, 25, 21, 11, 7, 13, 14, 2, 16, 23]","[26, 22, 18, 12, 9, 6, 5, 4, 30, 28, 1]","[1, 27, 26, 22, 19, 20, 18, 12, 10, 8, 9, 6, 5, 15, 4, 3, 30, 29, 28, 31, 1]","[(1, 24), (24, 26), (26, 25), (25, 22), (22, 21), (21, 18), (18, 17), (17, 12), (12, 11), (11, 9), (9, 7), (7, 6), (6, 13), (13, 5), (5, 14), (14, 4), (4, 2), (2, 30), (30, 16), (16, 28), (28, 23), (23, 1)]","[(1, 0.0), (27, 0.0), (26, 1002.0), (22, 2008.0), (19, 3014.0), (20, 4020.0), (18, 5029.0), (12, 6033.0), (10, 7033.0), (8, 8037.0), (9, 9038.0), (6, 11047.0), (5, 13061.0), (15, 15072.0), (4, 16074.0), (3, 18085.0), (30, 19089.0), (29, 21096.0), (28, 22102.0), (31, 24112.0), (1, 25112.0)]"
SA,30,3,bench_30_2,ok,-38185.1265,,450.0192,28,16,12,13,23204.0,61389.1265,844.4171,28118.0,68251.0,30134.0,27238433,342.3533,240,"[30, 3, 14, 6, 9, 10, 12, 18, 20, 21, 22, 23, 24, 26, 27, 31, 2, 15, 13, 7, 8, 11, 19, 17, 16, 25, 28, 29]","[30, 3, 14, 6, 9, 10, 12, 18, 20, 21, 22, 23, 24, 26, 27, 31]","[2, 15, 13, 7, 8, 11, 19, 17, 16, 25, 28, 29]","[3, 4, 14, 6, 10, 12, 18, 20, 22, 24, 26, 27, 1]","[1, 30, 3, 4, 14, 6, 9, 10, 12, 18, 20, 21, 22, 23, 24, 26, 27, 31, 1]","[(1, 2), (2, 3), (3, 15), (15, 4), (4, 5), (5, 14), (14, 13), (13, 6), (6, 7), (7, 10), (10, 8), (8, 12), (12, 11), (11, 18), (18, 19), (19, 20), (20, 17), (17, 22), (22, 16), (16, 24), (24, 25), (25, 26), (26, 28), (28, 27), (27, 29), (29, 1)]","[(1, 0.0), (30, 0.0), (3, 1001.0), (4, 3011.0), (14, 4013.0), (6, 5016.0), (9, 7024.0), (10, 8030.0), (12, 10043.0), (18, 12044.0), (20, 14049.0), (21, 16064.0), (22, 17068.0), (23, 19079.0), (24, 20083.0), (26, 22098.0), (27, 24109.0), (31, 26112.0), (1, 27112.0)]"
SA,30,5,bench_30_2,ok,-38528.8916,,450.6086,26,16,10,11,21622.0,60150.8916,827.385,26115.0,68251.0,30134.0,27068999,450.6086,239,"[30, 3, 14, 13, 9, 8, 10, 12, 18, 19, 21, 22, 24, 26, 27, 31, 2, 7, 6, 11, 17, 20, 23, 25, 16, 29]","[30, 3, 14, 13, 9, 8, 10, 12, 18, 19, 21, 22, 24, 26, 27, 31]","[2, 7, 6, 11, 17, 20, 23, 25, 16, 29]","[30, 15, 13, 9, 12, 18, 19, 22, 24, 27, 1]","[1, 30, 3, 4, 15, 5, 14, 13, 9, 8, 10, 12, 18, 19, 21, 22, 24, 26, 27, 31, 1]","[(1, 28), (28, 30), (30, 2), (2, 15), (15, 7), (7, 13), (13, 6), (6, 9), (9, 11), (11, 12), (12, 17), (17, 18), (18, 20), (20, 19), (19, 23), (23, 22), (22, 25), (25, 24), (24, 16), (16, 27), (27, 29), (29, 1)]","[(1, 0.0), (30, 0.0), (3, 1001.0), (4, 2005.0), (15, 2005.0), (5, 3011.0), (14, 3011.0), (13, 4014.0), (9, 6026.0), (8, 8037.0), (10, 9038.0), (12, 10042.0), (18, 12045.0), (19, 14054.0), (21, 16069.0), (22, 17073.0), (24, 19081.0), (26, 21093.0), (27, 22098.0), (31, 24109.0), (1, 25109.0)]"
SA,30,7,bench_30_2,ok,-37420.417,,450.3372,26,18,8,10,21819.0,59239.417,814.8476,26116.0,68251.0,30134.0,27162898,450.3372,240,"[27, 24, 23, 22, 19, 20, 12, 10, 8, 9, 14, 15, 4, 3, 30, 29, 28, 31, 25, 6, 11, 7, 13, 5, 2, 16]","[27, 24, 23, 22, 19, 20, 12, 10, 8, 9, 14, 15, 4, 3, 30, 29, 28, 31]","[25, 6, 11, 7, 13, 5, 2, 16]","[24, 23, 19, 12, 9, 14, 15, 30, 28, 1]","[1, 27, 26, 24, 23, 22, 19, 20, 18, 12, 10, 8, 9, 14, 15, 4, 3, 30, 29, 28, 31, 1]","[(1, 21), (21, 24), (24, 25), (25, 23), (23, 17), (17, 19), (19, 6), (6, 12), (12, 11), (11, 9), (9, 7), (7, 14), (14, 13), (13, 15), (15, 5), (5, 30), (30, 2), (2, 28), (28, 16), (16, 1)]","[(1, 0.0), (27, 0.0), (26, 1002.0), (24, 1002.0), (23, 2008.0), (22, 4018.0), (19, 5022.0), (20, 6028.0), (18, 7037.0), (12, 7037.0), (10, 9042.0), (8, 10046.0), (9, 11047.0), (14, 13056.0), (15, 15068.0), (4, 17073.0), (3, 18081.0), (30, 19085.0), (29, 21094.0), (28, 22100.0), (31, 24107.0), (1, 25107.0)]"
SA,30,9,bench_30_2,ok,-37164.5731,,450.6184,28,18,10,11,23148.0,60312.5731,829.609,28127.0,68251.0,30134.0,26972460,450.6183,238,"[27, 26, 23, 22, 21, 19, 18, 12, 10, 9, 13, 14, 15, 4, 3, 30, 29, 28, 24, 25, 20, 11, 8, 7, 6, 5, 2, 16]","[27, 26, 23, 22, 21, 19, 18, 12, 10, 9, 13, 14, 15, 4, 3, 30, 29, 28]","[24, 25, 20, 11, 8, 7, 6, 5, 2, 16]","[26, 23, 19, 18, 10, 9, 13, 4, 30, 28, 1]","[1, 31, 27, 26, 23, 22, 21, 19, 18, 12, 10, 9, 13, 14, 15, 4, 3, 30, 29, 28, 1]","[(1, 24), (24, 26), (26, 25), (25, 23), (23, 17), (17, 19), (19, 20), (20, 18), (18, 11), (11, 10), (10, 8), (8, 9), (9, 7), (7, 13), (13, 6), (6, 4), (4, 5), (5, 30), (30, 2), (2, 28), (28, 16), (16, 1)]","[(1, 0.0), (31, 0.0), (27, 0.0), (26, 1002.0), (23, 3013.0), (22, 5023.0), (21, 6027.0), (19, 7031.0), (18, 8037.0), (12, 10048.0), (10, 11048.0), (9, 13055.0), (13, 15062.0), (14, 17074.0), (15, 18077.0), (4, 19079.0), (3, 21092.0), (30, 22096.0), (29, 24105.0), (28, 25111.0), (1, 27118.0)]"
SA,30,1,bench_30_3,ok,-40385.5182,,450.0196,27,15,12,13,22846.0,63231.5182,869.7595,27132.0,68251.0,30147.0,27162887,311.8257,240,"[6, 7, 8, 9, 11, 13, 18, 17, 20, 22, 23, 25, 28, 27, 26, 4, 5, 15, 10, 12, 14, 29, 21, 24, 19, 31, 30]","[6, 7, 8, 9, 11, 13, 18, 17, 20, 22, 23, 25, 28, 27, 26]","[4, 5, 15, 10, 12, 14, 29, 21, 24, 19, 31, 30]","[3, 16, 7, 9, 11, 13, 18, 17, 20, 22, 28, 26, 1]","[1, 3, 16, 6, 7, 8, 9, 11, 13, 18, 17, 20, 22, 23, 25, 28, 27, 26, 1]","[(1, 2), (2, 3), (3, 4), (4, 16), (16, 5), (5, 7), (7, 15), (15, 9), (9, 10), (10, 11), (11, 12), (12, 13), (13, 14), (14, 18), (18, 29), (29, 17), (17, 21), (21, 20), (20, 24), (24, 22), (22, 19), (19, 28), (28, 31), (31, 26), (26, 30), (30, 1)]","[(1, 0.0), (3, 0.0), (16, 0.0), (6, 1008.0), (7, 2010.0), (8, 4019.0), (9, 5028.0), (11, 7035.0), (13, 9041.0), (18, 11053.0), (17, 13065.0), (20, 15082.0), (22, 17088.0), (23, 19098.0), (25, 20101.0), (28, 21106.0), (27, 23121.0), (26, 24129.0), (1, 26129.0)]"
SA,30,3,bench_30_3,ok,-41246.4071,,450.5064,26,17,9,10,22009.0,63255.4071,870.0881,26131.0,68251.0,30147.0,27224233,450.5064,240,"[29, 4, 6, 7, 8, 9, 14, 13, 18, 20, 21, 22, 23, 25, 28, 27, 31, 11, 10, 12, 15, 19, 17, 24, 26, 30]","[29, 4, 6, 7, 8, 9, 14, 13, 18, 20, 21, 22, 23, 25, 28, 27, 31]","[11, 10, 12, 15, 19, 17, 24, 26, 30]","[16, 7, 9, 14, 18, 21, 23, 25, 27, 1]","[1, 2, 3, 29, 16, 4, 6, 7, 8, 9, 14, 13, 18, 20, 21, 22, 23, 25, 28, 27, 31, 1]","[(1, 5), (5, 16), (16, 11), (11, 7), (7, 10), (10, 9), (9, 12), (12, 14), (14, 15), (15, 18), (18, 19), (19, 21), (21, 17), (17, 23), (23, 24), (24, 25), (25, 26), (26, 27), (27, 30), (30, 1)]","[(1, 0.0), (2, 0.0), (3, 0.0), (29, 0.0), (16, 1008.0), (4, 1008.0), (6, 2016.0), (7, 3018.0), (8, 5027.0), (9, 6036.0), (14, 8042.0), (13, 10059.0), (18, 11062.0), (20, 13072.0), (21, 14074.0), (22, 16085.0), (23, 17092.0), (25, 19104.0), (28, 21112.0), (27, 22120.0), (31, 24128.0), (1, 25128.0)]"
SA,30,5,bench_30_3,ok,-39279.5532,,451.2107,28,17,11,12,23652.0,62931.5532,865.6335,28140.0,68251.0,30147.0,27314371,451.2107,241,"[5, 6, 7, 8, 11, 13, 14, 18, 17, 20, 21, 22, 23, 25, 28, 27, 31, 4, 9, 10, 12, 15, 16, 19, 24, 29, 26, 30]","[5, 6, 7, 8, 11, 13, 14, 18, 17, 20, 21, 22, 23, 25, 28, 27, 31]","[4, 9, 10, 12, 15, 16, 19, 24, 29, 26, 30]","[2, 7, 8, 11, 14, 18, 17, 21, 22, 25, 27, 1]","[1, 2, 5, 6, 7, 8, 11, 13, 14, 18, 17, 20, 21, 22, 23, 25, 28, 27, 31, 1]","[(1, 3), (3, 2), (2, 4), (4, 7), (7, 9), (9, 8), (8, 10), (10, 11), (11, 12), (12, 14), (14, 15), (15, 18), (18, 16), (16, 17), (17, 19), (19, 21), (21, 24), (24, 22), (22, 29), (29, 25), (25, 26), (26, 27), (27, 30), (30, 1)]","[(1, 0.0), (2, 0.0), (5, 0.0), (6, 1001.0), (7, 2003.0), (8, 4019.0), (11, 6029.0), (13, 8035.0), (14, 9038.0), (18, 11055.0), (17, 13065.0), (20, 15082.0), (21, 16084.0), (22, 18095.0), (23, 20105.0), (25, 21108.0), (28, 23121.0), (27, 24129.0), (31, 26137.0), (1, 27137.0)]"
SA,30,7,bench_30_3,ok,-39830.8376,,451.2114,28,17,11,12,23652.0,63482.8376,873.2165,28140.0,68251.0,30147.0,27582990,451.2114,243,"[4, 15, 6, 7, 8, 9, 11, 13, 18, 17, 20, 22, 23, 25, 28, 27, 31, 5, 19, 10, 12, 14, 16, 29, 24, 21, 26, 30]","[4, 15, 6, 7, 8, 9, 11, 13, 18, 17, 20, 22, 23, 25, 28, 27, 31]","[5, 19, 10, 12, 14, 16, 29, 24, 21, 26, 30]","[2, 4, 9, 11, 13, 18, 17, 20, 23, 25, 27, 1]","[1, 2, 4, 15, 6, 7, 8, 9, 11, 13, 18, 17, 20, 22, 23, 25, 28, 27, 31, 1]","[(1, 3), (3, 2), (2, 5), (5, 4), (4, 19), (19, 9), (9, 10), (10, 11), (11, 12), (12, 13), (13, 14), (14, 18), (18, 16), (16, 17), (17, 29), (29, 20), (20, 24), (24, 23), (23, 21), (21, 25), (25, 26), (26, 27), (27, 30), (30, 1)]","[(1, 0.0), (2, 0.0), (4, 0.0), (15, 2009.0), (6, 3015.0), (7, 4017.0), (8, 5025.0), (9, 6034.0), (11, 8042.0), (13, 10048.0), (18, 12060.0), (17, 14072.0), (20, 16089.0), (22, 18099.0), (23, 19106.0), (25, 21112.0), (28, 23121.0), (27, 24129.0), (31, 26137.0), (1, 27137.0)]"
SA,30,9,bench_30_3,ok,-39865.994,,451.2261,28,16,12,12,23652.0,63517.994,873.7001,28140.0,68251.0,30147.0,26864124,451.226,237,"[4, 6, 7, 8, 11, 13, 18, 17, 20, 21, 22, 23, 25, 28, 26, 31, 5, 15, 9, 10, 12, 14, 29, 19, 24, 16, 27, 30]","[4, 6, 7, 8, 11, 13, 18, 17, 20, 21, 22, 23, 25, 28, 26, 31]","[5, 15, 9, 10, 12, 14, 29, 19, 24, 16, 27, 30]","[4, 7, 8, 11, 13, 18, 17, 21, 23, 28, 26, 1]","[1, 2, 3, 4, 6, 7, 8, 11, 13, 18, 17, 20, 21, 22, 23, 25, 28, 26, 31, 1]","[(1, 5), (5, 4), (4, 15), (15, 7), (7, 9), (9, 8), (8, 10), (10, 11), (11, 12), (12, 13), (13, 14), (14, 18), (18, 29), (29, 17), (17, 19), (19, 21), (21, 24), (24, 23), (23, 16), (16, 28), (28, 27), (27, 26), (26, 30), (30, 1)]","[(1, 0.0), (2, 0.0), (3, 0.0), (4, 0.0), (6, 2009.0), (7, 3011.0), (8, 5025.0), (11, 7035.0), (13, 9041.0), (18, 11053.0), (17, 13065.0), (20, 15082.0), (21, 16084.0), (22, 18095.0), (23, 19102.0), (25, 21108.0), (28, 22113.0), (26, 24129.0), (31, 26137.0), (1, 27137.0)]"
SA,30,1,bench_30_4,ok,-39184.0724,,450.0192,30,17,13,13,25439.0,64623.0724,888.9006,30139.0,68251.0,30139.0,27103661,113.4734,239,"[18, 4, 5, 7, 6, 11, 15, 14, 24, 23, 22, 21, 19, 20, 27, 28, 29, 3, 30, 8, 9, 10, 12, 13, 16, 17, 25, 26, 31, 2]","[18, 4, 5, 7, 6, 11, 15, 14, 24, 23, 22, 21, 19, 20, 27, 28, 29]","[3, 30, 8, 9, 10, 12, 13, 16, 17, 25, 26, 31, 2]","[18, 5, 7, 6, 11, 14, 24, 22, 21, 20, 28, 29, 1]","[1, 18, 4, 5, 7, 6, 11, 15, 14, 24, 23, 22, 21, 19, 20, 27, 28, 29, 1]","[(1, 3), (3, 18), (18, 30), (30, 5), (5, 8), (8, 7), (7, 9), (9, 6), (6, 10), (10, 11), (11, 12), (12, 14), (14, 13), (13, 24), (24, 16), (16, 22), (22, 17), (17, 21), (21, 25), (25, 20), (20, 26), (26, 28), (28, 31), (31, 29), (29, 2), (2, 1)]","[(1, 0.0), (18, 0.0), (4, 2016.0), (5, 3019.0), (7, 5021.0), (6, 7037.0), (11, 9039.0), (15, 11045.0), (14, 12051.0), (24, 14062.0), (23, 16074.0), (22, 17078.0), (21, 19082.0), (19, 21091.0), (20, 22093.0), (27, 24105.0), (28, 25112.0), (29, 27120.0), (1, 29134.0)]"
SA,30,3,bench_30_4,ok,-37664.7886,,451.2419,27,17,10,12,23401.0,61065.7886,839.9696,27127.0,68251.0,30139.0,26724159,451.2419,236,"[29, 28, 27, 21, 23, 24, 14, 15, 11, 9, 8, 7, 6, 16, 18, 30, 31, 25, 13, 12, 10, 5, 22, 4, 17, 2, 3]","[29, 28, 27, 21, 23, 24, 14, 15, 11, 9, 8, 7, 6, 16, 18, 30, 31]","[25, 13, 12, 10, 5, 22, 4, 17, 2, 3]","[27, 20, 23, 14, 11, 9, 6, 16, 18, 30, 31, 1]","[1, 29, 28, 27, 20, 21, 23, 24, 14, 15, 11, 9, 8, 7, 6, 16, 18, 30, 31, 1]","[(1, 26), (26, 27), (27, 19), (19, 20), (20, 25), (25, 23), (23, 13), (13, 14), (14, 12), (12, 11), (11, 10), (10, 9), (9, 5), (5, 6), (6, 22), (22, 16), (16, 4), (4, 18), (18, 17), (17, 30), (30, 2), (2, 31), (31, 3), (3, 1)]","[(1, 0.0), (29, 0.0), (28, 1007.0), (27, 2011.0), (20, 3018.0), (21, 3018.0), (23, 4025.0), (24, 6035.0), (14, 7043.0), (15, 9053.0), (11, 10059.0), (9, 12070.0), (8, 14070.0), (7, 15077.0), (6, 16086.0), (16, 18088.0), (18, 20092.0), (30, 22102.0), (31, 24106.0), (1, 26118.0)]"
SA,30,5,bench_30_4,ok,-39711.86,,450.3356,28,20,8,10,23905.0,63616.86,875.06,28125.0,68251.0,30139.0,27058045,450.3356,239,"[2, 3, 4, 5, 7, 6, 9, 11, 15, 14, 24, 23, 21, 18, 30, 19, 20, 27, 28, 29, 10, 12, 13, 16, 17, 22, 26, 25]","[2, 3, 4, 5, 7, 6, 9, 11, 15, 14, 24, 23, 21, 18, 30, 19, 20, 27, 28, 29]","[10, 12, 13, 16, 17, 22, 26, 25]","[2, 5, 11, 14, 23, 21, 18, 20, 28, 1]","[1, 2, 3, 4, 5, 7, 6, 9, 11, 15, 14, 24, 23, 21, 18, 30, 19, 20, 27, 28, 29, 1]","[(1, 31), (31, 2), (2, 8), (8, 5), (5, 10), (10, 11), (11, 12), (12, 14), (14, 13), (13, 23), (23, 16), (16, 21), (21, 17), (17, 18), (18, 22), (22, 20), (20, 26), (26, 28), (28, 25), (25, 1)]","[(1, 0.0), (2, 0.0), (3, 1005.0), (4, 2014.0), (5, 3017.0), (7, 4017.0), (6, 5026.0), (9, 6028.0), (11, 7028.0), (15, 9034.0), (14, 10040.0), (24, 12051.0), (23, 13059.0), (21, 15067.0), (18, 17077.0), (30, 19086.0), (19, 20088.0), (20, 21090.0), (27, 23097.0), (28, 24104.0), (29, 26112.0), (1, 27119.0)]"
SA,30,7,bench_30_4,ok,-39997.308,,450.6192,25,16,9,11,21692.0,61689.308,848.5462,25113.0,68251.0,30139.0,26754596,450.6191,236,"[28, 23, 24, 14, 15, 11, 9, 8, 7, 5, 16, 22, 21, 18, 30, 31, 13, 10, 12, 6, 4, 25, 17, 2, 3]","[28, 23, 24, 14, 15, 11, 9, 8, 7, 5, 16, 22, 21, 18, 30, 31]","[13, 10, 12, 6, 4, 25, 17, 2, 3]","[27, 20, 14, 11, 7, 5, 22, 18, 30, 31, 1]","[1, 29, 28, 27, 20, 23, 24, 14, 15, 11, 9, 8, 7, 5, 16, 22, 21, 18, 30, 31, 1]","[(1, 26), (26, 27), (27, 19), (19, 20), (20, 13), (13, 14), (14, 10), (10, 11), (11, 12), (12, 7), (7, 6), (6, 5), (5, 4), (4, 22), (22, 25), (25, 18), (18, 17), (17, 30), (30, 2), (2, 31), (31, 3), (3, 1)]","[(1, 0.0), (29, 0.0), (28, 0.0), (27, 1004.0), (20, 1004.0), (23, 1004.0), (24, 2008.0), (14, 3016.0), (15, 5026.0), (11, 6032.0), (9, 8038.0), (8, 9038.0), (7, 10045.0), (5, 12059.0), (16, 14061.0), (22, 15064.0), (21, 17068.0), (18, 18075.0), (30, 20088.0), (31, 22092.0), (1, 24104.0)]"
SA,30,9,bench_30_4,ok,-38212.2317,,451.2232,27,17,10,12,23401.0,61613.2317,847.4997,27127.0,68251.0,30139.0,27021334,451.2231,239,"[29, 28, 27, 21, 23, 24, 14, 15, 11, 9, 8, 7, 5, 4, 18, 30, 31, 13, 12, 10, 22, 6, 16, 25, 17, 2, 3]","[29, 28, 27, 21, 23, 24, 14, 15, 11, 9, 8, 7, 5, 4, 18, 30, 31]","[13, 12, 10, 22, 6, 16, 25, 17, 2, 3]","[27, 19, 24, 14, 11, 7, 5, 4, 18, 30, 31, 1]","[1, 29, 28, 27, 19, 21, 23, 24, 14, 15, 11, 9, 8, 7, 5, 4, 18, 30, 31, 1]","[(1, 26), (26, 27), (27, 20), (20, 19), (19, 13), (13, 24), (24, 12), (12, 14), (14, 10), (10, 11), (11, 22), (22, 7), (7, 6), (6, 5), (5, 16), (16, 4), (4, 25), (25, 18), (18, 17), (17, 30), (30, 2), (2, 31), (31, 3), (3, 1)]","[(1, 0.0), (29, 0.0), (28, 1007.0), (27, 2011.0), (19, 3018.0), (21, 3018.0), (23, 4025.0), (24, 5029.0), (14, 7041.0), (15, 9052.0), (11, 10058.0), (9, 12064.0), (8, 13064.0), (7, 14071.0), (5, 16081.0), (4, 18083.0), (18, 20089.0), (30, 22102.0), (31, 24106.0), (1, 26118.0)]"
SA,30,1,bench_30_5,ok,-37690.4572,,450.3364,27,19,8,10,22321.0,60011.4572,825.4671,27111.0,68251.0,30126.0,27986881,450.3364,247,"[30, 5, 18, 19, 9, 10, 14, 13, 17, 16, 22, 23, 24, 25, 26, 27, 28, 29, 31, 11, 12, 15, 8, 21, 6, 3, 2]","[30, 5, 18, 19, 9, 10, 14, 13, 17, 16, 22, 23, 24, 25, 26, 27, 28, 29, 31]","[11, 12, 15, 8, 21, 6, 3, 2]","[30, 9, 10, 14, 16, 23, 25, 29, 31, 1]","[1, 30, 5, 20, 18, 19, 9, 10, 14, 13, 17, 16, 22, 23, 24, 25, 26, 27, 28, 29, 31, 1]","[(1, 4), (4, 30), (30, 7), (7, 9), (9, 11), (11, 10), (10, 12), (12, 14), (14, 15), (15, 16), (16, 8), (8, 23), (23, 21), (21, 25), (25, 6), (6, 29), (29, 3), (3, 31), (31, 2), (2, 1)]","[(1, 0.0), (30, 0.0), (5, 1005.0), (20, 2009.0), (18, 2009.0), (19, 3018.0), (9, 4025.0), (10, 5030.0), (14, 7038.0), (13, 9046.0), (17, 10055.0), (16, 11060.0), (22, 13064.0), (23, 14068.0), (24, 16079.0), (25, 17083.0), (26, 19091.0), (27, 20093.0), (28, 21098.0), (29, 22100.0), (31, 24109.0), (1, 26111.0)]"
SA,30,3,bench_30_5,ok,-37054.4984,,450.0293,27,15,12,13,22321.0,59375.4984,816.7194,27111.0,68251.0,30126.0,27506670,450.0293,243,"[30, 5, 19, 9, 10, 14, 13, 16, 22, 24, 25, 26, 28, 29, 2, 6, 18, 8, 11, 12, 17, 15, 21, 23, 27, 3, 31]","[30, 5, 19, 9, 10, 14, 13, 16, 22, 24, 25, 26, 28, 29, 2]","[6, 18, 8, 11, 12, 17, 15, 21, 23, 27, 3, 31]","[5, 19, 7, 9, 10, 13, 16, 22, 25, 26, 28, 2, 1]","[1, 30, 5, 20, 19, 7, 9, 10, 14, 13, 16, 22, 24, 25, 26, 28, 29, 2, 1]","[(1, 4), (4, 5), (5, 6), (6, 19), (19, 18), (18, 7), (7, 8), (8, 9), (9, 11), (11, 10), (10, 12), (12, 13), (13, 17), (17, 16), (16, 15), (15, 22), (22, 21), (21, 25), (25, 23), (23, 26), (26, 27), (27, 28), (28, 3), (3, 2), (2, 31), (31, 1)]","[(1, 0.0), (30, 0.0), (5, 1005.0), (20, 2009.0), (19, 2009.0), (7, 4025.0), (9, 5034.0), (10, 7046.0), (14, 9054.0), (13, 10055.0), (16, 12071.0), (22, 14078.0), (24, 16084.0), (25, 17088.0), (26, 19096.0), (28, 21102.0), (29, 23109.0), (2, 24109.0), (1, 26111.0)]"
SA,30,5,bench_30_5,ok,-37802.036,,450.0175,26,16,10,13,21616.0,59418.036,817.3045,26117.0,68251.0,30126.0,27427178,210.3265,242,"[28, 26, 25, 24, 22, 16, 13, 14, 10, 9, 7, 18, 20, 5, 30, 3, 23, 15, 17, 12, 11, 8, 6, 19, 4, 2]","[28, 26, 25, 24, 22, 16, 13, 14, 10, 9, 7, 18, 20, 5, 30, 3]","[23, 15, 17, 12, 11, 8, 6, 19, 4, 2]","[29, 26, 25, 22, 16, 14, 10, 7, 18, 20, 30, 3, 1]","[1, 29, 28, 26, 25, 24, 22, 16, 13, 14, 10, 9, 7, 18, 20, 5, 30, 3, 1]","[(1, 31), (31, 29), (28, 27), (27, 26), (26, 21), (21, 25), (24, 23), (23, 22), (22, 15), (15, 16), (16, 17), (17, 14), (14, 12), (12, 10), (10, 11), (11, 7), (7, 8), (8, 18), (18, 6), (6, 20), (20, 19), (19, 30), (30, 4), (4, 3), (3, 2), (2, 1)]","[(1, 0.0), (29, 0.0), (28, 0.0), (26, 1002.0), (25, 2004.0), (24, 3008.0), (22, 4012.0), (16, 6020.0), (13, 8024.0), (14, 9033.0), (10, 11039.0), (9, 13050.0), (7, 14055.0), (18, 16066.0), (20, 18082.0), (5, 20097.0), (30, 21101.0), (3, 23113.0), (1, 25117.0)]"
SA,30,7,bench_30_5,ok,-37953.7028,,450.0162,27,14,13,14,22321.0,60274.7028,829.0881,27111.0,68251.0,30126.0,27523708,133.4053,243,"[30, 6, 9, 10, 14, 13, 16, 22, 24, 25, 27, 28, 29, 2, 5, 18, 19, 8, 11, 12, 17, 15, 21, 23, 26, 3, 31]","[30, 6, 9, 10, 14, 13, 16, 22, 24, 25, 27, 28, 29, 2]","[5, 18, 19, 8, 11, 12, 17, 15, 21, 23, 26, 3, 31]","[30, 20, 6, 7, 9, 10, 14, 16, 22, 25, 27, 28, 2, 1]","[1, 30, 20, 6, 7, 9, 10, 14, 13, 16, 22, 24, 25, 27, 28, 29, 2, 1]","[(1, 4), (4, 30), (30, 5), (5, 20), (20, 18), (18, 6), (6, 19), (19, 7), (7, 8), (8, 9), (9, 11), (11, 10), (10, 12), (12, 14), (13, 17), (17, 16), (16, 15), (15, 22), (22, 21), (21, 25), (25, 23), (23, 27), (27, 26), (26, 28), (28, 3), (3, 2), (2, 31), (31, 1)]","[(1, 0.0), (30, 0.0), (20, 1005.0), (6, 2009.0), (7, 4027.0), (9, 5034.0), (10, 7046.0), (14, 9054.0), (13, 11062.0), (16, 12071.0), (22, 14078.0), (24, 16084.0), (25, 17088.0), (27, 19096.0), (28, 21105.0), (29, 23109.0), (2, 24109.0), (1, 26111.0)]"
SA,30,9,bench_30_5,ok,-37710.3158,,450.0188,26,15,11,13,21615.0,59325.3158,816.0291,26109.0,68251.0,30126.0,26852741,441.0004,237,"[26, 25, 22, 17, 14, 10, 9, 8, 7, 18, 20, 5, 30, 3, 31, 28, 15, 13, 16, 11, 12, 19, 6, 4, 29, 2]","[26, 25, 22, 17, 14, 10, 9, 8, 7, 18, 20, 5, 30, 3, 31]","[28, 15, 13, 16, 11, 12, 19, 6, 4, 29, 2]","[26, 24, 22, 17, 14, 9, 8, 18, 20, 30, 3, 31, 1]","[1, 27, 26, 25, 24, 22, 17, 14, 10, 9, 8, 7, 18, 20, 5, 30, 3, 31, 1]","[(1, 28), (28, 26), (26, 21), (21, 24), (24, 23), (23, 22), (22, 15), (15, 17), (17, 13), (13, 14), (14, 16), (16, 9), (9, 11), (11, 8), (8, 12), (12, 18), (18, 19), (19, 20), (20, 6), (6, 30), (30, 4), (4, 3), (3, 29), (29, 31), (31, 2), (2, 1)]","[(1, 0.0), (27, 0.0), (26, 0.0), (25, 2004.0), (24, 3008.0), (22, 3008.0), (17, 4012.0), (14, 6019.0), (10, 8029.0), (9, 9033.0), (8, 11040.0), (7, 13051.0), (18, 14058.0), (20, 16074.0), (5, 18087.0), (30, 19091.0), (3, 21105.0), (31, 23109.0), (1, 25109.0)]"
SA,40,1,bench_40_1,ok,-34992.7126,,600.0416,39,23,16,16,34665.0,69657.7126,958.1529,39183.0,91001.0,40189.0,30090375,236.5687,201,"[4, 7, 8, 9, 10, 11, 12, 16, 17, 18, 20, 19, 26, 28, 27, 31, 30, 33, 34, 38, 37, 41, 2, 40, 6, 5, 14, 15, 13, 21, 24, 25, 29, 23, 32, 36, 35, 39, 3]","[4, 7, 8, 9, 10, 11, 12, 16, 17, 18, 20, 19, 26, 28, 27, 31, 30, 33, 34, 38, 37, 41, 2]","[40, 6, 5, 14, 15, 13, 21, 24, 25, 29, 23, 32, 36, 35, 39, 3]","[4, 22, 8, 12, 16, 20, 19, 26, 28, 27, 31, 33, 38, 37, 2, 1]","[1, 4, 7, 22, 8, 9, 10, 11, 12, 16, 17, 18, 20, 19, 26, 28, 27, 31, 30, 33, 34, 38, 37, 41, 2, 1]","[(1, 40), (40, 4), (4, 6), (6, 22), (22, 5), (5, 8), (8, 14), (14, 12), (12, 15), (15, 16), (16, 13), (13, 20), (20, 21), (21, 19), (19, 24), (24, 26), (26, 25), (25, 28), (28, 29), (29, 27), (27, 23), (23, 31), (31, 32), (32, 33), (33, 36), (36, 38), (38, 35), (35, 37), (37, 39), (39, 2), (2, 3), (3, 1)]","[(1, 0.0), (4, 0.0), (7, 2010.0), (22, 3018.0), (8, 4022.0), (9, 6033.0), (10, 7037.0), (11, 8042.0), (12, 9049.0), (16, 11053.0), (17, 13060.0), (18, 14067.0), (20, 15073.0), (19, 17077.0), (26, 19094.0), (28, 21108.0), (27, 23114.0), (31, 25122.0), (30, 27134.0), (33, 28138.0), (34, 30142.0), (38, 31147.0), (37, 33159.0), (41, 35162.0), (2, 36167.0), (1, 38177.0)]"
SA,40,3,bench_40_1,ok,-35907.0279,,600.0693,38,23,15,15,34052.0,69959.0279,962.2975,38177.0,91001.0,40189.0,29527835,600.0693,197,"[40, 6, 7, 19, 20, 8, 11, 12, 18, 17, 16, 15, 25, 28, 27, 31, 30, 33, 36, 35, 38, 37, 2, 4, 21, 26, 10, 9, 13, 14, 23, 29, 24, 32, 34, 39, 5, 41]","[40, 6, 7, 19, 20, 8, 11, 12, 18, 17, 16, 15, 25, 28, 27, 31, 30, 33, 36, 35, 38, 37, 2]","[4, 21, 26, 10, 9, 13, 14, 23, 29, 24, 32, 34, 39, 5, 41]","[7, 19, 8, 11, 12, 15, 25, 28, 27, 30, 33, 36, 38, 2, 1]","[1, 3, 40, 6, 7, 22, 19, 20, 8, 11, 12, 18, 17, 16, 15, 25, 28, 27, 31, 30, 33, 36, 35, 38, 37, 2, 1]","[(1, 4), (4, 7), (7, 21), (21, 19), (19, 26), (26, 8), (8, 10), (10, 11), (11, 9), (9, 12), (12, 13), (13, 15), (15, 14), (14, 25), (25, 23), (23, 28), (28, 29), (29, 27), (27, 24), (24, 30), (30, 32), (32, 33), (33, 34), (34, 36), (36, 39), (39, 38), (38, 5), (5, 2), (2, 41), (41, 1)]","[(1, 0.0), (3, 0.0), (40, 0.0), (6, 1009.0), (7, 2013.0), (22, 4022.0), (19, 4022.0), (20, 6039.0), (8, 7042.0), (11, 9051.0), (12, 11063.0), (18, 13069.0), (17, 14075.0), (16, 15082.0), (15, 16087.0), (25, 18090.0), (28, 20096.0), (27, 22104.0), (31, 24112.0), (30, 25118.0), (33, 27129.0), (36, 29133.0), (35, 31144.0), (38, 32147.0), (37, 34157.0), (2, 35157.0), (1, 37172.0)]"
SA,40,5,bench_40_1,ok,-34778.4049,,600.0652,38,24,14,14,34052.0,68830.4049,946.7731,38177.0,91001.0,40189.0,30072175,600.0652,201,"[40, 6, 7, 8, 9, 10, 11, 12, 18, 17, 21, 20, 19, 26, 24, 28, 27, 31, 30, 33, 35, 36, 37, 2, 4, 5, 25, 13, 16, 15, 14, 29, 23, 32, 34, 39, 38, 41]","[40, 6, 7, 8, 9, 10, 11, 12, 18, 17, 21, 20, 19, 26, 24, 28, 27, 31, 30, 33, 35, 36, 37, 2]","[4, 5, 25, 13, 16, 15, 14, 29, 23, 32, 34, 39, 38, 41]","[40, 6, 11, 18, 17, 20, 28, 27, 30, 33, 36, 37, 2, 1]","[1, 3, 40, 6, 7, 22, 8, 9, 10, 11, 12, 18, 17, 21, 20, 19, 26, 24, 28, 27, 31, 30, 33, 35, 36, 37, 2, 1]","[(1, 4), (4, 40), (40, 5), (5, 6), (7, 25), (25, 11), (11, 13), (13, 18), (18, 16), (16, 17), (17, 15), (15, 20), (20, 14), (14, 28), (28, 29), (29, 27), (27, 23), (23, 30), (30, 32), (32, 33), (33, 34), (34, 36), (36, 39), (39, 37), (37, 38), (38, 2), (2, 41), (41, 1)]","[(1, 0.0), (3, 0.0), (40, 0.0), (6, 2010.0), (7, 4023.0), (22, 5031.0), (8, 5031.0), (9, 6033.0), (10, 7037.0), (11, 8042.0), (12, 10053.0), (18, 11055.0), (17, 13062.0), (21, 15074.0), (20, 16082.0), (19, 18087.0), (26, 19096.0), (24, 20103.0), (28, 21110.0), (27, 23114.0), (31, 25122.0), (30, 26128.0), (33, 28138.0), (35, 30142.0), (36, 31145.0), (37, 33156.0), (2, 35160.0), (1, 37172.0)]"
SA,40,7,bench_40_1,ok,-35670.8918,,600.0368,38,21,17,17,34052.0,69722.8918,959.0494,38177.0,91001.0,40189.0,30113537,228.8293,201,"[4, 5, 7, 20, 21, 8, 9, 10, 11, 12, 18, 16, 25, 28, 27, 30, 33, 34, 38, 37, 2, 6, 40, 26, 13, 19, 17, 15, 14, 24, 29, 23, 31, 32, 35, 39, 36, 41]","[4, 5, 7, 20, 21, 8, 9, 10, 11, 12, 18, 16, 25, 28, 27, 30, 33, 34, 38, 37, 2]","[6, 40, 26, 13, 19, 17, 15, 14, 24, 29, 23, 31, 32, 35, 39, 36, 41]","[4, 22, 21, 9, 12, 18, 16, 25, 28, 27, 30, 33, 34, 38, 37, 2, 1]","[1, 3, 4, 5, 7, 22, 20, 21, 8, 9, 10, 11, 12, 18, 16, 25, 28, 27, 30, 33, 34, 38, 37, 2, 1]","[(3, 6), (6, 4), (4, 40), (40, 22), (22, 26), (26, 21), (21, 13), (13, 9), (9, 19), (19, 12), (12, 17), (17, 18), (18, 15), (15, 16), (16, 14), (14, 25), (25, 24), (24, 28), (28, 29), (29, 27), (27, 23), (23, 30), (30, 31), (31, 33), (33, 32), (32, 34), (34, 35), (35, 38), (38, 39), (39, 37), (37, 36), (36, 2), (2, 41), (41, 1)]","[(1, 0.0), (3, 0.0), (4, 0.0), (5, 2005.0), (7, 3014.0), (22, 4022.0), (20, 5031.0), (21, 6034.0), (8, 8049.0), (9, 9051.0), (10, 11056.0), (11, 12061.0), (12, 13068.0), (18, 15079.0), (16, 17092.0), (25, 19099.0), (28, 21105.0), (27, 23114.0), (30, 25122.0), (33, 27132.0), (34, 29138.0), (38, 31147.0), (37, 33156.0), (2, 35160.0), (1, 37172.0)]"
SA,40,9,bench_40_1,ok,-35729.8122,,600.0407,38,23,15,15,34052.0,69781.8122,959.8599,38177.0,91001.0,40189.0,29575101,483.2966,197,"[4, 5, 6, 20, 21, 9, 10, 11, 12, 18, 17, 16, 15, 25, 28, 27, 31, 30, 33, 35, 34, 38, 2, 7, 40, 23, 19, 8, 13, 14, 26, 29, 24, 32, 36, 39, 37, 41]","[4, 5, 6, 20, 21, 9, 10, 11, 12, 18, 17, 16, 15, 25, 28, 27, 31, 30, 33, 35, 34, 38, 2]","[7, 40, 23, 19, 8, 13, 14, 26, 29, 24, 32, 36, 39, 37, 41]","[6, 22, 21, 9, 12, 15, 25, 28, 27, 30, 33, 35, 38, 2, 1]","[1, 3, 4, 5, 6, 22, 20, 21, 9, 10, 11, 12, 18, 17, 16, 15, 25, 28, 27, 31, 30, 33, 35, 34, 38, 2, 1]","[(4, 7), (7, 6), (6, 40), (40, 22), (22, 23), (23, 21), (21, 19), (19, 9), (10, 8), (8, 12), (12, 13), (13, 15), (15, 14), (14, 25), (25, 26), (26, 28), (28, 29), (29, 27), (27, 24), (24, 30), (30, 32), (32, 33), (33, 36), (36, 35), (35, 39), (39, 38), (38, 37), (37, 2), (2, 41), (41, 1)]","[(1, 0.0), (3, 0.0), (4, 0.0), (5, 1001.0), (6, 2010.0), (22, 4022.0), (20, 5031.0), (21, 6034.0), (9, 8048.0), (10, 10061.0), (11, 11066.0), (12, 12073.0), (18, 14077.0), (17, 15083.0), (16, 16090.0), (15, 17095.0), (25, 19098.0), (28, 21104.0), (27, 23113.0), (31, 25121.0), (30, 26127.0), (33, 28138.0), (35, 30142.0), (34, 32151.0), (38, 33156.0), (2, 35166.0), (1, 37172.0)]"
SA,40,1,bench_40_2,ok,-39276.2569,,600.0425,38,26,12,14,31377.0,70653.2569,971.8467,38160.0,91001.0,40172.0,29738387,552.4591,198,"[35, 37, 39, 3, 40, 2, 4, 18, 17, 16, 10, 11, 9, 12, 13, 22, 21, 25, 24, 27, 28, 30, 32, 33, 34, 41, 19, 7, 6, 8, 14, 15, 20, 26, 38, 31, 29, 36]","[35, 37, 39, 3, 40, 2, 4, 18, 17, 16, 10, 11, 9, 12, 13, 22, 21, 25, 24, 27, 28, 30, 32, 33, 34, 41]","[19, 7, 6, 8, 14, 15, 20, 26, 38, 31, 29, 36]","[37, 4, 17, 10, 9, 13, 22, 25, 27, 28, 30, 32, 34, 1]","[1, 35, 37, 39, 3, 40, 2, 4, 18, 17, 16, 10, 11, 9, 12, 13, 22, 21, 25, 24, 27, 28, 30, 32, 33, 34, 41, 1]","[(1, 19), (19, 37), (37, 7), (7, 4), (4, 5), (5, 17), (16, 6), (6, 10), (10, 8), (8, 9), (9, 14), (14, 13), (13, 15), (15, 22), (22, 23), (23, 25), (25, 20), (20, 27), (27, 26), (26, 28), (28, 38), (38, 30), (30, 31), (31, 32), (32, 29), (29, 34), (34, 36), (36, 1)]","[(1, 0.0), (35, 0.0), (37, 1001.0), (39, 3016.0), (3, 4020.0), (40, 5024.0), (2, 6025.0), (4, 7031.0), (18, 9048.0), (17, 10050.0), (16, 11053.0), (10, 12056.0), (11, 14067.0), (9, 15071.0), (12, 17072.0), (13, 18077.0), (22, 20082.0), (21, 22090.0), (25, 23092.0), (24, 24101.0), (27, 25107.0), (28, 27118.0), (30, 29126.0), (32, 31135.0), (33, 33146.0), (34, 34151.0), (41, 36154.0), (1, 37154.0)]"
SA,40,3,bench_40_2,ok,-39408.935,,600.0454,39,27,12,13,31712.0,71120.935,978.2797,39165.0,91001.0,40172.0,29589750,8.4622,197,"[35, 36, 37, 40, 3, 4, 18, 5, 17, 16, 10, 11, 9, 12, 13, 22, 21, 25, 24, 27, 28, 30, 29, 32, 33, 34, 41, 39, 7, 8, 6, 15, 14, 23, 19, 26, 38, 31, 2]","[35, 36, 37, 40, 3, 4, 18, 5, 17, 16, 10, 11, 9, 12, 13, 22, 21, 25, 24, 27, 28, 30, 29, 32, 33, 34, 41]","[39, 7, 8, 6, 15, 14, 23, 19, 26, 38, 31, 2]","[36, 18, 16, 10, 12, 13, 21, 24, 27, 28, 29, 33, 1]","[1, 35, 36, 37, 40, 3, 4, 18, 5, 17, 16, 10, 11, 9, 12, 13, 22, 21, 25, 24, 27, 28, 30, 29, 32, 33, 34, 41, 1]","[(1, 39), (39, 36), (36, 20), (20, 18), (18, 7), (7, 16), (16, 8), (8, 10), (10, 6), (6, 12), (12, 15), (15, 13), (13, 14), (14, 21), (21, 23), (23, 24), (24, 19), (19, 27), (27, 26), (26, 28), (28, 38), (38, 29), (29, 31), (31, 33), (33, 2), (2, 1)]","[(1, 0.0), (35, 0.0), (36, 1001.0), (37, 3011.0), (40, 4017.0), (3, 5018.0), (4, 6022.0), (18, 7030.0), (5, 8032.0), (17, 9040.0), (16, 10043.0), (10, 12055.0), (11, 14061.0), (9, 15065.0), (12, 16066.0), (13, 18076.0), (22, 20079.0), (21, 21087.0), (25, 23091.0), (24, 24100.0), (27, 26110.0), (28, 28123.0), (30, 30131.0), (29, 31137.0), (32, 33141.0), (33, 34146.0), (34, 36157.0), (41, 37159.0), (1, 38159.0)]"
SA,40,5,bench_40_2,ok,-40368.1233,,600.0621,39,24,15,16,31909.0,72277.1233,994.1833,39168.0,91001.0,40172.0,29328084,600.062,196,"[35, 36, 37, 40, 3, 4, 18, 17, 7, 6, 10, 9, 11, 12, 13, 22, 21, 24, 26, 31, 30, 32, 33, 41, 34, 19, 2, 16, 5, 20, 8, 15, 14, 25, 27, 38, 29, 28, 39]","[35, 36, 37, 40, 3, 4, 18, 17, 7, 6, 10, 9, 11, 12, 13, 22, 21, 24, 26, 31, 30, 32, 33, 41]","[34, 19, 2, 16, 5, 20, 8, 15, 14, 25, 27, 38, 29, 28, 39]","[36, 3, 18, 17, 7, 10, 11, 13, 22, 21, 24, 26, 31, 30, 33, 1]","[1, 35, 36, 37, 40, 3, 4, 18, 17, 7, 6, 10, 9, 11, 12, 13, 22, 21, 24, 26, 31, 30, 32, 33, 41, 1]","[(1, 34), (34, 36), (36, 19), (19, 3), (3, 2), (2, 18), (18, 16), (16, 17), (17, 5), (5, 7), (7, 20), (20, 10), (10, 8), (8, 11), (11, 15), (15, 13), (13, 14), (14, 22), (22, 25), (25, 21), (21, 23), (23, 24), (24, 27), (27, 26), (26, 38), (38, 31), (31, 29), (29, 30), (30, 28), (28, 33), (33, 39), (39, 1)]","[(1, 0.0), (35, 0.0), (36, 1001.0), (37, 3009.0), (40, 4015.0), (3, 5016.0), (4, 7029.0), (18, 8037.0), (17, 10045.0), (7, 12051.0), (6, 14068.0), (10, 15073.0), (9, 17086.0), (11, 18087.0), (12, 20091.0), (13, 21096.0), (22, 23099.0), (21, 25109.0), (24, 27120.0), (26, 28126.0), (31, 30134.0), (30, 32143.0), (32, 34150.0), (33, 35155.0), (41, 37164.0), (1, 38164.0)]"
SA,40,7,bench_40_2,ok,-40237.1909,,600.0382,37,21,16,17,30349.0,70586.1909,970.9242,37150.0,91001.0,40172.0,29475142,278.4212,196,"[40, 39, 18, 17, 16, 9, 8, 10, 11, 12, 22, 21, 25, 24, 26, 27, 28, 29, 32, 34, 41, 38, 37, 3, 2, 7, 6, 15, 13, 14, 20, 23, 31, 19, 30, 33, 35]","[40, 39, 18, 17, 16, 9, 8, 10, 11, 12, 22, 21, 25, 24, 26, 27, 28, 29, 32, 34, 41]","[38, 37, 3, 2, 7, 6, 15, 13, 14, 20, 23, 31, 19, 30, 33, 35]","[36, 40, 39, 18, 17, 9, 10, 11, 12, 22, 24, 26, 28, 29, 32, 34, 1]","[1, 36, 40, 39, 4, 18, 17, 16, 9, 8, 10, 11, 12, 22, 21, 25, 24, 26, 27, 28, 29, 32, 34, 41, 1]","[(1, 38), (38, 36), (36, 37), (37, 40), (40, 3), (3, 39), (39, 2), (2, 18), (18, 5), (5, 17), (16, 7), (7, 9), (9, 6), (6, 10), (10, 15), (15, 11), (11, 13), (13, 12), (12, 14), (14, 22), (22, 20), (20, 24), (24, 23), (23, 26), (26, 31), (31, 28), (28, 19), (19, 29), (29, 30), (30, 32), (32, 33), (33, 34), (34, 35), (35, 1)]","[(1, 0.0), (36, 0.0), (40, 1003.0), (39, 3010.0), (4, 5018.0), (18, 5018.0), (17, 7026.0), (16, 8029.0), (9, 9032.0), (8, 11042.0), (10, 12042.0), (11, 14053.0), (12, 16057.0), (22, 18065.0), (21, 20075.0), (25, 21077.0), (24, 22086.0), (26, 24099.0), (27, 26107.0), (28, 27111.0), (29, 29121.0), (32, 31131.0), (34, 33142.0), (41, 35149.0), (1, 36149.0)]"
SA,40,9,bench_40_2,ok,-38852.3206,,600.0587,39,24,15,16,31909.0,70761.3206,973.3332,39168.0,91001.0,40172.0,29940123,600.0587,200,"[33, 32, 30, 28, 27, 26, 24, 21, 22, 13, 12, 9, 11, 10, 6, 16, 17, 18, 4, 3, 40, 36, 35, 41, 34, 29, 31, 25, 15, 14, 8, 7, 20, 5, 38, 2, 39, 37, 19]","[33, 32, 30, 28, 27, 26, 24, 21, 22, 13, 12, 9, 11, 10, 6, 16, 17, 18, 4, 3, 40, 36, 35, 41]","[34, 29, 31, 25, 15, 14, 8, 7, 20, 5, 38, 2, 39, 37, 19]","[32, 30, 26, 21, 22, 13, 9, 10, 6, 17, 4, 3, 40, 36, 35, 1]","[1, 33, 32, 30, 28, 27, 26, 24, 21, 22, 13, 12, 9, 11, 10, 6, 16, 17, 18, 4, 3, 40, 36, 35, 41, 1]","[(1, 34), (34, 32), (32, 29), (29, 30), (30, 31), (31, 26), (24, 23), (23, 21), (21, 25), (25, 22), (22, 15), (15, 13), (13, 14), (14, 9), (9, 8), (8, 10), (10, 7), (7, 6), (6, 20), (20, 17), (17, 5), (5, 4), (4, 38), (38, 3), (3, 2), (2, 40), (40, 39), (39, 36), (36, 37), (37, 35), (35, 19), (19, 1)]","[(1, 0.0), (33, 0.0), (32, 1005.0), (30, 3012.0), (28, 5019.0), (27, 6023.0), (26, 7027.0), (24, 9037.0), (21, 10043.0), (22, 11045.0), (13, 13062.0), (12, 15065.0), (9, 16070.0), (11, 18073.0), (10, 19077.0), (6, 21083.0), (16, 23097.0), (17, 24100.0), (18, 26110.0), (4, 27112.0), (3, 29128.0), (40, 31135.0), (36, 33142.0), (35, 35152.0), (41, 37159.0), (1, 38159.0)]"
SA,40,1,bench_40_3,ok,-40593.1533,,600.0417,38,24,14,15,31671.0,72264.1533,994.0049,38196.0,91001.0,40203.0,30285808,105.6449,202,"[39, 20, 4, 5, 7, 8, 10, 11, 12, 14, 16, 17, 22, 25, 27, 26, 28, 29, 30, 31, 33, 36, 35, 41, 38, 6, 9, 18, 13, 15, 19, 23, 24, 32, 21, 37, 40, 34]","[39, 20, 4, 5, 7, 8, 10, 11, 12, 14, 16, 17, 22, 25, 27, 26, 28, 29, 30, 31, 33, 36, 35, 41]","[38, 6, 9, 18, 13, 15, 19, 23, 24, 32, 21, 37, 40, 34]","[3, 4, 5, 8, 12, 16, 17, 22, 25, 29, 30, 33, 35, 41, 1]","[1, 3, 39, 20, 4, 5, 7, 8, 10, 11, 12, 14, 16, 17, 22, 25, 27, 26, 28, 29, 30, 31, 33, 36, 35, 41, 1]","[(1, 2), (2, 3), (3, 38), (38, 4), (4, 6), (6, 5), (5, 9), (9, 8), (8, 18), (18, 12), (12, 13), (13, 16), (16, 15), (15, 17), (17, 19), (19, 22), (22, 23), (23, 25), (25, 24), (24, 29), (29, 32), (32, 30), (30, 21), (21, 33), (33, 37), (37, 35), (35, 40), (40, 41), (41, 34), (34, 1)]","[(1, 0.0), (3, 0.0), (39, 0.0), (20, 1008.0), (4, 2016.0), (5, 4025.0), (7, 6034.0), (8, 7036.0), (10, 9053.0), (11, 10062.0), (12, 11063.0), (14, 13071.0), (16, 14072.0), (17, 16085.0), (22, 18097.0), (25, 20107.0), (27, 22125.0), (26, 23129.0), (28, 24131.0), (29, 25138.0), (30, 27148.0), (31, 29156.0), (33, 30159.0), (36, 32173.0), (35, 33181.0), (41, 35193.0), (1, 37196.0)]"
SA,40,3,bench_40_3,ok,-42603.1372,,600.0455,37,24,13,13,31026.0,73629.1372,1012.7804,37188.0,91001.0,40203.0,30416315,495.7978,203,"[4, 7, 8, 10, 11, 12, 14, 16, 17, 22, 20, 39, 21, 25, 27, 26, 28, 29, 37, 33, 36, 35, 34, 41, 6, 19, 9, 18, 13, 15, 24, 23, 31, 30, 40, 32, 38]","[4, 7, 8, 10, 11, 12, 14, 16, 17, 22, 20, 39, 21, 25, 27, 26, 28, 29, 37, 33, 36, 35, 34, 41]","[6, 19, 9, 18, 13, 15, 24, 23, 31, 30, 40, 32, 38]","[5, 7, 8, 11, 14, 17, 21, 26, 29, 37, 33, 35, 1]","[1, 3, 2, 4, 5, 7, 8, 10, 11, 12, 14, 16, 17, 22, 20, 39, 21, 25, 27, 26, 28, 29, 37, 33, 36, 35, 34, 41, 1]","[(3, 6), (6, 5), (5, 19), (19, 7), (7, 9), (9, 8), (8, 18), (18, 11), (12, 13), (13, 14), (14, 15), (15, 17), (17, 24), (24, 21), (21, 23), (23, 26), (26, 31), (31, 29), (29, 30), (30, 37), (37, 40), (40, 33), (33, 32), (32, 35), (35, 38), (38, 1)]","[(1, 0.0), (3, 0.0), (2, 0.0), (4, 0.0), (5, 1008.0), (7, 2009.0), (8, 4017.0), (10, 6034.0), (11, 7043.0), (12, 9052.0), (14, 10052.0), (16, 12058.0), (17, 13066.0), (22, 15078.0), (20, 16082.0), (39, 17090.0), (21, 18098.0), (25, 20114.0), (27, 21123.0), (26, 22127.0), (28, 24138.0), (29, 25145.0), (37, 27151.0), (33, 29160.0), (36, 31168.0), (35, 32176.0), (34, 34187.0), (41, 35187.0), (1, 36187.0)]"
SA,40,5,bench_40_3,ok,-42029.6079,,600.0407,37,24,13,15,31224.0,73253.6079,1007.615,37186.0,91001.0,40203.0,30481230,503.0236,203,"[35, 36, 32, 30, 29, 28, 26, 27, 24, 23, 15, 14, 12, 10, 8, 7, 19, 5, 4, 20, 39, 38, 40, 41, 6, 18, 16, 13, 11, 9, 17, 22, 21, 2, 3, 37, 34]","[35, 36, 32, 30, 29, 28, 26, 27, 24, 23, 15, 14, 12, 10, 8, 7, 19, 5, 4, 20, 39, 38, 40, 41]","[6, 18, 16, 13, 11, 9, 17, 22, 21, 2, 3, 37, 34]","[36, 28, 26, 15, 14, 12, 10, 7, 19, 5, 39, 38, 40, 41, 1]","[1, 35, 36, 32, 31, 30, 29, 28, 26, 27, 24, 23, 15, 14, 12, 10, 8, 7, 19, 5, 4, 20, 39, 38, 40, 41, 1]","[(1, 33), (33, 36), (36, 6), (6, 28), (28, 25), (25, 26), (27, 18), (18, 15), (15, 16), (16, 14), (14, 13), (13, 12), (12, 11), (11, 10), (10, 9), (9, 7), (7, 17), (17, 19), (19, 22), (22, 5), (5, 21), (21, 39), (39, 2), (2, 38), (38, 3), (3, 40), (40, 37), (37, 41), (41, 34), (34, 1)]","[(1, 0.0), (35, 0.0), (36, 1008.0), (32, 2016.0), (31, 3019.0), (30, 3019.0), (29, 4024.0), (28, 5027.0), (26, 7035.0), (27, 8037.0), (24, 9041.0), (23, 10048.0), (15, 11057.0), (14, 13074.0), (12, 15083.0), (10, 17088.0), (8, 19098.0), (7, 20106.0), (19, 22117.0), (5, 24126.0), (4, 26138.0), (20, 27146.0), (39, 28154.0), (38, 30171.0), (40, 32174.0), (41, 34182.0), (1, 36186.0)]"
SA,40,7,bench_40_3,ok,-41768.2366,,600.0413,39,23,16,16,32319.0,74087.2366,1019.0817,39198.0,91001.0,40203.0,29901344,86.42,199,"[4, 5, 7, 8, 10, 11, 14, 16, 17, 18, 20, 39, 21, 26, 27, 28, 30, 31, 32, 33, 36, 35, 41, 38, 6, 2, 9, 12, 13, 15, 19, 22, 24, 25, 29, 23, 34, 37, 40]","[4, 5, 7, 8, 10, 11, 14, 16, 17, 18, 20, 39, 21, 26, 27, 28, 30, 31, 32, 33, 36, 35, 41]","[38, 6, 2, 9, 12, 13, 15, 19, 22, 24, 25, 29, 23, 34, 37, 40]","[3, 4, 8, 10, 11, 14, 17, 20, 21, 27, 28, 31, 36, 35, 41, 1]","[1, 3, 4, 5, 7, 8, 10, 11, 14, 16, 17, 18, 20, 39, 21, 26, 27, 28, 30, 31, 32, 33, 36, 35, 41, 1]","[(1, 38), (38, 3), (3, 6), (6, 4), (4, 2), (2, 8), (8, 9), (9, 10), (10, 12), (12, 11), (11, 13), (13, 14), (14, 15), (15, 17), (17, 19), (19, 20), (20, 22), (22, 21), (21, 24), (24, 27), (27, 25), (25, 28), (28, 29), (29, 31), (31, 23), (23, 36), (36, 34), (34, 35), (35, 37), (37, 41), (41, 40), (40, 1)]","[(1, 0.0), (3, 0.0), (4, 1001.0), (5, 3010.0), (7, 4018.0), (8, 5020.0), (10, 7030.0), (11, 9048.0), (14, 11049.0), (16, 13055.0), (17, 14063.0), (18, 16075.0), (20, 17083.0), (39, 19097.0), (21, 20105.0), (26, 22118.0), (27, 23120.0), (28, 25131.0), (30, 27147.0), (31, 28152.0), (32, 30158.0), (33, 31161.0), (36, 32166.0), (35, 34183.0), (41, 36191.0), (1, 38195.0)]"
SA,40,9,bench_40_3,ok,-42550.5812,,600.0406,38,23,15,16,31671.0,74221.5812,1020.9296,38196.0,91001.0,40203.0,29525420,472.222,197,"[4, 20, 22, 18, 19, 7, 8, 10, 11, 12, 14, 13, 15, 23, 24, 27, 26, 31, 30, 33, 36, 35, 34, 38, 39, 6, 17, 5, 9, 16, 28, 21, 25, 29, 32, 37, 40, 41]","[4, 20, 22, 18, 19, 7, 8, 10, 11, 12, 14, 13, 15, 23, 24, 27, 26, 31, 30, 33, 36, 35, 34]","[38, 39, 6, 17, 5, 9, 16, 28, 21, 25, 29, 32, 37, 40, 41]","[3, 4, 20, 18, 19, 8, 14, 13, 24, 27, 26, 31, 33, 36, 34, 1]","[1, 3, 4, 20, 22, 18, 19, 7, 8, 10, 11, 12, 14, 13, 15, 23, 24, 27, 26, 31, 30, 33, 36, 35, 34, 1]","[(1, 2), (2, 3), (3, 38), (38, 4), (4, 39), (39, 20), (20, 6), (6, 18), (18, 17), (17, 19), (19, 5), (5, 8), (8, 9), (9, 14), (14, 16), (16, 13), (13, 28), (28, 24), (24, 21), (21, 27), (27, 25), (25, 26), (26, 29), (29, 31), (30, 32), (32, 33), (33, 37), (37, 36), (36, 40), (40, 34), (34, 41), (41, 1)]","[(1, 0.0), (3, 0.0), (4, 0.0), (20, 2009.0), (22, 4025.0), (18, 5029.0), (19, 7038.0), (7, 9047.0), (8, 10049.0), (10, 12065.0), (11, 13074.0), (12, 14075.0), (14, 15075.0), (13, 17085.0), (15, 19098.0), (23, 20107.0), (24, 21116.0), (27, 23130.0), (26, 25143.0), (31, 27154.0), (30, 29160.0), (33, 30165.0), (36, 32173.0), (35, 34185.0), (34, 35193.0), (1, 37196.0)]"
SA,40,1,bench_40_4,ok,-37757.4909,,600.0377,38,21,17,17,32911.0,70668.4909,972.0563,38185.0,91001.0,40195.0,29723087,237.0417,198,"[38, 36, 35, 34, 32, 16, 14, 17, 18, 13, 7, 8, 9, 6, 19, 28, 21, 23, 40, 39, 41, 37, 27, 24, 30, 33, 12, 15, 31, 10, 11, 5, 20, 29, 22, 4, 2, 3]","[38, 36, 35, 34, 32, 16, 14, 17, 18, 13, 7, 8, 9, 6, 19, 28, 21, 23, 40, 39, 41]","[37, 27, 24, 30, 33, 12, 15, 31, 10, 11, 5, 20, 29, 22, 4, 2, 3]","[36, 25, 26, 32, 16, 14, 18, 7, 9, 6, 28, 21, 23, 40, 39, 41, 1]","[1, 38, 36, 35, 25, 34, 26, 32, 16, 14, 17, 18, 13, 7, 8, 9, 6, 19, 28, 21, 23, 40, 39, 41, 1]","[(38, 37), (37, 36), (36, 27), (27, 25), (25, 24), (24, 26), (26, 30), (30, 32), (32, 33), (33, 16), (16, 12), (12, 14), (14, 15), (15, 18), (18, 31), (31, 7), (7, 10), (10, 9), (9, 11), (11, 6), (6, 5), (5, 28), (28, 20), (20, 21), (21, 29), (29, 23), (23, 22), (22, 40), (40, 4), (4, 39), (39, 2), (2, 41), (41, 3), (3, 1)]","[(1, 0.0), (38, 0.0), (36, 1007.0), (35, 3019.0), (25, 4026.0), (34, 5033.0), (26, 6035.0), (32, 7037.0), (16, 9047.0), (14, 11055.0), (17, 13060.0), (18, 14066.0), (13, 16077.0), (7, 17083.0), (8, 19093.0), (9, 20101.0), (6, 22117.0), (19, 24117.0), (28, 25120.0), (21, 27126.0), (23, 29142.0), (40, 31150.0), (39, 33154.0), (41, 35164.0), (1, 37180.0)]"
SA,40,3,bench_40_4,ok,-36491.2365,,600.087,39,23,16,16,33578.0,70069.2365,963.8134,39191.0,91001.0,40195.0,29633121,600.0869,197,"[37, 38, 36, 35, 25, 32, 31, 14, 17, 18, 13, 7, 8, 9, 6, 5, 20, 21, 23, 40, 4, 3, 2, 39, 34, 33, 30, 16, 15, 12, 10, 11, 19, 28, 29, 22, 27, 24, 41]","[37, 38, 36, 35, 25, 32, 31, 14, 17, 18, 13, 7, 8, 9, 6, 5, 20, 21, 23, 40, 4, 3, 2]","[39, 34, 33, 30, 16, 15, 12, 10, 11, 19, 28, 29, 22, 27, 24, 41]","[35, 26, 32, 31, 14, 13, 8, 9, 6, 5, 21, 23, 40, 4, 2, 1]","[1, 37, 38, 36, 35, 25, 26, 32, 31, 14, 17, 18, 13, 7, 8, 9, 6, 5, 20, 21, 23, 40, 4, 3, 2, 1]","[(1, 39), (39, 35), (35, 34), (34, 26), (26, 33), (33, 32), (32, 30), (30, 31), (31, 16), (16, 14), (14, 15), (15, 13), (13, 12), (12, 8), (8, 10), (10, 9), (9, 11), (11, 6), (6, 19), (19, 5), (5, 28), (28, 21), (21, 29), (29, 23), (23, 22), (22, 40), (40, 27), (27, 4), (4, 24), (24, 2), (2, 41), (41, 1)]","[(1, 0.0), (37, 0.0), (38, 1008.0), (36, 2015.0), (35, 3019.0), (25, 5027.0), (26, 6033.0), (32, 7035.0), (31, 9045.0), (14, 11057.0), (17, 13066.0), (18, 14072.0), (13, 15078.0), (7, 17089.0), (8, 18091.0), (9, 20099.0), (6, 22115.0), (5, 24115.0), (20, 26121.0), (21, 27130.0), (23, 29140.0), (40, 31148.0), (4, 33152.0), (3, 35168.0), (2, 36173.0), (1, 38184.0)]"
SA,40,5,bench_40_4,ok,-38104.6938,,600.0377,37,23,14,16,32239.0,70343.6938,967.5886,37181.0,91001.0,40195.0,29560001,334.681,197,"[37, 38, 36, 35, 34, 30, 31, 14, 12, 17, 18, 7, 8, 9, 6, 5, 21, 28, 22, 40, 4, 3, 2, 32, 16, 15, 13, 11, 10, 29, 19, 20, 27, 23, 24, 39, 41]","[37, 38, 36, 35, 34, 30, 31, 14, 12, 17, 18, 7, 8, 9, 6, 5, 21, 28, 22, 40, 4, 3, 2]","[32, 16, 15, 13, 11, 10, 29, 19, 20, 27, 23, 24, 39, 41]","[35, 34, 30, 12, 18, 7, 8, 9, 5, 21, 28, 22, 40, 3, 2, 1]","[1, 37, 38, 36, 35, 34, 26, 30, 31, 14, 12, 17, 18, 7, 8, 9, 6, 5, 21, 28, 22, 40, 4, 3, 2, 1]","[(1, 33), (33, 35), (35, 25), (25, 34), (26, 32), (32, 30), (31, 16), (16, 12), (12, 15), (15, 18), (18, 13), (13, 7), (7, 11), (11, 8), (8, 10), (10, 9), (9, 29), (29, 5), (5, 19), (19, 21), (21, 20), (20, 28), (28, 27), (27, 22), (22, 23), (23, 40), (40, 24), (24, 3), (3, 39), (39, 2), (2, 41), (41, 1)]","[(1, 0.0), (37, 0.0), (38, 1008.0), (36, 2015.0), (35, 3019.0), (34, 4026.0), (26, 5028.0), (30, 5028.0), (31, 7038.0), (14, 8046.0), (12, 9051.0), (17, 11055.0), (18, 12061.0), (7, 14072.0), (8, 16080.0), (9, 18088.0), (6, 20104.0), (5, 21104.0), (21, 23108.0), (28, 25118.0), (22, 27130.0), (40, 29139.0), (4, 31148.0), (3, 32157.0), (2, 34164.0), (1, 36174.0)]"
SA,40,7,bench_40_4,ok,-37190.7215,,600.0812,38,22,16,17,32911.0,70101.7215,964.2603,38185.0,91001.0,40195.0,29322605,600.0811,195,"[38, 36, 35, 34, 27, 30, 31, 14, 17, 18, 11, 7, 8, 6, 5, 20, 21, 23, 22, 4, 41, 2, 37, 33, 32, 15, 12, 16, 10, 9, 13, 19, 28, 29, 40, 24, 39, 3]","[38, 36, 35, 34, 27, 30, 31, 14, 17, 18, 11, 7, 8, 6, 5, 20, 21, 23, 22, 4, 41, 2]","[37, 33, 32, 15, 12, 16, 10, 9, 13, 19, 28, 29, 40, 24, 39, 3]","[36, 25, 27, 31, 14, 17, 11, 7, 8, 5, 20, 21, 23, 22, 4, 41, 1]","[1, 38, 36, 35, 34, 25, 27, 30, 31, 14, 17, 18, 11, 7, 8, 6, 5, 20, 21, 23, 22, 4, 41, 2, 1]","[(1, 37), (37, 36), (36, 33), (33, 25), (25, 26), (26, 27), (27, 32), (32, 31), (31, 15), (15, 14), (14, 12), (12, 17), (17, 16), (16, 11), (11, 10), (10, 7), (7, 9), (9, 8), (8, 13), (13, 5), (5, 19), (19, 20), (20, 28), (28, 21), (21, 29), (29, 23), (23, 40), (40, 22), (22, 24), (24, 4), (4, 39), (39, 41), (41, 3), (3, 1)]","[(1, 0.0), (38, 0.0), (36, 1007.0), (35, 3019.0), (34, 4026.0), (25, 5028.0), (27, 6032.0), (30, 7039.0), (31, 8043.0), (14, 10057.0), (17, 12067.0), (18, 14073.0), (11, 15079.0), (7, 17083.0), (8, 19092.0), (6, 21109.0), (5, 22109.0), (20, 24118.0), (21, 26130.0), (23, 28140.0), (22, 30148.0), (4, 32152.0), (41, 34163.0), (2, 36171.0), (1, 37180.0)]"
SA,40,9,bench_40_4,ok,-37949.1663,,600.0411,38,24,14,15,32906.0,70855.1663,974.624,38187.0,91001.0,40195.0,29689447,434.1385,198,"[38, 36, 35, 25, 31, 16, 15, 14, 17, 18, 11, 10, 9, 6, 5, 20, 21, 28, 23, 22, 40, 39, 41, 2, 34, 32, 29, 13, 30, 8, 7, 12, 19, 27, 24, 4, 3, 37]","[38, 36, 35, 25, 31, 16, 15, 14, 17, 18, 11, 10, 9, 6, 5, 20, 21, 28, 23, 22, 40, 39, 41, 2]","[34, 32, 29, 13, 30, 8, 7, 12, 19, 27, 24, 4, 3, 37]","[35, 25, 31, 15, 17, 11, 10, 9, 20, 28, 23, 40, 39, 2, 1]","[1, 38, 36, 35, 25, 26, 31, 16, 15, 14, 17, 18, 11, 10, 9, 6, 5, 20, 21, 28, 23, 22, 40, 39, 41, 2, 1]","[(1, 33), (33, 35), (35, 34), (34, 25), (25, 32), (32, 31), (31, 29), (29, 15), (15, 13), (13, 17), (17, 30), (30, 11), (11, 8), (8, 10), (10, 7), (7, 9), (9, 12), (12, 20), (20, 19), (19, 28), (28, 27), (27, 23), (23, 24), (24, 40), (40, 4), (4, 39), (39, 3), (3, 2), (2, 37), (37, 1)]","[(1, 0.0), (38, 0.0), (36, 1007.0), (35, 2011.0), (25, 3018.0), (26, 5026.0), (31, 5026.0), (16, 7040.0), (15, 8044.0), (14, 10050.0), (17, 11055.0), (18, 13067.0), (11, 14073.0), (10, 16077.0), (9, 18092.0), (6, 20103.0), (5, 21103.0), (20, 22106.0), (21, 24115.0), (28, 25122.0), (23, 27128.0), (22, 29142.0), (40, 30144.0), (39, 32148.0), (41, 34158.0), (2, 35165.0), (1, 37179.0)]"
SA,40,1,bench_40_5,ok,-34775.3397,,600.0596,38,24,14,15,31360.0,66135.3397,909.7021,38179.0,91001.0,40183.0,29780998,600.0595,199,"[37, 36, 35, 34, 33, 30, 29, 20, 18, 19, 21, 13, 14, 16, 10, 11, 9, 28, 24, 25, 5, 39, 40, 3, 32, 31, 17, 22, 12, 15, 8, 7, 23, 6, 27, 4, 41, 2]","[37, 36, 35, 34, 33, 30, 29, 20, 18, 19, 21, 13, 14, 16, 10, 11, 9, 28, 24, 25, 5, 39, 40, 3]","[32, 31, 17, 22, 12, 15, 8, 7, 23, 6, 27, 4, 41, 2]","[35, 34, 30, 13, 16, 10, 11, 9, 28, 24, 25, 39, 40, 3, 1]","[1, 38, 37, 36, 35, 34, 33, 30, 29, 20, 18, 19, 21, 13, 14, 16, 10, 11, 9, 28, 24, 25, 5, 39, 40, 3, 1]","[(1, 32), (32, 35), (35, 26), (26, 34), (33, 31), (31, 30), (29, 17), (17, 13), (13, 22), (22, 16), (16, 12), (12, 10), (10, 15), (15, 11), (11, 8), (8, 9), (9, 7), (7, 28), (28, 23), (23, 24), (24, 6), (6, 25), (25, 27), (27, 39), (39, 4), (4, 40), (40, 41), (41, 3), (3, 2), (2, 1)]","[(1, 0.0), (38, 0.0), (37, 0.0), (36, 1002.0), (35, 2007.0), (34, 4013.0), (33, 5017.0), (30, 6021.0), (29, 8029.0), (20, 9034.0), (18, 10040.0), (19, 11047.0), (21, 12056.0), (13, 13058.0), (14, 15069.0), (16, 16070.0), (10, 18076.0), (11, 20087.0), (9, 22097.0), (28, 24109.0), (24, 26125.0), (25, 28141.0), (5, 30156.0), (39, 31160.0), (40, 33172.0), (3, 35177.0), (1, 37179.0)]"
SA,40,3,bench_40_5,ok,-35171.055,,600.043,39,26,13,13,31885.0,67056.055,922.3666,39177.0,91001.0,40183.0,29747183,455.9989,198,"[39, 5, 24, 23, 7, 8, 11, 10, 15, 16, 22, 21, 18, 19, 20, 29, 30, 33, 34, 32, 35, 36, 37, 38, 2, 41, 6, 28, 9, 13, 14, 12, 17, 31, 26, 27, 4, 40, 3]","[39, 5, 24, 23, 7, 8, 11, 10, 15, 16, 22, 21, 18, 19, 20, 29, 30, 33, 34, 32, 35, 36, 37, 38, 2, 41]","[6, 28, 9, 13, 14, 12, 17, 31, 26, 27, 4, 40, 3]","[23, 8, 11, 16, 22, 19, 30, 33, 32, 35, 38, 41, 1]","[1, 39, 5, 25, 24, 23, 7, 8, 11, 10, 15, 16, 22, 21, 18, 19, 20, 29, 30, 33, 34, 32, 35, 36, 37, 38, 2, 41, 1]","[(5, 6), (6, 23), (23, 28), (28, 8), (8, 9), (9, 11), (10, 13), (13, 16), (16, 14), (14, 22), (22, 12), (12, 19), (19, 17), (17, 30), (30, 31), (31, 33), (33, 26), (26, 32), (32, 27), (27, 35), (35, 4), (4, 38), (38, 40), (40, 41), (41, 3), (3, 1)]","[(1, 0.0), (39, 0.0), (5, 1005.0), (25, 2009.0), (24, 2009.0), (23, 3016.0), (7, 5034.0), (8, 6041.0), (11, 8057.0), (10, 10066.0), (15, 11070.0), (16, 12076.0), (22, 14086.0), (21, 16092.0), (18, 17094.0), (19, 18101.0), (20, 20117.0), (29, 21123.0), (30, 22128.0), (33, 24134.0), (34, 26142.0), (32, 27146.0), (35, 29154.0), (36, 31163.0), (37, 32168.0), (38, 33170.0), (2, 35172.0), (41, 36172.0), (1, 38175.0)]"
SA,40,5,bench_40_5,ok,-34247.0346,,600.0616,38,22,16,16,31360.0,65607.0346,902.4351,38179.0,91001.0,40183.0,29752164,600.0616,198,"[37, 35, 33, 30, 29, 20, 21, 13, 14, 16, 15, 9, 8, 7, 28, 24, 23, 25, 5, 39, 3, 41, 36, 32, 34, 31, 19, 18, 22, 10, 12, 11, 17, 27, 6, 4, 40, 2]","[37, 35, 33, 30, 29, 20, 21, 13, 14, 16, 15, 9, 8, 7, 28, 24, 23, 25, 5, 39, 3, 41]","[36, 32, 34, 31, 19, 18, 22, 10, 12, 11, 17, 27, 6, 4, 40, 2]","[35, 26, 33, 29, 20, 21, 13, 15, 9, 8, 28, 25, 39, 3, 41, 1]","[1, 38, 37, 35, 26, 33, 30, 29, 20, 21, 13, 14, 16, 15, 9, 8, 7, 28, 24, 23, 25, 5, 39, 3, 41, 1]","[(1, 36), (36, 35), (35, 32), (32, 26), (26, 34), (34, 33), (33, 31), (31, 29), (29, 19), (19, 20), (20, 18), (18, 21), (21, 22), (22, 13), (13, 10), (10, 15), (15, 12), (12, 9), (9, 11), (11, 8), (8, 17), (17, 28), (28, 27), (27, 25), (25, 6), (6, 39), (39, 4), (4, 3), (3, 40), (40, 41), (41, 2), (2, 1)]","[(1, 0.0), (38, 0.0), (37, 0.0), (35, 1002.0), (26, 3009.0), (33, 4013.0), (30, 6021.0), (29, 7025.0), (20, 9034.0), (21, 11049.0), (13, 13058.0), (14, 15072.0), (16, 16073.0), (15, 17074.0), (9, 19084.0), (8, 21096.0), (7, 23107.0), (28, 24114.0), (24, 26125.0), (23, 27132.0), (25, 28141.0), (5, 30154.0), (39, 31158.0), (3, 33172.0), (41, 35176.0), (1, 37179.0)]"
SA,40,7,bench_40_5,ok,-34242.558,,600.0393,38,22,16,17,31360.0,65602.558,902.3736,38179.0,91001.0,40183.0,29456030,226.8461,196,"[36, 34, 33, 30, 29, 20, 18, 19, 21, 14, 16, 15, 9, 8, 7, 23, 24, 25, 5, 39, 3, 41, 37, 35, 32, 31, 17, 12, 13, 10, 22, 11, 27, 28, 6, 4, 40, 2]","[36, 34, 33, 30, 29, 20, 18, 19, 21, 14, 16, 15, 9, 8, 7, 23, 24, 25, 5, 39, 3, 41]","[37, 35, 32, 31, 17, 12, 13, 10, 22, 11, 27, 28, 6, 4, 40, 2]","[38, 36, 34, 33, 30, 19, 14, 16, 15, 9, 7, 24, 25, 39, 3, 41, 1]","[1, 38, 36, 34, 33, 30, 29, 20, 18, 19, 21, 14, 16, 15, 9, 8, 7, 23, 24, 25, 5, 39, 3, 41, 1]","[(1, 37), (37, 38), (38, 35), (35, 36), (36, 26), (26, 34), (34, 32), (32, 33), (33, 31), (31, 30), (29, 17), (17, 19), (19, 12), (12, 14), (14, 13), (13, 16), (16, 10), (10, 15), (15, 22), (22, 9), (9, 11), (11, 7), (7, 27), (27, 24), (24, 28), (28, 25), (25, 6), (6, 39), (39, 4), (4, 3), (3, 40), (40, 41), (41, 2), (2, 1)]","[(1, 0.0), (38, 0.0), (36, 1002.0), (34, 3009.0), (33, 4013.0), (30, 6021.0), (29, 8029.0), (20, 9034.0), (18, 10040.0), (19, 11047.0), (21, 13058.0), (14, 14060.0), (16, 16068.0), (15, 18078.0), (9, 20088.0), (8, 22098.0), (7, 23105.0), (23, 25116.0), (24, 26125.0), (25, 28139.0), (5, 30154.0), (39, 31158.0), (3, 33172.0), (41, 35176.0), (1, 37179.0)]"
SA,40,9,bench_40_5,ok,-35568.9465,,600.0456,39,26,13,13,31885.0,67453.9465,927.8397,39177.0,91001.0,40183.0,29822433,238.8464,199,"[3, 39, 5, 24, 7, 8, 9, 15, 16, 14, 13, 22, 21, 19, 18, 20, 29, 30, 33, 34, 26, 35, 36, 37, 38, 41, 23, 6, 11, 12, 10, 17, 27, 31, 32, 28, 4, 40, 2]","[3, 39, 5, 24, 7, 8, 9, 15, 16, 14, 13, 22, 21, 19, 18, 20, 29, 30, 33, 34, 26, 35, 36, 37, 38, 41]","[23, 6, 11, 12, 10, 17, 27, 31, 32, 28, 4, 40, 2]","[24, 7, 9, 16, 22, 18, 30, 33, 34, 35, 38, 41, 1]","[1, 3, 39, 5, 25, 24, 7, 8, 9, 15, 16, 14, 13, 22, 21, 19, 18, 20, 29, 30, 33, 34, 26, 35, 36, 37, 38, 41, 1]","[(1, 23), (23, 24), (24, 6), (6, 7), (7, 11), (11, 9), (9, 12), (12, 16), (16, 10), (10, 22), (22, 17), (17, 18), (18, 27), (27, 30), (30, 31), (31, 33), (33, 32), (32, 34), (34, 28), (28, 35), (35, 4), (4, 38), (38, 40), (40, 41), (41, 2), (2, 1)]","[(1, 0.0), (3, 0.0), (39, 1002.0), (5, 2007.0), (25, 3011.0), (24, 3011.0), (7, 5027.0), (8, 7043.0), (9, 8050.0), (15, 10059.0), (16, 11065.0), (14, 13073.0), (13, 14074.0), (22, 15083.0), (21, 17092.0), (19, 18094.0), (18, 19103.0), (20, 21112.0), (29, 22118.0), (30, 23123.0), (33, 25134.0), (34, 27142.0), (26, 29150.0), (35, 30154.0), (36, 32165.0), (37, 33170.0), (38, 34172.0), (41, 36174.0), (1, 38177.0)]"
SA,50,1,bench_50_1,ok,-35983.6578,,750.0752,50,34,16,16,44197.0,80180.6578,1102.8976,50223.0,113752.0,50223.0,32326723,478.9426,173,"[44, 40, 41, 39, 36, 37, 35, 33, 34, 30, 31, 16, 17, 18, 19, 20, 12, 11, 10, 9, 23, 22, 21, 29, 32, 27, 24, 7, 6, 50, 49, 48, 51, 2, 42, 38, 45, 15, 8, 13, 14, 28, 26, 25, 5, 4, 46, 47, 43, 3]","[44, 40, 41, 39, 36, 37, 35, 33, 34, 30, 31, 16, 17, 18, 19, 20, 12, 11, 10, 9, 23, 22, 21, 29, 32, 27, 24, 7, 6, 50, 49, 48, 51, 2]","[42, 38, 45, 15, 8, 13, 14, 28, 26, 25, 5, 4, 46, 47, 43, 3]","[41, 36, 30, 16, 12, 9, 23, 21, 27, 24, 6, 50, 49, 48, 2, 1]","[1, 44, 40, 41, 39, 36, 37, 35, 33, 34, 30, 31, 16, 17, 18, 19, 20, 12, 11, 10, 9, 23, 22, 21, 29, 32, 27, 24, 7, 6, 50, 49, 48, 51, 2, 1]","[(1, 42), (42, 41), (41, 38), (38, 36), (36, 45), (45, 30), (30, 15), (15, 16), (16, 8), (8, 12), (12, 13), (13, 9), (9, 14), (14, 23), (23, 28), (28, 21), (29, 26), (26, 27), (27, 25), (25, 24), (24, 5), (5, 6), (6, 4), (4, 50), (50, 46), (46, 49), (49, 47), (47, 48), (48, 43), (43, 2), (2, 3), (3, 1)]","[(1, 0.0), (44, 0.0), (40, 1006.0), (41, 2011.0), (39, 4020.0), (36, 5020.0), (37, 7028.0), (35, 8034.0), (33, 9038.0), (34, 10042.0), (30, 11044.0), (31, 13052.0), (16, 14057.0), (17, 16060.0), (18, 17062.0), (19, 18067.0), (20, 19074.0), (12, 20080.0), (11, 22084.0), (10, 23091.0), (9, 24096.0), (23, 26106.0), (22, 28115.0), (21, 29118.0), (29, 31132.0), (32, 32133.0), (27, 33140.0), (24, 35151.0), (7, 37163.0), (6, 38171.0), (50, 40184.0), (49, 42194.0), (48, 44199.0), (51, 46206.0), (2, 47211.0), (1, 49217.0)]"
SA,50,3,bench_50_1,ok,-36971.432,,750.0802,49,34,15,15,43539.0,80510.432,1107.4337,49217.0,113752.0,50223.0,32329079,433.3934,173,"[4, 5, 6, 7, 28, 22, 23, 8, 9, 10, 11, 13, 12, 20, 19, 18, 31, 30, 34, 33, 35, 37, 38, 39, 42, 41, 40, 44, 45, 46, 47, 48, 51, 2, 50, 32, 21, 16, 14, 17, 29, 15, 25, 36, 27, 26, 49, 3, 43]","[4, 5, 6, 7, 28, 22, 23, 8, 9, 10, 11, 13, 12, 20, 19, 18, 31, 30, 34, 33, 35, 37, 38, 39, 42, 41, 40, 44, 45, 46, 47, 48, 51, 2]","[50, 32, 21, 16, 14, 17, 29, 15, 25, 36, 27, 26, 49, 3, 43]","[6, 22, 23, 11, 13, 19, 31, 34, 37, 38, 40, 47, 48, 2, 1]","[1, 4, 5, 6, 7, 24, 28, 22, 23, 8, 9, 10, 11, 13, 12, 20, 19, 18, 31, 30, 34, 33, 35, 37, 38, 39, 42, 41, 40, 44, 45, 46, 47, 48, 51, 2, 1]","[(4, 50), (50, 6), (6, 32), (32, 22), (22, 21), (21, 23), (23, 16), (16, 11), (11, 14), (14, 13), (13, 17), (17, 19), (19, 29), (29, 31), (31, 15), (15, 34), (34, 25), (25, 37), (37, 36), (36, 38), (38, 27), (27, 40), (40, 26), (26, 47), (47, 49), (49, 48), (48, 3), (3, 2), (2, 43), (43, 1)]","[(1, 0.0), (4, 0.0), (5, 1001.0), (6, 2010.0), (7, 4023.0), (24, 5031.0), (28, 5031.0), (22, 6036.0), (23, 8046.0), (8, 10063.0), (9, 11065.0), (10, 12069.0), (11, 13074.0), (13, 15082.0), (12, 17089.0), (20, 18091.0), (19, 19097.0), (18, 21106.0), (31, 22111.0), (30, 24117.0), (34, 25121.0), (33, 27125.0), (35, 28129.0), (37, 29133.0), (38, 31145.0), (39, 33153.0), (42, 34153.0), (41, 35159.0), (40, 36162.0), (44, 38174.0), (45, 39180.0), (46, 40184.0), (47, 41188.0), (48, 43194.0), (51, 45200.0), (2, 46205.0), (1, 48217.0)]"
SA,50,5,bench_50_1,ok,-37260.374,,750.0986,49,32,17,17,43584.0,80844.374,1112.0272,49217.0,113752.0,50223.0,32376218,750.0985,173,"[50, 6, 7, 8, 10, 11, 13, 12, 20, 19, 18, 17, 30, 29, 21, 23, 28, 27, 26, 35, 33, 37, 36, 39, 40, 45, 46, 47, 49, 48, 51, 2, 4, 14, 9, 15, 31, 16, 22, 24, 32, 34, 38, 41, 42, 44, 25, 5, 43]","[50, 6, 7, 8, 10, 11, 13, 12, 20, 19, 18, 17, 30, 29, 21, 23, 28, 27, 26, 35, 33, 37, 36, 39, 40, 45, 46, 47, 49, 48, 51, 2]","[4, 14, 9, 15, 31, 16, 22, 24, 32, 34, 38, 41, 42, 44, 25, 5, 43]","[7, 11, 13, 17, 30, 21, 23, 27, 35, 33, 36, 39, 40, 45, 48, 2, 1]","[1, 3, 50, 6, 7, 8, 10, 11, 13, 12, 20, 19, 18, 17, 30, 29, 21, 23, 28, 27, 26, 35, 33, 37, 36, 39, 40, 45, 46, 47, 49, 48, 51, 2, 1]","[(50, 4), (4, 7), (7, 14), (14, 11), (11, 9), (9, 13), (13, 15), (15, 17), (17, 31), (31, 30), (30, 16), (16, 21), (21, 22), (22, 23), (23, 24), (24, 27), (27, 32), (32, 35), (35, 34), (34, 33), (33, 38), (38, 36), (36, 41), (41, 39), (39, 42), (42, 40), (40, 44), (44, 45), (45, 25), (25, 48), (48, 5), (5, 2), (2, 43), (43, 1)]","[(1, 0.0), (3, 0.0), (50, 0.0), (6, 1009.0), (7, 2013.0), (8, 4022.0), (10, 5024.0), (11, 6029.0), (13, 8037.0), (12, 10047.0), (20, 11049.0), (19, 12055.0), (18, 13062.0), (17, 14067.0), (30, 16071.0), (29, 18080.0), (21, 19081.0), (23, 21091.0), (28, 23102.0), (27, 24107.0), (26, 26120.0), (35, 27124.0), (33, 29135.0), (37, 31141.0), (36, 32147.0), (39, 34155.0), (40, 36158.0), (45, 38169.0), (46, 40179.0), (47, 41183.0), (49, 42185.0), (48, 43186.0), (51, 45197.0), (2, 46202.0), (1, 48217.0)]"
SA,50,7,bench_50_1,ok,-36635.0922,,750.1122,49,34,15,15,43584.0,80219.0922,1103.4263,49217.0,113752.0,50223.0,32337015,750.1121,173,"[50, 6, 7, 24, 28, 29, 21, 22, 23, 8, 10, 11, 13, 12, 20, 19, 17, 16, 31, 30, 34, 35, 37, 36, 39, 40, 44, 45, 46, 47, 49, 48, 51, 2, 4, 32, 9, 14, 18, 15, 26, 33, 27, 38, 41, 42, 25, 5, 43]","[50, 6, 7, 24, 28, 29, 21, 22, 23, 8, 10, 11, 13, 12, 20, 19, 17, 16, 31, 30, 34, 35, 37, 36, 39, 40, 44, 45, 46, 47, 49, 48, 51, 2]","[4, 32, 9, 14, 18, 15, 26, 33, 27, 38, 41, 42, 25, 5, 43]","[24, 21, 8, 19, 17, 30, 34, 35, 36, 39, 40, 45, 49, 2, 1]","[1, 3, 50, 6, 7, 24, 28, 29, 21, 22, 23, 8, 10, 11, 13, 12, 20, 19, 17, 16, 31, 30, 34, 35, 37, 36, 39, 40, 44, 45, 46, 47, 49, 48, 51, 2, 1]","[(3, 4), (4, 24), (24, 32), (32, 21), (21, 9), (9, 8), (10, 14), (14, 19), (19, 18), (18, 17), (17, 15), (15, 30), (30, 26), (26, 34), (34, 33), (33, 35), (35, 27), (27, 36), (36, 38), (38, 39), (39, 41), (41, 40), (40, 42), (42, 45), (45, 25), (25, 49), (48, 5), (5, 2), (2, 43), (43, 1)]","[(1, 0.0), (3, 0.0), (50, 0.0), (6, 1009.0), (7, 2013.0), (24, 3021.0), (28, 5028.0), (29, 6033.0), (21, 7034.0), (22, 9050.0), (23, 10053.0), (8, 11061.0), (10, 13067.0), (11, 14072.0), (13, 15079.0), (12, 16085.0), (20, 17087.0), (19, 18093.0), (17, 20101.0), (16, 22108.0), (31, 23109.0), (30, 24114.0), (34, 26120.0), (35, 28126.0), (37, 30134.0), (36, 31140.0), (39, 33151.0), (40, 35155.0), (44, 37163.0), (45, 38169.0), (46, 40179.0), (47, 41183.0), (49, 42185.0), (48, 44192.0), (51, 45197.0), (2, 46202.0), (1, 48217.0)]"
SA,50,9,bench_50_1,ok,-35263.9984,,750.0744,50,33,17,17,44197.0,79460.9984,1092.9986,50223.0,113752.0,50223.0,32434649,333.4534,174,"[44, 40, 41, 39, 38, 36, 37, 35, 34, 30, 31, 17, 18, 19, 20, 13, 11, 10, 9, 8, 23, 22, 21, 28, 24, 7, 4, 5, 50, 49, 48, 51, 2, 46, 42, 27, 33, 26, 16, 12, 14, 15, 29, 32, 25, 6, 47, 3, 45, 43]","[44, 40, 41, 39, 38, 36, 37, 35, 34, 30, 31, 17, 18, 19, 20, 13, 11, 10, 9, 8, 23, 22, 21, 28, 24, 7, 4, 5, 50, 49, 48, 51, 2]","[46, 42, 27, 33, 26, 16, 12, 14, 15, 29, 32, 25, 6, 47, 3, 45, 43]","[39, 36, 35, 34, 30, 20, 13, 11, 23, 21, 28, 24, 7, 50, 48, 2, 1]","[1, 44, 40, 41, 39, 38, 36, 37, 35, 34, 30, 31, 17, 18, 19, 20, 13, 11, 10, 9, 8, 23, 22, 21, 28, 24, 7, 4, 5, 50, 49, 48, 51, 2, 1]","[(1, 46), (46, 39), (39, 42), (42, 36), (36, 27), (27, 35), (35, 33), (33, 34), (34, 26), (26, 30), (30, 16), (16, 20), (20, 12), (12, 13), (13, 14), (14, 11), (11, 15), (15, 23), (23, 29), (29, 21), (21, 32), (32, 28), (28, 25), (25, 24), (24, 6), (6, 7), (7, 47), (47, 50), (50, 3), (3, 48), (48, 45), (45, 2), (2, 43), (43, 1)]","[(1, 0.0), (44, 0.0), (40, 1006.0), (41, 2011.0), (39, 3014.0), (38, 5018.0), (36, 6022.0), (37, 8032.0), (35, 9038.0), (34, 11049.0), (30, 13055.0), (31, 15063.0), (17, 16068.0), (18, 17070.0), (19, 18075.0), (20, 19082.0), (13, 21089.0), (11, 23097.0), (10, 25105.0), (9, 26110.0), (8, 27114.0), (23, 28116.0), (22, 30126.0), (21, 31129.0), (28, 33139.0), (24, 35151.0), (7, 37163.0), (4, 39175.0), (5, 40176.0), (50, 41185.0), (49, 43196.0), (48, 44197.0), (51, 46208.0), (2, 47213.0), (1, 49223.0)]"
SA,50,1,bench_50_2,ok,-40042.0187,,750.1236,48,34,14,16,40165.0,80207.0187,1103.2602,48216.0,113752.0,50224.0,31800113,750.1236,170,"[40, 39, 37, 34, 35, 32, 31, 27, 28, 29, 24, 25, 14, 13, 12, 9, 10, 8, 11, 17, 18, 19, 20, 4, 48, 3, 49, 50, 46, 45, 43, 41, 42, 51, 36, 30, 16, 15, 7, 6, 23, 5, 2, 21, 44, 38, 33, 47]","[40, 39, 37, 34, 35, 32, 31, 27, 28, 29, 24, 25, 14, 13, 12, 9, 10, 8, 11, 17, 18, 19, 20, 4, 48, 3, 49, 50, 46, 45, 43, 41, 42, 51]","[36, 30, 16, 15, 7, 6, 23, 5, 2, 21, 44, 38, 33, 47]","[32, 31, 28, 25, 13, 9, 11, 17, 19, 3, 50, 45, 43, 41, 42, 1]","[1, 40, 39, 37, 34, 35, 32, 31, 27, 28, 29, 24, 25, 14, 13, 12, 9, 10, 8, 11, 17, 18, 19, 20, 4, 48, 3, 49, 50, 46, 45, 43, 41, 42, 51, 1]","[(40, 36), (36, 32), (32, 22), (22, 31), (31, 30), (30, 28), (28, 26), (26, 25), (25, 16), (16, 13), (13, 15), (15, 9), (9, 7), (7, 11), (11, 6), (6, 17), (17, 23), (23, 19), (19, 5), (5, 3), (3, 2), (2, 50), (50, 21), (21, 45), (45, 44), (44, 43), (43, 38), (38, 41), (41, 33), (33, 42), (42, 47), (47, 1)]","[(1, 0.0), (40, 0.0), (39, 1002.0), (37, 2008.0), (34, 3013.0), (35, 4014.0), (32, 5020.0), (31, 7030.0), (27, 8034.0), (28, 9040.0), (29, 11049.0), (24, 12058.0), (25, 13060.0), (14, 14068.0), (13, 15071.0), (12, 17076.0), (9, 18080.0), (10, 20083.0), (8, 21090.0), (11, 22090.0), (17, 24105.0), (18, 26113.0), (19, 27116.0), (20, 29130.0), (4, 30132.0), (48, 31140.0), (3, 32144.0), (49, 34156.0), (50, 35157.0), (46, 37168.0), (45, 38174.0), (43, 40189.0), (41, 42192.0), (42, 44206.0), (51, 46213.0), (1, 47213.0)]"
SA,50,3,bench_50_2,ok,-38877.1376,,750.2262,48,32,16,17,39956.0,78833.1376,1084.3623,48212.0,113752.0,50224.0,31833519,750.2261,170,"[50, 49, 3, 4, 20, 19, 18, 17, 23, 16, 12, 9, 13, 14, 25, 24, 28, 27, 30, 31, 32, 22, 47, 46, 45, 42, 41, 38, 37, 39, 40, 51, 21, 48, 7, 6, 10, 11, 8, 15, 29, 35, 2, 33, 44, 43, 34, 36]","[50, 49, 3, 4, 20, 19, 18, 17, 23, 16, 12, 9, 13, 14, 25, 24, 28, 27, 30, 31, 32, 22, 47, 46, 45, 42, 41, 38, 37, 39, 40, 51]","[21, 48, 7, 6, 10, 11, 8, 15, 29, 35, 2, 33, 44, 43, 34, 36]","[49, 3, 17, 16, 12, 9, 14, 25, 28, 30, 22, 45, 42, 41, 38, 39, 1]","[1, 50, 49, 3, 4, 20, 19, 5, 18, 17, 23, 16, 12, 9, 13, 14, 25, 24, 28, 27, 30, 31, 32, 22, 47, 46, 45, 42, 41, 38, 37, 39, 40, 51, 1]","[(1, 21), (21, 49), (49, 48), (48, 3), (3, 7), (7, 17), (17, 6), (6, 16), (16, 10), (10, 12), (12, 11), (11, 9), (9, 8), (8, 14), (14, 15), (15, 25), (25, 26), (26, 28), (28, 29), (29, 30), (30, 35), (35, 22), (22, 2), (2, 45), (45, 33), (33, 42), (42, 44), (44, 41), (41, 43), (43, 38), (38, 34), (34, 39), (39, 36), (36, 1)]","[(1, 0.0), (50, 0.0), (49, 1005.0), (3, 3015.0), (4, 5023.0), (20, 6031.0), (19, 7033.0), (5, 8040.0), (18, 8040.0), (17, 9043.0), (23, 11055.0), (16, 12062.0), (12, 14067.0), (9, 16078.0), (13, 18085.0), (14, 19090.0), (25, 21093.0), (24, 23103.0), (28, 24105.0), (27, 25110.0), (30, 26116.0), (31, 28129.0), (32, 29133.0), (22, 30137.0), (47, 32147.0), (46, 33150.0), (45, 34156.0), (42, 36168.0), (41, 38175.0), (38, 40185.0), (37, 42192.0), (39, 43197.0), (40, 45204.0), (51, 46206.0), (1, 47206.0)]"
SA,50,5,bench_50_2,ok,-39714.7816,,750.0683,48,32,16,18,40165.0,79879.7816,1098.759,48216.0,113752.0,50224.0,31678031,542.7863,170,"[40, 39, 38, 37, 34, 35, 32, 31, 30, 27, 28, 24, 25, 14, 13, 9, 10, 11, 6, 7, 5, 18, 20, 19, 4, 3, 49, 45, 43, 42, 41, 51, 36, 21, 29, 15, 12, 16, 8, 17, 23, 48, 2, 47, 46, 44, 33, 50]","[40, 39, 38, 37, 34, 35, 32, 31, 30, 27, 28, 24, 25, 14, 13, 9, 10, 11, 6, 7, 5, 18, 20, 19, 4, 3, 49, 45, 43, 42, 41, 51]","[36, 21, 29, 15, 12, 16, 8, 17, 23, 48, 2, 47, 46, 44, 33, 50]","[34, 31, 30, 28, 24, 13, 9, 11, 6, 5, 20, 4, 3, 45, 43, 42, 41, 1]","[1, 40, 39, 38, 37, 34, 35, 32, 31, 30, 27, 28, 24, 25, 14, 13, 9, 10, 11, 6, 7, 5, 18, 20, 19, 4, 3, 49, 45, 43, 42, 41, 51, 1]","[(1, 36), (36, 34), (34, 21), (21, 31), (31, 22), (22, 30), (30, 26), (26, 28), (28, 29), (29, 24), (25, 15), (15, 13), (13, 12), (12, 9), (9, 16), (16, 11), (11, 8), (8, 6), (7, 17), (17, 5), (5, 23), (23, 20), (20, 48), (48, 4), (4, 2), (2, 3), (49, 47), (47, 45), (45, 46), (46, 43), (43, 44), (44, 42), (42, 33), (33, 41), (41, 50), (50, 1)]","[(1, 0.0), (40, 0.0), (39, 1002.0), (38, 2008.0), (37, 3013.0), (34, 4018.0), (35, 6025.0), (32, 7031.0), (31, 8035.0), (30, 10048.0), (27, 11052.0), (28, 12058.0), (24, 13063.0), (25, 15074.0), (14, 16082.0), (13, 17085.0), (9, 19092.0), (10, 21097.0), (11, 22104.0), (6, 24110.0), (7, 26115.0), (5, 27124.0), (18, 29135.0), (20, 30138.0), (19, 32147.0), (4, 33154.0), (3, 35166.0), (49, 37176.0), (45, 38177.0), (43, 40186.0), (42, 42194.0), (41, 44199.0), (51, 46211.0), (1, 47211.0)]"
SA,50,7,bench_50_2,ok,-38923.8888,,750.0686,47,31,16,19,39653.0,78576.8888,1080.8375,47209.0,113752.0,50224.0,31367343,93.4509,168,"[32, 31, 30, 27, 28, 29, 24, 25, 14, 13, 12, 10, 8, 6, 17, 18, 20, 4, 2, 3, 49, 46, 45, 43, 42, 41, 38, 37, 39, 40, 51, 15, 16, 9, 11, 7, 5, 21, 19, 50, 48, 47, 33, 44, 35, 34, 36]","[32, 31, 30, 27, 28, 29, 24, 25, 14, 13, 12, 10, 8, 6, 17, 18, 20, 4, 2, 3, 49, 46, 45, 43, 42, 41, 38, 37, 39, 40, 51]","[15, 16, 9, 11, 7, 5, 21, 19, 50, 48, 47, 33, 44, 35, 34, 36]","[32, 27, 24, 14, 12, 10, 8, 6, 17, 20, 4, 2, 49, 46, 43, 42, 38, 39, 1]","[1, 32, 31, 30, 27, 28, 29, 24, 25, 14, 13, 12, 10, 8, 6, 17, 18, 20, 4, 2, 3, 49, 46, 45, 43, 42, 41, 38, 37, 39, 40, 51, 1]","[(1, 22), (22, 32), (32, 23), (23, 27), (27, 26), (26, 24), (24, 15), (15, 14), (13, 16), (16, 12), (12, 9), (9, 10), (10, 11), (11, 8), (8, 7), (7, 6), (6, 5), (5, 17), (17, 21), (21, 20), (20, 19), (19, 4), (4, 50), (50, 2), (2, 48), (48, 49), (49, 47), (47, 46), (46, 33), (33, 43), (43, 44), (44, 42), (42, 35), (35, 38), (38, 34), (34, 39), (39, 36), (36, 1)]","[(1, 0.0), (32, 0.0), (31, 1004.0), (30, 2008.0), (27, 3012.0), (28, 4018.0), (29, 5023.0), (24, 6032.0), (25, 7034.0), (14, 8042.0), (13, 10047.0), (12, 11052.0), (10, 13056.0), (8, 15064.0), (6, 17070.0), (17, 19084.0), (18, 21095.0), (20, 22098.0), (4, 24109.0), (2, 26124.0), (3, 28135.0), (49, 29139.0), (46, 31144.0), (45, 33153.0), (43, 34159.0), (42, 36164.0), (41, 38169.0), (38, 39178.0), (37, 41189.0), (39, 42194.0), (40, 44201.0), (51, 45203.0), (1, 46203.0)]"
SA,50,9,bench_50_2,ok,-40325.0897,,750.1336,45,31,14,17,38476.0,78801.0897,1083.9215,45193.0,113752.0,50224.0,31457840,750.1336,168,"[50, 20, 19, 18, 6, 8, 10, 9, 12, 13, 14, 25, 24, 27, 30, 31, 32, 21, 47, 48, 3, 49, 45, 44, 43, 42, 41, 37, 38, 40, 51, 7, 11, 16, 15, 29, 28, 36, 46, 17, 2, 33, 35, 34, 39]","[50, 20, 19, 18, 6, 8, 10, 9, 12, 13, 14, 25, 24, 27, 30, 31, 32, 21, 47, 48, 3, 49, 45, 44, 43, 42, 41, 37, 38, 40, 51]","[7, 11, 16, 15, 29, 28, 36, 46, 17, 2, 33, 35, 34, 39]","[18, 6, 8, 10, 13, 25, 24, 27, 30, 32, 21, 49, 45, 42, 37, 40, 1]","[1, 50, 4, 20, 19, 18, 6, 8, 10, 9, 12, 13, 14, 25, 24, 27, 30, 31, 32, 22, 21, 47, 48, 3, 49, 45, 44, 43, 42, 41, 37, 38, 40, 51, 1]","[(4, 5), (5, 18), (18, 23), (23, 6), (6, 7), (7, 8), (8, 11), (11, 10), (9, 16), (16, 13), (13, 15), (15, 25), (25, 29), (29, 24), (24, 26), (26, 27), (27, 28), (28, 30), (30, 36), (36, 32), (32, 46), (46, 21), (21, 17), (17, 49), (49, 2), (2, 45), (45, 33), (33, 42), (42, 35), (35, 37), (37, 34), (34, 40), (40, 39), (39, 1)]","[(1, 0.0), (50, 0.0), (4, 1005.0), (20, 1005.0), (19, 2007.0), (18, 3014.0), (6, 4017.0), (8, 5022.0), (10, 7031.0), (9, 9044.0), (12, 10045.0), (13, 11049.0), (14, 13054.0), (25, 14057.0), (24, 16067.0), (27, 18078.0), (30, 19084.0), (31, 21093.0), (32, 22097.0), (22, 24107.0), (21, 24107.0), (47, 26122.0), (48, 27125.0), (3, 28129.0), (49, 29133.0), (45, 31137.0), (44, 33149.0), (43, 34150.0), (42, 35152.0), (41, 37159.0), (37, 38168.0), (38, 40179.0), (40, 41184.0), (51, 43187.0), (1, 44187.0)]"
SA,50,1,bench_50_3,ok,-40465.8448,,750.0704,47,28,19,19,38583.0,79048.8448,1087.3294,47228.0,113752.0,50243.0,32097274,416.0353,172,"[4, 23, 5, 7, 21, 22, 8, 9, 11, 13, 14, 17, 19, 28, 30, 31, 34, 32, 25, 35, 36, 38, 37, 45, 44, 43, 42, 51, 49, 47, 26, 20, 27, 10, 12, 16, 15, 18, 29, 33, 24, 39, 40, 41, 48, 46, 50]","[4, 23, 5, 7, 21, 22, 8, 9, 11, 13, 14, 17, 19, 28, 30, 31, 34, 32, 25, 35, 36, 38, 37, 45, 44, 43, 42, 51]","[49, 47, 26, 20, 27, 10, 12, 16, 15, 18, 29, 33, 24, 39, 40, 41, 48, 46, 50]","[4, 23, 6, 21, 11, 14, 17, 19, 28, 31, 32, 25, 36, 38, 37, 45, 43, 51, 1]","[1, 2, 3, 4, 23, 5, 7, 6, 21, 22, 8, 9, 11, 13, 14, 17, 19, 28, 30, 31, 34, 32, 25, 35, 36, 38, 37, 45, 44, 43, 42, 51, 1]","[(1, 49), (49, 4), (4, 47), (47, 23), (23, 26), (26, 6), (6, 20), (20, 21), (21, 27), (27, 11), (11, 10), (10, 14), (14, 12), (12, 17), (17, 16), (16, 19), (19, 15), (15, 28), (28, 18), (18, 31), (31, 29), (29, 32), (32, 33), (33, 25), (25, 24), (24, 36), (36, 39), (39, 38), (38, 40), (40, 37), (37, 41), (41, 45), (45, 48), (48, 43), (43, 46), (46, 51), (51, 50), (50, 1)]","[(1, 0.0), (2, 0.0), (3, 0.0), (4, 0.0), (23, 2007.0), (5, 4023.0), (7, 5031.0), (6, 6032.0), (21, 7036.0), (22, 9047.0), (8, 10053.0), (9, 11055.0), (11, 12063.0), (13, 14072.0), (14, 15073.0), (17, 17082.0), (19, 19099.0), (28, 21108.0), (30, 23121.0), (31, 24130.0), (34, 26146.0), (32, 27150.0), (25, 29159.0), (35, 31165.0), (36, 32172.0), (38, 34184.0), (37, 36192.0), (45, 38197.0), (44, 40206.0), (43, 41214.0), (42, 43222.0), (51, 44222.0), (1, 46223.0)]"
SA,50,3,bench_50_3,ok,-40637.2453,,750.2531,49,34,15,15,39970.0,80607.2453,1108.7654,49243.0,113752.0,50243.0,31656856,750.2531,169,"[50, 3, 2, 4, 5, 23, 26, 20, 21, 22, 8, 9, 11, 12, 13, 14, 17, 16, 15, 27, 28, 30, 31, 34, 33, 32, 25, 35, 36, 37, 41, 44, 43, 51, 49, 24, 6, 7, 10, 19, 47, 18, 39, 29, 38, 40, 45, 46, 42]","[50, 3, 2, 4, 5, 23, 26, 20, 21, 22, 8, 9, 11, 12, 13, 14, 17, 16, 15, 27, 28, 30, 31, 34, 33, 32, 25, 35, 36, 37, 41, 44, 43, 51]","[49, 24, 6, 7, 10, 19, 47, 18, 39, 29, 38, 40, 45, 46, 42]","[2, 23, 21, 11, 13, 16, 28, 31, 32, 36, 37, 41, 44, 51, 1]","[1, 50, 48, 3, 2, 4, 5, 23, 26, 20, 21, 22, 8, 9, 11, 12, 13, 14, 17, 16, 15, 27, 28, 30, 31, 34, 33, 32, 25, 35, 36, 37, 41, 44, 43, 51, 1]","[(1, 49), (49, 2), (2, 24), (24, 23), (23, 6), (6, 21), (21, 7), (7, 11), (11, 10), (10, 13), (13, 19), (19, 16), (16, 47), (47, 28), (28, 18), (18, 31), (31, 39), (39, 32), (32, 29), (29, 36), (36, 38), (38, 37), (37, 40), (40, 41), (41, 45), (45, 44), (44, 46), (46, 51), (51, 42), (42, 1)]","[(1, 0.0), (50, 0.0), (48, 1005.0), (3, 1005.0), (2, 2010.0), (4, 4015.0), (5, 5019.0), (23, 6027.0), (26, 8044.0), (20, 9048.0), (21, 10051.0), (22, 12067.0), (8, 13073.0), (9, 14075.0), (11, 15083.0), (12, 17087.0), (13, 18096.0), (14, 20106.0), (17, 21106.0), (16, 22114.0), (15, 24123.0), (27, 25128.0), (28, 26134.0), (30, 28150.0), (31, 29159.0), (34, 31175.0), (33, 32179.0), (32, 33181.0), (25, 35193.0), (35, 36197.0), (36, 37204.0), (37, 39207.0), (41, 41214.0), (44, 43222.0), (43, 45234.0), (51, 46242.0), (1, 48243.0)]"
SA,50,5,bench_50_3,ok,-39688.3173,,750.1464,49,31,18,19,39970.0,79658.3173,1095.7128,49243.0,113752.0,50243.0,31859407,750.1463,170,"[3, 2, 4, 47, 23, 6, 21, 22, 8, 9, 11, 12, 13, 14, 17, 16, 28, 30, 31, 34, 32, 33, 35, 36, 39, 38, 37, 41, 44, 43, 51, 7, 5, 46, 26, 20, 10, 15, 19, 29, 27, 18, 25, 24, 45, 40, 49, 42, 50]","[3, 2, 4, 47, 23, 6, 21, 22, 8, 9, 11, 12, 13, 14, 17, 16, 28, 30, 31, 34, 32, 33, 35, 36, 39, 38, 37, 41, 44, 43, 51]","[7, 5, 46, 26, 20, 10, 15, 19, 29, 27, 18, 25, 24, 45, 40, 49, 42, 50]","[3, 4, 47, 6, 21, 8, 11, 17, 16, 28, 30, 32, 36, 38, 37, 41, 43, 51, 1]","[1, 3, 2, 4, 47, 23, 6, 21, 22, 8, 9, 11, 12, 13, 14, 17, 16, 28, 30, 31, 34, 32, 33, 35, 36, 39, 38, 37, 41, 44, 43, 51, 1]","[(1, 48), (48, 3), (3, 7), (7, 4), (4, 5), (5, 47), (47, 46), (46, 6), (6, 26), (26, 21), (21, 20), (20, 8), (9, 10), (10, 11), (12, 15), (15, 17), (17, 19), (19, 16), (16, 29), (29, 28), (28, 27), (27, 30), (30, 18), (18, 32), (32, 25), (25, 36), (36, 24), (24, 38), (38, 45), (45, 37), (37, 40), (40, 41), (41, 49), (49, 43), (43, 42), (42, 51), (51, 50), (50, 1)]","[(1, 0.0), (3, 0.0), (2, 1005.0), (4, 2007.0), (47, 4012.0), (23, 6028.0), (6, 7036.0), (21, 9045.0), (22, 11057.0), (8, 12063.0), (9, 14068.0), (11, 15076.0), (12, 17088.0), (13, 18097.0), (14, 19098.0), (17, 20098.0), (16, 22111.0), (28, 24120.0), (30, 26128.0), (31, 28143.0), (34, 29150.0), (32, 30154.0), (33, 32172.0), (35, 33174.0), (36, 34181.0), (39, 36188.0), (38, 37191.0), (37, 39205.0), (41, 41211.0), (44, 43219.0), (43, 44227.0), (51, 46238.0), (1, 48238.0)]"
SA,50,7,bench_50_3,ok,-41560.6113,,750.1477,47,30,17,17,39042.0,80602.6113,1108.7017,47227.0,113752.0,50243.0,31866948,750.1477,171,"[43, 44, 37, 38, 35, 33, 34, 29, 19, 16, 15, 14, 13, 12, 11, 9, 8, 22, 21, 20, 26, 6, 23, 5, 4, 3, 48, 49, 50, 51, 41, 36, 40, 31, 24, 30, 27, 17, 10, 18, 28, 7, 47, 45, 2, 46, 42]","[43, 44, 37, 38, 35, 33, 34, 29, 19, 16, 15, 14, 13, 12, 11, 9, 8, 22, 21, 20, 26, 6, 23, 5, 4, 3, 48, 49, 50, 51]","[41, 36, 40, 31, 24, 30, 27, 17, 10, 18, 28, 7, 47, 45, 2, 46, 42]","[44, 37, 39, 33, 25, 29, 15, 13, 11, 20, 6, 23, 5, 3, 48, 50, 1]","[1, 43, 44, 37, 38, 39, 35, 33, 34, 32, 25, 29, 19, 16, 15, 14, 13, 12, 11, 9, 8, 22, 21, 20, 26, 6, 23, 5, 4, 3, 48, 49, 50, 51, 1]","[(1, 41), (41, 44), (44, 36), (36, 37), (37, 40), (40, 39), (39, 31), (31, 33), (33, 24), (24, 25), (25, 30), (30, 29), (29, 27), (27, 15), (15, 17), (17, 13), (13, 10), (10, 11), (11, 18), (18, 20), (20, 28), (28, 6), (6, 7), (7, 23), (23, 47), (47, 5), (5, 45), (45, 3), (3, 2), (2, 48), (48, 46), (46, 50), (50, 42), (42, 1)]","[(1, 0.0), (43, 0.0), (44, 1008.0), (37, 3021.0), (38, 5026.0), (39, 6031.0), (35, 7034.0), (33, 8041.0), (34, 10050.0), (32, 11054.0), (25, 11054.0), (29, 12063.0), (19, 14072.0), (16, 15080.0), (15, 16081.0), (14, 18092.0), (13, 19092.0), (12, 21101.0), (11, 22110.0), (9, 24122.0), (8, 25130.0), (22, 26132.0), (21, 27138.0), (20, 28146.0), (26, 30158.0), (6, 31162.0), (23, 33178.0), (5, 35187.0), (4, 37203.0), (3, 38207.0), (48, 40216.0), (49, 42218.0), (50, 43221.0), (51, 45227.0), (1, 46227.0)]"
SA,50,9,bench_50_3,ok,-40918.3601,,750.2074,48,30,18,18,39544.0,80462.3601,1106.7725,48231.0,113752.0,50243.0,31612223,750.2073,169,"[43, 41, 37, 38, 34, 33, 31, 30, 27, 18, 15, 16, 14, 13, 12, 11, 9, 8, 22, 21, 20, 6, 5, 23, 4, 3, 48, 49, 50, 51, 45, 40, 36, 35, 25, 19, 17, 26, 10, 29, 28, 7, 47, 24, 2, 46, 44, 42]","[43, 41, 37, 38, 34, 33, 31, 30, 27, 18, 15, 16, 14, 13, 12, 11, 9, 8, 22, 21, 20, 6, 5, 23, 4, 3, 48, 49, 50, 51]","[45, 40, 36, 35, 25, 19, 17, 26, 10, 29, 28, 7, 47, 24, 2, 46, 44, 42]","[41, 38, 33, 31, 18, 15, 16, 11, 9, 21, 6, 5, 23, 3, 48, 49, 51, 1]","[1, 43, 41, 37, 38, 39, 34, 33, 32, 31, 30, 27, 18, 15, 16, 14, 13, 12, 11, 9, 8, 22, 21, 20, 6, 5, 23, 4, 3, 48, 49, 50, 51, 1]","[(1, 45), (45, 41), (41, 40), (40, 38), (38, 36), (36, 33), (33, 35), (35, 31), (31, 25), (25, 18), (18, 19), (19, 15), (15, 17), (17, 16), (16, 26), (26, 11), (11, 10), (10, 9), (9, 29), (29, 21), (21, 28), (28, 6), (6, 7), (7, 5), (5, 47), (47, 23), (23, 24), (24, 3), (3, 2), (2, 48), (48, 46), (46, 49), (49, 44), (44, 51), (51, 42), (42, 1)]","[(1, 0.0), (43, 0.0), (41, 1008.0), (37, 3017.0), (38, 4019.0), (39, 6027.0), (34, 6027.0), (33, 7031.0), (32, 9036.0), (31, 9036.0), (30, 11050.0), (27, 12059.0), (18, 13065.0), (15, 15078.0), (16, 17091.0), (14, 19100.0), (13, 20100.0), (12, 21101.0), (11, 22110.0), (9, 24117.0), (8, 26134.0), (22, 27136.0), (21, 28142.0), (20, 30150.0), (6, 31153.0), (5, 33169.0), (23, 35178.0), (4, 37194.0), (3, 38198.0), (48, 40212.0), (49, 42214.0), (50, 44218.0), (51, 45223.0), (1, 47231.0)]"
SA,50,1,bench_50_4,ok,-38104.6406,,750.1134,50,33,17,17,42486.0,80590.6406,1108.537,50247.0,113752.0,50247.0,31659336,750.1134,169,"[46, 47, 41, 42, 43, 40, 27, 26, 29, 30, 31, 35, 36, 15, 12, 13, 14, 11, 7, 10, 6, 5, 23, 21, 20, 32, 24, 25, 50, 49, 48, 51, 2, 45, 44, 39, 38, 34, 17, 16, 19, 8, 9, 18, 22, 33, 37, 28, 3, 4]","[46, 47, 41, 42, 43, 40, 27, 26, 29, 30, 31, 35, 36, 15, 12, 13, 14, 11, 7, 10, 6, 5, 23, 21, 20, 32, 24, 25, 50, 49, 48, 51, 2]","[45, 44, 39, 38, 34, 17, 16, 19, 8, 9, 18, 22, 33, 37, 28, 3, 4]","[42, 27, 29, 35, 36, 12, 14, 11, 7, 10, 5, 23, 20, 25, 48, 51, 1]","[1, 46, 47, 41, 42, 43, 40, 27, 26, 29, 30, 31, 35, 36, 15, 12, 13, 14, 11, 7, 10, 6, 5, 23, 21, 20, 32, 24, 25, 50, 49, 48, 51, 2, 1]","[(1, 45), (45, 42), (42, 44), (44, 27), (27, 39), (39, 29), (29, 38), (38, 35), (35, 34), (34, 36), (36, 17), (17, 12), (12, 16), (16, 14), (14, 19), (19, 11), (11, 8), (8, 7), (7, 9), (9, 10), (10, 18), (18, 5), (5, 22), (22, 23), (23, 33), (33, 20), (20, 37), (37, 25), (25, 28), (28, 48), (48, 3), (3, 51), (51, 4), (4, 1)]","[(1, 0.0), (46, 0.0), (47, 1008.0), (41, 2015.0), (42, 3019.0), (43, 5029.0), (40, 6035.0), (27, 7042.0), (26, 9054.0), (29, 10056.0), (30, 12063.0), (31, 13070.0), (35, 14071.0), (36, 16078.0), (15, 18090.0), (12, 19095.0), (13, 21099.0), (14, 22106.0), (11, 24117.0), (7, 26123.0), (10, 28133.0), (6, 30149.0), (5, 31149.0), (23, 33158.0), (21, 35174.0), (20, 36177.0), (32, 38186.0), (24, 39189.0), (25, 40191.0), (50, 42204.0), (49, 43206.0), (48, 44212.0), (51, 46217.0), (2, 48229.0), (1, 49238.0)]"
SA,50,3,bench_50_4,ok,-39976.1098,,750.1251,49,35,14,15,41984.0,81960.1098,1127.3743,49243.0,113752.0,50247.0,31729100,750.125,170,"[46, 47, 41, 42, 43, 40, 27, 26, 29, 30, 31, 33, 34, 35, 36, 15, 12, 18, 19, 14, 11, 8, 9, 6, 21, 20, 23, 22, 24, 25, 50, 49, 48, 51, 2, 45, 44, 37, 39, 16, 17, 13, 7, 5, 10, 32, 4, 38, 3]","[46, 47, 41, 42, 43, 40, 27, 26, 29, 30, 31, 33, 34, 35, 36, 15, 12, 18, 19, 14, 11, 8, 9, 6, 21, 20, 23, 22, 24, 25, 50, 49, 48, 51, 2]","[45, 44, 37, 39, 16, 17, 13, 7, 5, 10, 32, 4, 38, 3]","[43, 40, 27, 33, 15, 12, 19, 14, 11, 6, 20, 22, 50, 2, 1]","[1, 46, 47, 41, 42, 43, 40, 27, 26, 29, 30, 31, 33, 34, 35, 36, 15, 12, 18, 19, 14, 11, 8, 9, 6, 21, 20, 23, 22, 24, 25, 50, 49, 48, 51, 2, 1]","[(46, 45), (45, 43), (43, 44), (44, 40), (40, 28), (28, 27), (26, 37), (37, 33), (33, 39), (39, 15), (15, 16), (16, 12), (12, 17), (17, 19), (19, 13), (13, 14), (14, 7), (7, 11), (11, 5), (5, 6), (6, 10), (10, 20), (20, 32), (32, 22), (22, 4), (4, 50), (50, 38), (38, 2), (2, 3), (3, 1)]","[(1, 0.0), (46, 0.0), (47, 1008.0), (41, 2015.0), (42, 3019.0), (43, 4023.0), (40, 6035.0), (27, 8048.0), (26, 9054.0), (29, 10056.0), (30, 11061.0), (31, 12068.0), (33, 13069.0), (34, 15076.0), (35, 16080.0), (36, 17083.0), (15, 18091.0), (12, 20098.0), (18, 22103.0), (19, 23109.0), (14, 25119.0), (11, 27132.0), (8, 29134.0), (9, 30142.0), (6, 31151.0), (21, 33154.0), (20, 34157.0), (23, 36172.0), (22, 37179.0), (24, 39191.0), (25, 40193.0), (50, 41200.0), (49, 43211.0), (48, 44217.0), (51, 45218.0), (2, 46225.0), (1, 48238.0)]"
SA,50,5,bench_50_4,ok,-35458.6318,,750.1187,50,34,16,16,42486.0,77944.6318,1072.1407,50247.0,113752.0,50247.0,31374980,750.1187,168,"[51, 48, 49, 25, 24, 22, 23, 32, 20, 21, 8, 9, 10, 7, 14, 13, 12, 15, 18, 36, 35, 34, 31, 30, 29, 26, 27, 28, 39, 40, 42, 41, 47, 46, 2, 4, 5, 3, 11, 6, 16, 19, 17, 33, 50, 38, 37, 43, 44, 45]","[51, 48, 49, 25, 24, 22, 23, 32, 20, 21, 8, 9, 10, 7, 14, 13, 12, 15, 18, 36, 35, 34, 31, 30, 29, 26, 27, 28, 39, 40, 42, 41, 47, 46]","[2, 4, 5, 3, 11, 6, 16, 19, 17, 33, 50, 38, 37, 43, 44, 45]","[48, 25, 32, 10, 7, 14, 18, 36, 31, 30, 26, 39, 42, 41, 47, 1]","[1, 51, 48, 49, 25, 24, 22, 23, 32, 20, 21, 8, 9, 10, 7, 14, 13, 12, 15, 18, 36, 35, 34, 31, 30, 29, 26, 27, 28, 39, 40, 42, 41, 47, 46, 1]","[(1, 2), (2, 48), (48, 4), (4, 25), (25, 5), (5, 32), (32, 3), (3, 10), (10, 11), (11, 7), (7, 6), (6, 14), (14, 16), (16, 18), (18, 19), (19, 36), (36, 17), (17, 31), (31, 33), (33, 30), (30, 50), (50, 26), (26, 38), (38, 39), (39, 37), (37, 42), (42, 43), (43, 41), (41, 44), (44, 47), (46, 45), (45, 1)]","[(1, 0.0), (51, 0.0), (48, 1007.0), (49, 3017.0), (25, 4023.0), (24, 6039.0), (22, 7041.0), (23, 8050.0), (32, 9057.0), (20, 11063.0), (21, 12071.0), (8, 13074.0), (9, 14082.0), (10, 15091.0), (7, 17103.0), (14, 19105.0), (13, 21111.0), (12, 22118.0), (15, 23118.0), (18, 24123.0), (36, 26134.0), (35, 28148.0), (34, 29151.0), (31, 30155.0), (30, 32160.0), (29, 34168.0), (26, 35173.0), (27, 37177.0), (28, 38183.0), (39, 39187.0), (40, 41193.0), (42, 42200.0), (41, 44210.0), (47, 46220.0), (46, 48233.0), (1, 49241.0)]"
SA,50,7,bench_50_4,ok,-38150.6756,,750.1613,50,33,17,17,42486.0,80636.6756,1109.1702,50247.0,113752.0,50247.0,31842375,750.1613,170,"[2, 51, 48, 49, 25, 50, 24, 23, 22, 5, 6, 9, 10, 11, 13, 14, 12, 15, 17, 36, 34, 33, 31, 30, 29, 27, 28, 39, 40, 42, 41, 47, 46, 3, 4, 21, 37, 8, 7, 19, 18, 16, 38, 35, 32, 20, 26, 43, 44, 45]","[2, 51, 48, 49, 25, 50, 24, 23, 22, 5, 6, 9, 10, 11, 13, 14, 12, 15, 17, 36, 34, 33, 31, 30, 29, 27, 28, 39, 40, 42, 41, 47, 46]","[3, 4, 21, 37, 8, 7, 19, 18, 16, 38, 35, 32, 20, 26, 43, 44, 45]","[49, 50, 23, 10, 11, 13, 14, 12, 17, 34, 33, 30, 39, 40, 41, 46, 1]","[1, 2, 51, 48, 49, 25, 50, 24, 23, 22, 5, 6, 9, 10, 11, 13, 14, 12, 15, 17, 36, 34, 33, 31, 30, 29, 27, 28, 39, 40, 42, 41, 47, 46, 1]","[(2, 3), (3, 49), (49, 4), (4, 50), (50, 21), (21, 23), (23, 37), (37, 10), (10, 8), (8, 11), (11, 7), (7, 13), (13, 19), (19, 14), (14, 18), (18, 12), (15, 16), (16, 17), (17, 38), (38, 34), (34, 35), (35, 33), (33, 32), (32, 30), (30, 20), (20, 39), (39, 26), (26, 40), (40, 43), (43, 41), (41, 44), (44, 46), (46, 45), (45, 1)]","[(1, 0.0), (2, 0.0), (51, 1009.0), (48, 2016.0), (49, 3017.0), (25, 5028.0), (50, 6035.0), (24, 8046.0), (23, 9048.0), (22, 11058.0), (5, 12067.0), (6, 13070.0), (9, 14070.0), (10, 15079.0), (11, 17092.0), (13, 19100.0), (14, 21109.0), (12, 23121.0), (15, 25127.0), (17, 26132.0), (36, 28141.0), (34, 29149.0), (33, 31157.0), (31, 33161.0), (30, 34162.0), (29, 36172.0), (27, 37177.0), (28, 38183.0), (39, 39187.0), (40, 41197.0), (42, 43206.0), (41, 44210.0), (47, 46220.0), (46, 47227.0), (1, 49241.0)]"
SA,50,9,bench_50_4,ok,-38331.7335,,750.1157,49,33,16,16,41984.0,80315.7335,1104.7556,49243.0,113752.0,50247.0,31529921,750.1156,168,"[46, 47, 41, 42, 40, 39, 27, 26, 29, 30, 31, 34, 35, 36, 15, 12, 18, 19, 14, 11, 10, 8, 9, 6, 21, 32, 23, 22, 24, 50, 49, 48, 51, 45, 37, 43, 44, 17, 16, 13, 33, 7, 38, 20, 5, 25, 4, 2, 3]","[46, 47, 41, 42, 40, 39, 27, 26, 29, 30, 31, 34, 35, 36, 15, 12, 18, 19, 14, 11, 10, 8, 9, 6, 21, 32, 23, 22, 24, 50, 49, 48, 51]","[45, 37, 43, 44, 17, 16, 13, 33, 7, 38, 20, 5, 25, 4, 2, 3]","[47, 40, 26, 36, 12, 18, 14, 10, 8, 32, 23, 24, 50, 48, 51, 1]","[1, 46, 47, 41, 42, 40, 39, 28, 27, 26, 29, 30, 31, 34, 35, 36, 15, 12, 18, 19, 14, 11, 10, 8, 9, 6, 21, 32, 23, 22, 24, 50, 49, 48, 51, 1]","[(1, 45), (45, 47), (47, 37), (37, 40), (40, 43), (43, 26), (26, 44), (44, 36), (36, 17), (17, 12), (12, 16), (16, 18), (18, 13), (13, 14), (14, 33), (33, 10), (10, 7), (7, 8), (8, 38), (38, 32), (32, 20), (20, 23), (23, 5), (5, 24), (24, 25), (25, 50), (50, 4), (4, 48), (48, 2), (2, 51), (51, 3), (3, 1)]","[(1, 0.0), (46, 0.0), (47, 1008.0), (41, 3021.0), (42, 4025.0), (40, 5029.0), (39, 7042.0), (28, 8044.0), (27, 8044.0), (26, 9050.0), (29, 11058.0), (30, 12063.0), (31, 13070.0), (34, 14071.0), (35, 15075.0), (36, 16078.0), (15, 18092.0), (12, 19097.0), (18, 21101.0), (19, 23112.0), (14, 24118.0), (11, 26131.0), (10, 27131.0), (8, 29139.0), (9, 31149.0), (6, 32158.0), (21, 33158.0), (32, 34161.0), (23, 36168.0), (22, 38183.0), (24, 39192.0), (50, 41197.0), (49, 43206.0), (48, 44212.0), (51, 46222.0), (1, 48238.0)]"
SA,50,1,bench_50_5,ok,-34944.7891,,750.1795,49,31,18,19,40619.0,75563.7891,1039.3919,49214.0,113752.0,50218.0,32173822,750.1795,172,"[47, 46, 45, 41, 42, 43, 39, 38, 37, 35, 36, 22, 23, 25, 17, 18, 19, 13, 14, 11, 10, 9, 33, 27, 28, 29, 7, 49, 4, 3, 51, 44, 32, 40, 21, 24, 26, 16, 20, 12, 15, 30, 34, 8, 5, 6, 50, 2, 48]","[47, 46, 45, 41, 42, 43, 39, 38, 37, 35, 36, 22, 23, 25, 17, 18, 19, 13, 14, 11, 10, 9, 33, 27, 28, 29, 7, 49, 4, 3, 51]","[44, 32, 40, 21, 24, 26, 16, 20, 12, 15, 30, 34, 8, 5, 6, 50, 2, 48]","[46, 42, 43, 39, 36, 23, 17, 19, 13, 14, 9, 33, 28, 7, 49, 4, 3, 51, 1]","[1, 47, 46, 45, 41, 42, 43, 39, 38, 37, 35, 36, 22, 23, 25, 17, 18, 19, 13, 14, 11, 10, 9, 33, 27, 28, 29, 7, 49, 4, 3, 51, 1]","[(1, 44), (44, 46), (45, 32), (32, 42), (42, 31), (31, 43), (43, 40), (40, 39), (39, 21), (21, 36), (36, 24), (24, 23), (23, 26), (26, 17), (17, 16), (16, 19), (19, 20), (20, 13), (13, 12), (12, 14), (14, 15), (15, 9), (9, 30), (30, 33), (33, 34), (34, 28), (28, 8), (8, 7), (7, 5), (5, 49), (49, 6), (6, 4), (4, 50), (50, 3), (3, 2), (2, 51), (51, 48), (48, 1)]","[(1, 0.0), (47, 0.0), (46, 1002.0), (45, 3009.0), (41, 4010.0), (42, 5014.0), (43, 7025.0), (39, 8029.0), (38, 10039.0), (37, 11043.0), (35, 12045.0), (36, 13050.0), (22, 15052.0), (23, 16059.0), (25, 18074.0), (17, 19076.0), (18, 21090.0), (19, 22091.0), (13, 24099.0), (14, 26104.0), (11, 28113.0), (10, 29120.0), (9, 30127.0), (33, 32142.0), (27, 34156.0), (28, 35165.0), (29, 37176.0), (7, 38182.0), (49, 40195.0), (4, 42202.0), (3, 44205.0), (51, 46214.0), (1, 48214.0)]"
SA,50,3,bench_50_5,ok,-35836.1371,,750.1141,50,32,18,18,41121.0,76957.1371,1058.5576,50218.0,113752.0,50218.0,32541761,750.114,174,"[49, 7, 29, 28, 27, 9, 10, 11, 14, 13, 19, 20, 18, 17, 26, 25, 23, 36, 35, 38, 39, 41, 43, 42, 31, 45, 44, 47, 48, 2, 3, 51, 4, 6, 33, 8, 12, 15, 16, 22, 24, 21, 37, 34, 40, 30, 46, 32, 50, 5]","[49, 7, 29, 28, 27, 9, 10, 11, 14, 13, 19, 20, 18, 17, 26, 25, 23, 36, 35, 38, 39, 41, 43, 42, 31, 45, 44, 47, 48, 2, 3, 51]","[4, 6, 33, 8, 12, 15, 16, 22, 24, 21, 37, 34, 40, 30, 46, 32, 50, 5]","[49, 29, 28, 11, 14, 13, 18, 25, 23, 35, 38, 43, 31, 45, 44, 2, 3, 1]","[1, 49, 7, 29, 28, 27, 9, 10, 11, 14, 13, 19, 20, 18, 17, 26, 25, 23, 36, 35, 38, 39, 41, 43, 42, 31, 45, 44, 47, 48, 2, 3, 51, 1]","[(1, 4), (4, 49), (49, 6), (6, 29), (29, 33), (33, 28), (27, 8), (8, 11), (11, 12), (12, 14), (14, 15), (15, 13), (13, 16), (16, 18), (18, 22), (22, 25), (25, 24), (24, 23), (23, 21), (21, 35), (35, 37), (37, 38), (38, 34), (34, 43), (43, 40), (40, 31), (31, 30), (30, 45), (45, 46), (46, 44), (44, 32), (32, 2), (2, 50), (50, 3), (3, 5), (5, 1)]","[(1, 0.0), (49, 0.0), (7, 2007.0), (29, 3011.0), (28, 5018.0), (27, 7034.0), (9, 8043.0), (10, 9051.0), (11, 10058.0), (14, 12074.0), (13, 14083.0), (19, 16094.0), (20, 17100.0), (18, 18101.0), (17, 20104.0), (26, 21113.0), (25, 22118.0), (23, 24127.0), (36, 26142.0), (35, 27142.0), (38, 29149.0), (39, 31155.0), (41, 32161.0), (43, 33165.0), (42, 35173.0), (31, 36177.0), (45, 38185.0), (44, 40191.0), (47, 42198.0), (48, 43200.0), (2, 44200.0), (3, 46207.0), (51, 48216.0), (1, 49216.0)]"
SA,50,5,bench_50_5,ok,-33960.0408,,750.0608,49,29,20,21,40619.0,74579.0408,1025.8465,49214.0,113752.0,50218.0,32174424,72.6765,172,"[47, 46, 44, 45, 41, 42, 38, 35, 36, 23, 25, 17, 16, 15, 20, 13, 14, 11, 10, 9, 33, 28, 27, 29, 7, 49, 50, 3, 51, 40, 43, 39, 37, 24, 22, 21, 18, 26, 19, 12, 34, 8, 32, 30, 6, 5, 4, 2, 48]","[47, 46, 44, 45, 41, 42, 38, 35, 36, 23, 25, 17, 16, 15, 20, 13, 14, 11, 10, 9, 33, 28, 27, 29, 7, 49, 50, 3, 51]","[40, 43, 39, 37, 24, 22, 21, 18, 26, 19, 12, 34, 8, 32, 30, 6, 5, 4, 2, 48]","[44, 41, 42, 38, 36, 23, 25, 16, 15, 20, 13, 14, 9, 33, 29, 7, 49, 50, 3, 51, 1]","[1, 47, 46, 44, 45, 41, 42, 38, 35, 36, 23, 25, 17, 16, 15, 20, 13, 14, 11, 10, 9, 33, 28, 27, 29, 7, 49, 50, 3, 51, 1]","[(1, 31), (31, 44), (45, 40), (40, 41), (41, 43), (43, 42), (42, 39), (39, 38), (35, 37), (37, 36), (36, 24), (24, 23), (23, 22), (22, 25), (25, 21), (21, 16), (16, 18), (18, 15), (15, 26), (26, 20), (20, 19), (19, 13), (13, 12), (12, 14), (14, 34), (34, 9), (9, 8), (8, 33), (33, 32), (32, 29), (29, 30), (30, 7), (7, 6), (6, 49), (49, 5), (5, 50), (50, 4), (4, 3), (3, 2), (2, 51), (51, 48), (48, 1)]","[(1, 0.0), (47, 0.0), (46, 1002.0), (44, 2007.0), (45, 3009.0), (41, 4010.0), (42, 6018.0), (38, 8026.0), (35, 10036.0), (36, 11041.0), (23, 13043.0), (25, 15058.0), (17, 17067.0), (16, 18076.0), (15, 20080.0), (20, 22088.0), (13, 24094.0), (14, 26104.0), (11, 28113.0), (10, 29120.0), (9, 30127.0), (33, 32139.0), (28, 34157.0), (27, 35164.0), (29, 36173.0), (7, 38186.0), (49, 40195.0), (50, 42201.0), (3, 44206.0), (51, 46214.0), (1, 48214.0)]"
SA,50,7,bench_50_5,ok,-35090.0193,,750.1134,49,32,17,17,40619.0,75709.0193,1041.3895,49214.0,113752.0,50218.0,32085899,750.1134,172,"[48, 47, 46, 45, 42, 40, 39, 38, 35, 36, 22, 23, 25, 26, 20, 18, 15, 13, 12, 11, 10, 9, 33, 28, 27, 29, 7, 49, 50, 4, 3, 51, 37, 41, 43, 17, 24, 21, 16, 14, 19, 32, 34, 8, 30, 6, 44, 5, 2]","[48, 47, 46, 45, 42, 40, 39, 38, 35, 36, 22, 23, 25, 26, 20, 18, 15, 13, 12, 11, 10, 9, 33, 28, 27, 29, 7, 49, 50, 4, 3, 51]","[37, 41, 43, 17, 24, 21, 16, 14, 19, 32, 34, 8, 30, 6, 44, 5, 2]","[31, 40, 35, 22, 25, 15, 13, 12, 9, 33, 27, 29, 7, 49, 50, 51, 1]","[1, 48, 47, 46, 45, 31, 42, 40, 39, 38, 35, 36, 22, 23, 25, 26, 20, 18, 15, 13, 12, 11, 10, 9, 33, 28, 27, 29, 7, 49, 50, 4, 3, 51, 1]","[(48, 37), (37, 31), (31, 41), (41, 40), (40, 43), (43, 35), (35, 17), (17, 22), (22, 24), (24, 25), (26, 21), (21, 15), (15, 16), (16, 13), (13, 14), (14, 12), (12, 19), (19, 9), (9, 32), (32, 33), (33, 34), (34, 27), (27, 8), (8, 29), (29, 30), (30, 7), (7, 6), (6, 49), (49, 44), (44, 50), (50, 5), (5, 51), (51, 2), (2, 1)]","[(1, 0.0), (48, 0.0), (47, 1000.0), (46, 2002.0), (45, 3007.0), (31, 4008.0), (42, 5010.0), (40, 6014.0), (39, 8022.0), (38, 9028.0), (35, 10032.0), (36, 12041.0), (22, 13041.0), (23, 15057.0), (25, 16066.0), (26, 18074.0), (20, 19079.0), (18, 20080.0), (15, 21081.0), (13, 23090.0), (12, 25096.0), (11, 27105.0), (10, 28112.0), (9, 29119.0), (33, 31133.0), (28, 33149.0), (27, 34156.0), (29, 36169.0), (7, 38184.0), (49, 40193.0), (50, 42199.0), (4, 44204.0), (3, 45206.0), (51, 46212.0), (1, 48214.0)]"
SA,50,9,bench_50_5,ok,-35222.4116,,750.1128,50,33,17,17,41121.0,76343.4116,1050.1157,50218.0,113752.0,50218.0,32164548,750.1128,172,"[49, 7, 29, 28, 27, 9, 10, 11, 12, 13, 15, 16, 17, 18, 20, 26, 25, 23, 22, 36, 37, 35, 38, 39, 42, 41, 43, 45, 44, 50, 3, 51, 2, 5, 30, 8, 33, 19, 14, 21, 24, 32, 34, 40, 31, 46, 6, 47, 4, 48]","[49, 7, 29, 28, 27, 9, 10, 11, 12, 13, 15, 16, 17, 18, 20, 26, 25, 23, 22, 36, 37, 35, 38, 39, 42, 41, 43, 45, 44, 50, 3, 51, 2]","[5, 30, 8, 33, 19, 14, 21, 24, 32, 34, 40, 31, 46, 6, 47, 4, 48]","[7, 28, 9, 13, 15, 18, 25, 23, 37, 39, 42, 43, 45, 50, 3, 2, 1]","[1, 49, 7, 29, 28, 27, 9, 10, 11, 12, 13, 15, 16, 17, 18, 20, 26, 25, 23, 22, 36, 37, 35, 38, 39, 42, 41, 43, 45, 44, 50, 3, 51, 2, 1]","[(1, 5), (5, 7), (7, 30), (30, 28), (28, 8), (8, 9), (9, 33), (33, 13), (13, 19), (19, 15), (15, 14), (14, 18), (18, 21), (21, 25), (25, 24), (24, 23), (23, 32), (32, 37), (37, 34), (34, 39), (39, 40), (40, 42), (42, 31), (31, 43), (43, 46), (46, 45), (45, 6), (6, 50), (50, 47), (47, 3), (3, 4), (4, 2), (2, 48), (48, 1)]","[(1, 0.0), (49, 0.0), (7, 1005.0), (29, 3011.0), (28, 4017.0), (27, 6029.0), (9, 7038.0), (10, 9055.0), (11, 10062.0), (12, 11069.0), (13, 12074.0), (15, 14087.0), (16, 16100.0), (17, 17102.0), (18, 18111.0), (20, 20116.0), (26, 21117.0), (25, 22122.0), (23, 24126.0), (22, 26141.0), (36, 27148.0), (37, 28148.0), (35, 30157.0), (38, 31162.0), (39, 32166.0), (42, 34176.0), (41, 36184.0), (43, 37188.0), (45, 39196.0), (44, 41202.0), (50, 42204.0), (3, 44208.0), (51, 46216.0), (2, 47216.0), (1, 49218.0)]"
SA,100,1,bench_100_1,ok,-42019.0759,,1200.6221,100,76,24,24,83997.0,126016.0759,1733.3711,100403.0,227504.0,100403.0,30520672,1200.622,81,"[4, 6, 7, 8, 9, 10, 50, 49, 48, 47, 46, 13, 14, 15, 19, 18, 17, 21, 22, 25, 24, 42, 31, 26, 27, 28, 29, 30, 33, 34, 35, 36, 37, 32, 40, 41, 63, 64, 65, 66, 67, 68, 58, 61, 62, 59, 70, 69, 71, 72, 74, 73, 75, 56, 55, 54, 53, 52, 51, 98, 97, 76, 77, 95, 96, 92, 93, 94, 84, 86, 91, 85, 87, 90, 101, 2, 11, 12, 45, 16, 23, 20, 44, 57, 39, 38, 80, 43, 60, 82, 81, 99, 5, 79, 83, 78, 89, 100, 88, 3]","[4, 6, 7, 8, 9, 10, 50, 49, 48, 47, 46, 13, 14, 15, 19, 18, 17, 21, 22, 25, 24, 42, 31, 26, 27, 28, 29, 30, 33, 34, 35, 36, 37, 32, 40, 41, 63, 64, 65, 66, 67, 68, 58, 61, 62, 59, 70, 69, 71, 72, 74, 73, 75, 56, 55, 54, 53, 52, 51, 98, 97, 76, 77, 95, 96, 92, 93, 94, 84, 86, 91, 85, 87, 90, 101, 2]","[11, 12, 45, 16, 23, 20, 44, 57, 39, 38, 80, 43, 60, 82, 81, 99, 5, 79, 83, 78, 89, 100, 88, 3]","[8, 49, 46, 15, 18, 21, 31, 29, 36, 32, 67, 59, 69, 56, 51, 97, 96, 84, 86, 85, 87, 101, 2, 1]","[1, 4, 6, 7, 8, 9, 10, 50, 49, 48, 47, 46, 13, 14, 15, 19, 18, 17, 21, 22, 25, 24, 42, 31, 26, 27, 28, 29, 30, 33, 34, 35, 36, 37, 32, 40, 41, 63, 64, 65, 66, 67, 68, 58, 61, 62, 59, 70, 69, 71, 72, 74, 73, 75, 56, 55, 54, 53, 52, 51, 98, 97, 76, 77, 95, 96, 92, 93, 94, 84, 86, 91, 85, 87, 90, 101, 2, 1]","[(1, 11), (11, 8), (8, 12), (12, 49), (47, 45), (45, 46), (46, 16), (16, 15), (15, 23), (23, 18), (18, 20), (20, 21), (22, 44), (44, 31), (31, 57), (57, 29), (33, 39), (39, 36), (36, 38), (38, 32), (40, 80), (80, 67), (67, 43), (43, 59), (59, 60), (60, 69), (71, 82), (82, 56), (56, 81), (81, 51), (51, 99), (99, 97), (97, 5), (5, 96), (96, 79), (79, 84), (84, 83), (83, 86), (86, 78), (78, 85), (85, 89), (89, 87), (87, 100), (100, 101), (101, 88), (88, 2), (2, 3), (3, 1)]","[(1, 0.0), (4, 0.0), (6, 1001.0), (7, 2002.0), (8, 3003.0), (9, 5019.0), (10, 6023.0), (50, 7031.0), (49, 8037.0), (48, 10049.0), (47, 11051.0), (46, 12058.0), (13, 14070.0), (14, 15077.0), (15, 16080.0), (19, 18086.0), (18, 19090.0), (17, 21097.0), (21, 22099.0), (22, 24110.0), (25, 25117.0), (24, 26122.0), (42, 27124.0), (31, 28131.0), (26, 30137.0), (27, 31138.0), (28, 32143.0), (29, 33145.0), (30, 35149.0), (33, 36154.0), (34, 37156.0), (35, 38157.0), (36, 39159.0), (37, 41169.0), (32, 42176.0), (40, 44181.0), (41, 45183.0), (63, 46183.0), (64, 47187.0), (65, 48195.0), (66, 49197.0), (67, 50198.0), (68, 52201.0), (58, 53206.0), (61, 54214.0), (62, 55214.0), (59, 56219.0), (70, 58232.0), (69, 59237.0), (71, 61247.0), (72, 62256.0), (74, 63260.0), (73, 64262.0), (75, 65266.0), (56, 66270.0), (55, 68278.0), (54, 69284.0), (53, 70284.0), (52, 71290.0), (51, 72295.0), (98, 74303.0), (97, 75307.0), (76, 77314.0), (77, 78317.0), (95, 79325.0), (96, 80329.0), (92, 82343.0), (93, 83348.0), (94, 84351.0), (84, 85357.0), (86, 87362.0), (91, 89366.0), (85, 90367.0), (87, 92373.0), (90, 94375.0), (101, 95383.0), (2, 97391.0), (1, 99397.0)]"
SA,100,3,bench_100_1,ok,-41445.5043,,1200.7422,99,77,22,23,83494.0,124939.5043,1718.5626,99396.0,227504.0,100403.0,30571105,1200.7422,82,"[4, 6, 5, 100, 97, 52, 51, 98, 9, 99, 8, 7, 10, 50, 49, 48, 47, 46, 45, 12, 13, 14, 15, 19, 18, 20, 17, 21, 22, 24, 42, 41, 39, 40, 32, 28, 29, 30, 33, 34, 35, 36, 37, 38, 64, 63, 62, 61, 59, 58, 65, 67, 68, 70, 69, 72, 74, 73, 75, 56, 55, 80, 81, 79, 78, 76, 95, 96, 93, 94, 84, 85, 91, 87, 90, 89, 2, 16, 53, 23, 26, 25, 27, 66, 43, 31, 60, 57, 71, 44, 82, 54, 101, 77, 83, 88, 86, 92, 3]","[4, 6, 5, 100, 97, 52, 51, 98, 9, 99, 8, 7, 10, 50, 49, 48, 47, 46, 45, 12, 13, 14, 15, 19, 18, 20, 17, 21, 22, 24, 42, 41, 39, 40, 32, 28, 29, 30, 33, 34, 35, 36, 37, 38, 64, 63, 62, 61, 59, 58, 65, 67, 68, 70, 69, 72, 74, 73, 75, 56, 55, 80, 81, 79, 78, 76, 95, 96, 93, 94, 84, 85, 91, 87, 90, 89, 2]","[16, 53, 23, 26, 25, 27, 66, 43, 31, 60, 57, 71, 44, 82, 54, 101, 77, 83, 88, 86, 92, 3]","[9, 48, 14, 20, 24, 40, 28, 36, 64, 58, 67, 70, 69, 55, 81, 76, 96, 94, 85, 87, 89, 2, 1]","[1, 4, 6, 5, 100, 97, 52, 51, 98, 9, 99, 8, 7, 10, 50, 49, 48, 47, 46, 45, 12, 13, 14, 15, 19, 18, 20, 17, 21, 22, 24, 42, 41, 39, 40, 32, 28, 29, 30, 33, 34, 35, 36, 37, 38, 64, 63, 62, 61, 59, 58, 65, 67, 68, 70, 69, 72, 74, 73, 75, 56, 55, 80, 81, 79, 78, 76, 95, 96, 93, 94, 84, 85, 91, 87, 90, 89, 2, 1]","[(6, 16), (16, 9), (8, 11), (11, 48), (48, 53), (53, 14), (15, 23), (23, 20), (20, 26), (26, 24), (24, 25), (25, 40), (32, 27), (27, 28), (28, 66), (66, 36), (36, 43), (43, 64), (64, 31), (31, 58), (58, 60), (60, 67), (67, 57), (57, 70), (70, 71), (71, 69), (69, 44), (44, 55), (55, 82), (82, 81), (81, 54), (54, 76), (76, 101), (101, 96), (96, 77), (77, 94), (94, 83), (83, 85), (85, 88), (88, 87), (87, 86), (86, 89), (89, 92), (92, 2), (2, 3), (3, 1)]","[(1, 0.0), (4, 0.0), (6, 1001.0), (5, 2002.0), (100, 3007.0), (97, 4012.0), (52, 5018.0), (51, 6023.0), (98, 7025.0), (9, 8029.0), (99, 10037.0), (8, 11038.0), (7, 12047.0), (10, 13048.0), (50, 14056.0), (49, 15062.0), (48, 16067.0), (47, 17069.0), (46, 18076.0), (45, 19085.0), (12, 20088.0), (13, 21095.0), (14, 22102.0), (15, 24111.0), (19, 25113.0), (18, 26117.0), (20, 27123.0), (17, 29131.0), (21, 30133.0), (22, 31137.0), (24, 32144.0), (42, 34147.0), (41, 35154.0), (39, 36154.0), (40, 37163.0), (32, 39170.0), (28, 40175.0), (29, 42182.0), (30, 43184.0), (33, 44189.0), (34, 45191.0), (35, 46192.0), (36, 47194.0), (37, 49196.0), (38, 50203.0), (64, 51203.0), (63, 53220.0), (62, 54224.0), (61, 55229.0), (59, 56229.0), (58, 57233.0), (65, 59242.0), (67, 60244.0), (68, 62248.0), (70, 63253.0), (69, 65260.0), (72, 67275.0), (74, 68279.0), (73, 69281.0), (75, 70285.0), (56, 71289.0), (55, 72293.0), (80, 74304.0), (81, 75307.0), (79, 77317.0), (78, 78317.0), (76, 79318.0), (95, 81321.0), (96, 82325.0), (93, 84337.0), (94, 85340.0), (84, 87354.0), (85, 88359.0), (91, 90365.0), (87, 91366.0), (90, 93368.0), (89, 94376.0), (2, 96379.0), (1, 98390.0)]"
SA,100,5,bench_100_1,ok,-41045.6107,,1200.5587,100,75,25,25,83997.0,125042.6107,1719.9809,100403.0,227504.0,100403.0,30643917,1200.5587,82,"[3, 5, 6, 100, 99, 9, 98, 10, 50, 49, 48, 47, 46, 45, 13, 14, 15, 19, 18, 20, 17, 21, 22, 26, 25, 24, 23, 31, 41, 62, 61, 37, 35, 34, 33, 29, 27, 28, 30, 32, 40, 39, 38, 63, 64, 58, 59, 70, 69, 68, 67, 66, 52, 53, 54, 55, 56, 74, 73, 80, 79, 78, 83, 84, 95, 96, 92, 93, 94, 86, 85, 91, 87, 89, 2, 4, 7, 8, 43, 12, 11, 16, 60, 71, 42, 36, 65, 57, 75, 44, 51, 72, 81, 97, 77, 76, 82, 88, 101, 90]","[3, 5, 6, 100, 99, 9, 98, 10, 50, 49, 48, 47, 46, 45, 13, 14, 15, 19, 18, 20, 17, 21, 22, 26, 25, 24, 23, 31, 41, 62, 61, 37, 35, 34, 33, 29, 27, 28, 30, 32, 40, 39, 38, 63, 64, 58, 59, 70, 69, 68, 67, 66, 52, 53, 54, 55, 56, 74, 73, 80, 79, 78, 83, 84, 95, 96, 92, 93, 94, 86, 85, 91, 87, 89, 2]","[4, 7, 8, 43, 12, 11, 16, 60, 71, 42, 36, 65, 57, 75, 44, 51, 72, 81, 97, 77, 76, 82, 88, 101, 90]","[5, 100, 99, 48, 14, 25, 31, 61, 28, 32, 38, 64, 70, 67, 53, 56, 73, 80, 84, 95, 94, 87, 89, 2, 1]","[1, 3, 5, 6, 100, 99, 9, 98, 10, 50, 49, 48, 47, 46, 45, 13, 14, 15, 19, 18, 20, 17, 21, 22, 26, 25, 24, 23, 31, 41, 62, 61, 37, 35, 34, 33, 29, 27, 28, 30, 32, 40, 39, 38, 63, 64, 58, 59, 70, 69, 68, 67, 66, 52, 53, 54, 55, 56, 74, 73, 80, 79, 78, 83, 84, 95, 96, 92, 93, 94, 86, 85, 91, 87, 89, 2, 1]","[(1, 4), (4, 5), (6, 7), (7, 100), (100, 8), (8, 99), (9, 43), (43, 48), (45, 12), (12, 14), (14, 11), (11, 25), (25, 16), (16, 31), (31, 60), (60, 61), (61, 71), (71, 28), (28, 42), (42, 32), (32, 36), (36, 38), (38, 65), (65, 64), (64, 57), (57, 70), (70, 75), (75, 67), (67, 44), (44, 53), (53, 51), (51, 56), (56, 72), (72, 73), (73, 81), (81, 80), (80, 97), (97, 84), (84, 77), (77, 95), (95, 76), (76, 94), (94, 82), (82, 87), (87, 88), (88, 89), (89, 101), (101, 2), (2, 90), (90, 1)]","[(1, 0.0), (3, 0.0), (5, 1006.0), (6, 3012.0), (100, 4013.0), (99, 6019.0), (9, 8029.0), (98, 9033.0), (10, 10037.0), (50, 11045.0), (49, 12051.0), (48, 13056.0), (47, 15067.0), (46, 16074.0), (45, 17083.0), (13, 18086.0), (14, 19093.0), (15, 21103.0), (19, 22105.0), (18, 23109.0), (20, 24115.0), (17, 25122.0), (21, 26124.0), (22, 27128.0), (26, 28135.0), (25, 29136.0), (24, 31148.0), (23, 32150.0), (31, 33151.0), (41, 35156.0), (62, 36156.0), (61, 37161.0), (37, 39165.0), (35, 40172.0), (34, 41174.0), (33, 42175.0), (29, 43177.0), (27, 44179.0), (28, 45184.0), (30, 47195.0), (32, 48200.0), (40, 50212.0), (39, 51214.0), (38, 52223.0), (63, 54224.0), (64, 55228.0), (58, 57238.0), (59, 58246.0), (70, 59250.0), (69, 61257.0), (68, 62263.0), (67, 63268.0), (66, 65272.0), (52, 66273.0), (53, 67278.0), (54, 69289.0), (55, 70289.0), (56, 71295.0), (74, 73301.0), (73, 74303.0), (80, 76311.0), (79, 78320.0), (78, 79320.0), (83, 80321.0), (84, 81322.0), (95, 83333.0), (96, 85345.0), (92, 86354.0), (93, 87359.0), (94, 88362.0), (86, 90371.0), (85, 91374.0), (91, 92379.0), (87, 93380.0), (89, 95386.0), (2, 97386.0), (1, 99395.0)]"
SA,100,7,bench_100_1,ok,-39163.4453,,1200.9732,98,73,25,26,82970.0,122133.4453,1679.9649,98394.0,227504.0,100403.0,30417366,1200.9731,81,"[4, 5, 8, 7, 10, 50, 49, 48, 46, 45, 13, 15, 19, 18, 17, 21, 22, 25, 24, 23, 42, 31, 27, 28, 29, 30, 35, 36, 37, 32, 40, 41, 39, 38, 61, 62, 63, 64, 65, 67, 68, 58, 59, 70, 69, 71, 72, 74, 73, 75, 56, 55, 54, 53, 52, 51, 98, 9, 99, 97, 96, 92, 77, 76, 79, 78, 84, 85, 91, 87, 88, 89, 2, 6, 100, 47, 14, 16, 20, 26, 34, 60, 33, 66, 43, 44, 80, 12, 94, 95, 83, 82, 81, 93, 86, 90, 101, 3]","[4, 5, 8, 7, 10, 50, 49, 48, 46, 45, 13, 15, 19, 18, 17, 21, 22, 25, 24, 23, 42, 31, 27, 28, 29, 30, 35, 36, 37, 32, 40, 41, 39, 38, 61, 62, 63, 64, 65, 67, 68, 58, 59, 70, 69, 71, 72, 74, 73, 75, 56, 55, 54, 53, 52, 51, 98, 9, 99, 97, 96, 92, 77, 76, 79, 78, 84, 85, 91, 87, 88, 89, 2]","[6, 100, 47, 14, 16, 20, 26, 34, 60, 33, 66, 43, 44, 80, 12, 94, 95, 83, 82, 81, 93, 86, 90, 101, 3]","[4, 8, 49, 45, 19, 25, 27, 30, 36, 40, 62, 65, 69, 56, 98, 97, 96, 92, 77, 79, 84, 85, 87, 89, 2, 1]","[1, 4, 5, 8, 7, 11, 10, 50, 49, 48, 46, 45, 13, 15, 19, 18, 17, 21, 22, 25, 24, 23, 42, 31, 27, 28, 29, 30, 35, 36, 37, 32, 40, 41, 39, 38, 61, 62, 63, 64, 65, 67, 68, 58, 59, 70, 69, 71, 72, 74, 73, 75, 56, 55, 54, 53, 52, 51, 98, 9, 99, 97, 96, 92, 77, 76, 79, 78, 84, 85, 91, 87, 88, 89, 2, 1]","[(1, 6), (6, 4), (5, 100), (100, 8), (8, 57), (57, 49), (48, 47), (47, 45), (45, 14), (14, 19), (19, 16), (16, 25), (24, 20), (20, 27), (27, 26), (26, 30), (30, 34), (34, 36), (36, 60), (60, 40), (40, 33), (33, 62), (62, 66), (66, 65), (65, 43), (43, 69), (69, 44), (44, 56), (56, 80), (80, 98), (98, 12), (12, 97), (97, 94), (94, 96), (96, 95), (95, 92), (92, 83), (83, 77), (77, 82), (82, 79), (79, 81), (81, 84), (84, 93), (93, 85), (85, 86), (86, 87), (88, 90), (90, 89), (89, 101), (101, 2), (2, 3), (3, 1)]","[(1, 0.0), (4, 0.0), (5, 2002.0), (8, 3007.0), (7, 5021.0), (11, 6022.0), (10, 6022.0), (50, 7030.0), (49, 8036.0), (48, 9041.0), (46, 10043.0), (45, 11052.0), (13, 13062.0), (15, 14069.0), (19, 15071.0), (18, 17078.0), (17, 18084.0), (21, 19086.0), (22, 20090.0), (25, 21097.0), (24, 23106.0), (23, 24108.0), (42, 25109.0), (31, 26116.0), (27, 27117.0), (28, 29129.0), (29, 30131.0), (30, 31133.0), (35, 33139.0), (36, 34141.0), (37, 36143.0), (32, 37150.0), (40, 38155.0), (41, 40161.0), (39, 41161.0), (38, 42170.0), (61, 43170.0), (62, 44170.0), (63, 46177.0), (64, 47181.0), (65, 48189.0), (67, 50192.0), (68, 51192.0), (58, 52197.0), (59, 53205.0), (70, 54209.0), (69, 55214.0), (71, 57229.0), (72, 58238.0), (74, 59242.0), (73, 60244.0), (75, 61248.0), (56, 62252.0), (55, 64261.0), (54, 65267.0), (53, 66267.0), (52, 67273.0), (51, 68278.0), (98, 69280.0), (9, 71287.0), (99, 72291.0), (97, 73292.0), (96, 75305.0), (92, 77320.0), (77, 79329.0), (76, 81338.0), (79, 82341.0), (78, 84345.0), (84, 85346.0), (85, 87357.0), (91, 89365.0), (87, 90366.0), (88, 92371.0), (89, 93371.0), (2, 95379.0), (1, 97388.0)]"
SA,100,9,bench_100_1,ok,-39766.2563,,1200.3439,100,71,29,29,83997.0,123763.2563,1702.3832,100403.0,227504.0,100403.0,30464552,242.9076,81,"[88, 89, 90, 3, 5, 6, 8, 9, 99, 97, 53, 52, 51, 50, 49, 48, 46, 45, 12, 13, 14, 15, 19, 18, 20, 17, 21, 16, 23, 24, 42, 41, 39, 40, 32, 30, 27, 28, 29, 33, 34, 35, 37, 38, 63, 61, 62, 59, 58, 68, 70, 71, 72, 74, 73, 75, 56, 80, 81, 79, 78, 83, 86, 85, 91, 93, 92, 95, 96, 101, 2, 4, 100, 10, 55, 98, 57, 47, 11, 22, 44, 43, 31, 26, 25, 36, 60, 65, 64, 67, 69, 66, 54, 7, 77, 84, 94, 82, 76, 87]","[88, 89, 90, 3, 5, 6, 8, 9, 99, 97, 53, 52, 51, 50, 49, 48, 46, 45, 12, 13, 14, 15, 19, 18, 20, 17, 21, 16, 23, 24, 42, 41, 39, 40, 32, 30, 27, 28, 29, 33, 34, 35, 37, 38, 63, 61, 62, 59, 58, 68, 70, 71, 72, 74, 73, 75, 56, 80, 81, 79, 78, 83, 86, 85, 91, 93, 92, 95, 96, 101, 2]","[4, 100, 10, 55, 98, 57, 47, 11, 22, 44, 43, 31, 26, 25, 36, 60, 65, 64, 67, 69, 66, 54, 7, 77, 84, 94, 82, 76, 87]","[8, 99, 97, 52, 51, 48, 45, 14, 18, 16, 42, 32, 27, 29, 34, 37, 63, 61, 68, 71, 74, 56, 78, 83, 85, 91, 95, 101, 1]","[1, 88, 89, 90, 3, 5, 6, 8, 9, 99, 97, 53, 52, 51, 50, 49, 48, 46, 45, 12, 13, 14, 15, 19, 18, 20, 17, 21, 16, 23, 24, 42, 41, 39, 40, 32, 30, 27, 28, 29, 33, 34, 35, 37, 38, 63, 61, 62, 59, 58, 68, 70, 71, 72, 74, 73, 75, 56, 80, 81, 79, 78, 83, 86, 85, 91, 93, 92, 95, 96, 101, 2, 1]","[(1, 4), (4, 8), (8, 100), (100, 99), (99, 10), (10, 97), (97, 55), (55, 52), (52, 98), (98, 51), (51, 57), (57, 48), (48, 47), (47, 45), (45, 11), (11, 14), (14, 22), (22, 18), (18, 44), (44, 16), (16, 43), (43, 42), (42, 31), (31, 32), (32, 26), (26, 27), (27, 25), (25, 29), (29, 36), (36, 34), (34, 60), (60, 37), (37, 65), (65, 63), (63, 64), (64, 61), (61, 67), (67, 68), (68, 69), (69, 71), (71, 66), (66, 74), (74, 54), (54, 56), (56, 7), (7, 78), (78, 77), (77, 83), (83, 84), (84, 85), (85, 94), (94, 91), (91, 82), (82, 95), (95, 76), (76, 101), (101, 87), (87, 1)]","[(1, 0.0), (88, 0.0), (89, 1000.0), (90, 2000.0), (3, 3008.0), (5, 4014.0), (6, 5019.0), (8, 6020.0), (9, 8030.0), (99, 9034.0), (97, 11040.0), (53, 13054.0), (52, 14060.0), (51, 16071.0), (50, 18077.0), (49, 19083.0), (48, 20088.0), (46, 22092.0), (45, 23101.0), (12, 25111.0), (13, 26118.0), (14, 27125.0), (15, 29135.0), (19, 30137.0), (18, 31141.0), (20, 33154.0), (17, 34161.0), (21, 35163.0), (16, 36167.0), (23, 38176.0), (24, 39177.0), (42, 40179.0), (41, 42195.0), (39, 43195.0), (40, 44204.0), (32, 45206.0), (30, 47212.0), (27, 48217.0), (28, 50223.0), (29, 51225.0), (33, 53232.0), (34, 54234.0), (35, 56236.0), (37, 57238.0), (38, 59249.0), (63, 60249.0), (61, 62255.0), (62, 64263.0), (59, 65268.0), (58, 66272.0), (68, 67280.0), (70, 69285.0), (71, 70290.0), (72, 72305.0), (74, 73309.0), (73, 75312.0), (75, 76316.0), (56, 77320.0), (80, 79324.0), (81, 80327.0), (79, 81333.0), (78, 82333.0), (83, 84335.0), (86, 86344.0), (85, 87347.0), (91, 89357.0), (93, 91364.0), (92, 92367.0), (95, 93372.0), (96, 95380.0), (101, 96389.0), (2, 98395.0), (1, 99401.0)]"
SA,100,1,bench_100_2,ok,-33816.8501,,1201.1099,99,74,25,26,81931.0,115747.8501,1592.13,99464.0,227504.0,100468.0,30459324,1201.1099,81,"[101, 93, 92, 73, 75, 76, 78, 77, 74, 71, 70, 47, 69, 67, 66, 65, 64, 58, 59, 61, 62, 51, 55, 54, 53, 25, 19, 20, 24, 28, 29, 30, 23, 21, 18, 22, 16, 31, 15, 32, 14, 7, 8, 9, 10, 11, 12, 6, 5, 35, 36, 37, 38, 39, 40, 41, 44, 43, 42, 3, 98, 99, 100, 96, 95, 94, 82, 81, 80, 83, 84, 85, 86, 87, 91, 68, 48, 63, 57, 50, 60, 26, 27, 52, 56, 17, 13, 34, 49, 33, 45, 4, 90, 2, 79, 72, 89, 88, 97]","[101, 93, 92, 73, 75, 76, 78, 77, 74, 71, 70, 47, 69, 67, 66, 65, 64, 58, 59, 61, 62, 51, 55, 54, 53, 25, 19, 20, 24, 28, 29, 30, 23, 21, 18, 22, 16, 31, 15, 32, 14, 7, 8, 9, 10, 11, 12, 6, 5, 35, 36, 37, 38, 39, 40, 41, 44, 43, 42, 3, 98, 99, 100, 96, 95, 94, 82, 81, 80, 83, 84, 85, 86, 87]","[91, 68, 48, 63, 57, 50, 60, 26, 27, 52, 56, 17, 13, 34, 49, 33, 45, 4, 90, 2, 79, 72, 89, 88, 97]","[92, 77, 47, 66, 64, 58, 61, 55, 20, 23, 22, 14, 11, 6, 5, 38, 44, 42, 3, 95, 82, 80, 85, 86, 87, 1]","[1, 101, 93, 92, 73, 75, 76, 78, 77, 74, 71, 70, 47, 69, 67, 66, 65, 64, 58, 59, 61, 62, 51, 55, 54, 53, 25, 19, 20, 24, 28, 29, 30, 23, 21, 18, 22, 16, 31, 15, 32, 14, 7, 8, 9, 10, 11, 12, 6, 5, 35, 36, 37, 38, 39, 40, 41, 44, 43, 42, 3, 98, 99, 100, 96, 95, 94, 82, 81, 80, 83, 84, 85, 86, 87, 1]","[(1, 91), (91, 92), (92, 46), (46, 77), (70, 68), (68, 47), (47, 48), (48, 66), (66, 63), (63, 64), (64, 57), (57, 58), (58, 50), (50, 61), (61, 60), (60, 55), (55, 26), (26, 20), (24, 27), (27, 23), (23, 52), (52, 22), (22, 56), (56, 14), (14, 17), (17, 11), (11, 13), (13, 6), (6, 34), (34, 5), (35, 49), (49, 38), (39, 33), (33, 44), (44, 45), (45, 42), (42, 4), (4, 3), (3, 90), (90, 95), (95, 2), (2, 82), (82, 79), (79, 80), (80, 72), (72, 85), (85, 89), (89, 86), (86, 88), (88, 87), (87, 97), (97, 1)]","[(1, 0.0), (101, 0.0), (93, 1005.0), (92, 2012.0), (73, 4028.0), (75, 5035.0), (76, 6041.0), (78, 7050.0), (77, 8056.0), (74, 9062.0), (71, 10067.0), (70, 11074.0), (47, 12078.0), (69, 14084.0), (67, 15088.0), (66, 16092.0), (65, 18099.0), (64, 19103.0), (58, 21119.0), (59, 23122.0), (61, 24126.0), (62, 26138.0), (51, 27147.0), (55, 28149.0), (54, 30155.0), (53, 31158.0), (25, 32164.0), (19, 33167.0), (20, 34172.0), (24, 36174.0), (28, 37179.0), (29, 38185.0), (30, 39194.0), (23, 40194.0), (21, 42200.0), (18, 43201.0), (22, 44208.0), (16, 46224.0), (31, 47228.0), (15, 48237.0), (32, 49239.0), (14, 50244.0), (7, 52253.0), (8, 53257.0), (9, 54259.0), (10, 55264.0), (11, 56266.0), (12, 58275.0), (6, 59284.0), (5, 61291.0), (35, 63304.0), (36, 64308.0), (37, 65311.0), (38, 66318.0), (39, 68325.0), (40, 69330.0), (41, 70336.0), (44, 71341.0), (43, 73349.0), (42, 74356.0), (3, 76373.0), (98, 78385.0), (99, 79394.0), (100, 80394.0), (96, 81394.0), (95, 82399.0), (94, 84406.0), (82, 85415.0), (81, 87422.0), (80, 88427.0), (83, 90433.0), (84, 91442.0), (85, 92446.0), (86, 94455.0), (87, 96458.0), (1, 98458.0)]"
SA,100,3,bench_100_2,ok,-34853.6893,,1200.7524,100,76,24,24,82254.0,117107.6893,1610.8348,100468.0,227504.0,100468.0,30331004,1200.7523,81,"[101, 95, 96, 100, 99, 98, 3, 43, 44, 42, 41, 40, 39, 38, 37, 36, 35, 5, 6, 12, 11, 10, 9, 8, 7, 14, 32, 15, 16, 22, 18, 21, 23, 20, 19, 27, 26, 25, 53, 54, 55, 28, 29, 30, 56, 57, 58, 59, 61, 60, 62, 63, 64, 65, 68, 67, 69, 46, 48, 71, 74, 78, 76, 75, 73, 92, 93, 91, 82, 81, 80, 83, 85, 86, 87, 88, 2, 45, 49, 34, 13, 31, 17, 50, 52, 24, 33, 4, 51, 47, 70, 77, 66, 72, 94, 79, 84, 90, 89, 97]","[101, 95, 96, 100, 99, 98, 3, 43, 44, 42, 41, 40, 39, 38, 37, 36, 35, 5, 6, 12, 11, 10, 9, 8, 7, 14, 32, 15, 16, 22, 18, 21, 23, 20, 19, 27, 26, 25, 53, 54, 55, 28, 29, 30, 56, 57, 58, 59, 61, 60, 62, 63, 64, 65, 68, 67, 69, 46, 48, 71, 74, 78, 76, 75, 73, 92, 93, 91, 82, 81, 80, 83, 85, 86, 87, 88]","[2, 45, 49, 34, 13, 31, 17, 50, 52, 24, 33, 4, 51, 47, 70, 77, 66, 72, 94, 79, 84, 90, 89, 97]","[43, 42, 37, 8, 15, 16, 21, 25, 30, 56, 61, 67, 71, 74, 76, 75, 92, 91, 82, 80, 83, 85, 88, 1]","[1, 101, 95, 96, 100, 99, 98, 3, 43, 44, 42, 41, 40, 39, 38, 37, 36, 35, 5, 6, 12, 11, 10, 9, 8, 7, 14, 32, 15, 16, 22, 18, 21, 23, 20, 19, 27, 26, 25, 53, 54, 55, 28, 29, 30, 56, 57, 58, 59, 61, 60, 62, 63, 64, 65, 68, 67, 69, 46, 48, 71, 74, 78, 76, 75, 73, 92, 93, 91, 82, 81, 80, 83, 85, 86, 87, 88, 1]","[(1, 2), (2, 43), (43, 45), (45, 42), (42, 49), (49, 37), (35, 34), (34, 8), (8, 13), (13, 15), (15, 31), (31, 16), (16, 17), (17, 21), (23, 50), (50, 25), (55, 52), (52, 30), (30, 24), (24, 56), (56, 33), (33, 61), (61, 4), (4, 67), (67, 51), (51, 71), (71, 47), (47, 74), (74, 70), (70, 76), (76, 77), (77, 75), (75, 66), (66, 92), (92, 72), (72, 91), (91, 94), (94, 82), (82, 79), (79, 80), (80, 84), (84, 83), (83, 90), (90, 85), (86, 89), (89, 88), (88, 97), (97, 1)]","[(1, 0.0), (101, 0.0), (95, 1005.0), (96, 2006.0), (100, 3011.0), (99, 4011.0), (98, 5011.0), (3, 6020.0), (43, 7024.0), (44, 9033.0), (42, 10038.0), (41, 12055.0), (40, 13060.0), (39, 14066.0), (38, 15071.0), (37, 16073.0), (36, 18085.0), (35, 19088.0), (5, 20092.0), (6, 21100.0), (12, 22100.0), (11, 23109.0), (10, 24117.0), (9, 25119.0), (8, 26124.0), (7, 28131.0), (14, 29135.0), (32, 30136.0), (15, 31141.0), (16, 33150.0), (22, 35163.0), (18, 36171.0), (21, 37178.0), (23, 39180.0), (20, 40184.0), (19, 41184.0), (27, 42189.0), (26, 43191.0), (25, 44193.0), (53, 46203.0), (54, 47209.0), (55, 48212.0), (28, 49212.0), (29, 50218.0), (30, 51227.0), (56, 53235.0), (57, 55248.0), (58, 56248.0), (59, 57251.0), (61, 58255.0), (60, 60263.0), (62, 61269.0), (63, 62278.0), (64, 63287.0), (65, 64294.0), (68, 65298.0), (67, 66300.0), (69, 68312.0), (46, 69316.0), (48, 70320.0), (71, 71324.0), (74, 73333.0), (78, 75342.0), (76, 76348.0), (75, 78361.0), (73, 80373.0), (92, 81380.0), (93, 83390.0), (91, 84397.0), (82, 86409.0), (81, 88423.0), (80, 89428.0), (83, 91434.0), (85, 93447.0), (86, 95459.0), (87, 96461.0), (88, 97461.0), (1, 99462.0)]"
SA,100,5,bench_100_2,ok,-33873.4295,,1201.0167,99,72,27,27,81931.0,115804.4295,1592.9082,99464.0,227504.0,100468.0,30257778,1201.0166,80,"[80, 79, 75, 76, 78, 77, 74, 70, 48, 47, 69, 67, 66, 65, 64, 63, 62, 51, 61, 60, 59, 58, 57, 56, 55, 52, 53, 25, 24, 26, 27, 19, 20, 29, 30, 23, 22, 16, 15, 32, 14, 7, 8, 9, 10, 11, 12, 6, 5, 35, 36, 37, 38, 39, 40, 41, 3, 98, 99, 100, 96, 101, 94, 93, 92, 91, 82, 90, 89, 86, 87, 88, 71, 81, 45, 44, 28, 68, 33, 54, 18, 21, 31, 17, 50, 13, 42, 34, 4, 49, 43, 2, 97, 95, 72, 73, 84, 83, 85]","[80, 79, 75, 76, 78, 77, 74, 70, 48, 47, 69, 67, 66, 65, 64, 63, 62, 51, 61, 60, 59, 58, 57, 56, 55, 52, 53, 25, 24, 26, 27, 19, 20, 29, 30, 23, 22, 16, 15, 32, 14, 7, 8, 9, 10, 11, 12, 6, 5, 35, 36, 37, 38, 39, 40, 41, 3, 98, 99, 100, 96, 101, 94, 93, 92, 91, 82, 90, 89, 86, 87, 88]","[71, 81, 45, 44, 28, 68, 33, 54, 18, 21, 31, 17, 50, 13, 42, 34, 4, 49, 43, 2, 97, 95, 72, 73, 84, 83, 85]","[79, 77, 46, 47, 60, 57, 55, 52, 26, 20, 29, 22, 8, 11, 35, 37, 38, 41, 3, 99, 96, 101, 92, 82, 89, 88, 1]","[1, 80, 79, 75, 76, 78, 77, 74, 70, 46, 48, 47, 69, 67, 66, 65, 64, 63, 62, 51, 61, 60, 59, 58, 57, 56, 55, 52, 53, 25, 24, 26, 27, 19, 20, 29, 30, 23, 22, 16, 15, 32, 14, 7, 8, 9, 10, 11, 12, 6, 5, 35, 36, 37, 38, 39, 40, 41, 3, 98, 99, 100, 96, 101, 94, 93, 92, 91, 82, 90, 89, 86, 87, 88, 1]","[(1, 71), (71, 79), (79, 81), (81, 77), (77, 45), (45, 46), (46, 44), (44, 47), (67, 28), (28, 60), (60, 68), (68, 57), (57, 33), (33, 55), (55, 54), (54, 52), (53, 18), (18, 26), (27, 21), (21, 20), (20, 31), (31, 29), (30, 17), (17, 22), (22, 50), (50, 8), (8, 13), (13, 11), (12, 42), (42, 35), (35, 34), (34, 37), (37, 4), (4, 38), (38, 49), (49, 41), (41, 43), (43, 3), (3, 2), (2, 99), (99, 97), (97, 96), (96, 95), (95, 101), (101, 72), (72, 92), (92, 73), (73, 82), (82, 84), (84, 89), (89, 83), (83, 88), (88, 85), (85, 1)]","[(1, 0.0), (80, 0.0), (79, 1006.0), (75, 3013.0), (76, 4019.0), (78, 5028.0), (77, 6034.0), (74, 8045.0), (70, 9050.0), (46, 10054.0), (48, 11063.0), (47, 12067.0), (69, 14076.0), (67, 15080.0), (66, 16084.0), (65, 17087.0), (64, 18091.0), (63, 19098.0), (62, 20107.0), (51, 21116.0), (61, 22118.0), (60, 23123.0), (59, 25135.0), (58, 26139.0), (57, 27142.0), (56, 29144.0), (55, 30152.0), (52, 32155.0), (53, 34166.0), (25, 35172.0), (24, 36175.0), (26, 37180.0), (27, 39189.0), (19, 40191.0), (20, 41196.0), (29, 43197.0), (30, 45215.0), (23, 46215.0), (22, 47219.0), (16, 49228.0), (15, 50232.0), (32, 51234.0), (14, 52239.0), (7, 53240.0), (8, 54244.0), (9, 56253.0), (10, 57258.0), (11, 58260.0), (12, 60275.0), (6, 61284.0), (5, 62284.0), (35, 63292.0), (36, 65304.0), (37, 66307.0), (38, 68319.0), (39, 70329.0), (40, 71334.0), (41, 72340.0), (3, 74350.0), (98, 76361.0), (99, 77370.0), (100, 79372.0), (96, 80372.0), (101, 82383.0), (94, 84389.0), (93, 85398.0), (92, 86405.0), (91, 88415.0), (82, 89424.0), (90, 91436.0), (89, 92442.0), (86, 94447.0), (87, 95449.0), (88, 96449.0), (1, 98458.0)]"
SA,100,7,bench_100_2,ok,-34374.3571,,1200.517,100,75,25,25,82254.0,116628.3571,1604.2415,100468.0,227504.0,100468.0,29783591,1200.517,79,"[101, 96, 99, 98, 3, 41, 42, 43, 44, 45, 57, 50, 33, 37, 38, 39, 40, 4, 36, 35, 34, 6, 12, 11, 10, 9, 13, 14, 32, 15, 16, 22, 21, 20, 19, 27, 26, 24, 29, 28, 53, 54, 55, 51, 62, 61, 60, 63, 64, 65, 66, 67, 69, 47, 46, 70, 71, 72, 73, 92, 91, 90, 82, 81, 80, 75, 76, 78, 79, 83, 84, 85, 86, 87, 88, 2, 100, 56, 5, 49, 8, 7, 31, 17, 23, 25, 18, 30, 52, 59, 58, 77, 68, 97, 93, 94, 48, 74, 89, 95]","[101, 96, 99, 98, 3, 41, 42, 43, 44, 45, 57, 50, 33, 37, 38, 39, 40, 4, 36, 35, 34, 6, 12, 11, 10, 9, 13, 14, 32, 15, 16, 22, 21, 20, 19, 27, 26, 24, 29, 28, 53, 54, 55, 51, 62, 61, 60, 63, 64, 65, 66, 67, 69, 47, 46, 70, 71, 72, 73, 92, 91, 90, 82, 81, 80, 75, 76, 78, 79, 83, 84, 85, 86, 87, 88]","[2, 100, 56, 5, 49, 8, 7, 31, 17, 23, 25, 18, 30, 52, 59, 58, 77, 68, 97, 93, 94, 48, 74, 89, 95]","[3, 44, 50, 38, 34, 10, 13, 14, 21, 20, 27, 29, 53, 62, 61, 65, 46, 71, 92, 81, 76, 83, 86, 88, 1]","[1, 101, 96, 99, 98, 3, 41, 42, 43, 44, 45, 57, 50, 33, 37, 38, 39, 40, 4, 36, 35, 34, 6, 12, 11, 10, 9, 13, 14, 32, 15, 16, 22, 21, 20, 19, 27, 26, 24, 29, 28, 53, 54, 55, 51, 62, 61, 60, 63, 64, 65, 66, 67, 69, 47, 46, 70, 71, 72, 73, 92, 91, 90, 82, 81, 80, 75, 76, 78, 79, 83, 84, 85, 86, 87, 88, 1]","[(96, 2), (2, 3), (3, 100), (100, 44), (44, 56), (56, 50), (33, 5), (5, 38), (38, 49), (49, 34), (34, 8), (8, 10), (10, 7), (7, 13), (13, 31), (31, 14), (32, 17), (17, 21), (21, 23), (23, 20), (19, 25), (25, 27), (27, 18), (18, 29), (29, 30), (30, 53), (53, 52), (52, 62), (62, 59), (59, 61), (60, 58), (58, 65), (66, 77), (77, 46), (46, 68), (68, 71), (71, 97), (97, 92), (92, 93), (93, 81), (80, 94), (94, 76), (76, 48), (48, 83), (83, 74), (74, 86), (86, 89), (89, 88), (88, 95), (95, 1)]","[(1, 0.0), (101, 0.0), (96, 1005.0), (99, 2010.0), (98, 3010.0), (3, 4019.0), (41, 6025.0), (42, 7030.0), (43, 8038.0), (44, 9045.0), (45, 11050.0), (57, 12059.0), (50, 13059.0), (33, 15074.0), (37, 16077.0), (38, 17084.0), (39, 19094.0), (40, 20099.0), (4, 21105.0), (36, 22113.0), (35, 23116.0), (34, 24120.0), (6, 26130.0), (12, 27130.0), (11, 28139.0), (10, 29147.0), (9, 31151.0), (13, 32156.0), (14, 34167.0), (32, 36177.0), (15, 37182.0), (16, 38184.0), (22, 39188.0), (21, 40196.0), (20, 42198.0), (19, 44202.0), (27, 45207.0), (26, 47212.0), (24, 48214.0), (29, 49219.0), (28, 51235.0), (53, 52241.0), (54, 54247.0), (55, 55250.0), (51, 56250.0), (62, 57252.0), (61, 59269.0), (60, 61278.0), (63, 62284.0), (64, 63293.0), (65, 64300.0), (66, 66307.0), (67, 67310.0), (69, 68314.0), (47, 69318.0), (46, 70322.0), (70, 72332.0), (71, 73336.0), (72, 75345.0), (73, 76348.0), (92, 77355.0), (91, 79368.0), (90, 80377.0), (82, 81383.0), (81, 82388.0), (80, 84400.0), (75, 85406.0), (76, 86412.0), (78, 88430.0), (79, 89436.0), (83, 90436.0), (84, 92449.0), (85, 93453.0), (86, 94459.0), (87, 96466.0), (88, 97466.0), (1, 99467.0)]"
SA,100,9,bench_100_2,ok,-36092.8058,,1200.7884,100,72,28,28,82254.0,118346.8058,1627.879,100468.0,227504.0,100468.0,30124907,1200.7883,80,"[101, 100, 99, 98, 45, 44, 43, 42, 41, 40, 39, 38, 37, 36, 35, 5, 6, 11, 10, 9, 8, 13, 17, 18, 19, 26, 28, 29, 30, 31, 32, 14, 15, 16, 22, 21, 23, 20, 24, 25, 53, 54, 55, 51, 62, 60, 63, 65, 66, 67, 69, 47, 46, 70, 71, 74, 75, 76, 79, 84, 83, 80, 81, 89, 90, 91, 92, 93, 94, 86, 87, 88, 3, 96, 4, 49, 34, 12, 57, 52, 7, 33, 27, 61, 56, 59, 50, 64, 68, 58, 48, 78, 77, 85, 82, 72, 73, 95, 97, 2]","[101, 100, 99, 98, 45, 44, 43, 42, 41, 40, 39, 38, 37, 36, 35, 5, 6, 11, 10, 9, 8, 13, 17, 18, 19, 26, 28, 29, 30, 31, 32, 14, 15, 16, 22, 21, 23, 20, 24, 25, 53, 54, 55, 51, 62, 60, 63, 65, 66, 67, 69, 47, 46, 70, 71, 74, 75, 76, 79, 84, 83, 80, 81, 89, 90, 91, 92, 93, 94, 86, 87, 88]","[3, 96, 4, 49, 34, 12, 57, 52, 7, 33, 27, 61, 56, 59, 50, 64, 68, 58, 48, 78, 77, 85, 82, 72, 73, 95, 97, 2]","[100, 45, 41, 36, 11, 9, 26, 28, 15, 23, 24, 55, 51, 62, 65, 66, 69, 71, 75, 76, 79, 81, 89, 91, 92, 94, 86, 1]","[1, 101, 100, 99, 98, 45, 44, 43, 42, 41, 40, 39, 38, 37, 36, 35, 5, 6, 11, 10, 9, 8, 13, 17, 18, 19, 26, 28, 29, 30, 31, 32, 14, 15, 16, 22, 21, 23, 20, 24, 25, 53, 54, 55, 51, 62, 60, 63, 65, 66, 67, 69, 47, 46, 70, 71, 74, 75, 76, 79, 84, 83, 80, 81, 89, 90, 91, 92, 93, 94, 86, 87, 88, 1]","[(1, 3), (3, 100), (98, 96), (96, 45), (45, 4), (4, 41), (41, 49), (49, 36), (35, 34), (34, 11), (11, 12), (12, 9), (8, 57), (57, 26), (26, 52), (52, 28), (30, 7), (7, 15), (15, 33), (33, 23), (23, 27), (27, 24), (25, 61), (61, 55), (55, 56), (56, 51), (51, 59), (59, 62), (62, 50), (50, 65), (65, 64), (64, 66), (66, 68), (68, 69), (69, 58), (58, 71), (71, 48), (48, 75), (75, 78), (78, 76), (76, 77), (77, 79), (84, 85), (85, 81), (81, 82), (82, 89), (89, 72), (72, 91), (91, 73), (73, 92), (92, 95), (95, 94), (94, 97), (97, 86), (86, 2), (2, 1)]","[(1, 0.0), (101, 0.0), (100, 1005.0), (99, 3009.0), (98, 4009.0), (45, 5018.0), (44, 7032.0), (43, 8037.0), (42, 9044.0), (41, 10052.0), (40, 12065.0), (39, 13071.0), (38, 14076.0), (37, 15078.0), (36, 16085.0), (35, 18093.0), (5, 19097.0), (6, 20105.0), (11, 21105.0), (10, 23118.0), (9, 24120.0), (8, 26134.0), (13, 27136.0), (17, 28143.0), (18, 29144.0), (19, 30151.0), (26, 31156.0), (28, 33158.0), (29, 35172.0), (30, 36181.0), (31, 37181.0), (32, 38190.0), (14, 39195.0), (15, 40196.0), (16, 42202.0), (22, 43206.0), (21, 44214.0), (23, 45215.0), (20, 47222.0), (24, 48222.0), (25, 50229.0), (53, 51232.0), (54, 52238.0), (55, 53241.0), (51, 55246.0), (62, 57256.0), (60, 59269.0), (63, 60275.0), (65, 61284.0), (66, 63295.0), (67, 65305.0), (69, 66309.0), (47, 68315.0), (46, 69319.0), (70, 70323.0), (71, 71327.0), (74, 73337.0), (75, 74342.0), (76, 76352.0), (79, 78367.0), (84, 80373.0), (83, 81377.0), (80, 82386.0), (81, 83392.0), (89, 85403.0), (90, 87409.0), (91, 88415.0), (92, 90427.0), (93, 92441.0), (94, 93448.0), (86, 95458.0), (87, 97466.0), (88, 98466.0), (1, 99466.0)]"
SA,100,1,bench_100_3,ok,-40324.0239,,1201.4596,99,71,28,28,83031.0,123355.0239,1696.7679,99471.0,227504.0,100475.0,29976841,1201.4595,80,"[100, 99, 2, 3, 5, 93, 94, 95, 51, 55, 50, 96, 49, 6, 9, 7, 8, 48, 57, 58, 56, 43, 44, 45, 46, 13, 14, 15, 18, 19, 20, 22, 23, 24, 25, 26, 29, 41, 40, 28, 39, 31, 36, 35, 63, 37, 38, 64, 65, 61, 62, 70, 69, 68, 67, 72, 73, 80, 79, 78, 77, 75, 76, 92, 91, 90, 88, 87, 83, 86, 101, 54, 11, 52, 97, 10, 98, 47, 16, 12, 33, 59, 42, 30, 34, 32, 27, 21, 60, 71, 66, 53, 81, 74, 89, 82, 84, 85, 4]","[100, 99, 2, 3, 5, 93, 94, 95, 51, 55, 50, 96, 49, 6, 9, 7, 8, 48, 57, 58, 56, 43, 44, 45, 46, 13, 14, 15, 18, 19, 20, 22, 23, 24, 25, 26, 29, 41, 40, 28, 39, 31, 36, 35, 63, 37, 38, 64, 65, 61, 62, 70, 69, 68, 67, 72, 73, 80, 79, 78, 77, 75, 76, 92, 91, 90, 88, 87, 83, 86, 101]","[54, 11, 52, 97, 10, 98, 47, 16, 12, 33, 59, 42, 30, 34, 32, 27, 21, 60, 71, 66, 53, 81, 74, 89, 82, 84, 85, 4]","[5, 55, 96, 6, 7, 58, 46, 14, 22, 26, 40, 28, 39, 36, 35, 38, 62, 69, 67, 73, 80, 77, 75, 91, 88, 83, 86, 1]","[1, 100, 99, 2, 3, 5, 93, 94, 95, 51, 55, 50, 96, 49, 6, 9, 7, 8, 48, 57, 58, 56, 43, 44, 45, 46, 13, 14, 15, 17, 18, 19, 20, 22, 23, 24, 25, 26, 29, 41, 40, 28, 39, 31, 36, 35, 63, 37, 38, 64, 65, 61, 62, 70, 69, 68, 67, 72, 73, 80, 79, 78, 77, 75, 76, 92, 91, 90, 88, 87, 83, 86, 101, 1]","[(1, 54), (54, 5), (5, 11), (11, 55), (55, 52), (52, 96), (96, 97), (97, 6), (6, 10), (10, 7), (7, 98), (98, 58), (43, 47), (47, 46), (46, 16), (16, 14), (14, 12), (12, 22), (22, 33), (33, 26), (26, 59), (59, 40), (40, 42), (42, 28), (28, 30), (30, 39), (39, 34), (34, 36), (36, 32), (32, 35), (35, 27), (27, 38), (38, 21), (21, 62), (62, 60), (60, 69), (69, 71), (71, 67), (67, 66), (66, 73), (73, 53), (53, 80), (80, 81), (81, 77), (77, 74), (74, 75), (75, 89), (89, 91), (91, 82), (82, 88), (87, 84), (84, 83), (83, 85), (85, 86), (86, 4), (4, 1)]","[(1, 0.0), (100, 0.0), (99, 1005.0), (2, 2008.0), (3, 3009.0), (5, 4011.0), (93, 6020.0), (94, 7026.0), (95, 8026.0), (51, 9029.0), (55, 10038.0), (50, 12045.0), (96, 13051.0), (49, 15059.0), (6, 16067.0), (9, 18076.0), (7, 19077.0), (8, 21088.0), (48, 22091.0), (57, 23096.0), (58, 24105.0), (56, 26109.0), (43, 27110.0), (44, 28113.0), (45, 29121.0), (46, 30127.0), (13, 32143.0), (14, 33152.0), (15, 35154.0), (17, 36162.0), (18, 36162.0), (19, 37166.0), (20, 38166.0), (22, 39170.0), (23, 41188.0), (24, 42189.0), (25, 43196.0), (26, 44201.0), (29, 46205.0), (41, 47213.0), (40, 48221.0), (28, 50228.0), (39, 52235.0), (31, 54241.0), (36, 55246.0), (35, 57264.0), (63, 59273.0), (37, 60279.0), (38, 61285.0), (64, 63297.0), (65, 64301.0), (61, 65309.0), (62, 66313.0), (70, 68316.0), (69, 69325.0), (68, 71336.0), (67, 72341.0), (72, 74357.0), (73, 75361.0), (80, 77374.0), (79, 79384.0), (78, 80387.0), (77, 81393.0), (75, 83397.0), (76, 85404.0), (92, 86411.0), (91, 87418.0), (90, 89432.0), (88, 90435.0), (87, 92448.0), (83, 93456.0), (86, 95458.0), (101, 97466.0), (1, 98466.0)]"
SA,100,3,bench_100_3,ok,-42331.8828,,1201.0976,99,71,28,28,82915.0,125246.8828,1722.7907,99468.0,227504.0,100475.0,30276273,1201.0975,81,"[2, 3, 4, 5, 47, 45, 44, 43, 59, 66, 68, 69, 70, 62, 61, 60, 64, 36, 31, 39, 30, 28, 24, 25, 26, 27, 33, 35, 63, 37, 38, 40, 42, 41, 29, 23, 22, 19, 18, 17, 15, 14, 13, 12, 11, 9, 6, 7, 49, 93, 94, 96, 50, 51, 54, 53, 73, 74, 78, 77, 75, 76, 92, 91, 90, 88, 87, 83, 84, 85, 101, 97, 99, 58, 56, 72, 67, 34, 65, 32, 46, 21, 20, 16, 57, 48, 98, 8, 55, 95, 71, 52, 79, 80, 81, 89, 86, 82, 100]","[2, 3, 4, 5, 47, 45, 44, 43, 59, 66, 68, 69, 70, 62, 61, 60, 64, 36, 31, 39, 30, 28, 24, 25, 26, 27, 33, 35, 63, 37, 38, 40, 42, 41, 29, 23, 22, 19, 18, 17, 15, 14, 13, 12, 11, 9, 6, 7, 49, 93, 94, 96, 50, 51, 54, 53, 73, 74, 78, 77, 75, 76, 92, 91, 90, 88, 87, 83, 84, 85, 101]","[97, 99, 58, 56, 72, 67, 34, 65, 32, 46, 21, 20, 16, 57, 48, 98, 8, 55, 95, 71, 52, 79, 80, 81, 89, 86, 82, 100]","[4, 47, 59, 70, 31, 33, 35, 37, 42, 19, 18, 15, 12, 9, 6, 49, 94, 96, 50, 73, 74, 78, 76, 90, 83, 84, 101, 1]","[1, 2, 3, 4, 5, 10, 47, 45, 44, 43, 59, 66, 68, 69, 70, 62, 61, 60, 64, 36, 31, 39, 30, 28, 24, 25, 26, 27, 33, 35, 63, 37, 38, 40, 42, 41, 29, 23, 22, 19, 18, 17, 15, 14, 13, 12, 11, 9, 6, 7, 49, 93, 94, 96, 50, 51, 54, 53, 73, 74, 78, 77, 75, 76, 92, 91, 90, 88, 87, 83, 84, 85, 101, 1]","[(1, 97), (97, 4), (5, 99), (99, 47), (44, 58), (58, 59), (59, 56), (56, 70), (70, 72), (72, 31), (31, 67), (67, 33), (33, 34), (34, 35), (35, 65), (65, 37), (37, 32), (32, 42), (42, 46), (46, 19), (19, 21), (21, 18), (18, 20), (20, 15), (15, 16), (16, 12), (12, 57), (57, 9), (9, 48), (48, 6), (6, 98), (98, 49), (49, 8), (8, 94), (94, 55), (55, 96), (96, 95), (95, 50), (50, 71), (71, 73), (73, 52), (52, 74), (74, 79), (79, 78), (77, 80), (80, 76), (76, 81), (81, 90), (88, 89), (89, 83), (83, 86), (86, 84), (84, 82), (82, 101), (101, 100), (100, 1)]","[(1, 0.0), (2, 0.0), (3, 1001.0), (4, 2003.0), (5, 4009.0), (10, 5010.0), (47, 5010.0), (45, 7022.0), (44, 8028.0), (43, 9036.0), (59, 10039.0), (66, 12044.0), (68, 13053.0), (69, 14058.0), (70, 15064.0), (62, 17074.0), (61, 18076.0), (60, 19080.0), (64, 20085.0), (36, 21089.0), (31, 22098.0), (39, 24107.0), (30, 25109.0), (28, 26113.0), (24, 27114.0), (25, 28121.0), (26, 29126.0), (27, 30128.0), (33, 31133.0), (35, 33144.0), (63, 35157.0), (37, 36163.0), (38, 38177.0), (40, 39184.0), (42, 40190.0), (41, 42201.0), (29, 43209.0), (23, 44217.0), (22, 45218.0), (19, 46227.0), (18, 48234.0), (17, 50239.0), (15, 51243.0), (14, 53255.0), (13, 54257.0), (12, 55266.0), (11, 57275.0), (9, 58277.0), (6, 60287.0), (7, 62300.0), (49, 63304.0), (93, 65312.0), (94, 66318.0), (96, 68321.0), (50, 70329.0), (51, 72338.0), (54, 73347.0), (53, 74355.0), (73, 75359.0), (74, 77370.0), (78, 79378.0), (77, 81387.0), (75, 82391.0), (76, 83395.0), (92, 85408.0), (91, 86415.0), (90, 87424.0), (88, 89427.0), (87, 90434.0), (83, 91442.0), (84, 93449.0), (85, 95457.0), (101, 96457.0), (1, 98463.0)]"
SA,100,5,bench_100_3,ok,-42779.6202,,1200.3407,100,72,28,28,83418.0,126197.6202,1735.8682,100475.0,227504.0,100475.0,30310811,1123.9175,81,"[101, 84, 83, 87, 88, 89, 91, 92, 76, 75, 81, 79, 80, 78, 77, 74, 73, 72, 53, 54, 51, 50, 52, 96, 49, 48, 57, 58, 44, 43, 59, 68, 69, 70, 62, 61, 60, 65, 64, 37, 63, 36, 32, 31, 39, 40, 30, 27, 26, 25, 28, 29, 22, 20, 19, 18, 17, 15, 16, 14, 13, 12, 11, 9, 10, 8, 7, 6, 97, 4, 3, 2, 100, 86, 90, 85, 82, 67, 55, 95, 23, 66, 71, 35, 34, 33, 38, 41, 24, 42, 21, 46, 45, 56, 47, 94, 98, 93, 5, 99]","[101, 84, 83, 87, 88, 89, 91, 92, 76, 75, 81, 79, 80, 78, 77, 74, 73, 72, 53, 54, 51, 50, 52, 96, 49, 48, 57, 58, 44, 43, 59, 68, 69, 70, 62, 61, 60, 65, 64, 37, 63, 36, 32, 31, 39, 40, 30, 27, 26, 25, 28, 29, 22, 20, 19, 18, 17, 15, 16, 14, 13, 12, 11, 9, 10, 8, 7, 6, 97, 4, 3, 2]","[100, 86, 90, 85, 82, 67, 55, 95, 23, 66, 71, 35, 34, 33, 38, 41, 24, 42, 21, 46, 45, 56, 47, 94, 98, 93, 5, 99]","[83, 89, 92, 79, 74, 53, 51, 52, 59, 69, 64, 63, 32, 40, 30, 27, 26, 28, 22, 18, 15, 12, 10, 6, 97, 4, 2, 1]","[1, 101, 84, 83, 87, 88, 89, 91, 92, 76, 75, 81, 79, 80, 78, 77, 74, 73, 72, 53, 54, 51, 50, 52, 96, 49, 48, 57, 58, 44, 43, 59, 68, 69, 70, 62, 61, 60, 65, 64, 37, 63, 36, 32, 31, 39, 40, 30, 27, 26, 25, 28, 29, 22, 20, 19, 18, 17, 15, 16, 14, 13, 12, 11, 9, 10, 8, 7, 6, 97, 4, 3, 2, 1]","[(1, 100), (100, 83), (87, 86), (86, 89), (89, 90), (90, 92), (76, 85), (85, 79), (79, 82), (82, 74), (73, 67), (67, 53), (54, 55), (55, 51), (51, 95), (95, 52), (52, 23), (23, 59), (59, 66), (66, 69), (70, 71), (71, 64), (64, 35), (35, 63), (63, 34), (34, 32), (32, 33), (33, 40), (40, 38), (38, 30), (30, 41), (41, 27), (27, 24), (24, 26), (26, 42), (42, 28), (28, 21), (21, 22), (22, 46), (46, 18), (18, 45), (45, 15), (16, 56), (56, 12), (12, 47), (47, 10), (10, 94), (94, 6), (6, 98), (98, 97), (97, 93), (93, 4), (4, 5), (5, 2), (2, 99), (99, 1)]","[(1, 0.0), (101, 0.0), (84, 1000.0), (83, 2000.0), (87, 4007.0), (88, 5015.0), (89, 6022.0), (91, 8035.0), (92, 9044.0), (76, 11054.0), (75, 12061.0), (81, 13065.0), (79, 14065.0), (80, 16068.0), (78, 17074.0), (77, 18080.0), (74, 19084.0), (73, 21093.0), (72, 22097.0), (53, 23101.0), (54, 25114.0), (51, 26122.0), (50, 28136.0), (52, 29142.0), (96, 31150.0), (49, 32153.0), (48, 33161.0), (57, 34166.0), (58, 35175.0), (44, 36179.0), (43, 37187.0), (59, 38190.0), (68, 40192.0), (69, 41197.0), (70, 43212.0), (62, 44221.0), (61, 45223.0), (60, 46227.0), (65, 47232.0), (64, 48240.0), (37, 50251.0), (63, 51257.0), (36, 53267.0), (32, 54276.0), (31, 56290.0), (39, 57295.0), (40, 58297.0), (30, 60305.0), (27, 62316.0), (26, 64329.0), (25, 66338.0), (28, 67343.0), (29, 69350.0), (22, 70358.0), (20, 72368.0), (19, 73372.0), (18, 74372.0), (17, 76383.0), (15, 77387.0), (16, 79401.0), (14, 80401.0), (13, 81403.0), (12, 82412.0), (11, 84422.0), (9, 85424.0), (10, 86425.0), (8, 88441.0), (7, 89444.0), (6, 90448.0), (97, 92456.0), (4, 94457.0), (3, 96468.0), (2, 97470.0), (1, 99472.0)]"
SA,100,7,bench_100_3,ok,-36414.0366,,1201.3833,99,75,24,24,83031.0,119445.0366,1642.9854,99471.0,227504.0,100475.0,30322982,1201.3832,81,"[100, 99, 98, 4, 3, 5, 97, 6, 8, 7, 10, 9, 11, 47, 57, 58, 59, 43, 44, 45, 46, 14, 16, 15, 19, 20, 22, 23, 24, 25, 28, 30, 41, 40, 39, 31, 32, 36, 35, 34, 63, 37, 38, 64, 65, 60, 61, 62, 70, 69, 68, 66, 55, 51, 54, 52, 50, 96, 94, 95, 74, 79, 80, 78, 77, 75, 76, 92, 91, 90, 88, 87, 84, 85, 101, 93, 81, 48, 18, 21, 13, 12, 33, 42, 26, 27, 29, 67, 53, 73, 72, 49, 56, 71, 83, 86, 89, 82, 2]","[100, 99, 98, 4, 3, 5, 97, 6, 8, 7, 10, 9, 11, 47, 57, 58, 59, 43, 44, 45, 46, 14, 16, 15, 19, 20, 22, 23, 24, 25, 28, 30, 41, 40, 39, 31, 32, 36, 35, 34, 63, 37, 38, 64, 65, 60, 61, 62, 70, 69, 68, 66, 55, 51, 54, 52, 50, 96, 94, 95, 74, 79, 80, 78, 77, 75, 76, 92, 91, 90, 88, 87, 84, 85, 101]","[93, 81, 48, 18, 21, 13, 12, 33, 42, 26, 27, 29, 67, 53, 73, 72, 49, 56, 71, 83, 86, 89, 82, 2]","[97, 47, 57, 43, 14, 16, 23, 28, 30, 39, 36, 60, 70, 66, 51, 96, 95, 79, 92, 90, 88, 87, 85, 1]","[1, 100, 99, 98, 4, 3, 5, 97, 6, 8, 7, 10, 9, 11, 47, 57, 58, 59, 43, 44, 45, 46, 14, 16, 15, 17, 19, 20, 22, 23, 24, 25, 28, 30, 41, 40, 39, 31, 32, 36, 35, 34, 63, 37, 38, 64, 65, 60, 61, 62, 70, 69, 68, 66, 55, 51, 54, 52, 50, 96, 94, 95, 74, 79, 80, 78, 77, 75, 76, 92, 91, 90, 88, 87, 84, 85, 101, 1]","[(98, 93), (93, 97), (97, 81), (81, 47), (47, 48), (48, 57), (57, 18), (18, 43), (43, 21), (21, 14), (14, 13), (13, 16), (15, 12), (12, 23), (23, 33), (33, 28), (28, 42), (42, 30), (30, 26), (26, 39), (39, 27), (27, 36), (35, 29), (29, 60), (60, 67), (67, 70), (70, 53), (53, 66), (66, 73), (73, 51), (51, 72), (72, 96), (96, 49), (49, 95), (95, 56), (56, 79), (79, 71), (71, 92), (92, 83), (83, 90), (90, 86), (86, 88), (88, 89), (89, 87), (87, 82), (82, 85), (85, 2), (2, 1)]","[(1, 0.0), (100, 0.0), (99, 1005.0), (98, 2008.0), (4, 3008.0), (3, 4013.0), (5, 5015.0), (97, 6016.0), (6, 8023.0), (8, 9031.0), (7, 10034.0), (10, 11038.0), (9, 12045.0), (11, 13046.0), (47, 14048.0), (57, 16057.0), (58, 18071.0), (59, 19075.0), (43, 20076.0), (44, 22083.0), (45, 23091.0), (46, 24097.0), (14, 25104.0), (16, 27107.0), (15, 29116.0), (17, 30124.0), (19, 30124.0), (20, 31124.0), (22, 32128.0), (23, 33137.0), (24, 35147.0), (25, 36154.0), (28, 37159.0), (30, 39162.0), (41, 41172.0), (40, 42180.0), (39, 43186.0), (31, 45190.0), (32, 46195.0), (36, 47200.0), (35, 49214.0), (34, 50218.0), (63, 51227.0), (37, 52233.0), (38, 53239.0), (64, 54246.0), (65, 55250.0), (60, 56258.0), (61, 58271.0), (62, 59275.0), (70, 60277.0), (69, 62295.0), (68, 63301.0), (66, 64306.0), (55, 66319.0), (51, 67324.0), (54, 69337.0), (52, 70345.0), (50, 71350.0), (96, 72356.0), (94, 74363.0), (95, 75363.0), (74, 77374.0), (79, 78377.0), (80, 80381.0), (78, 81387.0), (77, 82393.0), (75, 83397.0), (76, 84401.0), (92, 85408.0), (91, 87422.0), (90, 88431.0), (88, 90436.0), (87, 92451.0), (84, 94464.0), (85, 95464.0), (101, 97470.0), (1, 98470.0)]"
SA,100,9,bench_100_3,ok,-43080.7647,,1200.6478,98,72,26,26,82528.0,125608.7647,1727.7684,98464.0,227504.0,100475.0,30458957,1200.6477,81,"[2, 3, 4, 98, 97, 7, 6, 9, 11, 47, 57, 43, 44, 45, 46, 13, 14, 15, 19, 20, 22, 23, 24, 25, 27, 30, 28, 29, 41, 40, 39, 31, 32, 36, 35, 63, 37, 38, 64, 65, 59, 56, 66, 67, 60, 61, 62, 70, 69, 71, 72, 53, 55, 51, 96, 95, 52, 73, 80, 79, 78, 81, 76, 92, 91, 90, 88, 87, 83, 84, 85, 101, 82, 5, 8, 48, 42, 18, 33, 26, 16, 68, 58, 12, 34, 21, 93, 50, 74, 54, 77, 49, 75, 94, 89, 86, 99, 100]","[2, 3, 4, 98, 97, 7, 6, 9, 11, 47, 57, 43, 44, 45, 46, 13, 14, 15, 19, 20, 22, 23, 24, 25, 27, 30, 28, 29, 41, 40, 39, 31, 32, 36, 35, 63, 37, 38, 64, 65, 59, 56, 66, 67, 60, 61, 62, 70, 69, 71, 72, 53, 55, 51, 96, 95, 52, 73, 80, 79, 78, 81, 76, 92, 91, 90, 88, 87, 83, 84, 85, 101]","[82, 5, 8, 48, 42, 18, 33, 26, 16, 68, 58, 12, 34, 21, 93, 50, 74, 54, 77, 49, 75, 94, 89, 86, 99, 100]","[97, 6, 57, 46, 17, 24, 28, 41, 64, 59, 56, 62, 71, 55, 95, 52, 73, 80, 78, 76, 92, 88, 83, 84, 101, 1]","[1, 2, 3, 4, 98, 97, 7, 6, 10, 9, 11, 47, 57, 43, 44, 45, 46, 13, 14, 15, 17, 19, 20, 22, 23, 24, 25, 27, 30, 28, 29, 41, 40, 39, 31, 32, 36, 35, 63, 37, 38, 64, 65, 59, 56, 66, 67, 60, 61, 62, 70, 69, 71, 72, 53, 55, 51, 96, 95, 52, 73, 80, 79, 78, 81, 76, 92, 91, 90, 88, 87, 83, 84, 85, 101, 1]","[(1, 82), (82, 97), (97, 5), (5, 6), (11, 8), (8, 57), (43, 48), (48, 46), (46, 42), (42, 17), (20, 18), (18, 24), (27, 33), (33, 28), (28, 26), (26, 41), (40, 16), (16, 64), (65, 68), (68, 59), (59, 58), (58, 56), (56, 12), (12, 62), (62, 34), (34, 71), (71, 21), (21, 55), (55, 93), (93, 95), (95, 50), (50, 52), (52, 74), (74, 73), (73, 54), (54, 80), (80, 77), (77, 78), (78, 49), (49, 76), (76, 75), (75, 92), (92, 94), (94, 88), (88, 89), (89, 83), (83, 86), (86, 84), (84, 99), (99, 101), (101, 100), (100, 1)]","[(1, 0.0), (2, 0.0), (3, 1001.0), (4, 2003.0), (98, 3008.0), (97, 4008.0), (7, 6015.0), (6, 7019.0), (10, 9028.0), (9, 9028.0), (11, 10029.0), (47, 11031.0), (57, 12040.0), (43, 14052.0), (44, 15055.0), (45, 16063.0), (46, 17069.0), (13, 19081.0), (14, 20090.0), (15, 21092.0), (17, 22100.0), (19, 23106.0), (20, 24106.0), (22, 25110.0), (23, 26119.0), (24, 27120.0), (25, 29131.0), (27, 30136.0), (30, 31141.0), (28, 32145.0), (29, 34148.0), (41, 35156.0), (40, 37166.0), (39, 38172.0), (31, 39174.0), (32, 40179.0), (36, 41184.0), (35, 42193.0), (63, 43197.0), (37, 44203.0), (38, 45209.0), (64, 46216.0), (65, 48220.0), (59, 49228.0), (56, 51234.0), (66, 53239.0), (67, 54248.0), (60, 55257.0), (61, 56262.0), (62, 57266.0), (70, 59277.0), (69, 60286.0), (71, 61292.0), (72, 63308.0), (53, 64312.0), (55, 65316.0), (51, 67322.0), (96, 68331.0), (95, 69334.0), (52, 71343.0), (73, 73354.0), (80, 75361.0), (79, 77375.0), (78, 78378.0), (81, 80388.0), (76, 81388.0), (92, 83403.0), (91, 85414.0), (90, 86423.0), (88, 87426.0), (87, 89433.0), (83, 90441.0), (84, 92448.0), (85, 94456.0), (101, 95456.0), (1, 97459.0)]"
SA,100,1,bench_100_4,ok,-40450.6897,,1200.7741,98,73,25,25,83141.0,123591.6897,1700.0232,98457.0,227504.0,100464.0,30351820,1200.774,81,"[99, 3, 4, 5, 6, 51, 52, 53, 54, 62, 47, 48, 49, 11, 13, 14, 15, 16, 17, 18, 19, 20, 22, 31, 33, 42, 40, 41, 43, 44, 45, 46, 32, 25, 26, 27, 30, 29, 36, 37, 38, 39, 68, 64, 65, 66, 73, 74, 72, 71, 70, 60, 55, 59, 57, 58, 77, 79, 80, 82, 84, 83, 85, 86, 89, 88, 91, 92, 93, 96, 97, 100, 2, 7, 9, 10, 61, 12, 67, 35, 28, 24, 23, 34, 21, 56, 69, 63, 50, 75, 76, 95, 90, 87, 81, 94, 78, 101]","[99, 3, 4, 5, 6, 51, 52, 53, 54, 62, 47, 48, 49, 11, 13, 14, 15, 16, 17, 18, 19, 20, 22, 31, 33, 42, 40, 41, 43, 44, 45, 46, 32, 25, 26, 27, 30, 29, 36, 37, 38, 39, 68, 64, 65, 66, 73, 74, 72, 71, 70, 60, 55, 59, 57, 58, 77, 79, 80, 82, 84, 83, 85, 86, 89, 88, 91, 92, 93, 96, 97, 100, 2]","[7, 9, 10, 61, 12, 67, 35, 28, 24, 23, 34, 21, 56, 69, 63, 50, 75, 76, 95, 90, 87, 81, 94, 78, 101]","[4, 54, 49, 13, 17, 40, 45, 25, 26, 37, 38, 64, 72, 70, 60, 57, 79, 82, 86, 89, 91, 96, 97, 2, 1]","[1, 99, 98, 3, 4, 5, 8, 6, 51, 52, 53, 54, 62, 47, 48, 49, 11, 13, 14, 15, 16, 17, 18, 19, 20, 22, 31, 33, 42, 40, 41, 43, 44, 45, 46, 32, 25, 26, 27, 30, 29, 36, 37, 38, 39, 68, 64, 65, 66, 73, 74, 72, 71, 70, 60, 55, 59, 57, 58, 77, 79, 80, 82, 84, 83, 85, 86, 89, 88, 91, 92, 93, 96, 97, 100, 2, 1]","[(1, 7), (7, 4), (4, 9), (9, 54), (54, 10), (10, 49), (49, 61), (61, 13), (13, 12), (12, 17), (17, 67), (67, 40), (40, 35), (35, 45), (45, 28), (28, 25), (25, 24), (24, 26), (27, 23), (23, 37), (37, 34), (34, 38), (38, 21), (21, 64), (64, 56), (56, 72), (72, 69), (69, 70), (70, 63), (63, 60), (60, 50), (50, 57), (57, 75), (75, 79), (79, 76), (76, 82), (82, 95), (95, 86), (86, 90), (90, 89), (89, 87), (87, 91), (91, 81), (81, 96), (96, 94), (94, 97), (97, 78), (78, 2), (2, 101), (101, 1)]","[(1, 0.0), (99, 0.0), (98, 1007.0), (3, 1007.0), (4, 2012.0), (5, 4018.0), (8, 5027.0), (6, 5027.0), (51, 6030.0), (52, 7036.0), (53, 8044.0), (54, 9046.0), (62, 11056.0), (47, 12059.0), (48, 13062.0), (49, 14065.0), (11, 16071.0), (13, 17073.0), (14, 19083.0), (15, 20092.0), (16, 21098.0), (17, 22107.0), (18, 24118.0), (19, 25123.0), (20, 26130.0), (22, 27130.0), (31, 28134.0), (33, 29141.0), (42, 30145.0), (40, 31150.0), (41, 33152.0), (43, 34158.0), (44, 35166.0), (45, 36173.0), (46, 38184.0), (32, 39186.0), (25, 40192.0), (26, 42199.0), (27, 44213.0), (30, 45215.0), (29, 46215.0), (36, 47216.0), (37, 48221.0), (38, 50232.0), (39, 52244.0), (68, 53251.0), (64, 54255.0), (65, 56261.0), (66, 57269.0), (73, 58273.0), (74, 59282.0), (72, 60291.0), (71, 62299.0), (70, 63302.0), (60, 65310.0), (55, 67318.0), (59, 68324.0), (57, 69332.0), (58, 71337.0), (77, 72343.0), (79, 73346.0), (80, 75355.0), (82, 76357.0), (84, 78370.0), (83, 79373.0), (85, 80382.0), (86, 81386.0), (89, 83390.0), (88, 85402.0), (91, 86405.0), (92, 88407.0), (93, 89414.0), (96, 90419.0), (97, 92433.0), (100, 94442.0), (2, 95447.0), (1, 97457.0)]"
SA,100,3,bench_100_4,ok,-37473.4736,,1200.3337,99,70,29,30,83690.0,121163.4736,1666.6227,99457.0,227504.0,100464.0,30245696,195.4152,80,"[99, 3, 4, 5, 52, 53, 51, 6, 50, 9, 10, 11, 15, 16, 17, 18, 14, 13, 19, 20, 21, 46, 45, 44, 41, 40, 42, 43, 32, 22, 24, 25, 27, 34, 30, 29, 36, 37, 38, 67, 66, 65, 64, 71, 70, 69, 63, 47, 48, 62, 61, 60, 59, 57, 58, 76, 81, 83, 85, 86, 87, 80, 79, 94, 96, 93, 91, 92, 2, 101, 7, 98, 31, 33, 12, 23, 28, 26, 39, 35, 74, 72, 68, 49, 73, 54, 56, 55, 75, 84, 89, 82, 78, 97, 77, 88, 90, 95, 100]","[99, 3, 4, 5, 52, 53, 51, 6, 50, 9, 10, 11, 15, 16, 17, 18, 14, 13, 19, 20, 21, 46, 45, 44, 41, 40, 42, 43, 32, 22, 24, 25, 27, 34, 30, 29, 36, 37, 38, 67, 66, 65, 64, 71, 70, 69, 63, 47, 48, 62, 61, 60, 59, 57, 58, 76, 81, 83, 85, 86, 87, 80, 79, 94, 96, 93, 91, 92, 2, 101]","[7, 98, 31, 33, 12, 23, 28, 26, 39, 35, 74, 72, 68, 49, 73, 54, 56, 55, 75, 84, 89, 82, 78, 97, 77, 88, 90, 95, 100]","[4, 52, 10, 20, 46, 32, 25, 34, 36, 38, 65, 70, 69, 47, 48, 60, 59, 57, 76, 83, 85, 87, 80, 79, 94, 93, 91, 92, 101, 1]","[1, 99, 3, 4, 5, 52, 53, 51, 6, 50, 9, 10, 11, 15, 16, 17, 18, 14, 13, 19, 20, 21, 46, 45, 44, 41, 40, 42, 43, 32, 22, 24, 25, 27, 34, 30, 29, 36, 37, 38, 67, 66, 65, 64, 71, 70, 69, 63, 47, 48, 62, 61, 60, 59, 57, 58, 76, 81, 83, 85, 86, 87, 80, 79, 94, 96, 93, 91, 92, 2, 101, 1]","[(99, 8), (8, 4), (4, 7), (7, 52), (52, 98), (98, 10), (10, 31), (31, 20), (20, 33), (33, 46), (44, 12), (12, 32), (32, 23), (23, 25), (27, 28), (28, 34), (30, 26), (26, 36), (36, 39), (39, 38), (38, 35), (35, 65), (65, 74), (74, 70), (70, 72), (72, 69), (69, 68), (68, 47), (47, 49), (49, 48), (48, 73), (73, 60), (60, 54), (54, 59), (59, 56), (56, 57), (57, 55), (55, 76), (76, 75), (75, 83), (83, 84), (84, 85), (85, 89), (89, 87), (87, 82), (82, 80), (80, 78), (78, 79), (79, 97), (97, 94), (94, 77), (77, 93), (93, 88), (88, 91), (91, 90), (90, 92), (92, 95), (95, 101), (101, 100), (100, 1)]","[(1, 0.0), (99, 0.0), (3, 1007.0), (4, 2012.0), (5, 3013.0), (52, 4022.0), (53, 6035.0), (51, 7037.0), (6, 8043.0), (50, 9046.0), (9, 10051.0), (10, 11054.0), (11, 13054.0), (15, 14056.0), (16, 15062.0), (17, 16071.0), (18, 17078.0), (14, 18083.0), (13, 19092.0), (19, 20100.0), (20, 21107.0), (21, 23114.0), (46, 24115.0), (45, 26121.0), (44, 27127.0), (41, 28134.0), (40, 29140.0), (42, 30140.0), (43, 31145.0), (32, 32153.0), (22, 34163.0), (24, 35167.0), (25, 36174.0), (27, 38190.0), (34, 39192.0), (30, 41200.0), (29, 42200.0), (36, 43201.0), (37, 45213.0), (38, 46215.0), (67, 48226.0), (66, 49228.0), (65, 50232.0), (64, 52245.0), (71, 53250.0), (70, 54253.0), (69, 56262.0), (63, 58276.0), (47, 59277.0), (48, 61284.0), (62, 63293.0), (61, 64296.0), (60, 65298.0), (59, 67314.0), (57, 69329.0), (58, 71331.0), (76, 72337.0), (81, 74350.0), (83, 75355.0), (85, 77366.0), (86, 79373.0), (87, 80373.0), (80, 82378.0), (79, 84386.0), (94, 86397.0), (96, 88406.0), (93, 89415.0), (91, 91423.0), (92, 93427.0), (2, 95442.0), (101, 96448.0), (1, 98452.0)]"
SA,100,5,bench_100_4,ok,-38929.3162,,1201.1951,99,73,26,26,83690.0,122619.3162,1686.6481,99457.0,227504.0,100464.0,30343790,1201.195,81,"[92, 90, 88, 87, 86, 83, 82, 81, 97, 99, 98, 3, 5, 7, 9, 10, 11, 14, 15, 17, 18, 19, 20, 23, 24, 25, 27, 26, 28, 29, 30, 35, 34, 33, 42, 43, 31, 32, 46, 45, 44, 41, 40, 39, 69, 64, 65, 66, 73, 74, 72, 71, 70, 61, 47, 62, 50, 6, 51, 53, 54, 55, 59, 56, 57, 58, 76, 77, 79, 94, 95, 93, 101, 91, 85, 84, 21, 4, 13, 16, 22, 37, 67, 36, 49, 68, 38, 75, 63, 12, 48, 52, 60, 2, 78, 96, 80, 89, 100]","[92, 90, 88, 87, 86, 83, 82, 81, 97, 99, 98, 3, 5, 7, 9, 10, 11, 14, 15, 17, 18, 19, 20, 23, 24, 25, 27, 26, 28, 29, 30, 35, 34, 33, 42, 43, 31, 32, 46, 45, 44, 41, 40, 39, 69, 64, 65, 66, 73, 74, 72, 71, 70, 61, 47, 62, 50, 6, 51, 53, 54, 55, 59, 56, 57, 58, 76, 77, 79, 94, 95, 93, 101]","[91, 85, 84, 21, 4, 13, 16, 22, 37, 67, 36, 49, 68, 38, 75, 63, 12, 48, 52, 60, 2, 78, 96, 80, 89, 100]","[92, 86, 83, 5, 8, 15, 20, 24, 28, 33, 32, 69, 64, 74, 70, 47, 50, 53, 55, 56, 77, 79, 94, 93, 101, 1]","[1, 92, 90, 88, 87, 86, 83, 82, 81, 97, 99, 98, 3, 5, 8, 7, 9, 10, 11, 14, 15, 17, 18, 19, 20, 23, 24, 25, 27, 26, 28, 29, 30, 35, 34, 33, 42, 43, 31, 32, 46, 45, 44, 41, 40, 39, 69, 64, 65, 66, 73, 74, 72, 71, 70, 61, 47, 62, 50, 6, 51, 53, 54, 55, 59, 56, 57, 58, 76, 77, 79, 94, 95, 93, 101, 1]","[(1, 91), (91, 92), (90, 85), (85, 86), (86, 84), (84, 83), (83, 21), (21, 5), (5, 4), (4, 8), (7, 13), (13, 15), (17, 16), (16, 20), (20, 22), (22, 24), (24, 37), (37, 28), (28, 67), (67, 33), (33, 36), (36, 32), (46, 49), (49, 69), (69, 68), (68, 64), (64, 38), (38, 74), (72, 75), (75, 70), (70, 63), (63, 47), (47, 12), (12, 50), (50, 48), (48, 53), (53, 52), (52, 55), (55, 60), (60, 56), (56, 2), (2, 77), (77, 78), (78, 79), (79, 96), (96, 94), (94, 80), (80, 93), (93, 89), (89, 101), (101, 100), (100, 1)]","[(1, 0.0), (92, 0.0), (90, 2008.0), (88, 3016.0), (87, 4019.0), (86, 5020.0), (83, 7024.0), (82, 9036.0), (81, 10042.0), (97, 11047.0), (99, 12049.0), (98, 13056.0), (3, 14056.0), (5, 15061.0), (8, 17071.0), (7, 18072.0), (9, 19077.0), (10, 20080.0), (11, 21080.0), (14, 22082.0), (15, 23091.0), (17, 25105.0), (18, 26112.0), (19, 27117.0), (20, 28124.0), (23, 30133.0), (24, 31142.0), (25, 33153.0), (27, 34160.0), (26, 35162.0), (28, 36169.0), (29, 38171.0), (30, 39172.0), (35, 40172.0), (34, 41177.0), (33, 42185.0), (42, 44191.0), (43, 45196.0), (31, 46204.0), (32, 47211.0), (46, 49222.0), (45, 50224.0), (44, 51230.0), (41, 52237.0), (40, 53243.0), (39, 54243.0), (69, 55250.0), (64, 57264.0), (65, 59273.0), (66, 60281.0), (73, 61285.0), (74, 62294.0), (72, 64307.0), (71, 65313.0), (70, 66316.0), (61, 68318.0), (47, 69320.0), (62, 71324.0), (50, 72327.0), (6, 74336.0), (51, 75339.0), (53, 76345.0), (54, 78350.0), (55, 79357.0), (59, 81371.0), (56, 82379.0), (57, 84388.0), (58, 85388.0), (76, 86394.0), (77, 87401.0), (79, 89410.0), (94, 91421.0), (95, 93437.0), (93, 94441.0), (101, 96448.0), (1, 98452.0)]"
SA,100,7,bench_100_4,ok,-33840.7674,,1201.3579,100,74,26,26,84193.0,118033.7674,1623.5731,100464.0,227504.0,100464.0,30218432,1201.3578,80,"[99, 98, 3, 4, 5, 6, 51, 50, 62, 48, 49, 10, 15, 17, 18, 14, 13, 19, 20, 21, 46, 45, 32, 22, 31, 24, 25, 26, 28, 30, 34, 35, 33, 42, 43, 44, 41, 40, 39, 68, 69, 64, 65, 66, 73, 74, 72, 71, 70, 60, 55, 59, 57, 58, 76, 77, 95, 96, 97, 94, 79, 78, 80, 81, 82, 83, 85, 86, 89, 88, 91, 92, 2, 101, 54, 8, 52, 47, 11, 9, 12, 16, 37, 36, 29, 23, 67, 38, 27, 61, 53, 56, 7, 63, 84, 75, 87, 90, 93, 100]","[99, 98, 3, 4, 5, 6, 51, 50, 62, 48, 49, 10, 15, 17, 18, 14, 13, 19, 20, 21, 46, 45, 32, 22, 31, 24, 25, 26, 28, 30, 34, 35, 33, 42, 43, 44, 41, 40, 39, 68, 69, 64, 65, 66, 73, 74, 72, 71, 70, 60, 55, 59, 57, 58, 76, 77, 95, 96, 97, 94, 79, 78, 80, 81, 82, 83, 85, 86, 89, 88, 91, 92, 2, 101]","[54, 8, 52, 47, 11, 9, 12, 16, 37, 36, 29, 23, 67, 38, 27, 61, 53, 56, 7, 63, 84, 75, 87, 90, 93, 100]","[3, 51, 62, 48, 10, 14, 20, 46, 25, 28, 34, 44, 68, 65, 71, 55, 59, 57, 95, 82, 83, 89, 91, 92, 101, 1]","[1, 99, 98, 3, 4, 5, 6, 51, 50, 62, 48, 49, 10, 15, 17, 18, 14, 13, 19, 20, 21, 46, 45, 32, 22, 31, 24, 25, 26, 28, 30, 34, 35, 33, 42, 43, 44, 41, 40, 39, 68, 69, 64, 65, 66, 73, 74, 72, 71, 70, 60, 55, 59, 57, 58, 76, 77, 95, 96, 97, 94, 79, 78, 80, 81, 82, 83, 85, 86, 89, 88, 91, 92, 2, 101, 1]","[(1, 54), (54, 3), (4, 8), (8, 51), (51, 52), (52, 62), (62, 47), (47, 48), (48, 11), (11, 10), (10, 9), (9, 14), (13, 12), (12, 20), (20, 16), (16, 46), (45, 37), (37, 25), (25, 36), (36, 28), (28, 29), (29, 34), (34, 23), (23, 44), (41, 67), (67, 68), (68, 38), (38, 65), (65, 27), (27, 71), (71, 61), (61, 55), (55, 53), (53, 59), (59, 56), (56, 57), (57, 7), (7, 95), (95, 63), (63, 82), (82, 84), (84, 83), (83, 75), (75, 89), (89, 87), (87, 91), (91, 90), (90, 92), (92, 93), (93, 101), (101, 100), (100, 1)]","[(1, 0.0), (99, 0.0), (98, 1007.0), (3, 2007.0), (4, 4019.0), (5, 5020.0), (6, 6029.0), (51, 7032.0), (50, 9045.0), (62, 10050.0), (48, 12061.0), (49, 14067.0), (10, 15073.0), (15, 17075.0), (17, 18081.0), (18, 19088.0), (14, 20093.0), (13, 22105.0), (19, 23113.0), (20, 24120.0), (21, 26124.0), (46, 27125.0), (45, 29136.0), (32, 30142.0), (22, 31148.0), (31, 32152.0), (24, 33159.0), (25, 34166.0), (26, 36175.0), (28, 37182.0), (30, 39187.0), (34, 40187.0), (35, 42196.0), (33, 43201.0), (42, 44205.0), (43, 45210.0), (44, 46218.0), (41, 48234.0), (40, 49240.0), (39, 50240.0), (68, 51247.0), (69, 53253.0), (64, 54261.0), (65, 55266.0), (66, 57278.0), (73, 58282.0), (74, 59291.0), (72, 60300.0), (71, 61306.0), (70, 63311.0), (60, 64311.0), (55, 65318.0), (59, 67326.0), (57, 69336.0), (58, 71338.0), (76, 72344.0), (77, 73351.0), (95, 74354.0), (96, 76363.0), (97, 77372.0), (94, 78374.0), (79, 79381.0), (78, 80388.0), (80, 81392.0), (81, 82394.0), (82, 83399.0), (83, 85406.0), (85, 87418.0), (86, 88422.0), (89, 89422.0), (88, 91428.0), (91, 92431.0), (92, 94433.0), (2, 96448.0), (101, 97454.0), (1, 99459.0)]"
SA,100,9,bench_100_4,ok,-35612.2399,,1201.1007,99,73,26,26,83690.0,119302.2399,1641.0212,99457.0,227504.0,100464.0,29361094,1201.1006,78,"[99, 98, 3, 4, 7, 9, 11, 14, 15, 16, 17, 18, 19, 13, 12, 21, 46, 45, 32, 31, 24, 25, 26, 28, 36, 29, 30, 34, 33, 42, 43, 44, 41, 40, 39, 69, 68, 65, 66, 72, 71, 70, 63, 47, 48, 49, 62, 50, 51, 52, 53, 54, 55, 59, 57, 58, 76, 81, 84, 83, 85, 86, 87, 88, 80, 77, 79, 95, 96, 93, 100, 2, 101, 5, 61, 20, 22, 23, 37, 27, 35, 64, 38, 73, 67, 74, 10, 6, 60, 56, 75, 82, 90, 89, 78, 94, 91, 97, 92]","[99, 98, 3, 4, 7, 9, 11, 14, 15, 16, 17, 18, 19, 13, 12, 21, 46, 45, 32, 31, 24, 25, 26, 28, 36, 29, 30, 34, 33, 42, 43, 44, 41, 40, 39, 69, 68, 65, 66, 72, 71, 70, 63, 47, 48, 49, 62, 50, 51, 52, 53, 54, 55, 59, 57, 58, 76, 81, 84, 83, 85, 86, 87, 88, 80, 77, 79, 95, 96, 93, 100, 2, 101]","[5, 61, 20, 22, 23, 37, 27, 35, 64, 38, 73, 67, 74, 10, 6, 60, 56, 75, 82, 90, 89, 78, 94, 91, 97, 92]","[8, 17, 46, 31, 28, 33, 41, 69, 68, 66, 72, 71, 49, 50, 53, 59, 76, 86, 87, 88, 80, 77, 95, 93, 100, 1]","[1, 99, 98, 3, 4, 8, 7, 9, 11, 14, 15, 16, 17, 18, 19, 13, 12, 21, 46, 45, 32, 31, 24, 25, 26, 28, 36, 29, 30, 34, 33, 42, 43, 44, 41, 40, 39, 69, 68, 65, 66, 72, 71, 70, 63, 47, 48, 49, 62, 50, 51, 52, 53, 54, 55, 59, 57, 58, 76, 81, 84, 83, 85, 86, 87, 88, 80, 77, 79, 95, 96, 93, 100, 2, 101, 1]","[(3, 5), (5, 8), (7, 61), (61, 17), (17, 20), (20, 46), (45, 22), (22, 31), (31, 23), (23, 28), (36, 37), (37, 33), (33, 27), (27, 41), (40, 35), (35, 69), (69, 64), (64, 68), (68, 38), (38, 66), (66, 73), (73, 72), (72, 67), (67, 71), (71, 74), (74, 49), (49, 10), (10, 50), (51, 6), (6, 53), (53, 60), (60, 59), (59, 56), (56, 76), (76, 75), (75, 86), (86, 82), (82, 87), (87, 90), (90, 88), (88, 89), (89, 80), (80, 78), (78, 77), (77, 94), (94, 95), (95, 91), (91, 93), (93, 97), (97, 100), (100, 92), (92, 1)]","[(1, 0.0), (99, 0.0), (98, 1007.0), (3, 2007.0), (4, 3012.0), (8, 4013.0), (7, 5022.0), (9, 6027.0), (11, 7030.0), (14, 8032.0), (15, 9041.0), (16, 10047.0), (17, 11056.0), (18, 13065.0), (19, 14070.0), (13, 15077.0), (12, 16085.0), (21, 17089.0), (46, 18090.0), (45, 20092.0), (32, 21098.0), (31, 22104.0), (24, 24115.0), (25, 25122.0), (26, 26129.0), (28, 27136.0), (36, 29145.0), (29, 30150.0), (30, 31151.0), (34, 32151.0), (33, 33159.0), (42, 35165.0), (43, 36170.0), (44, 37178.0), (41, 38185.0), (40, 40193.0), (39, 41193.0), (69, 42200.0), (68, 44213.0), (65, 46222.0), (66, 47230.0), (72, 49238.0), (71, 51253.0), (70, 53258.0), (63, 54258.0), (47, 55259.0), (48, 56262.0), (49, 57265.0), (62, 59280.0), (50, 60283.0), (51, 62288.0), (52, 63294.0), (53, 64302.0), (54, 66307.0), (55, 67314.0), (59, 68320.0), (57, 70335.0), (58, 71335.0), (76, 72341.0), (81, 74350.0), (84, 75355.0), (83, 76358.0), (85, 77367.0), (86, 78371.0), (87, 80373.0), (88, 82380.0), (80, 84391.0), (77, 86397.0), (79, 88404.0), (95, 89411.0), (96, 91422.0), (93, 92431.0), (100, 94437.0), (2, 96444.0), (101, 97450.0), (1, 98450.0)]"
SA,100,1,bench_100_5,ok,-36491.5694,,1200.4402,99,69,30,30,82697.0,119188.5694,1639.4576,99423.0,227504.0,100427.0,29961837,1200.4401,80,"[84, 82, 77, 76, 75, 95, 58, 65, 57, 55, 56, 73, 74, 72, 71, 67, 64, 62, 63, 43, 44, 45, 36, 33, 32, 31, 38, 39, 40, 28, 27, 25, 35, 47, 48, 24, 16, 23, 22, 21, 17, 18, 20, 19, 15, 13, 12, 50, 59, 52, 53, 10, 9, 97, 98, 99, 7, 5, 4, 101, 90, 91, 92, 83, 86, 87, 89, 88, 2, 85, 80, 78, 54, 51, 70, 66, 69, 61, 46, 42, 41, 29, 30, 34, 26, 37, 14, 11, 60, 49, 96, 8, 6, 94, 100, 3, 81, 93, 79]","[84, 82, 77, 76, 75, 95, 58, 65, 57, 55, 56, 73, 74, 72, 71, 67, 64, 62, 63, 43, 44, 45, 36, 33, 32, 31, 38, 39, 40, 28, 27, 25, 35, 47, 48, 24, 16, 23, 22, 21, 17, 18, 20, 19, 15, 13, 12, 50, 59, 52, 53, 10, 9, 97, 98, 99, 7, 5, 4, 101, 90, 91, 92, 83, 86, 87, 89, 88, 2]","[85, 80, 78, 54, 51, 70, 66, 69, 61, 46, 42, 41, 29, 30, 34, 26, 37, 14, 11, 60, 49, 96, 8, 6, 94, 100, 3, 81, 93, 79]","[84, 76, 75, 95, 65, 74, 67, 62, 63, 45, 38, 40, 28, 25, 47, 24, 15, 12, 50, 59, 53, 9, 97, 99, 7, 5, 4, 92, 86, 1]","[1, 84, 82, 77, 76, 75, 95, 58, 65, 57, 55, 56, 73, 74, 72, 71, 68, 67, 64, 62, 63, 43, 44, 45, 36, 33, 32, 31, 38, 39, 40, 28, 27, 25, 35, 47, 48, 24, 16, 23, 22, 21, 17, 18, 20, 19, 15, 13, 12, 50, 59, 52, 53, 10, 9, 97, 98, 99, 7, 5, 4, 101, 90, 91, 92, 83, 86, 87, 89, 88, 2, 1]","[(1, 85), (85, 84), (84, 80), (80, 76), (76, 78), (78, 75), (75, 54), (54, 95), (95, 51), (51, 65), (65, 70), (70, 74), (72, 66), (66, 67), (67, 69), (69, 62), (62, 61), (61, 63), (63, 46), (46, 45), (45, 42), (42, 38), (38, 41), (41, 40), (40, 29), (29, 28), (28, 30), (30, 25), (25, 34), (34, 47), (47, 26), (26, 24), (16, 37), (37, 15), (13, 14), (14, 12), (12, 11), (11, 50), (50, 60), (60, 59), (59, 49), (49, 53), (10, 96), (96, 9), (9, 8), (8, 97), (97, 6), (6, 99), (99, 94), (94, 7), (7, 100), (100, 5), (5, 3), (3, 4), (4, 81), (81, 92), (92, 93), (93, 86), (86, 79), (79, 1)]","[(1, 0.0), (84, 0.0), (82, 2014.0), (77, 3015.0), (76, 4017.0), (75, 6022.0), (95, 8029.0), (58, 10037.0), (65, 11039.0), (57, 13055.0), (55, 14062.0), (56, 15062.0), (73, 16066.0), (74, 17068.0), (72, 19076.0), (71, 20080.0), (68, 21086.0), (67, 21086.0), (64, 23098.0), (62, 24100.0), (63, 26107.0), (43, 28116.0), (44, 29116.0), (45, 30125.0), (36, 32132.0), (33, 33136.0), (32, 34145.0), (31, 35145.0), (38, 36146.0), (39, 38160.0), (40, 39162.0), (28, 41169.0), (27, 43171.0), (25, 44178.0), (35, 46186.0), (47, 47192.0), (48, 49199.0), (24, 50201.0), (16, 52210.0), (23, 53212.0), (22, 54216.0), (21, 55219.0), (17, 56226.0), (18, 57234.0), (20, 58243.0), (19, 59250.0), (15, 60256.0), (13, 62261.0), (12, 63269.0), (50, 65278.0), (59, 67294.0), (52, 69307.0), (53, 70314.0), (10, 72323.0), (9, 73327.0), (97, 75335.0), (98, 77341.0), (99, 78341.0), (7, 80349.0), (5, 82352.0), (4, 84360.0), (101, 86368.0), (90, 87371.0), (91, 88376.0), (92, 89379.0), (83, 91385.0), (86, 92390.0), (87, 94407.0), (89, 95409.0), (88, 96417.0), (2, 97417.0), (1, 98417.0)]"
SA,100,3,bench_100_5,ok,-39134.1158,,1200.8578,99,72,27,27,82697.0,121831.1158,1675.8063,99423.0,227504.0,100427.0,29896300,1200.8577,79,"[100, 94, 98, 97, 9, 96, 95, 54, 55, 66, 67, 62, 63, 43, 42, 37, 41, 39, 40, 29, 28, 32, 33, 34, 36, 46, 45, 44, 47, 48, 25, 26, 16, 23, 22, 21, 17, 18, 20, 19, 14, 15, 13, 12, 50, 51, 52, 59, 60, 58, 57, 56, 73, 72, 74, 75, 78, 76, 77, 80, 81, 82, 84, 85, 86, 87, 89, 91, 90, 101, 3, 2, 5, 8, 7, 69, 64, 38, 31, 30, 61, 35, 27, 24, 11, 10, 53, 49, 65, 71, 70, 79, 6, 83, 92, 99, 93, 4, 88]","[100, 94, 98, 97, 9, 96, 95, 54, 55, 66, 67, 62, 63, 43, 42, 37, 41, 39, 40, 29, 28, 32, 33, 34, 36, 46, 45, 44, 47, 48, 25, 26, 16, 23, 22, 21, 17, 18, 20, 19, 14, 15, 13, 12, 50, 51, 52, 59, 60, 58, 57, 56, 73, 72, 74, 75, 78, 76, 77, 80, 81, 82, 84, 85, 86, 87, 89, 91, 90, 101, 3, 2]","[5, 8, 7, 69, 64, 38, 31, 30, 61, 35, 27, 24, 11, 10, 53, 49, 65, 71, 70, 79, 6, 83, 92, 99, 93, 4, 88]","[94, 97, 54, 62, 41, 39, 29, 36, 48, 26, 23, 21, 12, 51, 59, 60, 72, 74, 77, 80, 89, 91, 90, 101, 3, 2, 1]","[1, 100, 94, 98, 97, 9, 96, 95, 54, 55, 66, 67, 68, 62, 63, 43, 42, 37, 41, 39, 40, 29, 28, 32, 33, 34, 36, 46, 45, 44, 47, 48, 25, 26, 16, 23, 22, 21, 17, 18, 20, 19, 14, 15, 13, 12, 50, 51, 52, 59, 60, 58, 57, 56, 73, 72, 74, 75, 78, 76, 77, 80, 81, 82, 84, 85, 86, 87, 89, 91, 90, 101, 3, 2, 1]","[(1, 5), (5, 94), (94, 8), (8, 97), (97, 7), (7, 54), (66, 69), (69, 62), (63, 64), (64, 41), (41, 38), (38, 39), (39, 31), (31, 29), (28, 30), (30, 36), (46, 61), (61, 48), (48, 35), (35, 26), (26, 27), (27, 23), (23, 24), (24, 21), (21, 11), (11, 12), (12, 10), (10, 51), (51, 53), (53, 59), (59, 49), (49, 60), (58, 65), (65, 72), (72, 71), (71, 74), (74, 70), (70, 77), (77, 79), (79, 80), (80, 6), (6, 89), (89, 83), (83, 91), (91, 92), (92, 90), (90, 99), (99, 101), (101, 93), (93, 3), (3, 4), (4, 2), (2, 88), (88, 1)]","[(1, 0.0), (100, 0.0), (94, 1002.0), (98, 3009.0), (97, 4009.0), (9, 6015.0), (96, 7019.0), (95, 8023.0), (54, 9026.0), (55, 11033.0), (66, 12033.0), (67, 13042.0), (68, 14045.0), (62, 14045.0), (63, 16052.0), (43, 17057.0), (42, 18057.0), (37, 19066.0), (41, 20069.0), (39, 22076.0), (40, 24083.0), (29, 25085.0), (28, 27086.0), (32, 28088.0), (33, 29088.0), (34, 30097.0), (36, 31098.0), (46, 33107.0), (45, 34112.0), (44, 35114.0), (47, 36123.0), (48, 37129.0), (25, 39135.0), (26, 40138.0), (16, 42148.0), (23, 43150.0), (22, 45161.0), (21, 46164.0), (17, 48176.0), (18, 49184.0), (20, 50193.0), (19, 51200.0), (14, 52206.0), (15, 53213.0), (13, 54215.0), (12, 55223.0), (50, 57234.0), (51, 58241.0), (52, 60254.0), (59, 61261.0), (60, 63276.0), (58, 65283.0), (57, 66285.0), (56, 67292.0), (73, 68296.0), (72, 69298.0), (74, 71309.0), (75, 73319.0), (78, 74322.0), (76, 75326.0), (77, 76328.0), (80, 78334.0), (81, 80343.0), (82, 81343.0), (84, 82344.0), (85, 83350.0), (86, 84358.0), (87, 85366.0), (89, 86368.0), (91, 88377.0), (90, 90385.0), (101, 92396.0), (3, 94406.0), (2, 96421.0), (1, 98423.0)]"
SA,100,5,bench_100_5,ok,-34670.3208,,1200.6518,100,76,24,24,83012.0,117682.3208,1618.7389,100427.0,227504.0,100427.0,30022190,1200.6517,79,"[4, 5, 6, 7, 98, 97, 9, 96, 95, 54, 57, 65, 58, 60, 59, 52, 51, 50, 12, 13, 14, 19, 20, 17, 21, 22, 23, 16, 24, 48, 47, 35, 34, 33, 32, 31, 30, 38, 41, 39, 40, 29, 28, 36, 46, 45, 44, 43, 62, 64, 61, 67, 68, 69, 71, 72, 74, 73, 56, 55, 75, 78, 76, 77, 80, 81, 85, 84, 83, 92, 86, 87, 89, 88, 2, 3, 8, 53, 11, 10, 15, 18, 26, 42, 37, 49, 25, 27, 70, 66, 63, 94, 79, 93, 82, 91, 90, 100, 101, 99]","[4, 5, 6, 7, 98, 97, 9, 96, 95, 54, 57, 65, 58, 60, 59, 52, 51, 50, 12, 13, 14, 19, 20, 17, 21, 22, 23, 16, 24, 48, 47, 35, 34, 33, 32, 31, 30, 38, 41, 39, 40, 29, 28, 36, 46, 45, 44, 43, 62, 64, 61, 67, 68, 69, 71, 72, 74, 73, 56, 55, 75, 78, 76, 77, 80, 81, 85, 84, 83, 92, 86, 87, 89, 88, 2, 3]","[8, 53, 11, 10, 15, 18, 26, 42, 37, 49, 25, 27, 70, 66, 63, 94, 79, 93, 82, 91, 90, 100, 101, 99]","[97, 96, 52, 12, 19, 20, 24, 33, 30, 28, 43, 67, 69, 71, 55, 76, 80, 84, 83, 86, 89, 2, 3, 1]","[1, 4, 5, 6, 7, 98, 97, 9, 96, 95, 54, 57, 65, 58, 60, 59, 52, 51, 50, 12, 13, 14, 19, 20, 17, 21, 22, 23, 16, 24, 48, 47, 35, 34, 33, 32, 31, 30, 38, 41, 39, 40, 29, 28, 36, 46, 45, 44, 43, 62, 64, 61, 67, 68, 69, 71, 72, 74, 73, 56, 55, 75, 78, 76, 77, 80, 81, 85, 84, 83, 92, 86, 87, 89, 88, 2, 3, 1]","[(4, 8), (8, 97), (97, 53), (53, 96), (96, 11), (11, 52), (52, 10), (10, 12), (13, 15), (15, 19), (19, 18), (18, 20), (20, 26), (26, 24), (24, 42), (42, 33), (33, 37), (37, 30), (30, 49), (49, 28), (28, 25), (25, 43), (43, 27), (27, 67), (67, 70), (70, 69), (69, 66), (66, 71), (71, 63), (63, 55), (55, 94), (94, 76), (77, 79), (79, 80), (80, 93), (93, 84), (84, 82), (82, 83), (83, 91), (91, 86), (86, 90), (90, 89), (89, 100), (100, 2), (2, 101), (101, 3), (3, 99), (99, 1)]","[(1, 0.0), (4, 0.0), (5, 1002.0), (6, 2008.0), (7, 3009.0), (98, 4011.0), (97, 5011.0), (9, 7017.0), (96, 8021.0), (95, 10031.0), (54, 11034.0), (57, 12039.0), (65, 13046.0), (58, 14053.0), (60, 15055.0), (59, 16059.0), (52, 17068.0), (51, 19084.0), (50, 20093.0), (12, 21100.0), (13, 23106.0), (14, 24114.0), (19, 25121.0), (20, 27129.0), (17, 29145.0), (21, 30153.0), (22, 31160.0), (23, 32163.0), (16, 33167.0), (24, 34169.0), (48, 36178.0), (47, 37180.0), (35, 38186.0), (34, 39192.0), (33, 40193.0), (32, 42211.0), (31, 43211.0), (30, 44212.0), (38, 46220.0), (41, 47225.0), (39, 48230.0), (40, 49232.0), (29, 50234.0), (28, 51234.0), (36, 53239.0), (46, 54243.0), (45, 55248.0), (44, 56250.0), (43, 57259.0), (62, 59262.0), (64, 60265.0), (61, 61267.0), (67, 62271.0), (68, 64281.0), (69, 65285.0), (71, 67293.0), (72, 69308.0), (74, 70312.0), (73, 71316.0), (56, 72318.0), (55, 73322.0), (75, 75327.0), (78, 76330.0), (76, 77334.0), (77, 79337.0), (80, 80339.0), (81, 82348.0), (85, 83348.0), (84, 84356.0), (83, 86371.0), (92, 88377.0), (86, 89383.0), (87, 91394.0), (89, 92396.0), (88, 94409.0), (2, 95409.0), (3, 97411.0), (1, 99420.0)]"
SA,100,7,bench_100_5,ok,-38646.109,,1200.3508,99,73,26,26,82697.0,121343.109,1669.0937,99423.0,227504.0,100427.0,29946282,810.6886,79,"[93, 82, 81, 80, 77, 78, 75, 55, 56, 73, 74, 72, 71, 67, 66, 65, 58, 61, 64, 62, 63, 43, 44, 37, 41, 38, 39, 31, 32, 33, 36, 46, 47, 48, 34, 27, 25, 24, 16, 23, 22, 21, 17, 18, 15, 14, 13, 12, 50, 49, 59, 52, 51, 53, 10, 9, 97, 98, 99, 5, 100, 101, 90, 91, 92, 83, 84, 85, 86, 87, 89, 88, 2, 4, 79, 76, 70, 54, 95, 69, 28, 40, 42, 29, 30, 45, 19, 26, 20, 11, 60, 35, 57, 96, 6, 94, 3, 8, 7]","[93, 82, 81, 80, 77, 78, 75, 55, 56, 73, 74, 72, 71, 67, 66, 65, 58, 61, 64, 62, 63, 43, 44, 37, 41, 38, 39, 31, 32, 33, 36, 46, 47, 48, 34, 27, 25, 24, 16, 23, 22, 21, 17, 18, 15, 14, 13, 12, 50, 49, 59, 52, 51, 53, 10, 9, 97, 98, 99, 5, 100, 101, 90, 91, 92, 83, 84, 85, 86, 87, 89, 88, 2]","[4, 79, 76, 70, 54, 95, 69, 28, 40, 42, 29, 30, 45, 19, 26, 20, 11, 60, 35, 57, 96, 6, 94, 3, 8, 7]","[93, 81, 77, 74, 67, 61, 43, 41, 39, 32, 48, 34, 27, 24, 17, 15, 50, 49, 53, 9, 97, 5, 101, 92, 89, 1]","[1, 93, 82, 81, 80, 77, 78, 75, 55, 56, 73, 74, 72, 71, 68, 67, 66, 65, 58, 61, 64, 62, 63, 43, 44, 37, 41, 38, 39, 31, 32, 33, 36, 46, 47, 48, 34, 27, 25, 24, 16, 23, 22, 21, 17, 18, 15, 14, 13, 12, 50, 49, 59, 52, 51, 53, 10, 9, 97, 98, 99, 5, 100, 101, 90, 91, 92, 83, 84, 85, 86, 87, 89, 88, 2, 1]","[(1, 4), (4, 93), (93, 79), (79, 81), (80, 76), (76, 77), (77, 70), (70, 74), (72, 54), (54, 67), (67, 95), (95, 61), (61, 69), (69, 43), (44, 28), (28, 41), (38, 40), (40, 39), (39, 42), (42, 32), (33, 29), (29, 48), (48, 30), (30, 34), (34, 45), (45, 27), (27, 19), (19, 24), (24, 26), (26, 17), (17, 20), (20, 15), (14, 11), (11, 50), (50, 60), (60, 49), (49, 35), (35, 53), (53, 57), (57, 9), (9, 96), (96, 97), (98, 6), (6, 5), (5, 94), (94, 101), (101, 3), (3, 92), (83, 8), (8, 89), (89, 7), (7, 1)]","[(1, 0.0), (93, 0.0), (82, 2011.0), (81, 3012.0), (80, 5018.0), (77, 6021.0), (78, 8025.0), (75, 9029.0), (55, 10032.0), (56, 11032.0), (73, 12036.0), (74, 13038.0), (72, 15046.0), (71, 16050.0), (68, 17056.0), (67, 17056.0), (66, 19064.0), (65, 20073.0), (58, 21080.0), (61, 22082.0), (64, 24089.0), (62, 25091.0), (63, 26094.0), (43, 27099.0), (44, 29103.0), (37, 30112.0), (41, 31115.0), (38, 33122.0), (39, 34127.0), (31, 36131.0), (32, 37132.0), (33, 39141.0), (36, 40150.0), (46, 41154.0), (47, 42159.0), (48, 43165.0), (34, 45167.0), (27, 47173.0), (25, 49182.0), (24, 50185.0), (16, 52196.0), (23, 53198.0), (22, 54202.0), (21, 55205.0), (17, 56212.0), (18, 58224.0), (15, 59233.0), (14, 61242.0), (13, 62249.0), (12, 63257.0), (50, 64259.0), (49, 66275.0), (59, 68282.0), (52, 69291.0), (51, 70298.0), (53, 71307.0), (10, 73319.0), (9, 74323.0), (97, 76334.0), (98, 78343.0), (99, 79343.0), (5, 80350.0), (100, 82357.0), (101, 83359.0), (90, 85363.0), (91, 86368.0), (92, 87371.0), (83, 89383.0), (84, 90388.0), (85, 91394.0), (86, 92402.0), (87, 93410.0), (89, 94412.0), (88, 96421.0), (2, 97421.0), (1, 98421.0)]"
SA,100,9,bench_100_5,ok,-34567.2683,,1201.138,99,75,24,24,82697.0,117264.2683,1612.9886,99423.0,227504.0,100427.0,29862173,1201.1379,79,"[99, 98, 94, 93, 90, 91, 92, 89, 87, 86, 84, 82, 81, 80, 77, 76, 75, 55, 56, 73, 74, 72, 70, 71, 69, 67, 66, 65, 61, 64, 62, 43, 44, 45, 46, 36, 28, 29, 40, 39, 38, 31, 30, 32, 33, 34, 35, 47, 48, 24, 16, 23, 22, 21, 17, 20, 19, 14, 15, 13, 12, 50, 51, 52, 53, 10, 9, 8, 7, 6, 5, 100, 4, 3, 2, 97, 83, 85, 79, 95, 54, 58, 60, 63, 27, 37, 41, 42, 25, 49, 26, 18, 59, 11, 96, 57, 78, 88, 101]","[99, 98, 94, 93, 90, 91, 92, 89, 87, 86, 84, 82, 81, 80, 77, 76, 75, 55, 56, 73, 74, 72, 70, 71, 69, 67, 66, 65, 61, 64, 62, 43, 44, 45, 46, 36, 28, 29, 40, 39, 38, 31, 30, 32, 33, 34, 35, 47, 48, 24, 16, 23, 22, 21, 17, 20, 19, 14, 15, 13, 12, 50, 51, 52, 53, 10, 9, 8, 7, 6, 5, 100, 4, 3, 2]","[97, 83, 85, 79, 95, 54, 58, 60, 63, 27, 37, 41, 42, 25, 49, 26, 18, 59, 11, 96, 57, 78, 88, 101]","[87, 82, 76, 55, 73, 68, 65, 61, 62, 46, 28, 40, 30, 35, 22, 19, 13, 50, 51, 10, 7, 3, 2, 1]","[1, 99, 98, 94, 93, 90, 91, 92, 89, 87, 86, 84, 82, 81, 80, 77, 76, 75, 55, 56, 73, 74, 72, 70, 71, 69, 68, 67, 66, 65, 61, 64, 62, 43, 44, 45, 46, 36, 28, 29, 40, 39, 38, 31, 30, 32, 33, 34, 35, 47, 48, 24, 16, 23, 22, 21, 17, 20, 19, 14, 15, 13, 12, 50, 51, 52, 53, 10, 9, 8, 7, 6, 5, 100, 4, 3, 2, 1]","[(1, 97), (97, 87), (86, 83), (83, 82), (81, 85), (85, 76), (76, 79), (79, 55), (55, 95), (95, 73), (70, 54), (54, 68), (68, 58), (58, 65), (65, 60), (60, 61), (61, 63), (63, 62), (62, 27), (27, 46), (46, 37), (37, 28), (28, 41), (41, 40), (40, 42), (42, 30), (30, 25), (25, 35), (35, 49), (49, 22), (22, 26), (26, 19), (14, 18), (18, 13), (13, 59), (59, 50), (50, 11), (11, 51), (52, 96), (96, 10), (10, 57), (57, 7), (6, 78), (78, 3), (3, 88), (88, 2), (2, 101), (101, 1)]","[(1, 0.0), (99, 0.0), (98, 1007.0), (94, 2007.0), (93, 3008.0), (90, 4017.0), (91, 5022.0), (92, 6025.0), (89, 7031.0), (87, 8039.0), (86, 10046.0), (84, 11054.0), (82, 12060.0), (81, 14066.0), (80, 15066.0), (77, 16069.0), (76, 17071.0), (75, 19081.0), (55, 20084.0), (56, 22090.0), (73, 23094.0), (74, 25099.0), (72, 26103.0), (70, 27107.0), (71, 28111.0), (69, 29117.0), (68, 30121.0), (67, 31126.0), (66, 32129.0), (65, 33138.0), (61, 35147.0), (64, 37155.0), (62, 38157.0), (43, 40165.0), (44, 41165.0), (45, 42174.0), (46, 43176.0), (36, 45188.0), (28, 46192.0), (29, 48197.0), (40, 49197.0), (39, 51204.0), (38, 52206.0), (31, 53211.0), (30, 54212.0), (32, 56226.0), (33, 57226.0), (34, 58235.0), (35, 59236.0), (47, 61245.0), (48, 62251.0), (24, 63253.0), (16, 64258.0), (23, 65260.0), (22, 66264.0), (21, 68270.0), (17, 69277.0), (20, 70285.0), (19, 71292.0), (14, 73302.0), (15, 74309.0), (13, 75311.0), (12, 77328.0), (50, 78330.0), (51, 80346.0), (52, 82364.0), (53, 83371.0), (10, 84377.0), (9, 86385.0), (8, 87389.0), (7, 88390.0), (6, 90399.0), (5, 91400.0), (100, 92406.0), (4, 93408.0), (3, 94410.0), (2, 96420.0), (1, 98420.0)]"
